"Gene_symbol","log2FoldChange"
"USP17L17",24.6136878309379
"RPL13P12",24.2722278228347
"NSUN5P1",23.8860505604492
"LCN1",18.8064813972177
"LOC128071547",13.1414483049118
"DDIT4-AS1",12.3260757060934
"CRIM1",12.1998301545542
"MIR8485",11.7563581749768
"HLA-DRA",11.0126290756195
"ARFGEF1-DT",10.5663102512066
"PRR9",10.4492058956871
"POLGARF",10.4436040574566
"SNTB2",10.3354595029094
"LOC107987457",10.3005449616548
"PPP1R18",10.3005449616548
"ARTN",10.1847453984044
"KLHDC7B",10.1822748576557
"GAGE12B",10.0852170309154
"BPIFA2",10.0842436786641
"IL11",10.0439429005023
"LOC100506235",9.93518147879823
"TNXB",9.93412215977873
"LOC105376039",9.84759053844383
"MTLN",9.83297222777008
"POTEB",9.57308023864021
"POTEB2",9.57308023864021
"LOC101929918",9.51734789119427
"NKX3-2",9.49958910220538
"TRIM51",9.458985814048
"LOC124901933",9.41431471618586
"SH2D5",9.37225784060079
"PCSK1N",9.35927382828954
"TRIM49B",9.34330629012573
"BPIFA1",9.31320642977973
"DCSTAMP",9.28179503838843
"HNRNPCL2",9.28179503838843
"KBTBD11",9.22252673567879
"PYCARD-AS1",9.21976378869416
"LHX1",9.20943348363993
"CROCC2",9.19199625262707
"C6orf47",9.15939115795444
"GOT1L1",9.15029944513769
"SPINK1",9.1493154672567
"EFCAB3",9.08821306422594
"HSPA1A",9.07003518237061
"LOC124902990",9.04265593168429
"LINC02854",8.95662282333995
"EPOP",8.93787192807164
"CDC42EP5",8.90287531761503
"OR10G9",8.87439623997875
"NFKBIL1",8.87096923716691
"SPATA31D4",8.806942535849
"MARCHF8",8.78413209415728
"LOC100131107",8.77346030366508
"ADORA2A",8.76921870310725
"SMAD1-AS1",8.74379758721921
"NKAIN4",8.72163503609004
"HOXC11",8.69230315651008
"LINC01964",8.68697419769563
"MSMP",8.6810167204342
"KLF17",8.66381258538901
"CXorf49B",8.66248574303912
"NR5A1",8.64145976631576
"SNORC",8.6293662042025
"MYPOP",8.60390020599965
"KLHL34",8.57496757585656
"DNAJC25-GNG10",8.57022584873431
"BHLHE23",8.56403385031514
"FAM20C",8.56117468031517
"DRC11L",8.56074597505548
"CST8",8.54165691957921
"PRR29-AS1",8.47787319017563
"CCDC187",8.4744605830655
"EDDM13",8.4635436984012
"LOC124900420",8.4635436984012
"MELTF-AS1",8.45684837115523
"PRB4",8.42875940071319
"LBX1",8.42133576370476
"PEAK3",8.39661490810132
"LOC124902629",8.37987896251235
"SPACA6",8.35796586762507
"BCLAF1P2",8.35729798566426
"RSPH6A",8.34769170236584
"CEACAM18",8.34370379982239
"CROCCP3",8.34370379982239
"NPW",8.34370379982239
"C17orf113",8.32050371537825
"TRIM71",8.31830997483834
"GPR150",8.28480022728893
"CGB1",8.28423390648675
"PRDM12",8.23139492304774
"SPACA1",8.23139492304774
"LINC03103",8.22945377831723
"GGTLC2",8.22384848447731
"KCTD16",8.21518807258207
"MEI4",8.21518807258207
"OR2T11",8.21518807258207
"FER1L6-AS2",8.21358243933896
"TMEM151A",8.19001096932215
"TLX3",8.16883720958585
"NXN",8.16835668151823
"ABCB11",8.15126831497633
"TAS2R43",8.12547395582396
"TAS2R45",8.12547395582396
"OR8G2P",8.11873960220546
"KCNE1",8.10631787546288
"LOC124900388",8.08544666109284
"SMIM48",8.08544666109284
"ACRP1",8.07950041572685
"TNFRSF12A",8.07772762216296
"BPIFB3",8.07729165125046
"CCER2",8.07729165125046
"CXorf49",8.07729165125046
"P2RX3",8.07729165125046
"PRM1",8.07729165125046
"ZCCHC12",8.07729165125046
"MIR6739",8.07434654513484
"TEX13D",8.02110773035093
"FKBP4P6",8.01303842762219
"SPATA31D3",8.00531696518001
"TTLL8",8.00324108447739
"PRR23C",7.99131531123126
"TRNP1",7.96806258504747
"ARL2-SNX15",7.94354337566049
"OR5J2",7.9409697053132
"SMIM10L1",7.93623610032837
"FAM216B",7.92859253410699
"RETNLB",7.92859253410699
"NALCN-AS1",7.92483097537024
"OR2T29",7.92483097537024
"OR2T5",7.92483097537024
"OR4N1P",7.92483097537024
"AQP12A",7.91796468502424
"HPCA",7.90792273299263
"VGF",7.9078613255851
"DDN",7.87867928006402
"ONECUT1",7.84925974423109
"SI",7.81376404724173
"CHRNB3",7.78907925561764
"SAP25",7.78049708108608
"LOC102724719",7.77487354566911
"AMBN",7.77047163480713
"CCER1",7.77047163480713
"HNF1B",7.77047163480713
"MEF2C-AS2",7.76739998936969
"TRCG1P",7.76016638700979
"RNF39",7.75634328679619
"CALHM4",7.75437511583006
"GBX2",7.75437511583006
"IFNL1",7.75437511583006
"MCHR2",7.75437511583006
"EML4-AS1",7.75298170184378
"NTMT2",7.74965674466884
"MYG1",7.73760866507495
"LYZL1",7.73200479869601
"ETDC",7.72722324248966
"RASSF7",7.72364811578392
"BRDT",7.7234907672207
"CGB8",7.71459565819152
"CAMKV",7.69923684796389
"RBMY1D",7.69923684796389
"VWA5B2",7.68876858625271
"TENT5D",7.67430557313311
"SCT",7.67264313811194
"MMP11",7.66996122090614
"KASH5",7.66236102693668
"OBP2A",7.64346435706994
"FAM47B",7.6087901868426
"OR4A4P",7.6087901868426
"RAD21P1",7.6087901868426
"ILRUN-AS1",7.59499090025776
"LOC107984564",7.58706737353938
"CT45A7",7.57681830469418
"ERFL",7.57681830469418
"OTP",7.57681830469418
"PRAMEF33",7.57681830469418
"ALLC",7.56077348827333
"KRTAP5-10",7.56077348827333
"LIPF",7.56077348827333
"LOC101930090",7.56077348827333
"LOC107986277",7.56077348827333
"MBL2",7.56077348827333
"OR10G8",7.56077348827333
"SAGE1",7.56077348827333
"B4GALT1-AS1",7.5500394057172
"PANO1",7.53874719211946
"NKD2",7.53790292573122
"TRIM49",7.52325575148726
"FAM90A20",7.49604598466109
"SLC18A1",7.48703878378928
"EVA1CP1",7.48454367384164
"LILRA6",7.48454367384164
"AICDA",7.48424107944436
"OR11L1",7.45686297530838
"LINC02914",7.44555868810055
"SSX5",7.44159477215189
"OR8B8",7.4365913144238
"TMPRSS7",7.4329276304485
"DUX4L10",7.42618497514971
"DUX4L11",7.42618497514971
"DUX4L14",7.42618497514971
"DUX4L15",7.42618497514971
"NOTCH4",7.41700588308941
"MMP23B",7.40762585889862
"LRRC77P",7.4056229016383
"DAW1",7.38725645901446
"DYNLT4",7.38290846896226
"GATA4",7.38210519558254
"OR9Q2",7.3757647854721
"PGC",7.37226981912958
"CST1",7.35748389228493
"ASDURF",7.35304189250936
"CXorf51A",7.35304189250936
"HES3",7.35304189250936
"MAFG-AS1",7.35304189250936
"OR4A47",7.35304189250936
"SSTR4",7.35304189250936
"TMEM265",7.35304189250936
"HLA-DPB1",7.34869565999293
"KIR3DL3",7.34869565999293
"TTC34",7.34869565999293
"CHST1",7.33949966760946
"PSORS1C2",7.33922128692947
"DLGAP2",7.33709340594986
"LARP1BP1",7.33709340594986
"NSG2",7.33709340594986
"NT5DC1P2",7.33709340594986
"OR2AP1",7.33709340594986
"POU4F1",7.33709340594986
"TEX36",7.33709340594986
"TRIM53AP",7.33709340594986
"CFAP95",7.33279240196906
"UCN",7.33087028084676
"TENM4-AS1",7.33038340791005
"UCN2",7.31506192043589
"SVOP",7.30214576934991
"ASZ1",7.2824716248505
"RBFOX3",7.27667859668918
"CD109-AS1",7.2711764270123
"ADGRG4",7.26658941540975
"COA6-AS1",7.25565036091156
"SLC6A19",7.24949829927983
"GPR50",7.2474177926691
"ERICH6B",7.23702759697138
"RNASEK-C17orf49",7.2264768080248
"UTF1",7.20375680581554
"GRXCR1",7.19867927277728
"OPRL1",7.19867927277728
"LILRB1",7.18749750319503
"CSF3",7.16039603995774
"C15orf32",7.15811142389189
"PRDM6-AS1",7.12929823464931
"FAM131B-AS2",7.11982133396275
"IZUMO3",7.11123688920062
"PDILT",7.11123688920062
"POTEE",7.10708178519743
"ZBTB11-AS1",7.09646225515406
"CYP26C1",7.09407468329462
"DNAJB6P1",7.08808062798638
"H1-7",7.08808062798638
"OR10P1",7.08808062798638
"RPL24P2",7.08808062798638
"RTP1",7.08808062798638
"BMP10",7.0722656914134
"BMP15",7.0722656914134
"CDX4",7.0722656914134
"DMRTC1",7.0722656914134
"FEM1AP3",7.0722656914134
"KRTAP2-4",7.0722656914134
"LOC105375924",7.0722656914134
"PRR23B",7.0722656914134
"RPL31P63",7.0722656914134
"SAPCD2P2",7.0722656914134
"SOCS3-DT",7.0722656914134
"SOX14",7.0722656914134
"TRIM43CP",7.0722656914134
"LINC01214",7.06922694388324
"CNGA4",7.06621333501253
"HES7",7.03458003262064
"FUT9",7.03120957428602
"HAPSTR2",7.03120957428602
"SPANXN3",7.03120957428602
"SPMIP11",7.03120957428602
"USP41P",7.02305843518733
"TSGA10IP",6.98521169990821
"ZNF316",6.97469539913037
"TMEM215",6.97401644670372
"LRRC3",6.97194644607693
"LOC101927401",6.97166757565556
"LOC105379278",6.95822820549838
"TOPAZ1",6.95822820549838
"TPTE",6.95822820549838
"CFAP99",6.95822639315283
"MMP1",6.93855548832748
"CDH4",6.9362601084239
"ZFTA",6.91437780702217
"LOC101929174",6.89703406888763
"ADAMTS14",6.8854798829219
"LOC124902045",6.87918712179231
"SRMS",6.87488870511203
"ZP4",6.86315168820763
"AZU1",6.86164655259029
"BEST4",6.84186154814289
"ANHX",6.84166952924265
"CTAG2",6.84166952924265
"LINC02897",6.84166952924265
"OR4A16",6.84166952924265
"OTOR",6.84166952924265
"REXO1L12P",6.84166952924265
"SLC25A31",6.84166952924265
"LOC124905422",6.82568355053876
"LOC124905424",6.82568355053876
"LOC124905425",6.82568355053876
"LOC124905426",6.82568355053876
"LOC124905427",6.82568355053876
"LOC124905428",6.82568355053876
"LOC124905429",6.82568355053876
"LOC124905430",6.82568355053876
"LOC124905431",6.82568355053876
"LOC124905432",6.82568355053876
"LOC124905433",6.82568355053876
"LOC124905434",6.82568355053876
"LOC124905435",6.82568355053876
"LOC124905436",6.82568355053876
"LOC124905437",6.82568355053876
"LOC124905438",6.82568355053876
"LOC124905754",6.82568355053876
"LOC124905755",6.82568355053876
"LOC124905756",6.82568355053876
"LOC124905757",6.82568355053876
"LOC124905758",6.82568355053876
"LOC124905759",6.82568355053876
"LOC124905760",6.82568355053876
"LOC124905761",6.82568355053876
"LOC124905762",6.82568355053876
"LOC124905763",6.82568355053876
"LOC124905764",6.82568355053876
"LOC124905765",6.82568355053876
"LOC124905768",6.82568355053876
"LOC124905769",6.82568355053876
"LOC124905770",6.82568355053876
"LOC124905771",6.82568355053876
"LOC124905772",6.82568355053876
"LOC124905773",6.82568355053876
"LOC124905774",6.82568355053876
"LOC124905775",6.82568355053876
"LOC124905776",6.82568355053876
"LOC124905777",6.82568355053876
"LOC124905778",6.82568355053876
"LOC124905779",6.82568355053876
"LOC124905780",6.82568355053876
"LOC124905781",6.82568355053876
"LOC124905782",6.82568355053876
"LOC124905783",6.82568355053876
"LOC124905784",6.82568355053876
"LOC124905785",6.82568355053876
"LOC124905786",6.82568355053876
"LOC124905787",6.82568355053876
"LOC124905788",6.82568355053876
"LOC124905791",6.82568355053876
"LOC124905792",6.82568355053876
"LOC124905793",6.82568355053876
"LOC124905794",6.82568355053876
"LOC124905795",6.82568355053876
"LOC124905796",6.82568355053876
"LOC124905797",6.82568355053876
"LOC124905798",6.82568355053876
"LOC124905800",6.82568355053876
"LOC124905801",6.82568355053876
"LOC124905802",6.82568355053876
"LOC124905803",6.82568355053876
"LOC124905804",6.82568355053876
"LOC124905805",6.82568355053876
"LOC124905807",6.82568355053876
"LOC124905819",6.82568355053876
"LOC124905822",6.82568355053876
"LOC124905823",6.82568355053876
"LOC124905824",6.82568355053876
"LOC124905825",6.82568355053876
"LOC124905826",6.82568355053876
"LOC124905827",6.82568355053876
"LOC124905828",6.82568355053876
"LOC124905829",6.82568355053876
"LOC124905830",6.82568355053876
"LOC124905831",6.82568355053876
"LOC124905832",6.82568355053876
"LOC124905833",6.82568355053876
"LOC124905834",6.82568355053876
"LOC124905835",6.82568355053876
"LOC124905836",6.82568355053876
"LOC124905837",6.82568355053876
"LOC124905838",6.82568355053876
"LOC124905839",6.82568355053876
"LOC124905840",6.82568355053876
"LOC124905841",6.82568355053876
"LOC124905842",6.82568355053876
"LOC124905843",6.82568355053876
"LOC124905844",6.82568355053876
"LOC124905845",6.82568355053876
"LOC124905846",6.82568355053876
"RNA5S17",6.82568355053876
"PRRT2",6.81040843932163
"YJEFN3",6.80972374743231
"TCF19",6.80329810774856
"OR2B2",6.8028549719003
"CYP4F2",6.7974324593664
"LRRC56",6.79599630316378
"HAPLN4",6.7872134944835
"POTED",6.78715473428347
"RIPPLY2",6.78715473428347
"POLR1H",6.78176874495348
"OR6C4",6.78118616871603
"CCDC92B",6.77737381599739
"CEND1",6.77379105349384
"CKLF-CMTM1",6.77365791487506
"EBLN1",6.76330301263452
"GJE1",6.76330301263452
"LINC02722",6.76330301263452
"MS4A5",6.76330301263452
"OR11H1",6.76330301263452
"OR2B6",6.76330301263452
"OR2S2",6.76330301263452
"PAXBP1",6.76330301263452
"SMKR1",6.76330301263452
"ZMAT4",6.75274379451278
"GAS2L2",6.75136550607238
"KCNH6",6.7480527361205
"MIR3605",6.7480527361205
"PKD1-AS1",6.7480527361205
"RNU2-58P",6.7480527361205
"ADAM2",6.74768492334828
"AGTR2",6.74768492334828
"ASS1P4",6.74768492334828
"C16orf90",6.74768492334828
"C2orf78",6.74768492334828
"CDRT15L2",6.74768492334828
"CRYGC",6.74768492334828
"CSH1",6.74768492334828
"CSHL1",6.74768492334828
"DYRK3-AS1",6.74768492334828
"ERICH1",6.74768492334828
"ETV3L",6.74768492334828
"GPX5",6.74768492334828
"HCRT",6.74768492334828
"KRTAP4-1",6.74768492334828
"LOC100421009",6.74768492334828
"LOC152845",6.74768492334828
"MEPE",6.74768492334828
"MROH2B",6.74768492334828
"NLRP13",6.74768492334828
"OR1A2",6.74768492334828
"OR2T34",6.74768492334828
"OR2T4",6.74768492334828
"PAGE3",6.74768492334828
"PDE11A-AS1",6.74768492334828
"PRAME",6.74768492334828
"PRAMEF27",6.74768492334828
"PRAMEF9",6.74768492334828
"RPL18AP11",6.74768492334828
"RXFP3",6.74768492334828
"SPDYE13",6.74768492334828
"SPEM2",6.74768492334828
"TMEM179",6.74768492334828
"INHBA",6.74593482023346
"PPP1R11",6.74270897019451
"CDC42EP1",6.70940977587088
"SOX1",6.69867340109971
"LOC389199",6.69238044552485
"ADCY8",6.68157733883652
"NTF4",6.6654946715677
"FGA",6.66367605761361
"OPTC",6.66004081050701
"CCDC85B",6.6525758917566
"TPRX1",6.64953040168546
"TUBA3C",6.64895026771662
"C3orf80",6.63640980910954
"MADCAM1",6.62650473953223
"ANO4",6.62332345189538
"CCDC188",6.62332345189538
"CIMIP4",6.62332345189538
"EPYC",6.62332345189538
"EWSR1P1",6.62332345189538
"LOC105379418",6.62332345189538
"LOC124907097",6.62332345189538
"MALT1-AS1",6.62332345189538
"OR5M10",6.62332345189538
"OR6K2",6.62332345189538
"OR7E85P",6.62332345189538
"PANK3P1",6.62332345189538
"SLC35G6",6.62332345189538
"CDSN",6.61854275063947
"KIR2DL1",6.61592767970756
"LYPD8",6.61147301884635
"B3GALT6",6.61062691823388
"MAPT",6.60876371252825
"C20orf204",6.60869635655466
"DKKL1",6.60869635655466
"TRIM42",6.60869635655466
"OR52E5",6.60576956812174
"KIRREL2",6.59310404499569
"AMELY",6.59310092967289
"UGT2B4",6.59310092967289
"HLA-C",6.59064570654579
"DKFZP434A062",6.58364751739733
"PLA2G1B",6.58237306066285
"OR13C9",6.5759133811834
"COL20A1",6.56810863946071
"C16orf74",6.56018991470023
"RNPC3-DT",6.55449550366022
"PRICKLE4",6.55162268386749
"SLFNL1-AS1",6.54628322559179
"DGKK",6.54103112418628
"INSM2",6.53645614091109
"APOL5",6.53013864640322
"GSTA5",6.50930823601845
"VPS13A-AS1",6.49681679182565
"MMP10",6.49210771927994
"IFITM10",6.47728559540472
"GABBR1",6.45476416348316
"MMP24OS",6.45394003801234
"SPATC1",6.45161078937599
"OR4K3",6.44641531838539
"RBPMS-AS1",6.44309610777913
"PSORS1C1",6.43777658917565
"STXBP5L",6.43469385882592
"C8G",6.41164333312072
"LINC02348",6.40627371566421
"GPC2",6.40387423141233
"AADACL4",6.40118677218751
"PRICKLE2-AS1",6.40118677218751
"RPSAP45",6.40117753722963
"LOC101929775",6.40103395086151
"PSMB9",6.38731862787923
"WIPF1-AS1",6.38440403121774
"SLC6A7",6.3843994816685
"ASCL2",6.36894776494785
"LCE1A",6.36894776494785
"NPBWR1",6.36894346377519
"WDR86",6.3685495107913
"ABCE1P1",6.36580392345674
"CDRT15P3",6.36580392345674
"GKN2",6.36580392345674
"HEXIM2-AS2",6.36580392345674
"INSL4",6.36580392345674
"LOC285453",6.36580392345674
"MIR3665",6.36580392345674
"OR2M7",6.36580392345674
"OR5M3",6.36580392345674
"PRL",6.36580392345674
"RPL22P2",6.36580392345674
"RPS3AP10",6.36580392345674
"SMCP",6.36580392345674
"TCP11X1",6.36580392345674
"TMEM196",6.36580392345674
"TMEM202",6.36580392345674
"TUBGCP5",6.36580392345674
"CAVIN3",6.3592333964031
"GAL",6.35502990456811
"FOSL1",6.35389888263881
"ZIC4",6.35291155937244
"TNK1",6.35214374401335
"AOC4P",6.34361218887343
"F9",6.34361218887343
"MIR6753",6.34361218887343
"OR5AL1",6.34361218887343
"PLA2G10IP",6.34361218887343
"SDS",6.33659760007554
"PSD2",6.33146988062308
"HGFAC",6.32942662786714
"CAMK2N2",6.32905858292135
"ZP2",6.32905858292135
"UGT2A1",6.32867699671367
"ADAMTS7P1",6.328313940875
"FGF4",6.328313940875
"HDGFL1",6.328313940875
"INTS6P1",6.328313940875
"KCNK4",6.328313940875
"LINC02411",6.328313940875
"LOC100533997",6.328313940875
"LOC400026",6.328313940875
"LRCOL1",6.328313940875
"MIR6752",6.328313940875
"MIR6823",6.328313940875
"MRM1",6.328313940875
"OR14I1",6.328313940875
"OR2Y1",6.328313940875
"OR4X2",6.328313940875
"OR5AC2",6.328313940875
"PRDM14",6.328313940875
"PROP1",6.328313940875
"RAD23BP1",6.328313940875
"SOST",6.328313940875
"SPEGNB",6.328313940875
"SULT2A1",6.328313940875
"TRPC6P9",6.328313940875
"WFDC9",6.328313940875
"XRCC6P3",6.328313940875
"YDJC",6.32752941835394
"ADAMTS7P4",6.32713390508338
"MOBP",6.32713390508338
"PINX1",6.32713390508338
"PAX7",6.32550174277198
"ABCC12",6.32387431518787
"CEP72",6.31034380925691
"DERL3",6.30280588465766
"PHF21B",6.28391799980904
"NPAS4",6.28142486686724
"HES6",6.27897833680538
"OR2AK2",6.27776084021466
"RFPL2",6.27499929448285
"CCL18",6.26591324860483
"PDCD1",6.25229013581951
"EIF4A1P6",6.25176204874499
"NLRP5",6.25176204874499
"TUBA4B",6.24321858800679
"APTR",6.24004169566616
"LIX1",6.23982700938742
"ABHD16A",6.23216902800763
"GRIN3B",6.23103494975057
"SOHLH2",6.22825741959407
"LILRB4",6.22122699284791
"PIANP",6.21779324417761
"OR5C1",6.19620974392975
"OR10H5",6.19068815435092
"CFAP74",6.1872592961879
"ATF5",6.17645350161173
"BRICD5",6.1731554742347
"ANKRD2",6.17260185151114
"CA9",6.1654784592064
"ANKRD60",6.16519491898634
"CFAP299",6.16303103727356
"ERLN",6.16297240221709
"LRRC24",6.16199962128061
"BPIFB1",6.15591820070205
"LBX2-AS1",6.13960233118628
"LOC105373978",6.13755967071054
"ANTXRL",6.12859273534857
"PNMA5",6.12685713132174
"PTX4",6.12685713132174
"ADRA1D",6.12631132170366
"AMZ1",6.1259146553675
"RBMXL2",6.11937519780386
"C2orf72",6.11889460705566
"LMTK3",6.11885207049646
"TMEM190",6.11164208515822
"DHX16",6.11057134081529
"PRRC2A",6.105332405457
"MRPS12",6.10518995604237
"RPS2P17",6.10368714482369
"IGSF3P1",6.10361547314833
"PAGE4",6.10361547314833
"HLA-G",6.10204010586012
"C22orf23",6.09383361126131
"SKIC2",6.08148415603705
"CPAMD8P1",6.07073033266909
"GASK1B-AS1",6.06332944532279
"AIRE",6.06279997775948
"GAREM2",6.05781505448114
"C11orf91",6.05666690191398
"KRT84",6.05436186748868
"OR13C5",6.053146676925
"TRIM67-AS1",6.053146676925
"BTNL2",6.0518020192992
"CRYGN",6.0518020192992
"FAM90A23",6.0518020192992
"FAM90A9",6.0518020192992
"FKBP4P7",6.0518020192992
"GHRH",6.0518020192992
"HMX2",6.0518020192992
"LOC124906716",6.0518020192992
"LOC124906717",6.0518020192992
"LOC128966609",6.0518020192992
"MIR492",6.0518020192992
"MIR6754",6.0518020192992
"OR1F12P",6.0518020192992
"OR4C16",6.0518020192992
"OR7E86P",6.0518020192992
"PAX2",6.0518020192992
"PLA2G2F",6.0518020192992
"POM121L2",6.0518020192992
"SSX13P",6.0518020192992
"SULT6B1",6.0518020192992
"TFAP2D",6.0518020192992
"XKR6",6.0518020192992
"XKR7",6.0518020192992
"ZSWIM5P1",6.0518020192992
"CBARP",6.04936912961586
"LOC101929004",6.04081213879595
"ARHGAP23",6.03503068346829
"CALY",6.01985778866259
"SYT5",6.0128062743986
"AANAT",6.01231171177501
"CFAP184",6.00782584862049
"COL5A3",6.00540584866436
"OR8A1",6.00365096305312
"CITED4",5.99983993223531
"FAM187A",5.99446759285061
"FAM236A",5.99226066357118
"KIF2B",5.99226066357118
"OR10H1",5.99226066357118
"CDH16",5.99179564876847
"LILRB2",5.98959400384092
"ELAVL3",5.98263513654937
"KCNG2",5.97791738815069
"MIP",5.96155986508131
"BBC3",5.96091734842414
"SLC35E4",5.95993549116383
"SPANXA2-OT1",5.95965993289404
"HES4",5.95948108298547
"TGM4",5.95786618476169
"TUBA3E",5.95786618476169
"DSCAM",5.95769803903647
"METRN",5.9378135026924
"SPANXA2",5.9368371560559
"PRR7",5.93089219596365
"GPSM3",5.93004733923495
"RASAL2-AS1",5.92323619261989
"TRIM39",5.91884163637849
"TAPBP",5.91838833241341
"OR52B2",5.91703461197765
"MIR762HG",5.91282189909663
"PTPRN",5.91282189909663
"PAQR6",5.9099492901391
"SPANXC",5.90610330156746
"COL11A1",5.90595096858853
"SCX",5.8985438531593
"NR0B2",5.89811195912828
"AMER2",5.89640693441579
"PIN1P1",5.89579983510235
"SH2D6",5.89579983510235
"DOT1L-AS1",5.89567018469707
"LINC01998",5.89567018469707
"NACA2",5.89567018469707
"CYP2W1",5.86743505442181
"SRRM4",5.86652012177928
"GJD2",5.85972848575533
"INSRR",5.85813248453986
"NICOL1",5.85581343061026
"MUC6",5.85127245161932
"TRH",5.84450061088123
"DNTT",5.84113878180241
"PRAMEF31P",5.84113878180241
"PRSS38",5.8298754140045
"CIMIP2A",5.82925334039766
"NDUFC2-KCTD14",5.82651385806049
"FAM181B",5.82549369159806
"HHLA1",5.82372487585489
"PRSS53",5.82244631366013
"GNRH2",5.80806128666337
"FSHR",5.79981760769208
"DEXI",5.7995032273017
"PHLDA2",5.79477844864086
"CPA2",5.79370368601909
"RPL19P5",5.79370368601909
"MYL10",5.79364047842096
"RPL18AP6",5.79364047842096
"SPMIP7",5.79364047842096
"RFX4",5.78924558962921
"BCAR1",5.78874618841873
"RIMS4",5.78149611049814
"MYBPH",5.78054713118717
"CNTN5",5.77865851838178
"IL21R-AS1",5.77865851838178
"NANOS2",5.77860066955503
"SERPINA9",5.77860066955503
"TRIM67",5.77860066955503
"SLC38A8",5.77859100184606
"GREM1",5.77800273297166
"NLRP7",5.77798820702348
"HNRNPCL1",5.77366748690964
"RASL10A",5.76940550954962
"WT1",5.76886037244393
"GUCY2F",5.76231712700441
"MEGF11",5.75099850395859
"HOXC8",5.75020087672656
"ALPG",5.74968870051587
"C6orf15",5.74968870051587
"CACNA1C-AS1",5.74968870051587
"CACNA1C-AS2",5.74968870051587
"CD300H",5.74968870051587
"DPP3P2",5.74968870051587
"FAM163A",5.74968870051587
"HTN3",5.74968870051587
"ITFG2-AS1",5.74968870051587
"LOC105373604",5.74968870051587
"MAPK8IP1P1",5.74968870051587
"NEUROG1",5.74968870051587
"PAQR5-DT",5.74968870051587
"RPS2P55",5.74968870051587
"USP17L2",5.74968870051587
"PDF",5.74357434867745
"SLC1A7",5.74212651197474
"C1QL4",5.73984583769079
"NMUR1",5.73874940081957
"ANKRD30BP1",5.73499831951684
"BHLHA9",5.73499831951684
"C6orf118",5.73499831951684
"CSN1S1",5.73499831951684
"CTAGE1",5.73499831951684
"CTAGE15",5.73499831951684
"FGF3",5.73499831951684
"FRMD8P1",5.73499831951684
"G6PC2",5.73499831951684
"GARRE1",5.73499831951684
"GFRAL",5.73499831951684
"GMNC",5.73499831951684
"HAPLN2",5.73499831951684
"IZUMO2",5.73499831951684
"KRT18P36",5.73499831951684
"LOC100419739",5.73499831951684
"MAGEA12",5.73499831951684
"MICB",5.73499831951684
"MIR4726",5.73499831951684
"MIR638",5.73499831951684
"MIR6814",5.73499831951684
"OR4C45",5.73499831951684
"OR51V1",5.73499831951684
"OR52N2",5.73499831951684
"OR5H3P",5.73499831951684
"OR7C2",5.73499831951684
"PRAMEF2",5.73499831951684
"PRAMEF4",5.73499831951684
"PRSS47P",5.73499831951684
"PRSS57",5.73499831951684
"RPL13AP3",5.73499831951684
"RTP2",5.73499831951684
"SLC30A10",5.73499831951684
"TBX22",5.73499831951684
"TCF23",5.73499831951684
"TRPC6P1",5.73499831951684
"UNCX",5.73499831951684
"URAD",5.73499831951684
"VN1R4",5.73499831951684
"CIMAP1D",5.73377307074169
"DUX4L13",5.73377307074169
"LOC105369576",5.73377307074169
"LOC105373411",5.73377307074169
"MIR6832",5.73377307074169
"SPATA31A1",5.73263576970588
"SPOCD1",5.72855985082934
"DRC1",5.71470465667729
"CTRC",5.7107860094211
"CHGB",5.70872516205778
"ADORA1",5.70526278802518
"OR2V2",5.70505006355505
"SCN10A",5.70370638461125
"MAMSTR",5.69882700464731
"NUDT10",5.68341751474483
"BICRA",5.6832651049625
"G0S2",5.67840003990522
"AQP5-AS1",5.67775085581198
"GARIN3",5.67775085581198
"RPL27P11",5.67772669619224
"C2CD4A",5.67761886385395
"SH2D2A",5.67737750455957
"PDLIM7",5.67665206926848
"POLR2A",5.67459973756728
"RNA5SP141",5.65619005929416
"PLPPR2",5.65173206383689
"FAM90A11",5.64920279808944
"FAM90A3",5.64920279808944
"FCRL4",5.64920279808944
"FFAR1",5.64920279808944
"KIR2DL4",5.64920279808944
"KIR2DS4",5.64920279808944
"LCE1D",5.64920279808944
"LOC124906723",5.64920279808944
"LOC400748",5.64920279808944
"LOC402279",5.64920279808944
"LST1",5.64920279808944
"MIR1184-1",5.64920279808944
"MIR1184-2",5.64920279808944
"MIR1184-3",5.64920279808944
"MIR6736",5.64920279808944
"OR4A42P",5.64920279808944
"OR6P1",5.64920279808944
"PPP1R35-AS1",5.64920279808944
"SEL1L2",5.64920279808944
"TEX13A",5.64920279808944
"ZSWIM9",5.64749839962781
"IER3",5.64681486190295
"SPATA2L",5.64165035481174
"ZBTB9",5.64012146168049
"CRYAA",5.63801125557216
"LOC102724652",5.63801125557216
"LOC124901039",5.63383744571058
"SPATC1L",5.6271494961032
"TPSG1",5.62556716015622
"TNFRSF6B",5.62198129034402
"RASSF1-AS1",5.62048712186866
"TCP11X2",5.61985618049293
"UBALD1",5.61256006067143
"IGF2",5.61210989552309
"CCNP",5.61079747398099
"ASIC2",5.60743078315081
"ESPNL",5.60743078315081
"NPFF",5.60193309682934
"MYO1D-DT",5.59888557973384
"LOC101927609",5.59887719035264
"TMEM191C",5.59559204533829
"SHD",5.59443100270714
"TPBG",5.58850088957462
"SLC30A3",5.57838048733304
"MIR1-1HG",5.57610968463464
"GPR153",5.57512359545717
"KRT17P3",5.57453038906094
"SMG7-AS1",5.562586352232
"WNT6",5.55521548824241
"IGFBP7-AS1",5.54842001998428
"TLNRD1",5.54778958847537
"TIGD5",5.53182353113592
"TMEM95",5.52994835375616
"SGCZ",5.52638138174344
"ZNF865",5.52616226819599
"ABHD16B",5.52404981115001
"BBLN",5.52374563995176
"OXTR",5.52093528841335
"LOC100996361",5.5162799449681
"FITM1",5.5105454779664
"RHBDD3",5.50765829670109
"SLAMF9",5.50564014738414
"ARHGEF19",5.50396908840284
"MROH5",5.49292395464503
"GLIS2",5.47174293040544
"FBXL12",5.46909225527686
"ASB10",5.46454822486811
"EFS",5.46085279515585
"OR4F16",5.46077911271314
"OR4F29",5.46077911271314
"TCHH",5.45708865515297
"LACRT",5.45445010902651
"SAPCD2",5.45128699087154
"ZBTB32",5.4497893235976
"CCDC71L",5.44961728758212
"CRHR1",5.44840958178774
"LINC02210-CRHR1",5.44840958178774
"LOC102723475",5.44840958178774
"HOXA10-AS",5.44711217580378
"RRS1",5.44479365849448
"WDR97",5.4434059065301
"ASCL5",5.43891311466518
"MTCO1P12",5.43891311466518
"TRIM15",5.43891311466518
"TTLL2",5.43778643366542
"IL17REL",5.43158367189939
"JMJD1C-AS1",5.42858602800496
"TAT",5.42652194644325
"CILP2",5.42251525354513
"DDHD1-DT",5.42043497870601
"ARHGAP42-AS1",5.42015974670091
"RPS2P48",5.42015974670091
"RAX",5.42012657560518
"TMEM132E-DT",5.42006352352402
"BCL3",5.41989691194933
"PSAPL1",5.40581912173402
"MISFA",5.40291775664326
"VCX",5.39712218404912
"NTN3",5.39366472298425
"TRPC7",5.38979273966119
"HAGHL",5.38663816328364
"SPHK1",5.37988686107555
"ENPP7",5.37720907554357
"LOC124902559",5.37384369135323
"SAMD11P1",5.37384369135323
"GNG8",5.373811510624
"LCE6A",5.373811510624
"DEFB124",5.37379395072892
"MYL12-AS1",5.37379395072892
"OR4M1",5.37379395072892
"PPP1R42",5.37379395072892
"TBR1",5.37379395072892
"MBOAT7",5.37307608688043
"CXorf49C",5.37205237934141
"NPSR1",5.37205237934141
"EEF1AKMT4",5.37013357473531
"CLEC11A",5.36651735799629
"CHRDL2",5.36556128506742
"ZNF251",5.36510251725501
"LRFN4",5.36469251549845
"UQCRHL",5.36410582992142
"CFAP65",5.36180984952284
"KRTAP10-7",5.36087558623143
"C20orf202",5.35911759410424
"GPR149",5.35911759410424
"LOC101928093",5.35911759410424
"MEIKIN",5.35911759410424
"NKX2-4",5.35911759410424
"OR6J1",5.35911759410424
"PCDH8",5.35911759410424
"LINC02107",5.35910101099095
"LINC02110",5.35910101099095
"LINC02119",5.35910101099095
"RPL7P10",5.35910101099095
"PPP1R27",5.35834609393269
"BOK",5.35090837269956
"FOXD1",5.346727128766
"TONSL",5.34524708888947
"TRIM74",5.34174269984731
"NKX6-1",5.34119634259925
"RPS2P4",5.33883676570735
"DCAF8L2",5.33324413608668
"FAM181A-AS1",5.33077045871302
"LOC105371961",5.33021077028743
"GCGR",5.32914812502055
"C6orf141",5.32396988459526
"BHMT",5.32359167549007
"MDFI",5.32030420933243
"TEKTIP1",5.31361837559315
"ZNF804B",5.31263181639449
"NRSN2-AS1",5.31162216717122
"SBK3",5.31042407446859
"FSCB",5.31042287582804
"ACOT12",5.30897671500629
"FGFBP3",5.30748110910663
"NOX1",5.305672353542
"RPL34P1",5.305672353542
"SOX30",5.30533074759752
"SHISA2",5.30251649348742
"GDF1",5.30099262200825
"PDPN",5.29569516489002
"ZNF648",5.29504312907906
"TMEM271",5.29004541876203
"CHST2",5.28955208147932
"PDXP",5.28788985766932
"TKTL2",5.28781711999221
"ASPRV1",5.28656239846724
"NCAN",5.28486847844745
"TMEM132A",5.28434710042144
"KIFC2",5.28158651604013
"TNFRSF4",5.27937981478875
"TAS1R2",5.27788499044755
"TTLL6",5.27788499044755
"ANKLE1",5.27035134130675
"GPR142",5.26863035645163
"FAM47C",5.26763272181656
"GOLGA8S",5.26695078730825
"ADGRB2",5.26689603672686
"ARHGAP33",5.26609328752734
"HES2",5.2656074055156
"C1orf185",5.26488719355125
"ALKBH4",5.26415608038014
"TMEM30A-DT",5.25917050280253
"SBK2",5.25293374013961
"KHDC1L",5.25094659906406
"EXOC3L4",5.2498173523024
"SP9",5.24088735339493
"PCOLCE-AS1",5.23583507168918
"LOC124903667",5.22508641485969
"APCDD1L",5.22313499944241
"CIMAP1B",5.22203694817048
"SPATA46",5.21889448569596
"COL11A2",5.21746605942127
"C17orf100",5.21370962013594
"CCDC120",5.20896360513256
"TTBK1",5.20722524077933
"LOC101928160",5.20400906118253
"ZNF707",5.20400906118253
"ZNF385A",5.19870553755037
"LYPLAL1-DT",5.19751445180046
"SOX15",5.19260153562295
"LOC401957",5.18918152485154
"ACTL8",5.18090228864606
"AFM",5.18090228864606
"BMS1P7",5.18090228864606
"CNBD1",5.18090228864606
"CROCCP1",5.18090228864606
"EIF4A1P4",5.18090228864606
"FAM90A22",5.18090228864606
"FAM90A7",5.18090228864606
"FGB",5.18090228864606
"GRP",5.18090228864606
"LRTM2",5.18090228864606
"MAP4K1-AS1",5.18090228864606
"MCCD1",5.18090228864606
"MIR4685",5.18090228864606
"NANOS3",5.18090228864606
"NCAPD2P1",5.18090228864606
"NDP",5.18090228864606
"OR4B1",5.18090228864606
"OR4C5",5.18090228864606
"OR5L1",5.18090228864606
"OR6S1",5.18090228864606
"PCDHA1",5.18090228864606
"PNLIPRP1",5.18090228864606
"RPS3AP49",5.18090228864606
"SLC29A4P2",5.18090228864606
"SOHLH1",5.18090228864606
"SPATA2P1",5.18090228864606
"SPEM1",5.18090228864606
"SPMIP9",5.18090228864606
"SPPL2C",5.18090228864606
"TNF",5.18090228864606
"TPD52L3",5.18090228864606
"ZBTB24-DT",5.18090228864606
"FAM229A",5.18073577024128
"MTNR1B",5.17899860583697
"KLHL17",5.17630383788989
"ZBBX",5.17580339289016
"NAA80",5.17524213938637
"FAM110A",5.17441233208547
"FBXL19",5.17437880364291
"LAMA5",5.17288941355368
"RNF112",5.17288325064885
"CA6",5.1716900328988
"LINC01778",5.1674290364334
"DUX4L34",5.16738026684203
"SLC2A6",5.16723443634011
"LTB",5.16461787825435
"CSPG4P13",5.16443289123052
"OR52N1",5.16129995518204
"SCGB1A1",5.15953014062073
"DYNLT2",5.15874960583393
"SHISA8",5.15810486301093
"CXCL6",5.15641595878055
"TOR4A",5.15513027732998
"LINC02535",5.15282261739765
"NPY4R",5.14477360532138
"LOC124902301",5.14415667467771
"LOC107984243",5.1423858481199
"GFY",5.13603024305493
"GABRG1",5.13315525802103
"AMH",5.13085450426403
"KCP",5.1306471400392
"PRMT8",5.12977441710806
"ATP6V1E2",5.12707239571113
"MFHAS1",5.12607524509042
"HES5",5.12542656344095
"HAS1",5.12339010342556
"LINC02898",5.12228320136671
"C1orf87",5.12221495807017
"EGFL7",5.10928374606268
"HSD3B1",5.10883687156218
"KRT18P41",5.10522142861338
"LOC105377918",5.10522142861338
"PROK1",5.10522142861338
"CT45A10",5.10519525369167
"CT45A5",5.10519525369167
"SEMG2",5.10519525369167
"WEE2-AS1",5.10059660719109
"RPS3AP47",5.09910197212671
"ZNHIT2",5.09778200037057
"ASPDH",5.09311650743799
"EHMT2",5.09199244946273
"CCHCR1",5.09193405695333
"S100A7A",5.09118709619327
"DLK1",5.09034638507906
"C17orf78",5.08853191323923
"CSDC2",5.08809532089608
"THRSP",5.08788699920565
"HLA-B",5.08723292451136
"SIK1",5.0866621977319
"OR7D4",5.08460925744542
"TRPM8",5.08324491140071
"STPG3",5.07929082194342
"ZPBP",5.07929082194342
"MARCKS",5.07878030500011
"TPGS1",5.07829414150685
"C9orf57",5.07579725921741
"EMX1",5.07413532954049
"TMUB1",5.07297607532892
"UBXN11",5.07144069708532
"LHB",5.07030089836487
"ZNF580",5.06940692698276
"CELSR3",5.06889496701226
"LOC283731",5.06343937040908
"ZDHHC19",5.06343937040908
"B4GALNT4",5.06217857596067
"DAXX",5.05659908847601
"SMIM40",5.05659908847601
"DHRS4L1",5.05574714917317
"KRABD3",5.05555462906123
"CSMD2",5.05489204155913
"VASN",5.05296145617098
"TMEM86B",5.05184016164554
"CHTF18",5.0476462188648
"EMILIN1",5.04748213156778
"MAGEC1",5.0446758267063
"LOC643709",5.04315151222814
"HOXC6",5.0424228269296
"OR11H2",5.03977316570442
"C10orf55",5.03951148026067
"CDHR5",5.03643985912761
"SCNN1D",5.03274580173512
"DPF1",5.03265575449121
"CALN1",5.02826598685871
"SSC5D",5.0253265481234
"DNAH17",5.02394876165929
"SPATA31E1",5.02361788220969
"PRR36",5.02013781291413
"NNAT",5.02001194680686
"SRRM3",5.01162827325898
"FGF6",5.00933555155163
"TIMM10B",5.00744964820377
"ATP2C2-AS1",5.00342726262335
"CEACAM16",5.0029532620693
"SOCS1",4.99847856923229
"PLEKHG4B",4.99702019182569
"TUSC1",4.99596614558504
"RAB7B",4.99267111018053
"MSANTD2-AS1",4.98826080568294
"NEFHP1",4.98712892505044
"SLC6A13",4.98705053308057
"KIF12",4.97786755053046
"BASP1",4.97589777409002
"PANK4",4.97464730092192
"CEBPA",4.97040343307482
"NPTX1",4.96804622510978
"ASPHD1",4.96376814933051
"INAFM2",4.9624217702614
"SOX11",4.9601800368068
"DDTL",4.95963739591478
"CCDC116",4.95834685956977
"LINC02983",4.95024721689134
"CCDC184",4.94714603330382
"PDIA2",4.94481332653169
"NLRP4",4.94410096185312
"ANKRD9",4.93657711848636
"RGL4",4.93610931084045
"SIGLEC16",4.93053642755534
"CYP4F8",4.92163626186544
"TNK2",4.91760840979995
"PCSK4",4.91613946067978
"CDKN1C",4.91086620144545
"ANGPTL8",4.90957103022817
"FJX1",4.90718429878449
"EZR-AS1",4.90089914522796
"TREX2",4.90046321312057
"MUCL1",4.89700700118031
"LINC02015",4.89665547050546
"SSPOP",4.89531338217478
"ADCYAP1",4.89322273939512
"DLGAP4-AS1",4.89267628197266
"USP35",4.88747897475766
"CCDC154",4.88646389348944
"LILRB3",4.8860150018025
"LOC102725035",4.8860150018025
"LOC107987425",4.8860150018025
"LOC107987462",4.8860150018025
"LINC02245",4.88209853235388
"SLC10A4",4.88151280675415
"TMEM52B",4.88151280675415
"RPS8P8",4.87323684759238
"SORD2P",4.87268214571939
"CYP2A7",4.87028287800339
"CBX6",4.86504968296675
"GAGE12F",4.86487342573338
"GAGE12G",4.86487342573338
"GAGE12I",4.86487342573338
"GAGE2C",4.86487342573338
"GAGE4",4.86487342573338
"GAGE6",4.86487342573338
"GAGE7",4.86487342573338
"LOC124908552",4.86487342573338
"LOC124908553",4.86487342573338
"LOC124908554",4.86487342573338
"LOC124908555",4.86487342573338
"LOC124908556",4.86487342573338
"CGB7",4.86014960816927
"WDR81",4.85912694916138
"FOXA2",4.85869054380266
"C3orf85",4.85011077854286
"SMTN",4.84837552697006
"ICAM5",4.846274769369
"PANX2",4.84602960675356
"SLC13A5",4.84556584713904
"TEDC1",4.83429398651724
"RETREG1-AS1",4.83343442204631
"CCDC83",4.83072552844003
"BAIAP2L2",4.82382848948823
"GJD2-DT",4.82274160846863
"SLC2A4RG",4.82188854497713
"GPRIN1",4.8196359080552
"LINC01192",4.81891903971371
"RXRB",4.81594639145265
"PRRX2",4.81448917730295
"LINC01354",4.81311366427214
"ADIPINT",4.81128420988954
"C1orf122",4.8112256782645
"R3HDML",4.80824057642531
"DPP9-AS1",4.80610217971523
"PROB1",4.80453739355757
"GP1BB",4.80339895357016
"TSSK6",4.80040672352675
"CENPB",4.79966632208206
"SPACA4",4.79698766397342
"OXLD1",4.79690759245624
"SPRY4",4.79675407368018
"SFRP5",4.79638818595186
"GRIN2D",4.7949743496039
"MAP3K10",4.79478508293488
"INSIG1-DT",4.79404498098756
"FSD1",4.79293847483272
"HCFC1R1",4.7898125390258
"LENG8",4.78973166403666
"VPS9D1",4.78569103502007
"HOXB2",4.7850142681758
"COL27A1",4.78195952157644
"LINC03048",4.78122390153903
"NANOS1",4.78122390153903
"EGFL8",4.78114251319746
"LINC03051",4.78114251319746
"FLVCR2-AS1",4.78012299952879
"SPMIP8",4.77951139884486
"PRH2",4.77901071303608
"RD3",4.77782577022978
"HOXC13",4.77556297032594
"FCAMR",4.77272323628464
"KISS1",4.77110156195692
"ACTL10",4.7690348523074
"IFNL3",4.7670790699393
"KCNQ2",4.7670790699393
"KRTAP4-9",4.7670790699393
"LOC124902203",4.7670790699393
"RPL23AP48",4.7670790699393
"UGT2A3",4.7670790699393
"AQP6",4.76704525651933
"HNRNPKP1",4.76704525651933
"SEPTIN7P7",4.76704525651933
"LINC02875",4.76699940274039
"SH2D7",4.76699940274039
"RNF223",4.76639775841667
"ULK1",4.76269959852495
"C2CD4D",4.7621707510739
"UMOD",4.7621707510739
"ASS1P9",4.76144444031137
"MYOD1",4.75827154700735
"PRB2",4.75505793448856
"TMEM54",4.7484547415014
"NELFE",4.7476919401397
"CRYBA4",4.74488128946729
"GLRA2",4.74359789350584
"SALL3",4.74354214089058
"BAHCC1",4.73841817497176
"C3orf20",4.73811170819916
"SMIM32",4.7368436248056
"LYPD1",4.73475180149902
"LMNTD2",4.73419110360669
"DNAI1",4.72928874215479
"PHLDA3",4.72902460143087
"PGGHG",4.72675390459913
"ERF",4.72601018959268
"TBX2",4.72240932093306
"H2AB1",4.71669500667573
"HOXD9",4.7141433237059
"NRGN",4.7138943563763
"GPR20",4.71261021438119
"TERT",4.71048411080875
"KCNC1",4.70788842672428
"ADAMTS7",4.70534213314555
"CFAP418-AS1",4.70484226163858
"KLF16",4.70283423084792
"SLC26A1",4.70104109844396
"LOC124903342",4.69961278457306
"LRIT2",4.69961278457306
"SLC13A1",4.69953685084006
"SOX8",4.69942951738134
"ACOT6",4.6981244759934
"RNF44",4.69726828171652
"TRIM11",4.69131164655678
"GLIS1",4.68889016823282
"ZFP36",4.68233244771602
"SLC28A2-AS1",4.67787720545469
"ADGRB1",4.67512202993856
"PPIAL4G",4.67401464842621
"C21orf58",4.67191990491382
"SPEG",4.67174908702509
"RAD9A",4.67127921996131
"MMP3",4.66906263515208
"CELF5",4.66887885708959
"HOXA3",4.66564784414124
"MPDU1-AS1",4.66543414844703
"FBL",4.6638571493192
"FBRS",4.66244807032515
"ENTREP3",4.6590958892577
"MIB2",4.65727252811883
"CAPN12",4.65547207013599
"AKT1S1",4.65241688301618
"INHA",4.65141409244877
"APOA2",4.64977524206067
"MIR3667HG",4.64721202847539
"PLSCR3",4.64369352509117
"GLTPD2",4.64176945501851
"PLPPR3",4.64016494060363
"PVRIG",4.63693500190764
"SHANK1",4.63453748342007
"SPATA31A7",4.63412504917502
"STOML3",4.63275267190478
"HOXC9",4.63259093911118
"LINC02908",4.63075494415471
"SLITRK1",4.63075494415471
"ADAMTS16-DT",4.63027260953911
"ATP9B",4.63027260953911
"ATXN3L",4.63027260953911
"AVP",4.63027260953911
"BEAN1-AS1",4.63027260953911
"BOD1L2",4.63027260953911
"C14orf180",4.63027260953911
"C2CD4C",4.63027260953911
"CBY3",4.63027260953911
"CCL16",4.63027260953911
"CENPVL1",4.63027260953911
"CENPVL2",4.63027260953911
"CLEC3A",4.63027260953911
"CTBP2P7",4.63027260953911
"CTXN1",4.63027260953911
"DBX1",4.63027260953911
"DCAF8L1",4.63027260953911
"DEFB122",4.63027260953911
"DUX4L12",4.63027260953911
"EPHA8",4.63027260953911
"FAM170B",4.63027260953911
"FAM86C1P",4.63027260953911
"FCRL3-AS1",4.63027260953911
"GAST",4.63027260953911
"GC",4.63027260953911
"GFRA4",4.63027260953911
"GRTP1-AS1",4.63027260953911
"H2AC1",4.63027260953911
"HMX1",4.63027260953911
"IQSEC3-AS3",4.63027260953911
"ISX",4.63027260953911
"KCNV1",4.63027260953911
"KRTAP13-3",4.63027260953911
"LHX3",4.63027260953911
"LINC00554",4.63027260953911
"LINC01732",4.63027260953911
"LOC100129291",4.63027260953911
"LOC100288123",4.63027260953911
"LOC100533852",4.63027260953911
"LOC101927588",4.63027260953911
"LOC101928499",4.63027260953911
"LOC101929494",4.63027260953911
"LOC105375938",4.63027260953911
"LOC105377203",4.63027260953911
"LOC107985122",4.63027260953911
"LOC128071545",4.63027260953911
"LOC402229",4.63027260953911
"LRFN1",4.63027260953911
"LYPD4",4.63027260953911
"MARCHF4",4.63027260953911
"MC2R",4.63027260953911
"MIR4701",4.63027260953911
"MIR6790",4.63027260953911
"MIR6864",4.63027260953911
"MRGPRD",4.63027260953911
"MYO5BP3",4.63027260953911
"OLIG2",4.63027260953911
"OR1B1",4.63027260953911
"OR4C46",4.63027260953911
"OR4C50P",4.63027260953911
"OR51G1",4.63027260953911
"OR5I1",4.63027260953911
"OR8D4",4.63027260953911
"PRAMEF18",4.63027260953911
"PRAMEF25",4.63027260953911
"PRAMEF26",4.63027260953911
"PRR23E",4.63027260953911
"REG1B",4.63027260953911
"RNA5SP74",4.63027260953911
"RPL23AP24",4.63027260953911
"RPL35P1",4.63027260953911
"RPS8P3",4.63027260953911
"SCGB1C2",4.63027260953911
"SEC1P",4.63027260953911
"SLC28A3-AS1",4.63027260953911
"SMIM17",4.63027260953911
"SPHKAP",4.63027260953911
"SSX3",4.63027260953911
"TMEM278",4.63027260953911
"TSPAN16",4.63027260953911
"TUBB",4.63027260953911
"ZDHHC22",4.63027260953911
"ZNF317P1",4.63027260953911
"KCNH3",4.628099384666
"AIFM3",4.62555095362857
"RPL7AP11",4.6244412294639
"ANXA13",4.6238091048205
"SPON2",4.62379287428427
"SNAI1",4.62377115977341
"LRRIQ3",4.62350081359379
"TSSC4",4.62089039771786
"MEP1A",4.61811879817233
"ATP5PDP1",4.61403118803659
"BCRP8",4.61403118803659
"CDX1",4.61403118803659
"CNN2P10",4.61403118803659
"CYP2D8P",4.61403118803659
"DMRTA2",4.61403118803659
"DRD4",4.61403118803659
"DUX4L4",4.61403118803659
"EPPIN",4.61403118803659
"FEM1AP1",4.61403118803659
"GOLGA6L2",4.61403118803659
"GRIFIN",4.61403118803659
"HIGD1AP6",4.61403118803659
"HLA-DMB",4.61403118803659
"HLTF-AS1",4.61403118803659
"KRT18P11",4.61403118803659
"KRT18P20",4.61403118803659
"KRT18P51",4.61403118803659
"LINC01305",4.61403118803659
"LINC01950",4.61403118803659
"LINC02343",4.61403118803659
"LINC02393",4.61403118803659
"LINC03053",4.61403118803659
"LOC100129616",4.61403118803659
"LOC100419784",4.61403118803659
"LOC105377276",4.61403118803659
"LOC112268176",4.61403118803659
"LOC124906949",4.61403118803659
"LOC283299",4.61403118803659
"LRRC74B",4.61403118803659
"MAGEB1",4.61403118803659
"MIR1248",4.61403118803659
"MRGPRX1",4.61403118803659
"NGF-AS1",4.61403118803659
"NOTCH2P1",4.61403118803659
"OR13C8",4.61403118803659
"OR8U3",4.61403118803659
"PAEP",4.61403118803659
"PYY2",4.61403118803659
"RNA5SP514",4.61403118803659
"RNU4-39P",4.61403118803659
"RPL23AP66",4.61403118803659
"RPS3AP30",4.61403118803659
"SPATA16",4.61403118803659
"USP8P1",4.61403118803659
"ZIC3",4.61403118803659
"VWA7",4.60885562428597
"ANKRD33B",4.60473313859645
"WIPF3",4.6029933138381
"E2F2",4.60051176278592
"ZFP92",4.60020456505554
"TAF1C",4.60003088498246
"C1QTNF6",4.5968579780461
"ARSI",4.5944757940056
"CFAP52",4.59433838660631
"NUDT18",4.59414037438923
"HELZ2",4.59318210064139
"PRR20C",4.59300852690755
"COL26A1",4.58883199778856
"ASIC4",4.58618237217742
"DCTN6-DT",4.58286147751625
"LOC124906399",4.58286147751625
"LOC124906401",4.58286147751625
"LOC124906402",4.58286147751625
"LOC124906405",4.58286147751625
"LOC124906412",4.58286147751625
"LOC128966573",4.58286147751625
"LOC128966606",4.58286147751625
"LOC128966617",4.58286147751625
"LOC128966618",4.58286147751625
"LOC128966619",4.58286147751625
"LOC128966620",4.58286147751625
"LOC128966621",4.58286147751625
"USP17L24",4.58286147751625
"USP17L25",4.58286147751625
"USP17L26",4.58286147751625
"USP17L27",4.58286147751625
"USP17L28",4.58286147751625
"USP17L29",4.58286147751625
"USP17L30",4.58286147751625
"LOC102723305",4.58248195511099
"B3GNT9",4.58097813134809
"SCIRT",4.57921267051645
"SCAF1",4.57903067253922
"TRIM46",4.5776585148289
"MROH6",4.57300344419994
"PNPLA1",4.57103368802592
"MLXIPL",4.56977791680587
"TEX15",4.5695688240028
"EFNA3",4.56688403249058
"HTR1D",4.56578624118331
"IGF2BP1",4.56578624118331
"APOBR",4.5651448860237
"TAFA5",4.56061200330753
"GAS2L1",4.55998222989282
"C8orf82",4.55918402265716
"IGLON5",4.5584990933288
"F2RL3",4.55779064171833
"PGLYRP1",4.5541381926392
"FBXL18",4.5510711449515
"RFLNB",4.55097503730392
"PLK5",4.55091928584923
"NAT8L",4.54996441654497
"INSYN2B",4.54736123262094
"SLC37A4",4.54365642963304
"PAPLN",4.54346330129256
"FRMPD4",4.54112879549991
"LOC101928059",4.53548630050107
"KCTD11",4.53366768474516
"FAM89B",4.53275603716322
"TNRC18",4.5295995635565
"PRB3",4.52788271045762
"MBLAC1",4.52774238591732
"KIF18B",4.5269375052847
"ACTBL2",4.52615011076361
"GRIN2C",4.52452314083742
"SOWAHD",4.52441312455309
"DCAF4L2",4.52322063169468
"SLC2A7",4.52243300609398
"RPSAP54",4.52186232726653
"LOC101927687",4.51728040142769
"PIDD1",4.51644871466981
"MAPK8IP2",4.51567887314097
"PYGO2",4.51437135943336
"TEPSIN",4.51428213102188
"CCR5AS",4.51350595323939
"DEFB4A",4.51105681876603
"DEFB4B",4.51105681876603
"LOC124906748",4.51105681876603
"SPATA21",4.51081433245392
"SOX4",4.51027750666944
"AGER",4.5068503498491
"BTG2-DT",4.50447847519061
"ADAM11",4.50383149920949
"FBLIM1",4.50307303078602
"GSDMD",4.50297853011358
"PTGDR2",4.50167964788487
"ZNF575",4.50160216518489
"DNAJB13",4.50159426638684
"UAP1L1",4.50026011936584
"SYCE1L",4.49825499055105
"LOC124904942",4.49744480816537
"NPEPL1",4.49744480816537
"ZNF503",4.49704413915369
"TGFBR3L",4.49080661712004
"ISLR",4.4891055663187
"ADAMTS4",4.4858170787472
"SNX21",4.48527032504403
"MATN1",4.48520320171006
"PLXNB3",4.48190704145592
"ZBTB12",4.48146977784167
"LOC124901616",4.4814544383993
"UPK3BP1",4.48054328999382
"IGFALS",4.47977111584497
"PPP1R13L",4.47865488237653
"COL13A1",4.4781167055799
"WNT11",4.47695716764076
"MYBPC3",4.47662086120883
"PRR22",4.47396376306654
"MBD6",4.47293065434144
"TAS1R3",4.46902586631812
"MT4",4.46720422447635
"STUM",4.46648132775587
"INAFM1",4.46648030970132
"BEND2",4.46604881481558
"RPL13AP22",4.46419610244844
"AP5B1",4.46266884174246
"CCDC28B",4.46045413011016
"POU4F3",4.46040522583113
"C20orf144",4.4587624904999
"NDUFA3",4.45728353486887
"FBXL8",4.45301114231263
"SLC9A5",4.44937935779922
"NKX1-2",4.44845900439569
"WDR90",4.44664750329726
"BIRC7",4.44619317018498
"CDCA5",4.44612448715309
"TTLL10",4.44386836983181
"RPS6KA4",4.44289519582774
"ADAM12",4.44025786886916
"CSPG4",4.44011424859055
"TBX4",4.43916543507506
"C12orf50",4.43794033451703
"LRFN3",4.43603326373172
"SLC52A1",4.43579255358744
"PTGES",4.43508100103191
"AGXT2",4.43431949369171
"LOC101929021",4.43431949369171
"CYP4A22",4.43423267051753
"NUTM2F",4.43419603941945
"ZNF579",4.43394953620151
"MRPL41",4.43334597151001
"BRAT1",4.43165288698796
"NEAT1",4.43147980077738
"STBD1",4.4297822852631
"WFIKKN1",4.42927571037237
"ARMC5",4.42590965956842
"TAS2R60",4.42129223018881
"RAB11B-AS1",4.41946102409862
"PMEPA1",4.41917417357563
"LOC124908988",4.41865071832194
"LOC128966656",4.41865071832194
"TSPY8",4.41865071832194
"DRD5",4.41833756900425
"RASSF10",4.41697297999151
"LRIT1",4.41335439804969
"PPIAL4F",4.41335439804969
"PSD",4.41291521122625
"SP6",4.41224709406085
"CFD",4.4108438286015
"SUN3",4.4100551315742
"RECQL4",4.40600150333747
"ASIP",4.40519663659371
"PLEKHH3",4.40484411034414
"VTN",4.40158753446374
"FGFR4",4.40148966618796
"TOR2A",4.40089640819988
"PRR15",4.3981534106879
"GHRHR",4.39785620816945
"OR51B5",4.3971837858003
"SLC33A2",4.39371882343318
"EGFR-AS1",4.39325626754171
"RRAGC-DT",4.39288383570654
"PURA",4.39111256858373
"SLC7A3",4.39036903624172
"POLD4",4.39016762671442
"ACHE",4.38990120374357
"LOC107985767",4.38589480446252
"SNAI3",4.3840160873724
"TFAP2E",4.38151262104668
"ASB16",4.37999674771465
"IGDCC3",4.37409181761563
"TCF7L1",4.37033147095502
"OR4D2",4.36999436819674
"ST8SIA2",4.36999436819674
"ANKS4B",4.36944069857781
"SYT6",4.36944069857781
"PRLHR",4.36836337811717
"SYT12",4.36677200086194
"RAB11FIP3",4.36673663520432
"MAP4K3-DT",4.3654309605601
"ADAT3",4.36300891407984
"TRIM72",4.36294249007132
"MAP3K11",4.35997625461069
"NR2E1",4.35915473510599
"BLOC1S4",4.35131496491279
"LOC101928487",4.35105968403116
"REELD1",4.35105968403116
"ACCSL",4.35100917599169
"CNOT3",4.3496575167319
"RDH8",4.34864256386463
"ESRRA",4.34741827506609
"PPAN-P2RY11",4.34579219582191
"ZNF414",4.34538335908498
"LURAP1",4.34192397468508
"COL1A1",4.34106977247887
"TBKBP1",4.33907899569484
"HMGN3-AS1",4.33786196911682
"CTNNA2",4.33744795419066
"LOC100288097",4.33743575903291
"FBXL6",4.33568400700416
"HIC1",4.33548843268551
"B4GAT1-DT",4.33546494013208
"SCAND1",4.33369819933183
"APC2",4.3332227033414
"CHLSN",4.33289476997203
"DPYSL4",4.3328673920336
"CASC11",4.3319685514019
"NKPD1",4.33179826685907
"LYNX1-SLURP2",4.33137673068893
"MFSD2B",4.32907760717629
"CACNA1B",4.32869207632106
"SLC75A1",4.32562984367003
"NHSL3",4.32061932331642
"MEGF6",4.31955530018962
"PCDHA8",4.31770376340098
"SATL1",4.3127554340724
"NDUFAF8",4.31071860857048
"EPS8L3",4.3104142493445
"MAGEL2",4.30637874462013
"RHBDL3",4.30514007671018
"CDC20B",4.30470170698207
"WNT10B",4.30418787820725
"LIPE",4.30381713028811
"SLFNL1",4.30368291198065
"EPHA1-AS1",4.30052008742354
"LINC02060",4.29812696613804
"MIR9-2HG",4.29812696613804
"HMGB3",4.29722365790357
"RTN4RL2",4.29656287022719
"IGSF9B",4.29414078981641
"SLCO4A1-AS1",4.29212008463741
"PIP5KL1",4.28990132356841
"CERS1",4.2884812616867
"PLEKHJ1",4.2861975245251
"IER5L",4.2861396872253
"AGBL4",4.28273723621049
"CLCF1",4.28196439646584
"ENKD1",4.28156110817307
"KIF26B",4.28047342160789
"TMEM74B",4.27962080171962
"NUBP2",4.2768581756527
"PRR3",4.27476395307522
"AJAP1",4.27423797272371
"WNT7A",4.27380387781069
"CDC42EP2",4.27107638724029
"VPS37C",4.26911723356327
"LCE1F",4.25623272960858
"PAX4",4.25578851072915
"KMT5C",4.2542782661979
"RPS18",4.25304339462029
"MAGEC3",4.25279834087555
"PRR12",4.25181179613404
"C1orf159",4.25140516515035
"TREH",4.25121966880683
"ZBED2",4.25115957778087
"LEF1-AS1",4.25087990169265
"KCNK7",4.25040011587061
"SFT2D3",4.24949002386318
"CCN4",4.24903059443655
"SCGN",4.2477357141667
"MAP3K9-DT",4.24434212481376
"ZBTB4",4.24271576640733
"NIM1K",4.2425417773272
"SOX7",4.23947159863684
"FAM222A",4.2383470180948
"MESP2",4.23814815364585
"CACNG4",4.23726915950954
"TMC4",4.23453112521405
"PPP1R12C",4.23402053184757
"HAP1",4.23381677111642
"FBXL15",4.23324129564735
"TNFRSF8",4.23156774427508
"SMAD7",4.22951573980995
"ARHGAP39",4.22937059109187
"PRSS1",4.22904253749257
"ANXA2R",4.22690015686428
"CT47A12",4.22290902005387
"AJM1",4.22000855052408
"LINC02609",4.21980922887882
"SCG5",4.21980922887882
"TRIM51JP",4.21980922887882
"FBRSL1",4.2195798106098
"ANKRD63",4.21956018627586
"H3P36",4.21956018627586
"LINC01275",4.21956018627586
"LINC01726",4.21956018627586
"OXA1L-DT",4.21956018627586
"APOH",4.2195033059122
"RPL3L",4.2195033059122
"LOC317727",4.21840187321582
"TRAPPC14",4.2179908222691
"CREG2",4.21798735287463
"SETD1B",4.21705273767707
"EEFSEC",4.21150138056929
"TMEM200B",4.20732901885741
"FBXO2",4.20480478700525
"SHANK3",4.20367537694932
"APBA3",4.20081809992718
"CTU1",4.20021400249913
"AATK",4.19897255773103
"NAP1L5",4.19870371484727
"C1QTNF12",4.19538896881055
"LRRIQ4",4.19520627969961
"OR7G2",4.19480092054266
"SYDE1",4.19366470300853
"KLK14",4.1934339787173
"HERC2",4.19170413586541
"DRC5",4.19093620180381
"OXCT2P1",4.19020077245304
"EVA1B",4.18900822272611
"SH2B2",4.18832617739794
"DMWD",4.1880362840593
"CAPN15",4.18788174035257
"HOXC10",4.18526978240564
"MUC17",4.18261044819072
"PIM2",4.18202752708656
"AHDC1",4.17953830839423
"TSPAN32",4.1793788086836
"FAM131C2P",4.17928789755634
"PEX39",4.17899031699174
"MIR3648-1",4.17544232765153
"MIR3648-2",4.17544232765153
"EEF1DP1",4.17365344507756
"RIPOR3",4.17328107377038
"ABCC6P1",4.17267601013335
"PPP1R3E",4.1721255446327
"CCDC183-AS1",4.17050054061552
"ZNF771",4.16757453010457
"PKMYT1",4.16752252283681
"SEMA5B",4.16709687725804
"C19orf25",4.16382192634533
"PDYN",4.16083184790646
"HSPB6",4.16018906336876
"RCN3",4.16008306246558
"TLR9",4.15804114603287
"RAB41",4.15800479776466
"COL16A1",4.15603946566917
"EN1",4.15460591103726
"SOCS3",4.15297664341313
"RADIL",4.15204607832017
"NKX2-5",4.1515534081295
"DCAF15",4.14980688221979
"GTPBP3",4.14869892733684
"C16orf86",4.1486384159736
"COL8A1",4.14839815027425
"CDH12P1",4.14579293941793
"CDH12P3",4.14579293941793
"RET",4.14400085340168
"ADO",4.14381828900387
"PRAG1",4.14124879478745
"FSTL3",4.13675847341089
"DENND5B-AS1",4.13659498829648
"LARGE2",4.1341384072704
"SLC16A8",4.13376867343743
"RNF224",4.13234716730123
"ZFR2",4.13187754696933
"GDPD4",4.13173592513397
"BOLA1",4.13002662078621
"MYF5",4.12908645711844
"IER2",4.12863734652965
"MYH7B",4.12822773295033
"ARMC7",4.12548890463649
"SLC12A5",4.12540245259351
"BEGAIN",4.12455780303893
"MATCAP1",4.12086474598957
"SLC22A7",4.12071856649326
"ITIH1",4.11870980256674
"GGN",4.11730983236743
"CARD14",4.11718548796094
"MIDN",4.11706019336589
"EME2",4.1168712931381
"MRPL2",4.11229683151183
"BRME1",4.11021781946405
"SLC25A34",4.10997954055387
"HMCN2",4.10887713948079
"LINC02982",4.10886337451208
"SLC4A3",4.10735040014527
"USP17L9P",4.10638473437029
"KCNIP2-AS1",4.10591349524493
"CHRD",4.1046251108505
"MAMDC4",4.10223937941566
"LOC100129307",4.09871855490056
"SORCS2",4.09587963159174
"SH2B1",4.09587624632113
"MAP7D1",4.09575942872489
"MN1",4.09532058146155
"ZBED4",4.09473918919994
"CFAP46",4.09419433388906
"ZFPM1",4.09372769448664
"SCARF2",4.09260612277945
"NCKAP5L",4.09143628044126
"NPIPB7",4.09103709598713
"KIAA2012",4.08913086898792
"MRFAP1",4.08842345235624
"CETN2",4.08725411537887
"PROSER2",4.0860215943266
"BGLAP",4.08409342336059
"CCDC27",4.08258039237115
"NFKBIB",4.08201639325245
"RING1",4.08121148469743
"ZNF444",4.08105059707955
"FCER2",4.07769469838527
"LY6K",4.0775722881849
"NAT14",4.07738568242709
"RRAD",4.07718501624582
"PTMS",4.07706655786839
"NEPRO-AS1",4.0768279934732
"MAFA",4.07635686875289
"CXCR5",4.07481958427915
"MMP17",4.07444940456907
"SLC52A2",4.07304637220678
"ZDHHC8BP",4.06999225505145
"TNFRSF25",4.06845829115381
"FAM110C",4.06822352436102
"GDF15",4.06786947976394
"DGAT1",4.06690219003177
"OPLAH",4.06597646060074
"GPR25",4.06366815269603
"OR8H2",4.06366815269603
"SCRIB",4.0621011119881
"CUX2",4.06157152300691
"SLC49A3",4.05952503681058
"EPO",4.05917140797037
"TMEM31",4.05621678362169
"IL17D",4.05562717616489
"RPL18P3",4.05562717616489
"GAGE12C",4.05374578752856
"LEFTY1",4.05374578752856
"COL4A2-AS2",4.04929611152951
"DNAAF3",4.04840307730152
"CEBPB",4.04626971292499
"BSN",4.0427363865026
"C1QL1",4.04265417820378
"FHAD1-AS1",4.04145643651184
"LAMA5-AS1",4.04145643651184
"LBHD2",4.04145643651184
"IGFBP4",4.04000995672505
"PODNL1",4.03765743039998
"ADAMTS7P3",4.0361275130095
"CYP2A6",4.03217246466036
"CYP2B7P",4.03045227372948
"KIF25",4.02998179257581
"GPR173",4.0292114267994
"CABP1",4.02771881996946
"RTL1",4.0272633081153
"PIF1",4.02703391279366
"KLHL35",4.02324442876555
"LOC124907824",4.0228172530355
"NEURL1B",4.01894723475066
"HOXB3",4.01693624617934
"POTEF",4.01684302566374
"MGAT5B",4.01625187342808
"GPR42",4.01580677935694
"ZAN",4.01420990283574
"UBAP1L",4.01335054171837
"LINC01117",4.01252310384442
"EPPK1",4.01212801799863
"SLC39A5",4.01211470959085
"LRRC61",4.01179000795393
"ACRV1",4.01158933839201
"LOC105377495",4.00915720608125
"CLDN18",4.00472889132251
"PDE2A-AS2",4.00253396309749
"IGFLR1",4.00137758089152
"ANKRD65",4.00017603655621
"FBXO41",3.99826899552425
"TRIM7",3.99672147728892
"CALCA",3.99621874961138
"IRF7",3.99455440801223
"ZNF703",3.99232417612792
"C8orf74",3.99207340063554
"OBP2B",3.99207340063554
"PLA2G4C-AS1",3.99207340063554
"EXOC3L2",3.99125014996338
"ANKRD34A",3.99058171958268
"MAPK15",3.99014796373269
"CUTA",3.98931707175836
"KCNH4",3.98930527237555
"WHR1",3.98359248639259
"ZACN",3.98336859121226
"PHF24",3.98181746260621
"OR51L1",3.98012610609062
"LOC101929098",3.97785809228349
"SP7",3.97785809228349
"GPR135",3.97571308733463
"PDGFB",3.97512346721089
"CNR2",3.97432399870849
"FLYWCH1P1",3.97429343515946
"AP5Z1",3.97349148389804
"DEPP1",3.97208005870998
"SPRED3",3.97204749847092
"CELA2B",3.97199774484527
"OR12D1",3.97064681032538
"RPL23AP12",3.97064681032538
"RBBP8NL",3.97017385189361
"LOC102723655",3.96815309085051
"LOC102723713",3.96815309085051
"TP53TG3",3.96815309085051
"TP53TG3B",3.96815309085051
"TP53TG3D",3.96815309085051
"ADCK5",3.96809808357875
"ATP2B1-AS1",3.96777949050856
"MIIP",3.96738183920821
"MMP28",3.96735497379819
"AURKAIP1",3.96416388217581
"MARCKSL1",3.96175943196468
"DUSP29",3.96174054494367
"BTBD19",3.9602794370149
"STAC2",3.959422565552
"RNF217-AS1",3.9585959925863
"MAPK7",3.95692758376459
"LIMK1",3.95631966031847
"GPR39",3.955217498289
"STX1A",3.95520240895301
"TCF3",3.95498172856136
"CRB2",3.9536180153247
"BLOC1S3",3.95208364413028
"RPS15P2",3.94832481623116
"KCNU1",3.94591770191912
"CHPF",3.94488699444111
"SLC6A3",3.94278210629675
"DGKQ",3.94245926431658
"CA7",3.94234707653449
"MEX3D",3.94135051201264
"DNAI2",3.94058931668884
"S1PR5",3.93906949134846
"MAPK4",3.93893418228011
"TRIM73",3.93887474319521
"GPR137",3.93779884321974
"SIX3",3.93402039514175
"TIMM29",3.93335693556006
"S100A5",3.92544579591749
"MEX3A",3.92488104830574
"ZDHHC8",3.9239352682822
"PITPNM1",3.91832687659116
"HOMER3",3.91826340181778
"SETD1A",3.91656080266703
"SLC27A5",3.91562151027066
"ITGB8-AS1",3.90902382470855
"CACNA1H",3.90829021829174
"HLA-DRB1",3.90777019011171
"S100A3",3.907340968631
"PITX3",3.90624578077725
"OR2T12",3.90618741042991
"RPS4XP7",3.90618741042991
"SERPINF1",3.90618741042991
"POLM",3.90418667528922
"ARHGDIA",3.90337590330005
"ITPRIPL2",3.90178894745897
"PDZD7",3.90159887121899
"ZNF469",3.89946159919309
"AFAP1-AS1",3.89936489556569
"METTL26",3.89859376206304
"LTB4R2",3.89775107361655
"LRRN4CL",3.89696741177128
"ZGPAT",3.89283055602355
"PPP1R16A",3.89247424382077
"TIMP1",3.89125852565818
"B3GNT7",3.8901005491658
"C2orf81",3.88949063119046
"IL27",3.88672065438002
"RGL2",3.88499201656303
"SAMD1",3.88356893883848
"CCDC102A",3.88307504418282
"CHPF2",3.88300221947449
"KCNA6",3.88213821860261
"HDHD3",3.88094076187278
"MT1JP",3.88042900211116
"RAD51AP2",3.87976057556793
"SHISAL2A",3.87909082539084
"ARL10",3.87581389582919
"MICALL2",3.87501362103098
"DXO",3.87323233745227
"LINC02963",3.87206946543529
"ATCAY",3.87036622435215
"GABRA5",3.87012678234184
"OR1D4",3.86755761438838
"OR1D5",3.86755761438838
"LOC100287036",3.86688981862455
"CHGA",3.86680938139234
"COX6A2",3.86589633082596
"FBXO17",3.86567091851524
"ATOSB",3.86449451871063
"CBX8",3.86398163030523
"FMN2",3.86356271304549
"TRIM65",3.86073342219565
"LCTL",3.85967062245893
"LRP2",3.85958384554758
"HCN1",3.85882850247464
"ANO1",3.85882046551629
"KCNJ14",3.85776084582145
"KANK4",3.85729263325835
"PDE4C",3.85485472047504
"SHOX2",3.85246527955364
"GFAP",3.85211513836625
"A1CF",3.84612557886954
"DACT1",3.84346616405636
"DOK3",3.84072485907916
"REX1BD",3.84006302041906
"ATXN7L2",3.83944414458994
"REM1",3.83856260100969
"ST8SIA5",3.83831842699508
"INAVA",3.83715832223143
"KLHL30",3.83700533918852
"TNFRSF18",3.83657194552602
"GHDC",3.83599594023547
"GTF3C2-AS1",3.83568614260317
"SYT15B",3.83447636268724
"LOC101929130",3.83368846899624
"TDH-AS1",3.83221452134205
"GAR1",3.83131590820188
"FLRT1",3.83086389070283
"MATN3",3.83000161787888
"CIMAP1C",3.82978516338343
"NFATC4",3.82960308017014
"SLC6A20",3.82865587218492
"MARCHF10-AS1",3.82705366771438
"PIM3",3.82389645997239
"ABR",3.82348343674615
"CCDC92",3.82075681892215
"ISG15",3.82036066863069
"TMEM171",3.81599688897976
"CHST7",3.81389317045213
"DNASE1L2",3.81192120050891
"TMPRSS9",3.80902228362846
"CD200R1L",3.80783322330584
"E2F1",3.8068407863299
"SLC26A10P",3.80583835396926
"PYCR3",3.80286439106287
"LINC01876",3.80084979490193
"DPEP1",3.80031536518781
"SUSD2",3.7988267404108
"BAG6",3.79793031151798
"KRT42P",3.79779856641738
"CELSR2",3.79694000547308
"BCL7C",3.7957348630385
"LRRC38",3.79466998870204
"UBQLN3",3.79436946748416
"COX6B2",3.79312844219563
"SH3TC1",3.79261981987829
"NYAP1",3.79250894300777
"NTNG2",3.79150112850906
"CTRB2",3.79143653830476
"PLEKHG2",3.78693101060424
"RHBDF2",3.78624631310356
"BCL2L2",3.78486649258735
"PLPP7",3.78038201598214
"HHIPL1",3.78029989735192
"SDHAF1",3.77960079744835
"ARHGEF17",3.77886477964031
"NIBAN3",3.77598090803446
"HTR3E",3.7749641238877
"GALNT7-DT",3.77398355170155
"KRT36",3.77390513278658
"ERICH6",3.77255607075692
"MNX1",3.76824204639993
"OTOG",3.76824204639993
"ZNF296",3.76803086278094
"FOXK1",3.76634877465163
"PLAU",3.76479863848462
"CFAP119",3.764766757704
"COL4A2",3.76354254979973
"CCDC54",3.76115963045616
"CDHR4",3.76115963045616
"ENTREP2",3.76115963045616
"FAM90A18",3.76115963045616
"FAM90A19",3.76115963045616
"LMNTD2-AS1",3.76115963045616
"TMEM44",3.76036120964708
"ACTR3-AS1",3.75896305461978
"PWP2",3.75890888303195
"LPCAT1",3.75883105948476
"MYO19",3.75656070930785
"CPA5",3.75540797148437
"LCE1E",3.75442193845546
"LGALS7",3.7516168158696
"LGALS7B",3.7516168158696
"KCNK9",3.75127409641996
"FAM149B1P1",3.74862618935781
"RIN3",3.74805897386394
"GIGYF1",3.74660470835957
"GPAA1P2",3.74614283477793
"KIFC3",3.74271905562012
"HOXC4",3.74217469283724
"PARD6A",3.74194068672686
"ACAP3",3.74103210023435
"GRM4",3.74012412707436
"SNX32",3.74010884574754
"TELO2",3.73997283927506
"PARP10",3.73789481882178
"ANKRD34B",3.73529026839194
"LINC02493",3.73529026839194
"ZNF511-PRAP1",3.73443124513097
"BRSK2",3.73405401536073
"CROCC",3.73375557985059
"ZIC1",3.73319037873381
"RHPN1",3.73136313465654
"LYL1",3.7262688085119
"ING1",3.72386307460962
"COL4A6",3.72325985173846
"PPP1R14A",3.72170080222679
"MANBAL",3.72003458812947
"PLEKHA4",3.71691060591266
"LIPJ",3.7167189589534
"PCED1B",3.71670389702626
"SRM",3.71649296670926
"PPP1R35",3.71633549684934
"ECEL1",3.71588119484722
"KRTAP10-6",3.71576783398931
"POM121L9P",3.71537164656291
"MRPL55",3.71524411322761
"ZNF219",3.70851402151113
"TRIM27",3.70810465309691
"TP53I13",3.70802734821503
"CIROZ",3.70788466087674
"MEGF8",3.70754438057958
"GRIK4",3.70712865832406
"SAMD14",3.70652970526079
"TRPV3",3.70626323825582
"SBF1P1",3.7054882993822
"DDX51",3.70433721566547
"AMY2A",3.70367396059599
"SCAMP3",3.70311907365769
"SLC10A2",3.70088316752283
"RCCD1",3.70083084934069
"ZNF593",3.70079917971054
"SHISA6",3.70055560074422
"FAM167A",3.70017509525735
"RPL36P12",3.69895815920853
"RMI2",3.69716684889217
"SOX12",3.69502756279631
"AOC2",3.69270064004396
"COMTD1",3.69012955306358
"TMEM150B",3.68975673632322
"KIF1A",3.68781743217791
"RELL2",3.6874464740133
"BRD3OS",3.68698763926206
"CBLC",3.68632955545487
"ADAM8",3.68334187951578
"TTYH3",3.67886148309403
"FASTK",3.67702873001527
"CXCL1",3.6764744767224
"PRDM7",3.67358146920945
"HOXB4",3.67323542930096
"RAB44",3.67120071932619
"EXOC3L1",3.66987884166886
"ATP5F1AP3",3.6684947434953
"CBLN2",3.6684947434953
"CCDC172",3.6684947434953
"FHL1P1",3.6684947434953
"GIMD1",3.6684947434953
"LINC02548",3.6684947434953
"LOC101928357",3.6684947434953
"LOC112267968",3.6684947434953
"NGB",3.6684947434953
"GLYATL1B",3.6684947434953
"LINC00269",3.6684947434953
"C11orf87",3.66849474339177
"DSP-AS1",3.66849474339177
"GALR3",3.66849474339177
"GLULP1",3.66849474339177
"IBSP",3.66849474339177
"KCNA10",3.66849474339177
"KRT18P58",3.66849474339177
"LINC02037",3.66849474339177
"LINC02068",3.66849474339177
"LOC100420966",3.66849474339177
"LOC100421273",3.66849474339177
"LOC107984098",3.66849474339177
"OTUB2",3.66849474339177
"PARP4P2",3.66849474339177
"PDXP-DT",3.66849474339177
"PGM5P3-AS1",3.66849474339177
"RN7SL163P",3.66849474339177
"RPL4P3",3.66849474339177
"SMIM10L2B",3.66849474339177
"SPAAR",3.66849474339177
"SPEF1",3.66849474339177
"SPP2",3.66849474339177
"SYNGR4",3.66849474339177
"WNT1",3.66849474339177
"WNT8B",3.66849474339177
"AKAP8P1",3.66849474337685
"BARHL2",3.66849474337685
"BNIP5",3.66849474337685
"BPY2",3.66849474337685
"BPY2B",3.66849474337685
"BPY2C",3.66849474337685
"C9orf50",3.66849474337685
"CHST13",3.66849474337685
"CYP26A1",3.66849474337685
"DCAF12L1",3.66849474337685
"DDX10P2",3.66849474337685
"DMP1-AS1",3.66849474337685
"FAM43B",3.66849474337685
"LGALS14",3.66849474337685
"LOC105371559",3.66849474337685
"LOC105371580",3.66849474337685
"LOC105372295",3.66849474337685
"MYMK",3.66849474337685
"OR5T2",3.66849474337685
"PRAMEF8",3.66849474337685
"PRR20A",3.66849474337685
"PRR20B",3.66849474337685
"PRR20D",3.66849474337685
"PRR20E",3.66849474337685
"RAG2",3.66849474337685
"RPL17P43",3.66849474337685
"SLCO5A1-AS1",3.66849474337685
"SPMAP2",3.66849474337685
"SSX7",3.66849474337685
"TCF15",3.66849474337685
"TCF21",3.66849474337685
"PPT2",3.668107927171
"CCDC88B",3.66782207987485
"CARNS1",3.66751363020069
"TMEM203",3.66556529922539
"KMT2B",3.66525368410253
"ARID5A",3.6651600373774
"MAP3K19",3.66496111937188
"GHRL",3.66389604777304
"CCNK",3.66261099694888
"SPRR2G",3.66211043908097
"BMP8B",3.66161883757838
"LZTS2",3.66160073552971
"PPM1N",3.66056958938619
"CDC25B",3.66010557103242
"SOX21-AS1",3.6600740457503
"FAM83A",3.65771375967488
"GRM3",3.65711692463124
"CACNA1A",3.65637592563975
"LOHAN2",3.65597620487811
"LCN8",3.65481958987113
"UMODL1",3.65398332814086
"TBL3",3.65391544927514
"AARD",3.65224901062585
"ACTR3P2",3.65224901062585
"CCT8L2",3.65224901062585
"LINC02008",3.65224901062585
"RPL7P33",3.65224901062585
"VAV3-AS1",3.65224901062585
"LOC101927314",3.65224901058836
"LOC124901796",3.65224901058836
"RPSAP8",3.65224901058836
"ANKRD33",3.6522490105769
"BTBD10P1",3.6522490105769
"ELOCP18",3.6522490105769
"LOC124903668",3.6522490105769
"LSM2",3.6522490105769
"PARP1P1",3.6522490105769
"VCAN-AS1",3.6522490105769
"CTHRC1",3.65132333409171
"FAM193B",3.64827831834688
"MYO15B",3.64756091737588
"COL2A1",3.64741873580386
"SLC9A3",3.64642910593354
"TEX55",3.64533767034977
"FRAT2",3.64275608632938
"DHDH",3.64211499052705
"C16orf54",3.64015934326376
"JSRP1",3.64014271924392
"CARMIL2",3.64006888383594
"CCDC24",3.63923353362668
"LOC124902062",3.63402572029199
"OSCAR",3.63263081300324
"NCDN",3.63141015666176
"ZNF524",3.63077834799902
"TFPT",3.62925847967672
"SMR3A",3.62827553069055
"FOXD4",3.62761457848789
"TMEM238",3.6263714619093
"CEP170B",3.62477756505063
"MIEF2",3.62426040159924
"B4GAT1",3.62348813821244
"CMTM1",3.62274987820663
"MAGEA4",3.62140097391293
"RGSL1",3.62073574448534
"TINCR",3.61951934206313
"LRRTM1",3.61554668344081
"ZNF598",3.61381762409972
"KAT2A",3.61344466639066
"TMEM102",3.61309705480994
"CORO7",3.61278900600927
"LINC01505",3.61204148680062
"LOC107987108",3.61204148680062
"PSRC1",3.61111884333576
"NAPRT",3.60791663288756
"AGRN",3.60586016070948
"CEP131",3.60467619448505
"LIN28A",3.60170959780765
"PTPRCAP",3.59972871298348
"ADAP1",3.5996658473589
"C2CD4B",3.59965640006976
"VWA3A",3.59924323169141
"MIR1915HG",3.59894945098623
"LY6E",3.598649150799
"RPL32P37",3.5985233847489
"ABT1",3.59844136794743
"IGSF9",3.59822054047599
"ZNRD2",3.59812192044107
"PPP2R3B",3.59696570989059
"CC2D1A",3.59683274271821
"SLC5A10",3.59648293838942
"SLURP2",3.59562640765192
"GNLY",3.59510730815779
"SEMA6B",3.59502733921431
"IGDCC4",3.59304693082706
"TCAP",3.59177419714505
"TSSK2",3.59085337262372
"CCDC185",3.59036398291973
"CDH10",3.59036398291973
"PRKCG",3.59014839691561
"DGKZ",3.58983646337664
"SLC25A5-AS1",3.58915049329364
"ZBTB46",3.58729671469836
"RFX1",3.58651665147711
"C11orf68",3.58370323828948
"KIAA1755",3.58323178630443
"CHD5",3.58073804230465
"MID1IP1",3.58060549234643
"CD27-AS1",3.57994651512128
"PCSK9",3.57815487449419
"DHH",3.57711738993041
"SLC23A3",3.57131508270882
"B3GNT6",3.56934243322718
"HSPA1L",3.56779235382205
"GPANK1",3.56771173872074
"ANAPC11",3.56770634065379
"EBI3",3.56741772971502
"GRID2",3.56584607562883
"KLRG2",3.56566273017402
"LOC101928335",3.56429853604894
"IRF3",3.56394138926142
"IRGQ",3.56389802670506
"PLIN5",3.56153303124099
"ARVCF",3.56062118513446
"CBX4",3.55940798679627
"OR2T32P",3.55453413742043
"MPIG6B",3.55423689162043
"VWA1",3.55342172432276
"ZC3H3",3.5528389418197
"PPP1R37",3.55022811140667
"MNT",3.54950066707874
"CUZD1",3.54837335600382
"RASL10B",3.54781130408171
"ZYX",3.54772302981588
"C11orf21",3.54743920184237
"MXRA8",3.54610426690771
"CIC",3.54578189647101
"RNF103-CHMP3",3.54539708344191
"GPR45",3.54536969279749
"GSTT2",3.54490644800412
"PIWIL1",3.54400343926864
"SH3RF3",3.54150854569051
"SCARF1",3.53967712797837
"ZNF517",3.53799744256872
"PCA3",3.53424853301143
"LOC124904013",3.53217775558969
"CRNDE",3.53100396654272
"LOC101927480",3.53100396654272
"CACNA1E",3.53085665866501
"EIF4EBP3",3.5307781696189
"ZC3H12A",3.529785215332
"ZGLP1",3.52903102181498
"CNTNAP2",3.52893352752236
"TREML2",3.5287173640161
"NMRAL1",3.52826868329763
"SPRR4",3.52789786603053
"ZBTB42",3.52754345378481
"ZSWIM4",3.52490185989889
"LRATD1",3.5248359706624
"STIMATE",3.52342540899454
"SLC17A9",3.52326436842741
"C16orf95",3.52276761777689
"CCDC78",3.51943723601116
"SNAPC2",3.51611813637711
"GABRR1",3.51611735726304
"SPATA31B1P",3.51606179577255
"CBX7",3.51578342994896
"TOMM40P4",3.51521862020339
"SIX5",3.5139040811747
"FEM1A",3.51375772486973
"KIAA1614",3.51273415522171
"PRRT4",3.51235820035699
"ARGFX",3.51194806719527
"DRAP1",3.51127584150418
"SPRN",3.5111230704919
"RHPN1-AS1",3.51075911534314
"MLXIP",3.51055416561597
"NELFA",3.51040244069265
"KCNT1",3.50896594185517
"GAS1",3.50884976834784
"TNFSF4",3.5076650340865
"NKX2-8",3.50720389130504
"RHOXF1P1",3.50645201880265
"TRPC4",3.50589327535209
"KLHL21",3.50585541917137
"STMN3",3.50562385527622
"SPTBN5",3.50532488797177
"SPIRE2",3.50438325769387
"ITGA3",3.50277995557399
"DISP3",3.50216295539112
"LHX2",3.50216295539112
"CCIN",3.50144002271565
"LOC100505502",3.49981170698352
"PTPN23",3.49817897898254
"SLIRP-OT1",3.49589248768543
"CFAP73",3.49273955753928
"GJC2",3.4913526456782
"SF3A2",3.49135114055105
"CXCL8",3.49131604206359
"DDR1",3.49055948691553
"KLK2",3.4889944378613
"EGR3",3.4884635532775
"ATP6V0E2",3.48776562492869
"FAM167B",3.48741503339191
"SURF6",3.48552274709028
"SLC16A11",3.48458893174276
"KCNMA1-AS1",3.48443762397497
"NDOR1",3.48404267846723
"SPNS1",3.48382220469056
"B3GAT2",3.48337585851964
"CFHR1",3.48193422297687
"RPL5P18",3.48001012307861
"NME3",3.47892635283341
"TP53INP2",3.478645283206
"SF3B4",3.47782018003275
"TCHHL1",3.47733150925577
"ATF6B",3.47701467502819
"CD19",3.47680668887214
"RIN1",3.47588492159994
"DLX4",3.47553368883247
"FRMD8",3.47370824547038
"TOX2",3.47252198353321
"HAS3",3.47094294219613
"CACNG1",3.47061532385411
"SSC4D",3.4697938572046
"SLC45A3",3.46944838216842
"CLEC18A",3.4689662809962
"CLEC18B",3.4689662809962
"CLEC18C",3.4689662809962
"LOC124907806",3.4689662809962
"KDM6B",3.46861866805348
"LAMC2",3.468377191283
"TUBB8",3.468006871495
"TUT1",3.46789624757469
"HNRNPA1L3",3.46785253966278
"ALDH16A1",3.46694866062405
"MTCL2",3.46666196593319
"OAF",3.46519498545705
"MCF2",3.46488094579597
"GPSM1",3.46397455268868
"LBX2",3.46323481490876
"TEX13B",3.46260811868105
"ADAM33",3.4626022982729
"KCNG3",3.46237094185582
"FNDC11",3.46126322535551
"NBPF4",3.46043574022757
"LILRB5",3.45910661016976
"NEURL2",3.45830172408633
"HDAC7",3.4581256029171
"SHARPIN",3.45677169470411
"CCDC74A",3.4567062147156
"CCDC74B",3.4567062147156
"ASPHD2",3.45328498133851
"OVOL3",3.45303902085502
"ENGASE",3.45234702864449
"CARD10",3.45182776355858
"CHCHD10",3.45111196577475
"AURKB",3.45030486486864
"KCNA4",3.45025210002249
"SDC3",3.44764798350578
"SLC12A9",3.44672410436653
"IFI6",3.44659673540957
"SIRT6",3.44554893830829
"RHBG",3.44459095709292
"KRT77",3.44406120454032
"ZFHX2",3.44344283253384
"PNMA8A",3.44305369553773
"IRF2BPL",3.44078298306349
"PGBD5",3.44000275648918
"ZP1",3.43955349324826
"ARX",3.43897289738888
"KCNK17",3.43886472811606
"SEC14L4",3.43874963831563
"DUSP28",3.43873728935402
"TMEM201",3.43787243716189
"PER1",3.43589294295064
"PEAR1",3.43452863909352
"OR5A2",3.43309677974958
"LOC102724684",3.42896745312777
"LRRC8C-DT",3.42828617799104
"HTR7",3.42709203605428
"PAK6-AS1",3.42639425518703
"ARAP1",3.42566170804591
"PTGIR",3.42230044787727
"CYP27C1",3.4217756395885
"MSX2",3.42147509991538
"COL7A1",3.42095157316828
"NCOR2",3.41900716411727
"ANKRD13D",3.41873449988781
"OR2C1",3.41770645056367
"ARHGAP4",3.41736497199628
"MUC12-AS1",3.4171639365427
"IER5",3.41648309203194
"CFAP410",3.41554015264074
"ARHGAP27",3.41511328401943
"CCKBR",3.41397825901882
"FCRLB",3.41397825901882
"PLEKHM1",3.41397825901882
"SAPCD1",3.41397825901882
"BRD2",3.41354841380757
"RHBDL1",3.41249721992856
"KMT2D",3.41066607320284
"FAM180B",3.40797564380404
"CD7",3.4077648949633
"LRRC47",3.4071824949374
"COL5A1",3.40676073801668
"LOC124900372",3.40636031360047
"BTNL9",3.40596107514304
"GSG1L",3.40538733849149
"DACT3",3.40043936100834
"ASB6",3.40042311941516
"ACTG1P15",3.40000270642876
"UNC93A",3.39998537330873
"NOC4L",3.39920675413783
"COL22A1",3.39918523623891
"CNTN6",3.39870140785631
"OR1C1",3.39766669278486
"C8orf58",3.39682144408691
"C15orf39",3.39383467241346
"MAPK11",3.39362408140893
"CXCR3",3.39233360693484
"DZIP1L",3.3914818624875
"FDFT1",3.39100078496384
"FAAP100",3.39054439308966
"CHCHD5",3.38929540459054
"PRR14",3.38833720939171
"ARID3A",3.38820474871956
"CAPS",3.38720423804671
"ARHGEF15",3.38671726868662
"RPL14P1",3.38528725012428
"UHRF1",3.38426733485403
"LOC107985200",3.38367502392791
"MAP7D2",3.38136552233322
"MAP6D1",3.37948025672761
"ARHGEF1",3.37587152896609
"LOC728138",3.37571322965611
"FAM43A",3.37561433931884
"CPSF1",3.37374540592981
"OR2AT4",3.37321621743447
"FSCN1",3.37080428253366
"MELTF",3.37032245183289
"FHIP2B",3.36863735253261
"HOXD3",3.36573238022252
"POLR2L",3.36526980270989
"ADD2",3.36498330699153
"MED22",3.36473414536741
"TBATA",3.36460701508306
"OR5A1",3.36178095535222
"EHBP1L1",3.36145171185991
"SYT2",3.36099180705327
"TESK1",3.35993907582157
"TNKS1BP1",3.35958225724886
"MFSD12",3.3579124398745
"LOC107987282",3.35730059317929
"MMP25",3.35697520920025
"SH2D4B",3.35609995511072
"PPEF1",3.35230338227045
"MAG",3.35096907501666
"UPK3BL2",3.34960075905173
"RAMP1",3.34938066508019
"RFX6",3.34867982316216
"DBH",3.34375354547429
"SLC8A2",3.34375354547429
"DYRK1B",3.34352939326367
"FRS3",3.34234569340805
"FOXD2",3.34157565296251
"CAPN10",3.34063758372331
"TBC1D10C",3.34038897328699
"LMF2",3.34008163344778
"TNNC2",3.33695937253041
"TMPRSS6",3.33608977263476
"TMEM151B",3.33487138202897
"RASGEF1C",3.33362386803722
"KCNMB2",3.33356332376527
"MGAT1",3.33327057881295
"OTOP1",3.33319853039982
"C17orf99",3.33297601344688
"TRIM26",3.32905825959677
"ICAM1",3.32753101486519
"MYADML2",3.32597772749262
"SHISAL1",3.32534042138673
"CBLN1",3.3240319739184
"PCNX3",3.32292673164333
"SLC22A10",3.32287778303316
"PCDHB1-AS1",3.32189495478555
"THEMIS2",3.32163816589467
"VEGFB",3.31842690963161
"METRNL",3.31805283859588
"SLC5A12",3.31751807540091
"CNGB1",3.31698605978998
"PRR29",3.31490636295555
"ALKBH7",3.31403964161734
"IGFN1",3.31392448998393
"HDAC10",3.31186837427996
"P3H4",3.31085847753967
"NR4A1",3.30949883901325
"UFSP1",3.30848702560743
"RTL6",3.30790157613153
"NKD1",3.30413574229498
"NLGN2",3.30112792117588
"TLDC2",3.30101017429395
"FIGNL2",3.30049374454657
"ATP2B3",3.29762475702886
"SH3BP1",3.29639149985909
"ELOVL3",3.29588013659256
"TTC24",3.29483335131034
"CCS",3.29482956572099
"DENND4B",3.29255857019922
"RPH3AL",3.29185746501309
"SFN",3.29123078864793
"KCNQ4",3.28878788746437
"RPL4P4",3.28752323101979
"TRMT2A",3.28679381243716
"BMP1",3.28571285837292
"UNKL",3.28422108802991
"SLCO1C1",3.2834012871284
"CACNA1I",3.28327172816524
"ABCG8",3.28167680916938
"STOML1",3.27969754456262
"TMEM250",3.27880865202916
"RFPL4A",3.27778466660176
"SIX6",3.27537332147247
"ELMO3",3.27531154116248
"KCNN1",3.27498606459192
"DPP6",3.2747927210841
"PI3",3.2746425836907
"SLC38A10",3.27331611713603
"BRINP2",3.27252140609114
"CHRNA4",3.27018526498274
"KCTD17",3.2701778741985
"GSC",3.26962996145733
"CFB",3.26839175316314
"A1BG-AS1",3.26799027508185
"XKR8",3.267664827749
"GPC1-AS1",3.26760401154361
"CASKIN1",3.26699982829784
"RIT2",3.26576489589101
"PDGFA",3.26535345851758
"TMEM88",3.2647750816788
"CPZ",3.26417540994115
"RUNDC3A",3.26378684658447
"ATG9B",3.26122483455052
"C7orf25",3.25998923208758
"MAPK12",3.25919715804772
"TBC1D3P1-DHX40P1",3.25910315228987
"LINC02026",3.25887437054506
"NPHP4",3.258656918456
"C19orf67",3.25826801166806
"MGAT3",3.25636438708034
"BAALC",3.25521496598303
"ZNF428",3.25483205345845
"TRIM47",3.25424287238948
"DNLZ",3.25406463502341
"PLCH2",3.25368778208434
"ARL11",3.25297919820024
"PRH1",3.2514608818395
"GLB1L3",3.24314982975795
"PUSL1",3.24275976430381
"C8orf33",3.2426213922008
"SBNO2",3.24200573710342
"RASAL3",3.24113645316141
"NOXA1",3.24061569970434
"CPEB1",3.23981921855155
"HSPB7",3.23823030508247
"HOXB-AS3",3.23735541920523
"BATF2",3.23641750313249
"NFKBID",3.23571005129249
"KSR2",3.23541049038301
"ATN1",3.23434327531819
"ADAMTS15",3.23403139626608
"PRR5",3.23341793139868
"FOXH1",3.23285622751124
"TSPAN10",3.23250875331445
"SHFL",3.23213516333962
"FGF17",3.23204684762313
"ZKSCAN7-AS1",3.23204684762313
"RTKN",3.23132495218413
"RABEP2",3.23019891274585
"LOC128092249",3.22987394094022
"PRDM8",3.22953592438367
"GATA5",3.22892393744459
"ZNF668",3.22770643953933
"DMPK",3.2257009113548
"RPUSD1",3.22535503651819
"DIO1",3.22513694122847
"LINC01562",3.22473427029582
"ACTG1P24",3.22454846996939
"ZFHX3-AS1",3.22373019991197
"ZC3H12D",3.22340239963961
"CRCT1",3.22339342765921
"CYP1A2",3.22291353857439
"ZBTB22",3.22199122444384
"PHF23",3.22144632570948
"BCL9L",3.21731629396111
"KRT8P35",3.21726885907041
"UQCC3",3.21631499232501
"ZNF408",3.21570114786877
"KIAA1549L",3.21501675619151
"NAB2",3.21423518827125
"HLA-DOA",3.21347694251053
"PDCL2",3.2110855998336
"LRRC14",3.21053110021269
"DNAAF8",3.2099316946037
"ESS2",3.20946285942653
"NRBP2",3.20880402175417
"DDIT4",3.20846680281398
"PNMA1",3.20784303672814
"TAF6",3.20755087249426
"DUSP8",3.20607161045048
"CRTC2",3.20459897895505
"ADRA2C",3.20381736507732
"EML3",3.20346005653685
"CKB",3.20336390043785
"FAM83F",3.20258928414801
"KCNJ18",3.20188325578906
"LINC01118",3.20127764528438
"LINC01119",3.20127764528438
"LOC124906004",3.20127764528438
"CERCAM",3.20035574120987
"GPR162",3.19877156016206
"FADS3",3.19601622663464
"SKOR1",3.19579398881391
"POLD1",3.1937941160034
"EN2",3.19351718953233
"SLC22A16",3.19259906093835
"CST6",3.19083562999528
"ADM2",3.19052464734778
"KIF7",3.19001811381947
"ATP5F1D",3.18931329434965
"LOC128092252",3.18737346957444
"NOXO1",3.18716565085386
"CACFD1",3.18653086224413
"LIMD2",3.18591492906857
"PADI2",3.18579018878627
"RBM42",3.18508796582115
"TMEM145",3.18407582300639
"LAIR1",3.18286609707299
"PHLDA1",3.18210872239462
"CSNK2B",3.18206506436606
"ZNF73P",3.18174892430078
"ZNF628",3.18149233139911
"SNX15",3.1810480693616
"ZNF787",3.17898163053928
"TMEM119",3.17890982343552
"PROX2",3.17738341806853
"GATD3",3.17662552958154
"LCN12",3.17651708551283
"PCDHGC5",3.17591300188651
"BCORL1",3.17384264298306
"SELENOO",3.17058823071128
"MAP1S",3.16958063266929
"CXCL2",3.16838371524936
"FNDC7",3.167756796166
"CCDC61",3.16614982367221
"ZNF764",3.16594261478777
"RPL23AP3",3.16591965248569
"VARS1",3.16392891492792
"PPP1R9B",3.16201832065259
"GATD1",3.15976486271814
"DMP1",3.15822138061288
"WDR13",3.15783681698669
"LOC102723692",3.15778273177477
"PML",3.15731305620494
"GRIP2",3.15621680434836
"SLC45A4-AS1",3.15538429470502
"RTEL1",3.15286211551815
"PIEZO1",3.15250220979205
"NXPH4",3.15102075116978
"VPS28",3.15073813533294
"FAAP20",3.14988236457981
"GRM2",3.14946782264476
"INTS1",3.14879170946286
"AKR1C4",3.14859556929477
"ST3GAL2",3.14827301973503
"CYP2D6",3.14824141988437
"EFNA4",3.14805627243689
"APOBEC2",3.14778642179446
"SLC1A6",3.14680068932326
"VWA5B1",3.14669554371302
"KIF26A",3.14629332822287
"GPA33",3.14615925250737
"RPSAP46",3.14550975814664
"RNF227",3.14451243944528
"DUT-AS1",3.1439618583126
"ZNF536",3.14381362012538
"MAFF",3.14229221430528
"C8B",3.14163360836974
"NOVA2",3.14050483191505
"CDH8",3.13955825262296
"FAM171A2",3.13901130603172
"ALDH1B1",3.13827581591875
"SMOX",3.13818087449569
"PTHLH",3.13701790693855
"GPR157",3.13091096010525
"C22orf15",3.13047404556499
"CELF4",3.12981117212612
"CHSY3",3.12976457366004
"BCL2",3.12878674525392
"TRABD2B",3.12846742509465
"CTU2",3.12646816519052
"PRAP1",3.12605863818959
"MCRIP2",3.12605785277808
"MAB21L2",3.12518895911131
"KIF5C",3.12345604224109
"CDK3",3.12324994999053
"LCE1C",3.12296378823937
"RNF208",3.11970454366773
"SLIT1",3.11817150655475
"TTC22",3.11695428926648
"WBP1",3.11578511779927
"FHOD1",3.11543414524461
"TRABD",3.11543362680105
"UNC13A",3.11504677816633
"PPP1R1A",3.11420109273804
"PRPF31",3.11364297367083
"SLC7A5P1",3.11356990329536
"ZFP36L2",3.11305291205043
"TRMT61A",3.11252476077325
"CHMP1A",3.11244100795285
"OR7E24",3.11169872681516
"HTR6",3.11031194327148
"ANGPT4",3.10963101317919
"EQTN",3.10898029750233
"ATP5MGL",3.10781355797095
"HEXD",3.10623614989873
"SAMD11",3.10551738428592
"SLC7A4",3.10550231000742
"PGS1",3.10329218833072
"ABCB8",3.10297850493635
"TAGAP-AS1",3.10153924659944
"NUDT16L1",3.10116114244691
"MUC2",3.10024596938987
"ZNF843",3.10011744014799
"PHLDB1",3.09948676495112
"CABP4",3.09711133291934
"COLEC10",3.09637762330737
"DPF3",3.09527377959822
"TAF9",3.09449284934076
"MORC1",3.09371282541861
"C10orf95",3.09344363229948
"EMILIN3",3.09139352497383
"MYO7B",3.09085105125933
"TYSND1",3.08947919299192
"TMEM81",3.08847184731559
"TNFRSF13C",3.08809119096206
"ICAM4",3.08714101868841
"GPR78",3.08659738660258
"LHFPL5",3.08656343919068
"ADRA1A",3.08365314958251
"PRICKLE3",3.0824796376712
"CCDC85C",3.0824078219194
"HSP90B3P",3.08063171210134
"MRTFA",3.07943241219458
"FNDC10",3.07922601997538
"UBL4A",3.07836061019014
"NFKB2",3.07822149568555
"STKLD1",3.07705240708343
"ADAMTSL5",3.0770142372459
"MAFG",3.07692164946178
"LOC124903324",3.07497556437519
"LOXL2",3.07484589144276
"LRTM3",3.07456770299033
"ADM5",3.07370566273241
"POU2F2",3.07360433630263
"TAS2R38",3.07323549142829
"LRRC30",3.07254748202138
"ACOD1",3.07154113539196
"CYP8B1",3.07154113539196
"ISM2",3.07083148789651
"RXRG",3.0704314799092
"C22orf31",3.06996115503769
"LAT",3.06964954822399
"CDC42EP3",3.06925464438074
"TMX2-CTNND1",3.06913675248083
"LRP3",3.06883834204974
"PRR4",3.06833151687335
"MZT2B",3.06788834247659
"TINAGL1",3.06695306121022
"CALD1",3.06693475953744
"JPH3",3.06627846221706
"WNK2",3.06506318213241
"RPS6KL1",3.06206929658198
"ZNF804A",3.06172888321053
"SRD5A3-AS1",3.05902129005903
"OLAH",3.0587086934737
"NALF2",3.05792275667683
"TTLL9",3.05765836652
"SOD3",3.05730645424591
"NFATC1",3.05590355886087
"SNRNP35",3.05530093639068
"B4GALNT1",3.05495759748354
"KCNIP2",3.05354198211794
"CTCFL",3.05354081470164
"SHROOM1",3.05319760293499
"DOHH",3.05195861658962
"GOLGA2P9",3.05057631934655
"LTB4R",3.04969368935761
"TH",3.04864770841722
"BMP8A",3.04806637665017
"FBLN7",3.04704567131383
"SH2D3A",3.04393485292766
"LINC02801",3.04387164818858
"RSPH9",3.04290695705917
"MLLT1",3.04287013303662
"ANO9",3.04257685674333
"RTEL1-TNFRSF6B",3.04218924470791
"LORICRIN",3.04211361973218
"HSF1",3.04145738411756
"BORCS8",3.04106276508468
"EFCAB8",3.0404748826509
"POU3F1",3.04045428325099
"CATSPERZ",3.04023553053231
"POU5F1",3.04023553053231
"RGS12",3.03935217952946
"PANX3",3.03839820772177
"SH3GL2",3.03839820772177
"TACC3",3.03825328687058
"SCRN2",3.03814942620407
"FCRL6",3.03661100193358
"ZNF646",3.03637240151134
"ADAMTS18",3.03558518775842
"BRF1",3.0355328467784
"ALDOB",3.03480630916623
"FSTL5",3.03405912354157
"TNS4",3.03341848421413
"PPP1R26",3.03258582363185
"SNORA31",3.0323855339618
"GBX1",3.03110956223433
"SYT8",3.03097266610041
"FAM131A",3.02969024394336
"RPS6P10",3.02803366708475
"CEBPD",3.02741515572346
"CHST12",3.02601694549661
"ABTB1",3.02444386693749
"RPH3AL-AS1",3.02427098699643
"SH3D21",3.02411919970808
"CES5A",3.02398985613405
"BCL11B",3.02333441793159
"CFAP100",3.0225031473078
"OVOL2",3.02170115650703
"WDR4",3.02121033230419
"FER1L5",3.02053252274948
"ABI3",3.01980342193858
"GPR156",3.01878479159875
"LRRC55",3.01878479159875
"OR51E1",3.01741097383413
"NDN",3.01685532380765
"POLRMT",3.01488226252918
"TMEM132E",3.01483203511746
"MYBBP1A",3.01353367134966
"BRSK1",3.01335438242668
"SIRPB1",3.01261555423748
"CD248",3.01218486787428
"SLC29A4",3.01039795412017
"TMEM255B",3.00802711503487
"DHX34",3.00800553962456
"ZNF467",3.00665320059926
"PSMG4",3.00647022275681
"TNIP2",3.00645890484098
"MICALL1",3.0051270775618
"STK32C",3.00436105687124
"CATIP-AS1",3.00426776737612
"KIRREL3",3.00422105089543
"B4GALT2",3.00338113658006
"FZD10",3.00319729158754
"DNAL4",3.00308637340798
"JOSD2",3.00137652903633
"ZNF581",2.99991624133749
"QPCTL",2.99858789800582
"MICAL3",2.99812211227568
"ANGPTL6",2.99706385910205
"SDK2",2.99694665754412
"LOC105369632",2.99619807393097
"SPSB2",2.99619807393097
"ZNF688",2.99536709673465
"HUNK",2.99372161962084
"TRADD",2.99183428212209
"GMIP",2.99154633317889
"MLLT6",2.99137069657838
"NPTX2",2.99132363669255
"TAP2",2.99105643590796
"NOG",2.99069226788619
"MAGED4",2.99014954432259
"FCSK",2.98940230334845
"PLCD3",2.9884590060831
"PWWP2B",2.98769223854987
"LOXL1",2.98582463018167
"SCUBE3",2.98467956949295
"SAXO1",2.98417522145579
"RGS19",2.9827236542371
"FHL3",2.98247187280036
"P2RY6",2.98239274506407
"LILRA3",2.98195340067686
"CDH24",2.98177205561641
"DNAJC30",2.9814641662001
"IL4I1",2.98077920022435
"FOXF2",2.98013745219833
"ART1",2.97962442731735
"ITGAD",2.97912259918107
"SLC4A2",2.97857535155572
"SYNCRIPP1",2.97832725244491
"ZDHHC24",2.97797257327088
"PPP4R4",2.97761317778135
"PLAUR",2.97738371123896
"USHBP1",2.97704254616158
"ITPRIP",2.97585454196058
"SLC19A1",2.97523862269951
"ARL13A",2.97468123937262
"FCAR",2.9712612648662
"PELI3",2.96958283974475
"CRYBG2",2.96806834658534
"FKRP",2.96804050208664
"LIME1",2.96741154724331
"FAM174A",2.96737889652606
"DUXB",2.96712697941682
"NFATC2IP",2.96463101286145
"HSD17B1-AS1",2.96394572484596
"HCN4",2.96308790509745
"AK2P1",2.96297901393164
"HTRA4",2.96257719440969
"GLP1R",2.9623904505122
"CPNE5",2.96053502700942
"MTSS2",2.95897813898761
"KNDC1",2.95782448774404
"BORCS8-MEF2B",2.9573759085746
"MEF2B",2.9573759085746
"TNFSF12",2.9567634533896
"UBE2QL1",2.95658718691592
"FAM89A",2.95655517011809
"PAM16",2.95529884401849
"VSTM2L",2.95528131287699
"SSBP4",2.95507455237768
"SOX18",2.95403398872163
"TSNARE1",2.95337590410244
"PROSER3",2.95311856411364
"TMT1B",2.95289447399568
"EEF1A1P22",2.95216749261566
"ERV3-1",2.9494431861783
"TDRG1",2.94887259430871
"HOXC12",2.94779562751714
"NCBP2AS2",2.94759528557849
"ADAMTS20",2.94536083851602
"CPN2",2.94526089843591
"DEFB108B",2.94526089843591
"FEZF1",2.94526089843591
"KCNK18",2.94526089843591
"NEU4",2.94526089843591
"NXF2",2.94526089843591
"NXF2B",2.94526089843591
"SLC6A18",2.94526089843591
"WWTR1-AS1",2.94526089843591
"DRD3",2.94526089843591
"FAM181A",2.94526089843591
"GARIN5B",2.94526089843591
"FAM83G",2.94523693887803
"ARAP3",2.94304314646575
"CNTN2",2.93931214563612
"ADAMTS12",2.93875327808562
"FAM110D",2.93845731914781
"SDC1",2.93663025731485
"OGFR",2.93500662607331
"HEYL",2.9348128425168
"SH2B3",2.93414114919815
"CPAMD8",2.93295926718096
"GFI1",2.93210472682357
"LRRC74A",2.93145235502618
"MRPS26",2.93111676202487
"TRIP6",2.92951356499514
"GPR27",2.92942698643634
"RTL9",2.92922177130357
"ZIC5",2.92916621219615
"CEBPE",2.92901178309515
"PDX1",2.92901178309515
"PGLYRP2",2.92901178309515
"DEF8",2.92891568653706
"CD300E",2.92760696111923
"LIPG",2.9268617717331
"CCN5",2.92612012042286
"SELENOM",2.92610336835284
"HOXA13",2.92566427982723
"INSL6",2.92562918625939
"HLA-DQB1",2.92527877750889
"GPAA1",2.92494917529849
"RERE",2.92436123550594
"KLK10",2.92401169526899
"ADGRG3",2.9236488304912
"LINC00678",2.92268742989478
"DLX2",2.92262360179679
"RNF187",2.92262006395245
"NMB",2.92257159425785
"PAK4",2.92248662491961
"TAC4",2.92242707062524
"LAGE3",2.92210333317681
"CHI3L1",2.92204892984903
"WIPF2",2.92154770876249
"HABP2",2.9204692968316
"ONECUT2",2.9204692968316
"VENTX",2.91912247560041
"ERCC6L2-AS1",2.91869277069332
"FREY1",2.91869277069332
"CCNJL",2.91803679271709
"ZNF784",2.91787097374427
"SNX20",2.91784815506649
"KRT16P4",2.91675643740142
"RAC3",2.91593740682481
"ATAT1",2.91175277346112
"VARS2",2.91073177235171
"SPAG4",2.9097137162709
"PFKFB4",2.90940898718162
"SALL1",2.90918783834874
"MTMR11",2.90675318020098
"ST6GALNAC4",2.90666880625052
"RUNX3",2.904343883338
"SYNPO2L",2.90213527419442
"TAF4",2.9014529263999
"GPATCH4",2.89950872015738
"LRRN4",2.89907866905253
"FIBCD1",2.89752549112609
"LINC01249",2.89752549112609
"RPSAP74",2.89752549112609
"UTS2B",2.89752549112609
"COQ7-DT",2.89740621306239
"LINC01482",2.89740621306239
"OR14A2",2.89740621306239
"SPPL2B",2.89714362880601
"TATDN2",2.89578852425988
"IFNLR1",2.89535682138846
"IL22RA1",2.8946480514948
"RSPH10B",2.89416579981323
"RSPH10B2",2.89416579981323
"ACTR3C",2.89328470619325
"MAST1",2.89082241203488
"MIR9-1HG",2.88900187415218
"RYR3-DT",2.88900187415218
"RPS15AP11",2.88726046561938
"CSMD3",2.88669163420671
"LY6S-AS1",2.88399608793026
"PLXNA1",2.88392428174952
"TTPAL",2.88120300044012
"CDH2-AS1",2.8800069202485
"HADHBP1",2.8800069202485
"HS6ST3",2.8800069202485
"LRRC10B",2.8800069202485
"H1-10",2.87910736074145
"ZNF358",2.87750170468619
"WDR64",2.87729483822562
"DCHS2",2.87653471036691
"SGK2",2.87563092653155
"POMC",2.87561492877509
"ADAMTS2",2.87337316301768
"REC8",2.87289852578496
"LZTR1",2.87219441696887
"SEC14L3",2.87098226197316
"RAB43",2.8688630513186
"DTX3",2.8679399215937
"LDHD",2.86749577130973
"RGL3",2.86743562746685
"MPP3",2.86638871424007
"UNC5B",2.8660958328991
"ELFN2",2.86551591858776
"STRIT1",2.864916211616
"ZNF22-AS1",2.86473169912267
"GOLGA6C",2.86375744324046
"LOC124907523",2.86375744324046
"LOC124907524",2.86375744324046
"HAUS5",2.86321473259617
"EXOSC6",2.86303536146686
"RTL5",2.86284598942447
"RPS2P20",2.86242801479768
"VKORC1L1",2.8617299780024
"LOXL1-AS1",2.86027962868246
"WFDC3",2.86027962868246
"LGSN",2.86014889474493
"TBC1D10A",2.85882472363093
"TMEM8B",2.85757586603173
"VWC2",2.85738043371648
"UPK3A",2.85734591259212
"ABCC8",2.85652296627447
"LRWD1",2.85553010930471
"EFCC1",2.85449562687579
"CLVS2",2.85395350072407
"MMP14",2.85261740797797
"PPFIA3",2.8513007464277
"ZBTB47",2.85096752767872
"CRMP1",2.85043850983916
"EBF4",2.84869226925843
"CYP26B1",2.84855104489002
"CAND2",2.84836037018984
"TK1",2.84787395929536
"TMCC2",2.84761564766574
"CASR",2.84701510891512
"NT5DC4",2.84624543715475
"PSPN",2.84613797807872
"IRAK1",2.84477879624546
"PLA2G4E",2.84444647632103
"SLC26A6",2.84423604083155
"SRCIN1",2.84408419357216
"NELFB",2.84372894934429
"MSH5-SAPCD1",2.8431484339612
"CD300C",2.84242354167075
"AMN",2.84226000705566
"PGF",2.84142875258356
"PTPN23-DT",2.84009859911851
"CBFA2T3",2.83763675182706
"NGEF",2.8366966369364
"NLRC5",2.83663150592397
"MSLNL",2.83652370708253
"TSNAXIP1",2.83588418243337
"KRT37",2.83509701517155
"VWA3B",2.83487347562228
"IZUMO4",2.83474752151494
"MMP19",2.83341978957809
"ANO8",2.83135403641078
"MAD2L2",2.83107825723678
"OR8B2",2.83040296439107
"UPB1",2.83003657107556
"LLGL1",2.82998057629931
"CASKIN2",2.82941157864644
"PCED1A",2.82939865060256
"TBX21",2.82793691938898
"C1orf167",2.82652761555706
"ABHD15",2.82625050236074
"PPP1R3F",2.82522803563523
"ERFE",2.82477039360954
"SLC38A7",2.82423085157492
"XYLT2",2.82344415482712
"MRI1",2.8228487821413
"PHF1",2.82271652429496
"MMP13",2.82215954010733
"RILP",2.82028170899351
"AXDND1",2.81896307280163
"KANK3",2.81878369293523
"FN3K",2.81868168619425
"LINC01126",2.81860156446788
"FAM90A14",2.81788404108825
"FAM90A5",2.81788404108825
"LOC102723566",2.81751882153075
"SPATA25",2.81746616411687
"SPNS3",2.81745994257964
"AJUBA",2.81490065848938
"DDRGK1",2.81478788335978
"SEPTIN4-AS1",2.81367196339718
"DPH2",2.81286638343737
"ADCK2",2.81257809573997
"LRRC75B",2.81016939233484
"LGALS9C",2.80970242114963
"LOC124907928",2.80970242114963
"MIR3661",2.80967831682333
"RASSF1",2.80966461657331
"ZDHHC12",2.80881641642058
"MMP9",2.80875093609918
"UBR7",2.80868062336048
"HS6ST2",2.80856037772229
"HMGA2-AS1",2.80821094685007
"DENND2B",2.80735229853868
"CCDC9",2.80707287160913
"C4orf17",2.80706034166099
"RPL10AP6",2.8061752192193
"APLP1",2.80563630891024
"MMP21",2.80507558493858
"FAM78B",2.80502206273859
"PLK1",2.80484898954439
"HIVEP3",2.80371269162465
"SLC43A2",2.80304624966655
"POTEH",2.80281178018015
"TBC1D25",2.80179004403662
"MDGA2",2.80122982425409
"PGP",2.80016915831045
"MMP12",2.79969427959651
"SPATA31C1",2.79913386405162
"AKAP17A",2.79858549630951
"ZC3H18",2.79804052389466
"FOXM1",2.798008440765
"ABCC10",2.79788787020887
"IQSEC3",2.79762708386682
"MICOS10-NBL1",2.79749510683316
"NBL1",2.79749510683316
"TMEM204",2.79646272433048
"PHETA1",2.79622059300307
"FAM222B",2.79590906841192
"CLDN3",2.7959078891158
"LOC100288001",2.79582825445692
"NUP210L",2.7927881611009
"HEY2",2.79022983324406
"ADGRL1-AS1",2.78967413978012
"ASIC3",2.78914695579905
"LOC105374901",2.78755182890218
"SPATA31A3",2.78704378881833
"C4BPB",2.78602593937533
"CCDC144NL-AS1",2.78316758896009
"CIMIP5",2.78316758896009
"LOC339260",2.78316758896009
"SART1",2.78261712052556
"ZNF496",2.7822018988044
"USP20",2.78184897132738
"RPS10P5",2.77954591725222
"KLF7",2.778298683677
"GRIA4",2.77791871265987
"GRAP",2.77718814713725
"GRAPL",2.77718814713725
"KCNS1",2.77671517373312
"KLK5",2.77662096542373
"AKR7A3",2.77658970134195
"AATF",2.77600522543165
"UBTD1",2.77599693841507
"LETM2",2.77590348881129
"GPC1",2.77556168168554
"LRRC37A2",2.77346272470433
"WNT7B",2.7732224864477
"PNMA8B",2.77239679123207
"ST6GALNAC6",2.77194423404958
"PRRG2",2.77041181664547
"SPINDOC",2.77032401778711
"CLUH",2.7698457155963
"RABGGTA",2.76842455058308
"METTL27",2.76826177632124
"MFRP",2.76803793237899
"LCE2B",2.76790008702567
"SNAPC4",2.76677525236767
"APOE",2.76637085056518
"PPP2R5B",2.76473300597232
"CDC42EP4",2.76319437749715
"FLYWCH1",2.76229689696837
"PRDM16",2.76040059516246
"TBC1D16",2.75869740959363
"MCEMP1",2.75447145826493
"PXN",2.75388712856848
"CDT1",2.75361867718031
"LPAR4",2.75145781110871
"NRARP",2.75083769826545
"BICDL2",2.75050505795057
"LINC02693",2.7494648226388
"LCNL1",2.74896929719579
"EPHA10",2.74894263904242
"DEDD2",2.74804095690083
"RUSC1",2.74779301305988
"RCE1",2.74740631828868
"TTC36",2.7465811117811
"HSD17B14",2.74642032060878
"SRSF2",2.74558799521131
"PLEKHG6",2.74521206109994
"DUSP13B",2.74489919130088
"FKBP1B",2.74440692498981
"POU6F2",2.74375269243331
"P2RY11",2.7412656979787
"GLI2",2.74120043890455
"IL21R",2.73786649466658
"FGFRL1",2.73769866778811
"HDGF",2.7376634589826
"CEACAM19",2.73761811687553
"C8orf44",2.73718595325815
"IL18BP",2.73696148703868
"DOCK6",2.73668886257447
"LOC124906400",2.7364653619743
"LOC124906410",2.7364653619743
"LOC124906411",2.7364653619743
"LOC124906415",2.7364653619743
"LOC128966626",2.7364653619743
"USP17L20",2.7364653619743
"ZC3H4",2.73575002562007
"PPP1R3D",2.73475990142481
"LAMTOR1",2.73465594866759
"PROM2",2.73438914215697
"SCUBE1",2.73405530238027
"LGI4",2.73399314653003
"TMEM147-AS1",2.73338830970003
"DCST1",2.73296512511795
"DOCK11P1",2.73242594045928
"FOXL2NB",2.73142720127213
"MST1",2.73120865918065
"TJAP1",2.72847442251356
"ATMINP1",2.72806422999509
"PSMG3",2.72799750216257
"LINGO3",2.72744743662787
"SPHK2",2.72667891352196
"PPP1R13B-DT",2.72497633071705
"ZBTB8B",2.72001987214932
"PCDH10",2.71926922356632
"OR51I2",2.71849030860005
"EFNA2",2.71759516158464
"NT5C",2.7173111783069
"UBE2S",2.71644946067371
"ZNF785",2.71639092046782
"NECAB1",2.71612203200913
"PFAS",2.71545848037323
"DUX4L18",2.71255916729821
"FOXQ1",2.71242781939969
"FBN3",2.71178071257759
"TDRD10",2.71108748887126
"IP6K3",2.71100288333471
"KCNK15",2.71088058259685
"VOPP1",2.70675683294904
"ATAD3C",2.70672873339708
"ROBO4",2.70574084438504
"RNF183",2.70573273978264
"TRIM43B",2.70573273978264
"HDHD5",2.70549510478768
"RAB3B",2.70457283438312
"DCAKD",2.70432177051247
"RPA4",2.70284617424324
"TNFRSF13B",2.70271425029687
"GRPR",2.70236589875094
"LGALS12",2.70227219881639
"NR1H3",2.70110834512474
"CELF6",2.70005093477797
"ARAF",2.69959407980494
"COL18A1",2.69947093914702
"TMEM161A",2.69906462093164
"CENPX",2.6989022247417
"ZMIZ2",2.69871259435869
"HLA-A",2.69867898267846
"LEKR1",2.69860927582116
"ITGAX",2.6977645286247
"LINC03040",2.69749672923978
"GALNT15",2.69706887417684
"CTBP1",2.69703160270562
"GPR33",2.69634648245348
"ACTN4P1",2.69630224592895
"ADAD1",2.69630224592895
"ADAM1B",2.69630224592895
"ADAM7",2.69630224592895
"APOA4",2.69630224592895
"ARAP2-AS1",2.69630224592895
"ARHGAP29-AS1",2.69630224592895
"ARHGEF9-IT1",2.69630224592895
"ARMS2",2.69630224592895
"ASS1P14",2.69630224592895
"B3GAT1-DT",2.69630224592895
"BNIP3P37",2.69630224592895
"BPIFA3",2.69630224592895
"BRIX1P1",2.69630224592895
"BTBD17",2.69630224592895
"C11orf40",2.69630224592895
"C13orf46",2.69630224592895
"C2orf69P1",2.69630224592895
"C3orf86P",2.69630224592895
"C7orf33",2.69630224592895
"CACNA2D3-AS1",2.69630224592895
"CALHM3",2.69630224592895
"CBX3P2",2.69630224592895
"CCDC144NL",2.69630224592895
"CCT4P2",2.69630224592895
"CD300LD-AS1",2.69630224592895
"CDCP2",2.69630224592895
"CDR2-DT",2.69630224592895
"CFAP20DC-AS1",2.69630224592895
"CFHR5",2.69630224592895
"CHEK2P2",2.69630224592895
"CIB3",2.69630224592895
"CITED1",2.69630224592895
"CLDN14-AS1",2.69630224592895
"CLEC2L",2.69630224592895
"CLLU1-AS1",2.69630224592895
"CLRN3",2.69630224592895
"CLSPN-AS1",2.69630224592895
"CNGA2",2.69630224592895
"CRIP1P3",2.69630224592895
"CRYGA",2.69630224592895
"CSAG1",2.69630224592895
"CSNK1G2-AS1",2.69630224592895
"CTSLP6",2.69630224592895
"CYLC2",2.69630224592895
"D21S2088E",2.69630224592895
"DCD",2.69630224592895
"DEFB128",2.69630224592895
"DENND6A-DT",2.69630224592895
"DEPDC1-AS2",2.69630224592895
"DGAT2L7P",2.69630224592895
"DISC1-IT1",2.69630224592895
"DNAJB1P2",2.69630224592895
"DNAJB6P4",2.69630224592895
"DNM3-IT1",2.69630224592895
"DPY19L4P1",2.69630224592895
"DPY19L4P2",2.69630224592895
"DRAIC",2.69630224592895
"DYNC1I2P1",2.69630224592895
"EEF1A1P34",2.69630224592895
"EGOT",2.69630224592895
"EIF3IP1",2.69630224592895
"EMSY-DT",2.69630224592895
"ESRG",2.69630224592895
"FAM230A",2.69630224592895
"FAM230H",2.69630224592895
"FAM24A",2.69630224592895
"FAM66E",2.69630224592895
"FAM9B",2.69630224592895
"FANCD2P2",2.69630224592895
"FKBP1C",2.69630224592895
"FLJ36000",2.69630224592895
"FMR1-AS1",2.69630224592895
"FOXD2-AS1",2.69630224592895
"GAGE1",2.69630224592895
"GAL3ST2",2.69630224592895
"GALNT13-AS1",2.69630224592895
"GALNT9",2.69630224592895
"GAPDHP41",2.69630224592895
"GAR1-DT",2.69630224592895
"GJA8",2.69630224592895
"GJD4",2.69630224592895
"GKN1",2.69630224592895
"GMPSP1",2.69630224592895
"GNA14-AS1",2.69630224592895
"GNG13",2.69630224592895
"GOLGA8F",2.69630224592895
"GPR148",2.69630224592895
"GPR6",2.69630224592895
"GPR89P",2.69630224592895
"GRM5-AS1",2.69630224592895
"GRM7-AS2",2.69630224592895
"GTF2IP11",2.69630224592895
"GUCA1C",2.69630224592895
"GXYLT1P6",2.69630224592895
"H2AC2P",2.69630224592895
"H2BP6",2.69630224592895
"H3P3",2.69630224592895
"H3P43",2.69630224592895
"HAND1",2.69630224592895
"HBQ1",2.69630224592895
"HCG27",2.69630224592895
"HCP5B",2.69630224592895
"HLA-DQB1-AS1",2.69630224592895
"HLA-L",2.69630224592895
"HLMR1",2.69630224592895
"HMGB1P32",2.69630224592895
"HNRNPLP1",2.69630224592895
"HOXB1",2.69630224592895
"HOXB9",2.69630224592895
"HOXC5",2.69630224592895
"HRH3",2.69630224592895
"HSPA8P15",2.69630224592895
"HTR3D",2.69630224592895
"ICE2P2",2.69630224592895
"ID2-AS1",2.69630224592895
"IGHD3-10",2.69630224592895
"IGLJ4",2.69630224592895
"INHBC",2.69630224592895
"INTS4P1",2.69630224592895
"IQCF3",2.69630224592895
"KDSR-DT",2.69630224592895
"KHDC3L",2.69630224592895
"KIAA1191P1",2.69630224592895
"KIR3DL1",2.69630224592895
"KISS1R",2.69630224592895
"KLF1",2.69630224592895
"KLLN",2.69630224592895
"KRT18P23",2.69630224592895
"KRT18P3",2.69630224592895
"KRT223P",2.69630224592895
"KRT8P49",2.69630224592895
"KRTAP10-11",2.69630224592895
"KRTAP11-1",2.69630224592895
"KRTAP21-1",2.69630224592895
"KRTAP26-1",2.69630224592895
"KRTAP27-1",2.69630224592895
"KRTAP3-3",2.69630224592895
"KRTAP4-2",2.69630224592895
"KRTAP5-4",2.69630224592895
"KRTAP9-1",2.69630224592895
"KRTAP9-2",2.69630224592895
"KRTAP9-9",2.69630224592895
"LALBA",2.69630224592895
"LCEP1",2.69630224592895
"LCN9",2.69630224592895
"LDLRAD4-AS1",2.69630224592895
"LENG8-AS1",2.69630224592895
"LGALS17A",2.69630224592895
"LIFR-AS1",2.69630224592895
"LILRA1",2.69630224592895
"LILRP2",2.69630224592895
"LIN28B",2.69630224592895
"LINC00189",2.69630224592895
"LINC00326",2.69630224592895
"LINC00376",2.69630224592895
"LINC00410",2.69630224592895
"LINC00448",2.69630224592895
"LINC00452",2.69630224592895
"LINC00477",2.69630224592895
"LINC00501",2.69630224592895
"LINC00520",2.69630224592895
"LINC00583",2.69630224592895
"LINC00593",2.69630224592895
"LINC00622",2.69630224592895
"LINC00642",2.69630224592895
"LINC00664",2.69630224592895
"LINC00676",2.69630224592895
"LINC00708",2.69630224592895
"LINC00905",2.69630224592895
"LINC00943",2.69630224592895
"LINC01010",2.69630224592895
"LINC01020",2.69630224592895
"LINC01036",2.69630224592895
"LINC01068",2.69630224592895
"LINC01116",2.69630224592895
"LINC01148",2.69630224592895
"LINC01149",2.69630224592895
"LINC01191",2.69630224592895
"LINC01193",2.69630224592895
"LINC01215",2.69630224592895
"LINC01287",2.69630224592895
"LINC01348",2.69630224592895
"LINC01362",2.69630224592895
"LINC01404",2.69630224592895
"LINC01411",2.69630224592895
"LINC01465",2.69630224592895
"LINC01493",2.69630224592895
"LINC01702",2.69630224592895
"LINC01791",2.69630224592895
"LINC01825",2.69630224592895
"LINC01855",2.69630224592895
"LINC01878",2.69630224592895
"LINC01909",2.69630224592895
"LINC01925",2.69630224592895
"LINC01926",2.69630224592895
"LINC01992",2.69630224592895
"LINC02032",2.69630224592895
"LINC02040",2.69630224592895
"LINC02049",2.69630224592895
"LINC02141",2.69630224592895
"LINC02169",2.69630224592895
"LINC02195",2.69630224592895
"LINC02209",2.69630224592895
"LINC02213",2.69630224592895
"LINC02243",2.69630224592895
"LINC02282",2.69630224592895
"LINC02325",2.69630224592895
"LINC02328",2.69630224592895
"LINC02381",2.69630224592895
"LINC02395",2.69630224592895
"LINC02450",2.69630224592895
"LINC02451",2.69630224592895
"LINC02504",2.69630224592895
"LINC02547",2.69630224592895
"LINC02577",2.69630224592895
"LINC02603",2.69630224592895
"LINC02611",2.69630224592895
"LINC02711",2.69630224592895
"LINC02737",2.69630224592895
"LINC02743",2.69630224592895
"LINC02789",2.69630224592895
"LINC02803",2.69630224592895
"LINC02863",2.69630224592895
"LINC02893",2.69630224592895
"LINC02995",2.69630224592895
"LINC02998",2.69630224592895
"LINC03013",2.69630224592895
"LINC03041",2.69630224592895
"LINC03063",2.69630224592895
"LINC03066",2.69630224592895
"LINC03094",2.69630224592895
"LNCPRESS1",2.69630224592895
"LOC100129135",2.69630224592895
"LOC100129367",2.69630224592895
"LOC100129422",2.69630224592895
"LOC100129734",2.69630224592895
"LOC100129844",2.69630224592895
"LOC100131785",2.69630224592895
"LOC100132249",2.69630224592895
"LOC100286946",2.69630224592895
"LOC100288966",2.69630224592895
"LOC100419016",2.69630224592895
"LOC100419654",2.69630224592895
"LOC100419684",2.69630224592895
"LOC100419912",2.69630224592895
"LOC100419913",2.69630224592895
"LOC100420114",2.69630224592895
"LOC100420545",2.69630224592895
"LOC100420587",2.69630224592895
"LOC100422549",2.69630224592895
"LOC101060000",2.69630224592895
"LOC101927093",2.69630224592895
"LOC101927330",2.69630224592895
"LOC101927608",2.69630224592895
"LOC101928368",2.69630224592895
"LOC101928466",2.69630224592895
"LOC101928618",2.69630224592895
"LOC101928697",2.69630224592895
"LOC101928819",2.69630224592895
"LOC101929269",2.69630224592895
"LOC101929308",2.69630224592895
"LOC101929691",2.69630224592895
"LOC101929692",2.69630224592895
"LOC102724234",2.69630224592895
"LOC105370500",2.69630224592895
"LOC105370591",2.69630224592895
"LOC105371022",2.69630224592895
"LOC105371123",2.69630224592895
"LOC105371362",2.69630224592895
"LOC105371899",2.69630224592895
"LOC105371956",2.69630224592895
"LOC105372088",2.69630224592895
"LOC105372126",2.69630224592895
"LOC105372155",2.69630224592895
"LOC105372266",2.69630224592895
"LOC105373074",2.69630224592895
"LOC105373667",2.69630224592895
"LOC105373742",2.69630224592895
"LOC105374017",2.69630224592895
"LOC105374069",2.69630224592895
"LOC105374174",2.69630224592895
"LOC105374614",2.69630224592895
"LOC105374736",2.69630224592895
"LOC105375341",2.69630224592895
"LOC105375344",2.69630224592895
"LOC105375635",2.69630224592895
"LOC105375743",2.69630224592895
"LOC105375754",2.69630224592895
"LOC105375971",2.69630224592895
"LOC105376020",2.69630224592895
"LOC105376060",2.69630224592895
"LOC105376473",2.69630224592895
"LOC105376588",2.69630224592895
"LOC105376635",2.69630224592895
"LOC105376873",2.69630224592895
"LOC105376951",2.69630224592895
"LOC105377437",2.69630224592895
"LOC105377727",2.69630224592895
"LOC105378660",2.69630224592895
"LOC105378780",2.69630224592895
"LOC105379104",2.69630224592895
"LOC105379301",2.69630224592895
"LOC107983987",2.69630224592895
"LOC107984262",2.69630224592895
"LOC107984367",2.69630224592895
"LOC107984505",2.69630224592895
"LOC107985651",2.69630224592895
"LOC107985876",2.69630224592895
"LOC107986384",2.69630224592895
"LOC107986968",2.69630224592895
"LOC107987095",2.69630224592895
"LOC107987116",2.69630224592895
"LOC124900313",2.69630224592895
"LOC124900426",2.69630224592895
"LOC124900457",2.69630224592895
"LOC124900731",2.69630224592895
"LOC124900875",2.69630224592895
"LOC124900893",2.69630224592895
"LOC124901107",2.69630224592895
"LOC124901179",2.69630224592895
"LOC124901321",2.69630224592895
"LOC124901449",2.69630224592895
"LOC124901580",2.69630224592895
"LOC124902027",2.69630224592895
"LOC124902198",2.69630224592895
"LOC124902280",2.69630224592895
"LOC124902316",2.69630224592895
"LOC124902651",2.69630224592895
"LOC124902739",2.69630224592895
"LOC124903159",2.69630224592895
"LOC124903547",2.69630224592895
"LOC124903836",2.69630224592895
"LOC124903998",2.69630224592895
"LOC124904710",2.69630224592895
"LOC124904795",2.69630224592895
"LOC124904876",2.69630224592895
"LOC124905000",2.69630224592895
"LOC124905324",2.69630224592895
"LOC124905349",2.69630224592895
"LOC124905489",2.69630224592895
"LOC124905504",2.69630224592895
"LOC124905510",2.69630224592895
"LOC124906551",2.69630224592895
"LOC124907968",2.69630224592895
"LOC124909454",2.69630224592895
"LOC128966722",2.69630224592895
"LOC128966730",2.69630224592895
"LOC128966731",2.69630224592895
"LOC128966732",2.69630224592895
"LOC128966733",2.69630224592895
"LOC130932201",2.69630224592895
"LOC392180",2.69630224592895
"LOC392787",2.69630224592895
"LOC400347",2.69630224592895
"LOC400622",2.69630224592895
"LOC729532",2.69630224592895
"LOLI1",2.69630224592895
"LRRC10",2.69630224592895
"LRRC37A5P",2.69630224592895
"LRRC52",2.69630224592895
"LY6G5C",2.69630224592895
"LYZL4",2.69630224592895
"MAGEA4-AS1",2.69630224592895
"MED28-DT",2.69630224592895
"MEIG1",2.69630224592895
"MHENCR",2.69630224592895
"MIR10B",2.69630224592895
"MIR1205",2.69630224592895
"MIR12136",2.69630224592895
"MIR1276",2.69630224592895
"MIR130A",2.69630224592895
"MIR130B",2.69630224592895
"MIR1322",2.69630224592895
"MIR133A2",2.69630224592895
"MIR30A",2.69630224592895
"MIR31",2.69630224592895
"MIR3176",2.69630224592895
"MIR369",2.69630224592895
"MIR410",2.69630224592895
"MIR532",2.69630224592895
"MIR543",2.69630224592895
"MIR548A1",2.69630224592895
"MIR548AK",2.69630224592895
"MIR597",2.69630224592895
"MIR618",2.69630224592895
"MIR655",2.69630224592895
"MIR656",2.69630224592895
"MIR6809",2.69630224592895
"MIR6867",2.69630224592895
"MIR8075",2.69630224592895
"MOG",2.69630224592895
"MSANTD5",2.69630224592895
"MTCO3P35",2.69630224592895
"MTCYBP21",2.69630224592895
"MTCYBP23",2.69630224592895
"MTND1P11",2.69630224592895
"MTND2P32",2.69630224592895
"MTND4LP23",2.69630224592895
"MTND5P14",2.69630224592895
"NAA50P2",2.69630224592895
"NCAM1-AS2",2.69630224592895
"NCR3",2.69630224592895
"NDUFB4P10",2.69630224592895
"NDUFB5P1",2.69630224592895
"NEK4P1",2.69630224592895
"NENFP1",2.69630224592895
"NKX6-2",2.69630224592895
"NLRP8",2.69630224592895
"NUDT16L2P",2.69630224592895
"OCSTAMP",2.69630224592895
"ODF1",2.69630224592895
"OFD1P7Y",2.69630224592895
"OPA1-AS1",2.69630224592895
"OPN4",2.69630224592895
"OPN5",2.69630224592895
"OR10A7",2.69630224592895
"OR10D1P",2.69630224592895
"OR11G2",2.69630224592895
"OR11H7",2.69630224592895
"OR1G1",2.69630224592895
"OR1L3",2.69630224592895
"OR1S2",2.69630224592895
"OR2J2",2.69630224592895
"OR2T1",2.69630224592895
"OR4A21P",2.69630224592895
"OR4D11",2.69630224592895
"OR4K13",2.69630224592895
"OR4K15",2.69630224592895
"OR51A7",2.69630224592895
"OR51F1",2.69630224592895
"OR52R1",2.69630224592895
"OR56A3",2.69630224592895
"OR56B3P",2.69630224592895
"OR5AK1P",2.69630224592895
"OR5AK2",2.69630224592895
"OR5AN1",2.69630224592895
"OR5D16",2.69630224592895
"OR5H14",2.69630224592895
"OR6B1",2.69630224592895
"OR6C2",2.69630224592895
"OR6K3",2.69630224592895
"OR7A11P",2.69630224592895
"OR7E109P",2.69630224592895
"OR7E110P",2.69630224592895
"OR7E111P",2.69630224592895
"OR7E1P",2.69630224592895
"OR7E55P",2.69630224592895
"OR7E99P",2.69630224592895
"OR7G1",2.69630224592895
"OR8A2P",2.69630224592895
"OR8B12",2.69630224592895
"OR8B6P",2.69630224592895
"OR9H1",2.69630224592895
"PACRG-AS1",2.69630224592895
"PCAT29",2.69630224592895
"PDCL2P2",2.69630224592895
"PGDP1",2.69630224592895
"PGLS-DT",2.69630224592895
"PHOX2A",2.69630224592895
"PIRAT1",2.69630224592895
"PLPPR5",2.69630224592895
"PLS1P1",2.69630224592895
"POLG-DT",2.69630224592895
"POM121L3P",2.69630224592895
"POTEA",2.69630224592895
"PPIAL4A",2.69630224592895
"PRAMEF1",2.69630224592895
"PRAMEF11",2.69630224592895
"PRAMEF13",2.69630224592895
"PRELID3BP5",2.69630224592895
"PRKACG",2.69630224592895
"PRKAR2A-AS1",2.69630224592895
"PRKX-AS1",2.69630224592895
"PRR18",2.69630224592895
"PRR23A",2.69630224592895
"PRSS29P",2.69630224592895
"PRXL2AP1",2.69630224592895
"PSMB3P2",2.69630224592895
"PSMC1P2",2.69630224592895
"PTOV1-AS1",2.69630224592895
"PTPRC-AS1",2.69630224592895
"PWRN2",2.69630224592895
"RAX2",2.69630224592895
"RBMY1A1",2.69630224592895
"RBMY1B",2.69630224592895
"RBMY1F",2.69630224592895
"RBMY1J",2.69630224592895
"RBMY2BP",2.69630224592895
"RBMY2KP",2.69630224592895
"RBMY2SP",2.69630224592895
"RD3L",2.69630224592895
"RETN",2.69630224592895
"RGS21",2.69630224592895
"RN7SKP181",2.69630224592895
"RN7SKP266",2.69630224592895
"RN7SKP85",2.69630224592895
"RN7SL123P",2.69630224592895
"RN7SL177P",2.69630224592895
"RN7SL204P",2.69630224592895
"RN7SL215P",2.69630224592895
"RN7SL284P",2.69630224592895
"RN7SL326P",2.69630224592895
"RN7SL361P",2.69630224592895
"RN7SL37P",2.69630224592895
"RN7SL413P",2.69630224592895
"RN7SL415P",2.69630224592895
"RN7SL43P",2.69630224592895
"RN7SL443P",2.69630224592895
"RN7SL448P",2.69630224592895
"RN7SL460P",2.69630224592895
"RN7SL491P",2.69630224592895
"RN7SL507P",2.69630224592895
"RN7SL50P",2.69630224592895
"RN7SL515P",2.69630224592895
"RN7SL592P",2.69630224592895
"RN7SL608P",2.69630224592895
"RN7SL624P",2.69630224592895
"RN7SL652P",2.69630224592895
"RN7SL735P",2.69630224592895
"RN7SL744P",2.69630224592895
"RN7SL784P",2.69630224592895
"RN7SL785P",2.69630224592895
"RNASEH1P1",2.69630224592895
"RNU1-109P",2.69630224592895
"RNU1-134P",2.69630224592895
"RNU1-136P",2.69630224592895
"RNU1-20P",2.69630224592895
"RNU2-39P",2.69630224592895
"RNU4-86P",2.69630224592895
"RNU5D-1",2.69630224592895
"RNU6-1008P",2.69630224592895
"RNU6-167P",2.69630224592895
"RNU6-33P",2.69630224592895
"RNU6-36P",2.69630224592895
"RNU6-613P",2.69630224592895
"RNU6-720P",2.69630224592895
"RNU7-50P",2.69630224592895
"RNY4P24",2.69630224592895
"RPEP1",2.69630224592895
"RPL10AP5",2.69630224592895
"RPL10P18",2.69630224592895
"RPL14P6",2.69630224592895
"RPL17P13",2.69630224592895
"RPL21P117",2.69630224592895
"RPL21P126",2.69630224592895
"RPL21P39",2.69630224592895
"RPL21P49",2.69630224592895
"RPL21P50",2.69630224592895
"RPL21P6",2.69630224592895
"RPL22P20",2.69630224592895
"RPL26P18",2.69630224592895
"RPL27P7",2.69630224592895
"RPL32P4",2.69630224592895
"RPL7P38",2.69630224592895
"RPL7P55",2.69630224592895
"RPL9P12",2.69630224592895
"RPL9P18",2.69630224592895
"RPS10P24",2.69630224592895
"RPS12P24",2.69630224592895
"RPS15AP34",2.69630224592895
"RPS15P1",2.69630224592895
"RPS26P30",2.69630224592895
"RPS2P23",2.69630224592895
"RPS4XP19",2.69630224592895
"RPSAP60",2.69630224592895
"S100A15A",2.69630224592895
"SALRNA3",2.69630224592895
"SCHLAP1",2.69630224592895
"SDR42E1P5",2.69630224592895
"SEPTIN12",2.69630224592895
"SEPTIN7P3",2.69630224592895
"SERPINA2",2.69630224592895
"SETSIP",2.69630224592895
"SKAP1-AS2",2.69630224592895
"SLC17A6-DT",2.69630224592895
"SLC22A11",2.69630224592895
"SLC35G4",2.69630224592895
"SLC60A2-DT",2.69630224592895
"SLC6A5",2.69630224592895
"SLC9A9-AS1",2.69630224592895
"SMARCE1P3",2.69630224592895
"SMIM34",2.69630224592895
"SMIM9",2.69630224592895
"SNAI3-AS1",2.69630224592895
"SNAP23P1",2.69630224592895
"SNORA48B",2.69630224592895
"SNORA50C",2.69630224592895
"SNORA56",2.69630224592895
"SNORA5B",2.69630224592895
"SNORD114-1",2.69630224592895
"SNORD114-23",2.69630224592895
"SNORD114-6",2.69630224592895
"SNORD115-11",2.69630224592895
"SNORD115-12",2.69630224592895
"SNORD115-26",2.69630224592895
"SNORD115-29",2.69630224592895
"SNORD115-36",2.69630224592895
"SNORD115-43",2.69630224592895
"SNORD115-5",2.69630224592895
"SNORD115-9",2.69630224592895
"SNORD116-27",2.69630224592895
"SNORD116-29",2.69630224592895
"SNORD20",2.69630224592895
"SNORD26",2.69630224592895
"SNORD35B",2.69630224592895
"SNORD38B",2.69630224592895
"SNORD3H",2.69630224592895
"SNORD51",2.69630224592895
"SNORD61",2.69630224592895
"SNORD63",2.69630224592895
"SNORD88A",2.69630224592895
"SNRPA1-DT",2.69630224592895
"SNTG2-AS1",2.69630224592895
"SPACA3",2.69630224592895
"SPRR5",2.69630224592895
"STMND1",2.69630224592895
"STSP1",2.69630224592895
"SYNGR3",2.69630224592895
"TAAR3P",2.69630224592895
"TAAR6",2.69630224592895
"TACR1-AS1",2.69630224592895
"TAF9BP2",2.69630224592895
"TARM1",2.69630224592895
"TAS2R7",2.69630224592895
"TBC1D21",2.69630224592895
"TBC1D22A-DT",2.69630224592895
"TCEAL6",2.69630224592895
"TDRKH-AS1",2.69630224592895
"TERB2",2.69630224592895
"TEX11",2.69630224592895
"TFAP2E-AS1",2.69630224592895
"TFIP11-DT",2.69630224592895
"THAP12P3",2.69630224592895
"TMEM114",2.69630224592895
"TMEM217B",2.69630224592895
"TMEM26-AS1",2.69630224592895
"TMEM270",2.69630224592895
"TRAJ61",2.69630224592895
"TRBV21OR9-2",2.69630224592895
"TRBV23OR9-2",2.69630224592895
"TRDJ2",2.69630224592895
"TRDV2",2.69630224592895
"TRGJP1",2.69630224592895
"TRIM40",2.69630224592895
"TSNAX-DT",2.69630224592895
"TTLL1-AS1",2.69630224592895
"TUFMP1",2.69630224592895
"UBE2DNL",2.69630224592895
"UBE2R2-AS1",2.69630224592895
"USP9YP33",2.69630224592895
"VSTM1",2.69630224592895
"VSTM2B",2.69630224592895
"WBP1LP5",2.69630224592895
"WTAPP1",2.69630224592895
"XKR5",2.69630224592895
"ZBTB20-AS5",2.69630224592895
"ZNF503-AS1",2.69630224592895
"ZNF582-DT",2.69630224592895
"AADACP1",2.69630224592895
"ABCA17P",2.69630224592895
"ABCB10P3",2.69630224592895
"ABCC5-AS1",2.69630224592895
"ACTL6B",2.69630224592895
"AGBL5-AS1",2.69630224592895
"AKAP4",2.69630224592895
"AKR1C6P",2.69630224592895
"ALDH7A1P2",2.69630224592895
"AMER3",2.69630224592895
"ANKRD33BP1",2.69630224592895
"ANKRD34C-AS1",2.69630224592895
"AOAH-IT1",2.69630224592895
"APCDD1L-DT",2.69630224592895
"APELA",2.69630224592895
"APOA5",2.69630224592895
"APOC4",2.69630224592895
"APP-DT",2.69630224592895
"ARHGEF38-IT1",2.69630224592895
"ARL14EP-DT",2.69630224592895
"ARL8BP1",2.69630224592895
"ARNT2-AS3",2.69630224592895
"ASCL1",2.69630224592895
"ASMER2",2.69630224592895
"ASS1P6",2.69630224592895
"ASS1P7",2.69630224592895
"ATOSBP1",2.69630224592895
"ATP11A-AS1",2.69630224592895
"ATP11AUN",2.69630224592895
"ATP5PDP3",2.69630224592895
"ATP6V1B1-AS1",2.69630224592895
"ATP8B5P",2.69630224592895
"ATXN2-AS",2.69630224592895
"AWAT2",2.69630224592895
"AZGP1P2",2.69630224592895
"B4GALT4-AS1",2.69630224592895
"BHLHE22-AS1",2.69630224592895
"BIN2P2",2.69630224592895
"BMP8B-AS1",2.69630224592895
"BMS1P3",2.69630224592895
"BNIP3P26",2.69630224592895
"BNIP3P28",2.69630224592895
"BNIP3P39",2.69630224592895
"BNIP3P42",2.69630224592895
"BOLA3-DT",2.69630224592895
"BRS3",2.69630224592895
"C10orf67-AS1",2.69630224592895
"C11orf97",2.69630224592895
"C12orf75-AS1",2.69630224592895
"C18orf15",2.69630224592895
"C20orf173",2.69630224592895
"C3P1",2.69630224592895
"C9orf153",2.69630224592895
"C9orf78P2",2.69630224592895
"CABP7",2.69630224592895
"CACTIN-AS1",2.69630224592895
"CALM1P1",2.69630224592895
"CASC17",2.69630224592895
"CATSPERD",2.69630224592895
"CATSPERQ",2.69630224592895
"CCDC177",2.69630224592895
"CCDC201",2.69630224592895
"CCNB3P1",2.69630224592895
"CCNG1P1",2.69630224592895
"CCNYL1B",2.69630224592895
"CCT5P2",2.69630224592895
"CD44-DT",2.69630224592895
"CDCA4P1",2.69630224592895
"CDK20-AS1",2.69630224592895
"CDY1",2.69630224592895
"CDY1B",2.69630224592895
"CEACAMP7",2.69630224592895
"CEBPA-DT",2.69630224592895
"CELA3B",2.69630224592895
"CENPNP1",2.69630224592895
"CENPPP1",2.69630224592895
"CERNA2",2.69630224592895
"CFAP44-AS1",2.69630224592895
"CFAP77",2.69630224592895
"CIMIP1",2.69630224592895
"CKAP2LP1",2.69630224592895
"CLDND1-AS1",2.69630224592895
"CLRN1",2.69630224592895
"CNEP1R1P1",2.69630224592895
"COL1A2-AS1",2.69630224592895
"COSMOC",2.69630224592895
"COX16P1",2.69630224592895
"CRIM1-DT",2.69630224592895
"CRPP1",2.69630224592895
"CRYBA2",2.69630224592895
"CSGALNACT1-AS1",2.69630224592895
"CSPG4BP",2.69630224592895
"CST5",2.69630224592895
"CSTL1",2.69630224592895
"CT45A8",2.69630224592895
"CT45A9",2.69630224592895
"CT47C1",2.69630224592895
"CXXC4-AS1",2.69630224592895
"CYCSP3",2.69630224592895
"CYP2A7P1",2.69630224592895
"DEFB103A",2.69630224592895
"DEFB103B",2.69630224592895
"DEFB105A",2.69630224592895
"DEFB105B",2.69630224592895
"DENND3-AS1",2.69630224592895
"DHH-AS1",2.69630224592895
"DIAPH3-AS1",2.69630224592895
"DIP2C-AS2",2.69630224592895
"DLL3",2.69630224592895
"DMBT1L1",2.69630224592895
"DMBX1",2.69630224592895
"DOCK4-AS1",2.69630224592895
"DPPA2",2.69630224592895
"DRC7",2.69630224592895
"DSCAM-AS1",2.69630224592895
"DSCR4",2.69630224592895
"E2F5-DT",2.69630224592895
"ECEL1P2",2.69630224592895
"EEF1A1P20",2.69630224592895
"EEF1A1P21",2.69630224592895
"EEF1A1P23",2.69630224592895
"EEF1A1P31",2.69630224592895
"EEF1A1P42",2.69630224592895
"EEF1B2P2",2.69630224592895
"EEF1GP7",2.69630224592895
"EEF1GP8",2.69630224592895
"EFCAB14-AS1",2.69630224592895
"EHBP1-AS1",2.69630224592895
"EIF1AX-AS1",2.69630224592895
"EIF2AP3",2.69630224592895
"EIF3EP4",2.69630224592895
"EIF3LP2",2.69630224592895
"EIF4A1P10",2.69630224592895
"EIF4A2P4",2.69630224592895
"ELAVL4-AS1",2.69630224592895
"EPPIN-WFDC6",2.69630224592895
"ERICH3-AS1",2.69630224592895
"ERLNC1",2.69630224592895
"ETFRF1P1",2.69630224592895
"EWSAT1",2.69630224592895
"EXD1",2.69630224592895
"FABP5P3",2.69630224592895
"FABP5P6",2.69630224592895
"FALEC",2.69630224592895
"FAM131C",2.69630224592895
"FAM138A",2.69630224592895
"FAM138F",2.69630224592895
"FAM170A",2.69630224592895
"FAM197Y5",2.69630224592895
"FAM228A",2.69630224592895
"FAM230B",2.69630224592895
"FAM242B",2.69630224592895
"FAM3D-AS1",2.69630224592895
"FAM74A4",2.69630224592895
"FAM74A6",2.69630224592895
"FAM86DP",2.69630224592895
"FAM9C",2.69630224592895
"FAR2P1",2.69630224592895
"FATE1",2.69630224592895
"FCF1P5",2.69630224592895
"FDPSP8",2.69630224592895
"FGF13-AS1",2.69630224592895
"FGF14-IT1",2.69630224592895
"FGF5",2.69630224592895
"FGF8",2.69630224592895
"FKBP6",2.69630224592895
"FLVCR1-DT",2.69630224592895
"FOSL2-AS1",2.69630224592895
"FOXE3",2.69630224592895
"FOXN3-AS2",2.69630224592895
"FUT3",2.69630224592895
"GAPDHP22",2.69630224592895
"GAPDHP74",2.69630224592895
"GEMIN8P3",2.69630224592895
"GLIS2-AS1",2.69630224592895
"GNAS-AS1",2.69630224592895
"GOLGA8DP",2.69630224592895
"GORAB-AS1",2.69630224592895
"GPC6-AS1",2.69630224592895
"GPM6A-DT",2.69630224592895
"GPR101",2.69630224592895
"GPR31",2.69630224592895
"GRID1-AS2",2.69630224592895
"GRK1",2.69630224592895
"GRK7",2.69630224592895
"GS1-279B7.1",2.69630224592895
"GVINP2",2.69630224592895
"H2BK1",2.69630224592895
"H3-5",2.69630224592895
"H3P42",2.69630224592895
"HAGLR",2.69630224592895
"HAR1B",2.69630224592895
"HCG22",2.69630224592895
"HCG9",2.69630224592895
"HCRTR2",2.69630224592895
"HID1-AS1",2.69630224592895
"HLA-V",2.69630224592895
"HMGB1P17",2.69630224592895
"HMGB1P23",2.69630224592895
"HMGB1P30",2.69630224592895
"HMGB1P44",2.69630224592895
"HMGB1P7",2.69630224592895
"HMGN1P12",2.69630224592895
"HMGN1P13",2.69630224592895
"HMGN1P17",2.69630224592895
"HMGN1P31",2.69630224592895
"HNRNPA1P19",2.69630224592895
"HNRNPA1P29",2.69630224592895
"HNRNPA3P14",2.69630224592895
"HOATZ",2.69630224592895
"HPYR1",2.69630224592895
"HRAT17",2.69630224592895
"HSPA8P7",2.69630224592895
"HSPE1P22",2.69630224592895
"HSPE1P24",2.69630224592895
"HSPE1P26",2.69630224592895
"HSPE1P27",2.69630224592895
"HTR1A",2.69630224592895
"HTR5A-AS1",2.69630224592895
"HYMAI",2.69630224592895
"IAPP",2.69630224592895
"IARS2P1",2.69630224592895
"IDH1-AS1",2.69630224592895
"IFITM4P",2.69630224592895
"IFNA2",2.69630224592895
"IFNA6",2.69630224592895
"IFNB1",2.69630224592895
"IFNW1",2.69630224592895
"IGHJ3P",2.69630224592895
"IGHV2OR16-5",2.69630224592895
"IGKV2-36",2.69630224592895
"IGLL1",2.69630224592895
"IGLL3P",2.69630224592895
"IGLV3-6",2.69630224592895
"IGSF23",2.69630224592895
"IHH",2.69630224592895
"IKBKB-DT",2.69630224592895
"IL17C",2.69630224592895
"IL1R1-AS1",2.69630224592895
"IL27RA",2.69630224592895
"IL4",2.69630224592895
"IMMTP1",2.69630224592895
"INCR1",2.69630224592895
"ING2-DT",2.69630224592895
"INSM1",2.69630224592895
"ITGB2-AS1",2.69630224592895
"ITPR1-DT",2.69630224592895
"KCNF1",2.69630224592895
"KCNG4",2.69630224592895
"KCNIP4",2.69630224592895
"KCNIP4-IT1",2.69630224592895
"KCNJ4",2.69630224592895
"KCNQ1",2.69630224592895
"KGD4",2.69630224592895
"KIAA1143P2",2.69630224592895
"KIAA1191P2",2.69630224592895
"KIR2DL5B",2.69630224592895
"KIR2DS3",2.69630224592895
"KIRREL3-AS2",2.69630224592895
"KLK15",2.69630224592895
"KLRF2",2.69630224592895
"KPNB1P1",2.69630224592895
"KRT18P28",2.69630224592895
"KRT18P32",2.69630224592895
"KRT18P38",2.69630224592895
"KRT18P64",2.69630224592895
"KRT18P68",2.69630224592895
"KRT19P2",2.69630224592895
"KRT26",2.69630224592895
"KRT8P14",2.69630224592895
"KRT8P32",2.69630224592895
"KRT8P6",2.69630224592895
"KRT8P8",2.69630224592895
"KRTAP10-1",2.69630224592895
"KRTAP10-4",2.69630224592895
"KRTAP16-1",2.69630224592895
"KRTAP24-1",2.69630224592895
"KRTAP4-3",2.69630224592895
"KRTAP4-8",2.69630224592895
"KRTAP7-1",2.69630224592895
"KRTAP9-4",2.69630224592895
"LAIR2",2.69630224592895
"LAMC1-AS1",2.69630224592895
"LAP3P1",2.69630224592895
"LAP3P2",2.69630224592895
"LCAL1",2.69630224592895
"LCEP3",2.69630224592895
"LDLRAD4-AS3",2.69630224592895
"LEFTY2",2.69630224592895
"LETM1P1",2.69630224592895
"LINC00114",2.69630224592895
"LINC00161",2.69630224592895
"LINC00237",2.69630224592895
"LINC00243",2.69630224592895
"LINC00261",2.69630224592895
"LINC00347",2.69630224592895
"LINC00349",2.69630224592895
"LINC00355",2.69630224592895
"LINC00375",2.69630224592895
"LINC00391",2.69630224592895
"LINC00454",2.69630224592895
"LINC00460",2.69630224592895
"LINC00462",2.69630224592895
"LINC00486",2.69630224592895
"LINC00487",2.69630224592895
"LINC00560",2.69630224592895
"LINC00562",2.69630224592895
"LINC00563",2.69630224592895
"LINC00605",2.69630224592895
"LINC00620",2.69630224592895
"LINC00671",2.69630224592895
"LINC00703",2.69630224592895
"LINC00838",2.69630224592895
"LINC00857",2.69630224592895
"LINC00880",2.69630224592895
"LINC00896",2.69630224592895
"LINC00921",2.69630224592895
"LINC00924",2.69630224592895
"LINC00928",2.69630224592895
"LINC00934",2.69630224592895
"LINC01003",2.69630224592895
"LINC01028",2.69630224592895
"LINC01040",2.69630224592895
"LINC01047",2.69630224592895
"LINC01089",2.69630224592895
"LINC01166",2.69630224592895
"LINC01167",2.69630224592895
"LINC01179",2.69630224592895
"LINC01224",2.69630224592895
"LINC01231",2.69630224592895
"LINC01237",2.69630224592895
"LINC01238",2.69630224592895
"LINC01250",2.69630224592895
"LINC01254",2.69630224592895
"LINC01257",2.69630224592895
"LINC01260",2.69630224592895
"LINC01339",2.69630224592895
"LINC01343",2.69630224592895
"LINC01363",2.69630224592895
"LINC01402",2.69630224592895
"LINC01426",2.69630224592895
"LINC01427",2.69630224592895
"LINC01436",2.69630224592895
"LINC01447",2.69630224592895
"LINC01448",2.69630224592895
"LINC01451",2.69630224592895
"LINC01467",2.69630224592895
"LINC01470",2.69630224592895
"LINC01499",2.69630224592895
"LINC01500",2.69630224592895
"LINC01531",2.69630224592895
"LINC01533",2.69630224592895
"LINC01555",2.69630224592895
"LINC01563",2.69630224592895
"LINC01583",2.69630224592895
"LINC01592",2.69630224592895
"LINC01629",2.69630224592895
"LINC01643",2.69630224592895
"LINC01647",2.69630224592895
"LINC01659",2.69630224592895
"LINC01671",2.69630224592895
"LINC01676",2.69630224592895
"LINC01689",2.69630224592895
"LINC01709",2.69630224592895
"LINC01770",2.69630224592895
"LINC01772",2.69630224592895
"LINC01779",2.69630224592895
"LINC01781",2.69630224592895
"LINC01783",2.69630224592895
"LINC01811",2.69630224592895
"LINC01823",2.69630224592895
"LINC01824",2.69630224592895
"LINC01843",2.69630224592895
"LINC01852",2.69630224592895
"LINC01857",2.69630224592895
"LINC01877",2.69630224592895
"LINC01900",2.69630224592895
"LINC01903",2.69630224592895
"LINC01907",2.69630224592895
"LINC01910",2.69630224592895
"LINC01919",2.69630224592895
"LINC01923",2.69630224592895
"LINC01932",2.69630224592895
"LINC01933",2.69630224592895
"LINC01940",2.69630224592895
"LINC01945",2.69630224592895
"LINC01954",2.69630224592895
"LINC01978",2.69630224592895
"LINC01994",2.69630224592895
"LINC01995",2.69630224592895
"LINC02018",2.69630224592895
"LINC02025",2.69630224592895
"LINC02033",2.69630224592895
"LINC02042",2.69630224592895
"LINC02047",2.69630224592895
"LINC02048",2.69630224592895
"LINC02064",2.69630224592895
"LINC02071",2.69630224592895
"LINC02075",2.69630224592895
"LINC02101",2.69630224592895
"LINC02128",2.69630224592895
"LINC02172",2.69630224592895
"LINC02186",2.69630224592895
"LINC02199",2.69630224592895
"LINC02202",2.69630224592895
"LINC02225",2.69630224592895
"LINC02226",2.69630224592895
"LINC02232",2.69630224592895
"LINC02236",2.69630224592895
"LINC02237",2.69630224592895
"LINC02250",2.69630224592895
"LINC02266",2.69630224592895
"LINC02268",2.69630224592895
"LINC02274",2.69630224592895
"LINC02290",2.69630224592895
"LINC02303",2.69630224592895
"LINC02346",2.69630224592895
"LINC02387",2.69630224592895
"LINC02389",2.69630224592895
"LINC02391",2.69630224592895
"LINC02418",2.69630224592895
"LINC02431",2.69630224592895
"LINC02465",2.69630224592895
"LINC02472",2.69630224592895
"LINC02473",2.69630224592895
"LINC02583",2.69630224592895
"LINC02593",2.69630224592895
"LINC02602",2.69630224592895
"LINC02660",2.69630224592895
"LINC02664",2.69630224592895
"LINC02669",2.69630224592895
"LINC02688",2.69630224592895
"LINC02715",2.69630224592895
"LINC02733",2.69630224592895
"LINC02749",2.69630224592895
"LINC02781",2.69630224592895
"LINC02815",2.69630224592895
"LINC02828",2.69630224592895
"LINC02833",2.69630224592895
"LINC02837",2.69630224592895
"LINC02840",2.69630224592895
"LINC02846",2.69630224592895
"LINC02857",2.69630224592895
"LINC02873",2.69630224592895
"LINC02880",2.69630224592895
"LINC02925",2.69630224592895
"LINC02927",2.69630224592895
"LINC02944",2.69630224592895
"LINC02961",2.69630224592895
"LINC02981",2.69630224592895
"LINC02994",2.69630224592895
"LINC02996",2.69630224592895
"LINC03002",2.69630224592895
"LINC03011",2.69630224592895
"LINC03014",2.69630224592895
"LINC03015",2.69630224592895
"LINC03020",2.69630224592895
"LINC03021",2.69630224592895
"LINC03025",2.69630224592895
"LINC03052",2.69630224592895
"LINC03065",2.69630224592895
"LINC03070",2.69630224592895
"LINC03074",2.69630224592895
"LINC03125",2.69630224592895
"LINC03135",2.69630224592895
"LINC03152",2.69630224592895
"LL22NC03-13G6.2",2.69630224592895
"LL22NC03-63E9.3",2.69630224592895
"LMNTD1",2.69630224592895
"LNCBRM",2.69630224592895
"LNCROPM",2.69630224592895
"LNX1-AS1",2.69630224592895
"LNX1-AS2",2.69630224592895
"LOC100128317",2.69630224592895
"LOC100128833",2.69630224592895
"LOC100129527",2.69630224592895
"LOC100130268",2.69630224592895
"LOC100130748",2.69630224592895
"LOC100131041",2.69630224592895
"LOC100289037",2.69630224592895
"LOC100419170",2.69630224592895
"LOC100419356",2.69630224592895
"LOC100419503",2.69630224592895
"LOC100419506",2.69630224592895
"LOC100419891",2.69630224592895
"LOC100419894",2.69630224592895
"LOC100420057",2.69630224592895
"LOC100420642",2.69630224592895
"LOC100421173",2.69630224592895
"LOC100421330",2.69630224592895
"LOC100421620",2.69630224592895
"LOC100421692",2.69630224592895
"LOC100422022",2.69630224592895
"LOC100422188",2.69630224592895
"LOC100422334",2.69630224592895
"LOC100422398",2.69630224592895
"LOC100505782",2.69630224592895
"LOC100505942",2.69630224592895
"LOC100506281",2.69630224592895
"LOC100507250",2.69630224592895
"LOC100507403",2.69630224592895
"LOC100533631",2.69630224592895
"LOC100652758",2.69630224592895
"LOC101060067",2.69630224592895
"LOC101927042",2.69630224592895
"LOC101927131",2.69630224592895
"LOC101927141",2.69630224592895
"LOC101927235",2.69630224592895
"LOC101927237",2.69630224592895
"LOC101927259",2.69630224592895
"LOC101927377",2.69630224592895
"LOC101927413",2.69630224592895
"LOC101927468",2.69630224592895
"LOC101927483",2.69630224592895
"LOC101927573",2.69630224592895
"LOC101927702",2.69630224592895
"LOC101927793",2.69630224592895
"LOC101927993",2.69630224592895
"LOC101928007",2.69630224592895
"LOC101928105",2.69630224592895
"LOC101928230",2.69630224592895
"LOC101928264",2.69630224592895
"LOC101928295",2.69630224592895
"LOC101928373",2.69630224592895
"LOC101928416",2.69630224592895
"LOC101928450",2.69630224592895
"LOC101928517",2.69630224592895
"LOC101928733",2.69630224592895
"LOC101928735",2.69630224592895
"LOC101928868",2.69630224592895
"LOC101929031",2.69630224592895
"LOC101929124",2.69630224592895
"LOC101929227",2.69630224592895
"LOC101929563",2.69630224592895
"LOC101929577",2.69630224592895
"LOC101929578",2.69630224592895
"LOC101929609",2.69630224592895
"LOC101929662",2.69630224592895
"LOC101929698",2.69630224592895
"LOC102467226",2.69630224592895
"LOC102723347",2.69630224592895
"LOC102723639",2.69630224592895
"LOC102723791",2.69630224592895
"LOC102724323",2.69630224592895
"LOC102724646",2.69630224592895
"LOC102724904",2.69630224592895
"LOC102725023",2.69630224592895
"LOC105274304",2.69630224592895
"LOC105369527",2.69630224592895
"LOC105369612",2.69630224592895
"LOC105369655",2.69630224592895
"LOC105369757",2.69630224592895
"LOC105369911",2.69630224592895
"LOC105369935",2.69630224592895
"LOC105370024",2.69630224592895
"LOC105370291",2.69630224592895
"LOC105370532",2.69630224592895
"LOC105370600",2.69630224592895
"LOC105370781",2.69630224592895
"LOC105370787",2.69630224592895
"LOC105370934",2.69630224592895
"LOC105370969",2.69630224592895
"LOC105371062",2.69630224592895
"LOC105371102",2.69630224592895
"LOC105371223",2.69630224592895
"LOC105371272",2.69630224592895
"LOC105371456",2.69630224592895
"LOC105371640",2.69630224592895
"LOC105371689",2.69630224592895
"LOC105371710",2.69630224592895
"LOC105371773",2.69630224592895
"LOC105371841",2.69630224592895
"LOC105372089",2.69630224592895
"LOC105372140",2.69630224592895
"LOC105372146",2.69630224592895
"LOC105372151",2.69630224592895
"LOC105372161",2.69630224592895
"LOC105372244",2.69630224592895
"LOC105372316",2.69630224592895
"LOC105372441",2.69630224592895
"LOC105372555",2.69630224592895
"LOC105372564",2.69630224592895
"LOC105372668",2.69630224592895
"LOC105372710",2.69630224592895
"LOC105372725",2.69630224592895
"LOC105372969",2.69630224592895
"LOC105372980",2.69630224592895
"LOC105373044",2.69630224592895
"LOC105373175",2.69630224592895
"LOC105373180",2.69630224592895
"LOC105373289",2.69630224592895
"LOC105373334",2.69630224592895
"LOC105373418",2.69630224592895
"LOC105373949",2.69630224592895
"LOC105373999",2.69630224592895
"LOC105374041",2.69630224592895
"LOC105374058",2.69630224592895
"LOC105374059",2.69630224592895
"LOC105374060",2.69630224592895
"LOC105374191",2.69630224592895
"LOC105374338",2.69630224592895
"LOC105374655",2.69630224592895
"LOC105374661",2.69630224592895
"LOC105374768",2.69630224592895
"LOC105374852",2.69630224592895
"LOC105374988",2.69630224592895
"LOC105375021",2.69630224592895
"LOC105375022",2.69630224592895
"LOC105375102",2.69630224592895
"LOC105375118",2.69630224592895
"LOC105375206",2.69630224592895
"LOC105375259",2.69630224592895
"LOC105375358",2.69630224592895
"LOC105375387",2.69630224592895
"LOC105375448",2.69630224592895
"LOC105375553",2.69630224592895
"LOC105375638",2.69630224592895
"LOC105375707",2.69630224592895
"LOC105375713",2.69630224592895
"LOC105375741",2.69630224592895
"LOC105375815",2.69630224592895
"LOC105375933",2.69630224592895
"LOC105376086",2.69630224592895
"LOC105376096",2.69630224592895
"LOC105376292",2.69630224592895
"LOC105376367",2.69630224592895
"LOC105376380",2.69630224592895
"LOC105376409",2.69630224592895
"LOC105376481",2.69630224592895
"LOC105376899",2.69630224592895
"LOC105377198",2.69630224592895
"LOC105377209",2.69630224592895
"LOC105377315",2.69630224592895
"LOC105377488",2.69630224592895
"LOC105377557",2.69630224592895
"LOC105377613",2.69630224592895
"LOC105377795",2.69630224592895
"LOC105377940",2.69630224592895
"LOC105378044",2.69630224592895
"LOC105378287",2.69630224592895
"LOC105378402",2.69630224592895
"LOC105378414",2.69630224592895
"LOC105378473",2.69630224592895
"LOC105378644",2.69630224592895
"LOC105378998",2.69630224592895
"LOC105379047",2.69630224592895
"LOC105379087",2.69630224592895
"LOC105379130",2.69630224592895
"LOC105379327",2.69630224592895
"LOC105379349",2.69630224592895
"LOC105379350",2.69630224592895
"LOC105379352",2.69630224592895
"LOC105379442",2.69630224592895
"LOC105379562",2.69630224592895
"LOC107984195",2.69630224592895
"LOC107984385",2.69630224592895
"LOC107984827",2.69630224592895
"LOC107984851",2.69630224592895
"LOC107984888",2.69630224592895
"LOC107985203",2.69630224592895
"LOC107985213",2.69630224592895
"LOC107985327",2.69630224592895
"LOC107985345",2.69630224592895
"LOC107985433",2.69630224592895
"LOC107985579",2.69630224592895
"LOC107986001",2.69630224592895
"LOC107986087",2.69630224592895
"LOC107986178",2.69630224592895
"LOC107986382",2.69630224592895
"LOC107986482",2.69630224592895
"LOC107986494",2.69630224592895
"LOC107986524",2.69630224592895
"LOC107986528",2.69630224592895
"LOC107986550",2.69630224592895
"LOC107986669",2.69630224592895
"LOC107986777",2.69630224592895
"LOC107987014",2.69630224592895
"LOC107987059",2.69630224592895
"LOC107987142",2.69630224592895
"LOC107987165",2.69630224592895
"LOC112267859",2.69630224592895
"LOC112267901",2.69630224592895
"LOC112267914",2.69630224592895
"LOC112268354",2.69630224592895
"LOC124900183",2.69630224592895
"LOC124900192",2.69630224592895
"LOC124900214",2.69630224592895
"LOC124900224",2.69630224592895
"LOC124900256",2.69630224592895
"LOC124900312",2.69630224592895
"LOC124900361",2.69630224592895
"LOC124900429",2.69630224592895
"LOC124900430",2.69630224592895
"LOC124900450",2.69630224592895
"LOC124900538",2.69630224592895
"LOC124900564",2.69630224592895
"LOC124900568",2.69630224592895
"LOC124900572",2.69630224592895
"LOC124900957",2.69630224592895
"LOC124901018",2.69630224592895
"LOC124901020",2.69630224592895
"LOC124901026",2.69630224592895
"LOC124901121",2.69630224592895
"LOC124901146",2.69630224592895
"LOC124901166",2.69630224592895
"LOC124901238",2.69630224592895
"LOC124901407",2.69630224592895
"LOC124901426",2.69630224592895
"LOC124901429",2.69630224592895
"LOC124901462",2.69630224592895
"LOC124901521",2.69630224592895
"LOC124901641",2.69630224592895
"LOC124901947",2.69630224592895
"LOC124901966",2.69630224592895
"LOC124901990",2.69630224592895
"LOC124902010",2.69630224592895
"LOC124902022",2.69630224592895
"LOC124902105",2.69630224592895
"LOC124902157",2.69630224592895
"LOC124902199",2.69630224592895
"LOC124902229",2.69630224592895
"LOC124902571",2.69630224592895
"LOC124902828",2.69630224592895
"LOC124902847",2.69630224592895
"LOC124902860",2.69630224592895
"LOC124902936",2.69630224592895
"LOC124902940",2.69630224592895
"LOC124902986",2.69630224592895
"LOC124902995",2.69630224592895
"LOC124903050",2.69630224592895
"LOC124903132",2.69630224592895
"LOC124903142",2.69630224592895
"LOC124903236",2.69630224592895
"LOC124903249",2.69630224592895
"LOC124903319",2.69630224592895
"LOC124903416",2.69630224592895
"LOC124903519",2.69630224592895
"LOC124903677",2.69630224592895
"LOC124903708",2.69630224592895
"LOC124903852",2.69630224592895
"LOC124904068",2.69630224592895
"LOC124904092",2.69630224592895
"LOC124904259",2.69630224592895
"LOC124904280",2.69630224592895
"LOC124904498",2.69630224592895
"LOC124904542",2.69630224592895
"LOC124904554",2.69630224592895
"LOC124904601",2.69630224592895
"LOC124904643",2.69630224592895
"LOC124904699",2.69630224592895
"LOC124904767",2.69630224592895
"LOC124904772",2.69630224592895
"LOC124904868",2.69630224592895
"LOC124904877",2.69630224592895
"LOC124904983",2.69630224592895
"LOC124905079",2.69630224592895
"LOC124905134",2.69630224592895
"LOC124905214",2.69630224592895
"LOC124905614",2.69630224592895
"LOC124905615",2.69630224592895
"LOC124905616",2.69630224592895
"LOC124905618",2.69630224592895
"LOC124905619",2.69630224592895
"LOC124905620",2.69630224592895
"LOC124905621",2.69630224592895
"LOC124905624",2.69630224592895
"LOC124905625",2.69630224592895
"LOC124905626",2.69630224592895
"LOC124905628",2.69630224592895
"LOC124905629",2.69630224592895
"LOC124905716",2.69630224592895
"LOC124905951",2.69630224592895
"LOC124905969",2.69630224592895
"LOC124906119",2.69630224592895
"LOC124906233",2.69630224592895
"LOC124906350",2.69630224592895
"LOC124906556",2.69630224592895
"LOC124906685",2.69630224592895
"LOC124906839",2.69630224592895
"LOC124906869",2.69630224592895
"LOC124906892",2.69630224592895
"LOC124907582",2.69630224592895
"LOC124907871",2.69630224592895
"LOC124907891",2.69630224592895
"LOC124907894",2.69630224592895
"LOC124908011",2.69630224592895
"LOC124908978",2.69630224592895
"LOC124908979",2.69630224592895
"LOC124908981",2.69630224592895
"LOC124909197",2.69630224592895
"LOC124909294",2.69630224592895
"LOC124909306",2.69630224592895
"LOC124909318",2.69630224592895
"LOC124909320",2.69630224592895
"LOC124909330",2.69630224592895
"LOC124909376",2.69630224592895
"LOC124909377",2.69630224592895
"LOC124909384",2.69630224592895
"LOC124909435",2.69630224592895
"LOC124909496",2.69630224592895
"LOC127898556",2.69630224592895
"LOC127898557",2.69630224592895
"LOC128071543",2.69630224592895
"LOC128136",2.69630224592895
"LOC128966595",2.69630224592895
"LOC128966599",2.69630224592895
"LOC128966647",2.69630224592895
"LOC128966655",2.69630224592895
"LOC339166",2.69630224592895
"LOC391674",2.69630224592895
"LOC401589",2.69630224592895
"LOC651644",2.69630224592895
"LOC652549",2.69630224592895
"LOC728158",2.69630224592895
"LOC729141",2.69630224592895
"LRRC53",2.69630224592895
"LRRFIP2P1",2.69630224592895
"LSINCT5",2.69630224592895
"LY6G6F",2.69630224592895
"MACC1-AS1",2.69630224592895
"MAFTRR",2.69630224592895
"MAGEA9",2.69630224592895
"MAGEA9B",2.69630224592895
"MAGEB4",2.69630224592895
"MAGI1-AS1",2.69630224592895
"MANEA-DT",2.69630224592895
"MAPRE3-AS1",2.69630224592895
"MC4R",2.69630224592895
"MEIOB",2.69630224592895
"MESTP3",2.69630224592895
"METTL15P3",2.69630224592895
"METTL21EP",2.69630224592895
"MICALL2-DT",2.69630224592895
"MICB-DT",2.69630224592895
"MIR106AHG",2.69630224592895
"MIR1233-1",2.69630224592895
"MIR1238",2.69630224592895
"MIR124-1HG",2.69630224592895
"MIR124-2HG",2.69630224592895
"MIR1266",2.69630224592895
"MIR1271",2.69630224592895
"MIR1287",2.69630224592895
"MIR1299",2.69630224592895
"MIR1302-3",2.69630224592895
"MIR1307",2.69630224592895
"MIR145",2.69630224592895
"MIR16-1",2.69630224592895
"MIR17",2.69630224592895
"MIR194-1",2.69630224592895
"MIR218-2",2.69630224592895
"MIR26A2",2.69630224592895
"MIR26B",2.69630224592895
"MIR301A",2.69630224592895
"MIR301B",2.69630224592895
"MIR3135A",2.69630224592895
"MIR3150BHG",2.69630224592895
"MIR320B1",2.69630224592895
"MIR331",2.69630224592895
"MIR339",2.69630224592895
"MIR346",2.69630224592895
"MIR3662",2.69630224592895
"MIR374A",2.69630224592895
"MIR378A",2.69630224592895
"MIR381",2.69630224592895
"MIR3908",2.69630224592895
"MIR3911",2.69630224592895
"MIR3973",2.69630224592895
"MIR411",2.69630224592895
"MIR4256",2.69630224592895
"MIR4261",2.69630224592895
"MIR4296",2.69630224592895
"MIR4537",2.69630224592895
"MIR455",2.69630224592895
"MIR4668",2.69630224592895
"MIR4673",2.69630224592895
"MIR4711",2.69630224592895
"MIR4733HG",2.69630224592895
"MIR4774",2.69630224592895
"MIR500A",2.69630224592895
"MIR541",2.69630224592895
"MIR548AJ2",2.69630224592895
"MIR548C",2.69630224592895
"MIR548H4",2.69630224592895
"MIR548I2",2.69630224592895
"MIR548N",2.69630224592895
"MIR548W",2.69630224592895
"MIR548Z",2.69630224592895
"MIR561",2.69630224592895
"MIR580",2.69630224592895
"MIR589",2.69630224592895
"MIR612",2.69630224592895
"MIR613",2.69630224592895
"MIR617",2.69630224592895
"MIR624",2.69630224592895
"MIR628",2.69630224592895
"MIR634",2.69630224592895
"MIR646",2.69630224592895
"MIR6500",2.69630224592895
"MIR664A",2.69630224592895
"MIR6871",2.69630224592895
"MIR6886",2.69630224592895
"MIR758",2.69630224592895
"MIR7851",2.69630224592895
"MIR874",2.69630224592895
"MIR877",2.69630224592895
"MIR889",2.69630224592895
"MIR942",2.69630224592895
"MIRLET7D",2.69630224592895
"MLN",2.69630224592895
"MOGAT3",2.69630224592895
"MORF4L1P4",2.69630224592895
"MRGPRX4",2.69630224592895
"MRLN",2.69630224592895
"MRPL23-AS1",2.69630224592895
"MRPL35P1",2.69630224592895
"MRPS15P1",2.69630224592895
"MRPS31P1",2.69630224592895
"MRPS36P3",2.69630224592895
"MTA1-DT",2.69630224592895
"MTCO1P11",2.69630224592895
"MTCO1P14",2.69630224592895
"MTCO3P11",2.69630224592895
"MTCYBP18",2.69630224592895
"MTCYBP3",2.69630224592895
"MTHFD2P3",2.69630224592895
"MTND1P21",2.69630224592895
"MTND1P36",2.69630224592895
"MTND1P8",2.69630224592895
"MTND1P9",2.69630224592895
"MTND2P30",2.69630224592895
"MTND4P23",2.69630224592895
"MTND4P24",2.69630224592895
"MTND4P26",2.69630224592895
"MTND5P11",2.69630224592895
"MTND5P2",2.69630224592895
"MTND6P5",2.69630224592895
"MUC4",2.69630224592895
"MUCL3",2.69630224592895
"MYCNOS",2.69630224592895
"MYL7",2.69630224592895
"NAMPT-AS1",2.69630224592895
"NAMPTP3",2.69630224592895
"NAP1L6P",2.69630224592895
"NARS1P2",2.69630224592895
"NCR1",2.69630224592895
"NDUFAF2P1",2.69630224592895
"NDUFB4P5",2.69630224592895
"NDUFV2-AS1",2.69630224592895
"NECAB2",2.69630224592895
"NEK2-DT",2.69630224592895
"NEUROG2",2.69630224592895
"NF1P3",2.69630224592895
"NIFKP7",2.69630224592895
"NIFKP8",2.69630224592895
"NOL8P1",2.69630224592895
"NOP35P1",2.69630224592895
"NPB",2.69630224592895
"NPHP3-AS1",2.69630224592895
"NPM1P49",2.69630224592895
"NPM1P52",2.69630224592895
"NQO1-DT",2.69630224592895
"NQO2-AS1",2.69630224592895
"NR4A1AS",2.69630224592895
"NRAL",2.69630224592895
"NRIP3-DT",2.69630224592895
"NSMCE3",2.69630224592895
"NT5DC1P1",2.69630224592895
"NUPR2",2.69630224592895
"NUTF2P6",2.69630224592895
"OBI1-AS1",2.69630224592895
"OR10A6",2.69630224592895
"OR10G3",2.69630224592895
"OR10S1",2.69630224592895
"OR10V1",2.69630224592895
"OR10Z1",2.69630224592895
"OR11H4",2.69630224592895
"OR13C4",2.69630224592895
"OR2G2",2.69630224592895
"OR2M2",2.69630224592895
"OR2M5",2.69630224592895
"OR2T10",2.69630224592895
"OR2T2",2.69630224592895
"OR4A15",2.69630224592895
"OR4D10",2.69630224592895
"OR51B4",2.69630224592895
"OR52A1",2.69630224592895
"OR52B1P",2.69630224592895
"OR52E4",2.69630224592895
"OR52E8",2.69630224592895
"OR52K3P",2.69630224592895
"OR52P2P",2.69630224592895
"OR56A4",2.69630224592895
"OR56B4",2.69630224592895
"OR5B15P",2.69630224592895
"OR5B2",2.69630224592895
"OR5H6",2.69630224592895
"OR6C6",2.69630224592895
"OR6K1P",2.69630224592895
"OR6Y1",2.69630224592895
"OR7E116P",2.69630224592895
"OR7E121P",2.69630224592895
"OR7E18P",2.69630224592895
"OR8B4",2.69630224592895
"OR8F1P",2.69630224592895
"OR8G3",2.69630224592895
"OR8K5",2.69630224592895
"OR9A1P",2.69630224592895
"OR9A4",2.69630224592895
"OSTCP3",2.69630224592895
"OTX2",2.69630224592895
"PABPN1L",2.69630224592895
"PAQR9-AS1",2.69630224592895
"PART1",2.69630224592895
"PATE3",2.69630224592895
"PCAT18",2.69630224592895
"PCBP2P3",2.69630224592895
"PCDHA2",2.69630224592895
"PCHILR",2.69630224592895
"PDGFA-DT",2.69630224592895
"PDZRN3-AS1",2.69630224592895
"PEBP4-AS1",2.69630224592895
"PEG13",2.69630224592895
"PELO-AS1",2.69630224592895
"PFN3",2.69630224592895
"PHB1P4",2.69630224592895
"PHB1P5",2.69630224592895
"PHGR1",2.69630224592895
"PI4K2B-DT",2.69630224592895
"PIK3CD-AS2",2.69630224592895
"PITPNM2-AS1",2.69630224592895
"PLA2G2C",2.69630224592895
"PLA2G4E-AS1",2.69630224592895
"PLPPR1",2.69630224592895
"PNPLA5",2.69630224592895
"POLR1HASP",2.69630224592895
"POTEB3",2.69630224592895
"PPIAP44",2.69630224592895
"PPIAP58",2.69630224592895
"PPIAP63",2.69630224592895
"PPP3R1-AS1",2.69630224592895
"PRDM13",2.69630224592895
"PRDX6-AS1",2.69630224592895
"PREP-AS1",2.69630224592895
"PRKAR1B-AS1",2.69630224592895
"PRMT5-DT",2.69630224592895
"PROSER2-AS1",2.69630224592895
"PRRT1B",2.69630224592895
"PRSS30P",2.69630224592895
"PRSS58",2.69630224592895
"PSMA2P3",2.69630224592895
"PSMB3P1",2.69630224592895
"PSMC1P3",2.69630224592895
"PSMD10P3",2.69630224592895
"PSMD2P1",2.69630224592895
"PTENP1",2.69630224592895
"PTGES3P4",2.69630224592895
"PTPRD-DT",2.69630224592895
"PTTG1P2",2.69630224592895
"R3HDML-AS1",2.69630224592895
"RABGAP1L-AS1",2.69630224592895
"RACK1P3",2.69630224592895
"RAD21-AS1",2.69630224592895
"RBBP4P3",2.69630224592895
"RBISP6",2.69630224592895
"RBM39P1",2.69630224592895
"RBMS3-AS1",2.69630224592895
"RBMY2AP",2.69630224592895
"RBMY2CP",2.69630224592895
"RBMY2FP",2.69630224592895
"RDM1P1",2.69630224592895
"RDM1P2",2.69630224592895
"REXO6P",2.69630224592895
"RHOXF1",2.69630224592895
"RHOXF1-AS1",2.69630224592895
"RIDAP2",2.69630224592895
"RLN3",2.69630224592895
"RN7SKP115",2.69630224592895
"RN7SKP158",2.69630224592895
"RN7SKP177",2.69630224592895
"RN7SKP188",2.69630224592895
"RN7SKP205",2.69630224592895
"RN7SKP253",2.69630224592895
"RN7SKP282",2.69630224592895
"RN7SKP30",2.69630224592895
"RN7SKP48",2.69630224592895
"RN7SKP64",2.69630224592895
"RN7SKP68",2.69630224592895
"RN7SKP98",2.69630224592895
"RN7SL113P",2.69630224592895
"RN7SL116P",2.69630224592895
"RN7SL127P",2.69630224592895
"RN7SL132P",2.69630224592895
"RN7SL141P",2.69630224592895
"RN7SL146P",2.69630224592895
"RN7SL15P",2.69630224592895
"RN7SL166P",2.69630224592895
"RN7SL168P",2.69630224592895
"RN7SL180P",2.69630224592895
"RN7SL181P",2.69630224592895
"RN7SL182P",2.69630224592895
"RN7SL183P",2.69630224592895
"RN7SL196P",2.69630224592895
"RN7SL197P",2.69630224592895
"RN7SL213P",2.69630224592895
"RN7SL254P",2.69630224592895
"RN7SL255P",2.69630224592895
"RN7SL261P",2.69630224592895
"RN7SL265P",2.69630224592895
"RN7SL273P",2.69630224592895
"RN7SL280P",2.69630224592895
"RN7SL283P",2.69630224592895
"RN7SL286P",2.69630224592895
"RN7SL288P",2.69630224592895
"RN7SL290P",2.69630224592895
"RN7SL294P",2.69630224592895
"RN7SL300P",2.69630224592895
"RN7SL318P",2.69630224592895
"RN7SL319P",2.69630224592895
"RN7SL328P",2.69630224592895
"RN7SL334P",2.69630224592895
"RN7SL336P",2.69630224592895
"RN7SL370P",2.69630224592895
"RN7SL376P",2.69630224592895
"RN7SL381P",2.69630224592895
"RN7SL387P",2.69630224592895
"RN7SL390P",2.69630224592895
"RN7SL416P",2.69630224592895
"RN7SL424P",2.69630224592895
"RN7SL447P",2.69630224592895
"RN7SL461P",2.69630224592895
"RN7SL484P",2.69630224592895
"RN7SL488P",2.69630224592895
"RN7SL496P",2.69630224592895
"RN7SL49P",2.69630224592895
"RN7SL539P",2.69630224592895
"RN7SL542P",2.69630224592895
"RN7SL543P",2.69630224592895
"RN7SL547P",2.69630224592895
"RN7SL555P",2.69630224592895
"RN7SL563P",2.69630224592895
"RN7SL564P",2.69630224592895
"RN7SL57P",2.69630224592895
"RN7SL591P",2.69630224592895
"RN7SL600P",2.69630224592895
"RN7SL630P",2.69630224592895
"RN7SL632P",2.69630224592895
"RN7SL650P",2.69630224592895
"RN7SL665P",2.69630224592895
"RN7SL666P",2.69630224592895
"RN7SL678P",2.69630224592895
"RN7SL688P",2.69630224592895
"RN7SL68P",2.69630224592895
"RN7SL693P",2.69630224592895
"RN7SL728P",2.69630224592895
"RN7SL750P",2.69630224592895
"RN7SL752P",2.69630224592895
"RN7SL753P",2.69630224592895
"RN7SL754P",2.69630224592895
"RN7SL760P",2.69630224592895
"RN7SL774P",2.69630224592895
"RN7SL799P",2.69630224592895
"RN7SL800P",2.69630224592895
"RN7SL801P",2.69630224592895
"RN7SL814P",2.69630224592895
"RN7SL819P",2.69630224592895
"RN7SL820P",2.69630224592895
"RN7SL824P",2.69630224592895
"RN7SL827P",2.69630224592895
"RN7SL832P",2.69630224592895
"RN7SL842P",2.69630224592895
"RN7SL846P",2.69630224592895
"RN7SL851P",2.69630224592895
"RN7SL856P",2.69630224592895
"RN7SL860P",2.69630224592895
"RN7SL863P",2.69630224592895
"RN7SL870P",2.69630224592895
"RN7SL96P",2.69630224592895
"RN7SL98P",2.69630224592895
"RNA5-8SP6",2.69630224592895
"RNA5SP160",2.69630224592895
"RNA5SP179",2.69630224592895
"RNA5SP235",2.69630224592895
"RNA5SP24",2.69630224592895
"RNA5SP305",2.69630224592895
"RNA5SP325",2.69630224592895
"RNA5SP528",2.69630224592895
"RNA5SP530",2.69630224592895
"RNASEH1-DT",2.69630224592895
"RNU1-16P",2.69630224592895
"RNU1-88P",2.69630224592895
"RNU11-6P",2.69630224592895
"RNU2-16P",2.69630224592895
"RNU2-24P",2.69630224592895
"RNU2-55P",2.69630224592895
"RNU4-9P",2.69630224592895
"RNU4ATAC18P",2.69630224592895
"RNU5E-1",2.69630224592895
"RNU6-1011P",2.69630224592895
"RNU6-101P",2.69630224592895
"RNU6-1074P",2.69630224592895
"RNU6-1237P",2.69630224592895
"RNU6-1283P",2.69630224592895
"RNU6-136P",2.69630224592895
"RNU6-325P",2.69630224592895
"RNU6-414P",2.69630224592895
"RNU6-522P",2.69630224592895
"RNU6-570P",2.69630224592895
"RNU6-599P",2.69630224592895
"RNU6-638P",2.69630224592895
"RNU6-652P",2.69630224592895
"RNU6-750P",2.69630224592895
"RNU6-795P",2.69630224592895
"RNU6ATAC14P",2.69630224592895
"RNU6ATAC24P",2.69630224592895
"RNU6ATAC26P",2.69630224592895
"RNU7-124P",2.69630224592895
"RNU7-170P",2.69630224592895
"RNU7-172P",2.69630224592895
"RNU7-8P",2.69630224592895
"RNVU1-1",2.69630224592895
"RNVU1-22",2.69630224592895
"RNVU1-32",2.69630224592895
"RNY1P11",2.69630224592895
"RNY1P14",2.69630224592895
"RNY1P16",2.69630224592895
"RPL10P13",2.69630224592895
"RPL10P17",2.69630224592895
"RPL10P4",2.69630224592895
"RPL10P8",2.69630224592895
"RPL11P1",2.69630224592895
"RPL12P26",2.69630224592895
"RPL12P6",2.69630224592895
"RPL17P19",2.69630224592895
"RPL17P2",2.69630224592895
"RPL17P30",2.69630224592895
"RPL17P41",2.69630224592895
"RPL17P5",2.69630224592895
"RPL18AP1",2.69630224592895
"RPL19P15",2.69630224592895
"RPL19P20",2.69630224592895
"RPL19P4",2.69630224592895
"RPL21P120",2.69630224592895
"RPL21P122",2.69630224592895
"RPL21P130",2.69630224592895
"RPL21P35",2.69630224592895
"RPL21P36",2.69630224592895
"RPL21P66",2.69630224592895
"RPL21P67",2.69630224592895
"RPL21P71",2.69630224592895
"RPL21P76",2.69630224592895
"RPL21P96",2.69630224592895
"RPL22P18",2.69630224592895
"RPL22P23",2.69630224592895
"RPL22P7",2.69630224592895
"RPL23AP15",2.69630224592895
"RPL23AP28",2.69630224592895
"RPL23AP47",2.69630224592895
"RPL23AP69",2.69630224592895
"RPL23AP76",2.69630224592895
"RPL23AP85",2.69630224592895
"RPL23P6",2.69630224592895
"RPL23P7",2.69630224592895
"RPL26P19",2.69630224592895
"RPL26P22",2.69630224592895
"RPL26P24",2.69630224592895
"RPL26P36",2.69630224592895
"RPL26P37",2.69630224592895
"RPL27AP3",2.69630224592895
"RPL27AP8",2.69630224592895
"RPL27P3",2.69630224592895
"RPL27P6",2.69630224592895
"RPL28P2",2.69630224592895
"RPL29P21",2.69630224592895
"RPL30P13",2.69630224592895
"RPL31P14",2.69630224592895
"RPL31P18",2.69630224592895
"RPL31P21",2.69630224592895
"RPL31P24",2.69630224592895
"RPL31P26",2.69630224592895
"RPL31P27",2.69630224592895
"RPL31P28",2.69630224592895
"RPL31P34",2.69630224592895
"RPL31P43",2.69630224592895
"RPL34P11",2.69630224592895
"RPL34P3",2.69630224592895
"RPL34P7",2.69630224592895
"RPL35AP10",2.69630224592895
"RPL35AP6",2.69630224592895
"RPL36AP26",2.69630224592895
"RPL36AP27",2.69630224592895
"RPL36AP45",2.69630224592895
"RPL36AP48",2.69630224592895
"RPL37A-DT",2.69630224592895
"RPL37P13",2.69630224592895
"RPL37P17",2.69630224592895
"RPL37P7",2.69630224592895
"RPL3P7",2.69630224592895
"RPL3P8",2.69630224592895
"RPL3P9",2.69630224592895
"RPL41P2",2.69630224592895
"RPL4P5",2.69630224592895
"RPL5P13",2.69630224592895
"RPL5P20",2.69630224592895
"RPL5P22",2.69630224592895
"RPL5P28",2.69630224592895
"RPL5P6",2.69630224592895
"RPL6P17",2.69630224592895
"RPL6P27",2.69630224592895
"RPL6P29",2.69630224592895
"RPL6P30",2.69630224592895
"RPL6P7",2.69630224592895
"RPL7AP29",2.69630224592895
"RPL7AP40",2.69630224592895
"RPL7AP50",2.69630224592895
"RPL7AP52",2.69630224592895
"RPL7P20",2.69630224592895
"RPL7P44",2.69630224592895
"RPL7P48",2.69630224592895
"RPL8P3",2.69630224592895
"RPL9P14",2.69630224592895
"RPS10P12",2.69630224592895
"RPS11P4",2.69630224592895
"RPS12P20",2.69630224592895
"RPS12P28",2.69630224592895
"RPS12P29",2.69630224592895
"RPS12P9",2.69630224592895
"RPS13P8",2.69630224592895
"RPS15AP19",2.69630224592895
"RPS15AP23",2.69630224592895
"RPS15AP3",2.69630224592895
"RPS15AP35",2.69630224592895
"RPS15AP36",2.69630224592895
"RPS15AP37",2.69630224592895
"RPS16P4",2.69630224592895
"RPS16P7",2.69630224592895
"RPS17P1",2.69630224592895
"RPS17P10",2.69630224592895
"RPS18P3",2.69630224592895
"RPS18P6",2.69630224592895
"RPS18P7",2.69630224592895
"RPS19P5",2.69630224592895
"RPS20P6",2.69630224592895
"RPS23P8",2.69630224592895
"RPS24P4",2.69630224592895
"RPS25P10",2.69630224592895
"RPS25P7",2.69630224592895
"RPS26P4",2.69630224592895
"RPS26P46",2.69630224592895
"RPS26P59",2.69630224592895
"RPS27AP1",2.69630224592895
"RPS2P1",2.69630224592895
"RPS2P13",2.69630224592895
"RPS2P15",2.69630224592895
"RPS2P18",2.69630224592895
"RPS2P21",2.69630224592895
"RPS2P45",2.69630224592895
"RPS3AP1",2.69630224592895
"RPS3AP11",2.69630224592895
"RPS3AP15",2.69630224592895
"RPS3AP22",2.69630224592895
"RPS3AP24",2.69630224592895
"RPS3AP32",2.69630224592895
"RPS3AP4",2.69630224592895
"RPS3AP43",2.69630224592895
"RPS3AP52",2.69630224592895
"RPS4XP13",2.69630224592895
"RPS5P3",2.69630224592895
"RPS6P1",2.69630224592895
"RPS7P12",2.69630224592895
"RPS7P6",2.69630224592895
"RPS8P5",2.69630224592895
"RPS8P7",2.69630224592895
"RPSAP25",2.69630224592895
"RPSAP33",2.69630224592895
"RPSAP42",2.69630224592895
"SALL4P4",2.69630224592895
"SAP18P1",2.69630224592895
"SCARNA18B",2.69630224592895
"SDCBPP3",2.69630224592895
"SENCR",2.69630224592895
"SEPTIN14",2.69630224592895
"SEPTIN9",2.69630224592895
"SERF1AP1",2.69630224592895
"SERPINA10",2.69630224592895
"SF3B4P1",2.69630224592895
"SIPA1L1-AS1",2.69630224592895
"SIRPG-AS1",2.69630224592895
"SLC12A5-AS1",2.69630224592895
"SLC12A9-AS1",2.69630224592895
"SLC16A1P1",2.69630224592895
"SLC17A1",2.69630224592895
"SLC38A2-AS1",2.69630224592895
"SLED1",2.69630224592895
"SLURP2-AS1",2.69630224592895
"SMARCE1P2",2.69630224592895
"SMIM10L2A",2.69630224592895
"SMIM2-AS1",2.69630224592895
"SMIM35",2.69630224592895
"SMIM36",2.69630224592895
"SMIM39",2.69630224592895
"SNHG18",2.69630224592895
"SNORA30B",2.69630224592895
"SNORA50B",2.69630224592895
"SNORA68B",2.69630224592895
"SNORA70D",2.69630224592895
"SNORA80A",2.69630224592895
"SNORD108",2.69630224592895
"SNORD113-6",2.69630224592895
"SNORD113-7",2.69630224592895
"SNORD114-2",2.69630224592895
"SNORD115-1",2.69630224592895
"SNORD115-13",2.69630224592895
"SNORD115-16",2.69630224592895
"SNORD115-17",2.69630224592895
"SNORD115-18",2.69630224592895
"SNORD115-19",2.69630224592895
"SNORD115-37",2.69630224592895
"SNORD1C",2.69630224592895
"SNORD35A",2.69630224592895
"SNORD43",2.69630224592895
"SNORD74B",2.69630224592895
"SNRPGP12",2.69630224592895
"SNX18P27",2.69630224592895
"SPACA6-AS1",2.69630224592895
"SPANXA1",2.69630224592895
"SPATA41",2.69630224592895
"SPATS1",2.69630224592895
"SPCS2P1",2.69630224592895
"SPICP4",2.69630224592895
"SPIN2P1",2.69630224592895
"SPMAP1",2.69630224592895
"SPSB4",2.69630224592895
"SSPN-AS1",2.69630224592895
"ST13P17",2.69630224592895
"ST13P19",2.69630224592895
"ST13P9",2.69630224592895
"STIM2-AS1",2.69630224592895
"STK33P1",2.69630224592895
"STK4-DT",2.69630224592895
"STPG3-AS1",2.69630224592895
"STX18-IT1",2.69630224592895
"SUMO2P12",2.69630224592895
"SUMO2P5",2.69630224592895
"SYNAGE",2.69630224592895
"SYNPR",2.69630224592895
"SYP-AS1",2.69630224592895
"TAAR1",2.69630224592895
"TAAR2",2.69630224592895
"TAFA3",2.69630224592895
"TAS2R9",2.69630224592895
"TEKT1",2.69630224592895
"TEX44",2.69630224592895
"TEX46",2.69630224592895
"THAP12P8",2.69630224592895
"TMEM14B-DT",2.69630224592895
"TMEM238L",2.69630224592895
"TMEM239",2.69630224592895
"TMEM246-AS1",2.69630224592895
"TMEM263-DT",2.69630224592895
"TMEM274P",2.69630224592895
"TMEM82",2.69630224592895
"TNP2",2.69630224592895
"TOB1-AS1",2.69630224592895
"TOMM6P1",2.69630224592895
"TPBGL",2.69630224592895
"TPMTP3",2.69630224592895
"TRAJ53",2.69630224592895
"TRAJ57",2.69630224592895
"TRARG1",2.69630224592895
"TRBV20OR9-2",2.69630224592895
"TRDJ3",2.69630224592895
"TRGJP2",2.69630224592895
"TRIDDENT",2.69630224592895
"TRIM31",2.69630224592895
"TRPC6P3",2.69630224592895
"TRPC6P8",2.69630224592895
"TSPAN5-DT",2.69630224592895
"TSPY10",2.69630224592895
"TSPY3",2.69630224592895
"TTC14-DT",2.69630224592895
"TTC23L-AS1",2.69630224592895
"TTTY22",2.69630224592895
"TUBAP4",2.69630224592895
"TUBAP6",2.69630224592895
"TUBB8P3",2.69630224592895
"TUBB8P8",2.69630224592895
"TXNDC8",2.69630224592895
"UBE2FP3",2.69630224592895
"UBE2V1P5",2.69630224592895
"UBXN7-AS1",2.69630224592895
"UCN3",2.69630224592895
"UGT3A1",2.69630224592895
"UICLM",2.69630224592895
"USP26",2.69630224592895
"USP9YP14",2.69630224592895
"USP9YP3",2.69630224592895
"VHLL",2.69630224592895
"VN1R21P",2.69630224592895
"VSTM2A-OT1",2.69630224592895
"VSX2",2.69630224592895
"WASL-DT",2.69630224592895
"XRCC6P4",2.69630224592895
"YPEL3-DT",2.69630224592895
"ZBTB20-AS3",2.69630224592895
"ZKSCAN8P2",2.69630224592895
"ZNF114-AS1",2.69630224592895
"ZNF277-AS1",2.69630224592895
"ZNF32-AS2",2.69630224592895
"ZNF32-AS3",2.69630224592895
"ZNF407-AS1",2.69630224592895
"ZNF426-DT",2.69630224592895
"ZNF475",2.69630224592895
"ZNF516-DT",2.69630224592895
"ZNF660",2.69630224592895
"ZNF674-AS1",2.69630224592895
"ZNF705B",2.69630224592895
"ZNF705G",2.69630224592895
"ZNF747-DT",2.69630224592895
"ZNF775-AS1",2.69630224592895
"ZNF778-DT",2.69630224592895
"ZNNT1",2.69630224592895
"ZNRF3-AS1",2.69630224592895
"RBP5",2.69505138039754
"P2RX6",2.69437255677908
"PELP1",2.6937257992904
"ISYNA1",2.69219679492904
"MYBPHL",2.69162689316192
"TMEM121",2.69087005792446
"COA4",2.69016952779659
"RNF144A",2.68993150101487
"FAM178B",2.68821235286527
"ARPC4-TTLL3",2.68768976916562
"NACAD",2.68596329911559
"LBX1-AS1",2.6857387275589
"LECT2",2.68562382684357
"RPS2P28",2.68562382684357
"RNF113B",2.68523094343534
"MROH1",2.68388823303425
"IRS2",2.68370413928179
"JPH4",2.68213903825934
"ECM2",2.68213009196862
"CSRNP2",2.68141404005403
"BAIAP3",2.68141278116764
"ARHGEF40",2.68013660900565
"CREBZF",2.67915179311283
"RBP1",2.67876523384045
"PCDHGC4",2.67855863877604
"CDKN2D",2.67850135787968
"MIF",2.67703038855158
"IGSF21",2.6736430568752
"SLC15A3",2.67352430281658
"TMEM272",2.6732213386696
"SLC16A3",2.67202226422109
"ASGR1",2.67157555997854
"PHETA2",2.67125535660437
"LOC101927572",2.67093882739705
"NOTCH3",2.67085653283386
"ZCCHC24",2.66889422114224
"ADAMTS10",2.66795122445441
"CCDC142",2.66784739219522
"ADGRA1",2.66571114632184
"ANKRD23",2.66567198136645
"ANXA10",2.66513835412984
"GGA1",2.66477381568751
"JUNB",2.66153351734521
"GSDMA",2.65985700304189
"RNPEPL1",2.65925122782319
"FKBP6P1",2.65864230357503
"ELL",2.65764126777967
"ADRM1",2.65693536700464
"FABP12",2.6551348195915
"IRF5",2.65511868494649
"SLC6A2",2.65486837095676
"ZNF341",2.65458174483385
"SIGLEC1",2.65258970336444
"CLEC1B",2.65249224403476
"ERVE-5",2.65226685383249
"FZD4-DT",2.65226685383249
"LINC01750",2.65226685383249
"PRLH",2.65226685383249
"PTPN20CP",2.65226685383249
"ATXN7L3P1",2.6521339574682
"CDH9",2.6521339574682
"HTR3C",2.6521339574682
"KPNA2P1",2.6521339574682
"MAP3K4-AS1",2.6521339574682
"PSME2P1",2.6521339574682
"ADAMTSL4-AS2",2.6503857988291
"REPIN1",2.64911462084104
"ASPSCR1",2.648569478237
"CPLANE2",2.64660824747116
"VAMP2",2.64533648746952
"PCBP4",2.64527565947467
"CDC20P1",2.64498671074902
"ZNF213-AS1",2.64214301304345
"NUMBL",2.64105301476377
"FBXO46",2.64104432474837
"CAMK1G",2.6405522265885
"GFUS",2.64015556733043
"TMEM175",2.63848299104547
"INO80E",2.63843407420373
"SCTR",2.63827405784676
"SCN5A",2.63717999110629
"RCOR2",2.6366072216642
"INF2",2.63636191802234
"RIPOR1",2.63627479449975
"TSR3",2.63375844020826
"SKI",2.63335501075849
"RELB",2.63313175977496
"FPGS",2.63290076862018
"TST",2.63271497755425
"OR2F1",2.63065639353286
"RPL35P10",2.63065639353286
"TMEM105",2.63065639353286
"SLC25A35",2.63001260215973
"B3GALT4",2.62760352748625
"ADCY1",2.62709828890883
"TET3",2.62604779818692
"KLF13",2.62481906561467
"RXFP1",2.62438975000904
"DENND1C",2.62432065698105
"PHRF1",2.62387021341059
"NPDC1",2.62378648476773
"FTCD",2.6227175275656
"TRAF2",2.62243917784651
"PRSS22",2.62203677944376
"FHAD1",2.62161935320488
"ITPR3",2.6213061942603
"ZSCAN18",2.62106157171419
"DNMT3A",2.6206557101928
"POU6F1",2.62022487783404
"UBQLN4",2.619993798927
"NHSL1",2.61739993476224
"OR6A2",2.61736477622821
"UBE2L6",2.61621747613997
"FBXL22",2.61441864498694
"ZNF775",2.6143356456597
"ASB13",2.61388914883861
"ACAP1",2.61364782216989
"RAD23A",2.61338724082189
"ABO",2.61248235685587
"SCN11A",2.61245391409977
"SLC5A2",2.6105266358022
"NOL6",2.61039823720988
"HUS1B",2.60929430353975
"PAPPA2",2.60864895415078
"TMEM86A",2.60787189397128
"MRPL38",2.60739061858581
"OR1J4",2.60733505920685
"DIRAS1",2.60694808083927
"AZIN2",2.60647117183997
"NEURL4",2.60634495578929
"SOWAHC",2.60620800532453
"HS3ST3B1",2.60542501448196
"CYP7A1",2.60524401046766
"MAN2C1",2.60485020975139
"STAB1",2.60411502143938
"CARD9",2.60332802494926
"MCRIP1",2.6031651505562
"C1QL3",2.60216409986988
"SLC34A3",2.60170166794098
"ADTRP",2.60089131039668
"CPNE9",2.6001750362952
"FDXR",2.59880138668888
"UGT2B11",2.59862560643229
"GPR35",2.59822272158487
"FLOT1",2.59808761752305
"RAB3IL1",2.59751754762477
"TRPM2",2.5958695380567
"RNF126",2.59548757549249
"BIRC5",2.59453735742127
"POLR1G",2.59417203049672
"ABCC11",2.59402117470909
"ISLR2",2.59365407928244
"G6PC1",2.59356260470484
"RPSAP12",2.5933523003426
"TCIRG1",2.59318031249077
"ASF1B",2.5921421529811
"TBX6",2.59208086527003
"SNED1",2.5920230990254
"PKD1L2",2.59115831271243
"PDZD4",2.59085351118135
"TWIST1",2.59058493305348
"CAMTA2",2.59051780399992
"U2AF1L4",2.59003291149778
"KCTD15",2.58893211974144
"PCDH7",2.58733756462048
"AFAP1L1",2.58725360760549
"SMTNL2",2.58625046886701
"PCOLCE",2.58464029013367
"RARRES2",2.583712761376
"DLK2",2.58272989518139
"NDUFB7",2.58159746927165
"DDX54",2.5807137242477
"BTG2",2.58019492963413
"RXRA",2.57909764043323
"STUB1",2.57893906606994
"NOMO3",2.57852122077617
"SRPK3",2.57755740740891
"PNRC1",2.57585785713877
"KTI12",2.57338432688285
"PPFIA4",2.57309155975764
"DLGAP3",2.57030653180616
"GNAT1",2.57029580175123
"LSR",2.57023731756015
"ANGPTL7",2.56832321944797
"SLC11A1",2.56815223781918
"DLGAP4",2.56785857595931
"ACKR5",2.56769253155387
"TMEM223",2.56623325853429
"BAD",2.56538353163091
"ADPRHL1",2.56451235216614
"TSEN34",2.56418303903518
"REPS2",2.56321503893745
"LOC101927788",2.56266181007373
"HOXA7",2.56232322098013
"PRSS36",2.56223932495935
"DLEU1-AS1",2.56147122850916
"DLEU7",2.56147122850916
"MED4-AS1",2.56147122850916
"FOXO6",2.5605893916243
"LRRC71",2.56020953749909
"MDK",2.56011857640137
"GDNF",2.55883430179163
"NES",2.55832166172141
"POPDC1-AS1",2.55824229039857
"CRELD2",2.55725741886476
"MICOS13",2.55607662757065
"TPPP",2.55596792970192
"AQP7",2.55553953238555
"ZNF831",2.55434617252445
"MDC1",2.55403447668033
"ITPKB",2.55398645923685
"DENND6B",2.55377297353365
"ARL4D",2.55173925195409
"MYCL",2.55161402352487
"ITIH6",2.55151937996076
"STRA6",2.55111401748072
"TMEM143",2.55066413672273
"ZFYVE28",2.54993855060196
"IL13",2.54928092643802
"KLF2-DT",2.54816793013685
"PCDHGA3",2.54599359027282
"GPR152",2.54574965379555
"LHX4",2.54563441719264
"NOC2LP1",2.54452659555806
"OR51J1",2.54387579479373
"HS3ST5",2.5434653830043
"CHST15",2.54338916617174
"KLC3",2.5425428366039
"CCDC86",2.54235114601862
"ZSCAN4",2.54065983438178
"HS3ST3A1",2.53818549643366
"POLL",2.53731000684084
"PCK1",2.53598445321122
"CENPT",2.5359561507435
"OR52L1",2.53584408662695
"DLX1",2.53551040677864
"FUOM",2.53456222513411
"PRRT3",2.53387555951614
"LOC105374836",2.53323575008626
"TRABD2A",2.53323575008626
"ZBTB48",2.53218802013554
"ANKK1",2.53182836018849
"PKP3",2.53168711834252
"MYO18B",2.53164443282428
"SBF1",2.53126005906918
"CCNL2",2.53125197538637
"PATL2",2.53058654480012
"TYMP",2.53025562998622
"A3GALT2",2.52984623447576
"RBPMS2",2.52863497338799
"ADGRG5",2.52693361954389
"PLA2G15",2.52592578621804
"LOC124901409",2.52515308901643
"SNX33",2.52507586794771
"KCNH7",2.52377044803684
"FTCDNL1",2.52345808383211
"GGT5",2.5220237103597
"FKBP2",2.52185184050941
"SYCE1",2.52112751932667
"PUF60",2.52098342049855
"SRC",2.52062252870612
"C22orf46P",2.51689523780132
"USP3-AS1",2.51683000087651
"LRRC75A",2.51460630643149
"ARRDC1",2.51377073519311
"HYDIN",2.51358206157527
"MAD1L1",2.51313818478989
"TMUB2",2.51273252132042
"CDCA4",2.51256633464632
"MAS1",2.51245933224439
"SPOCK2",2.51163415191065
"MGRN1",2.51149784553249
"EXD3",2.51119443710989
"JRK",2.51045338491983
"TGFA",2.51020892620529
"TPH2",2.50964685435641
"COL4A1",2.5091691636976
"AEBP1",2.50911530085243
"PRR5L",2.50899808866722
"RANGAP1",2.50799065989118
"LRRTM4",2.50773034213614
"LTBP4",2.50721247476622
"TROAP",2.50693466665899
"ZBTB17",2.50622540460456
"TSKU",2.50590169450515
"SH3BP2",2.50580612926503
"NOS3",2.50511563046944
"ZCCHC3",2.50417832564029
"RAP2B",2.50351069118343
"TECPR1",2.50197233066597
"EMID1",2.50156929842236
"PKD1P1",2.50102108879598
"LETR1",2.49911163294336
"C10orf95-AS1",2.49790213725729
"LIPT2",2.49781317111151
"DISP2",2.4957702599965
"SLC12A7",2.49559467143693
"KPNB1-DT",2.49555023945564
"DOT1L",2.49443891921765
"DLX6",2.49433297244222
"PERM1",2.49416541439349
"OR4F21",2.49380198373591
"ID1",2.49333838818029
"B3GAT3",2.49278051310716
"BCAM",2.49234059676518
"BAHD1",2.49085366785097
"TNFRSF14",2.49066001899812
"TRIB3",2.4904358175449
"MZF1",2.49038986312701
"CDPF1",2.49008978179256
"TBC1D9B",2.48939578372874
"KRT17",2.48906656147322
"KLF2",2.48866126943519
"CFAP43",2.48682685609905
"KCNA7",2.48645925928811
"FLRT2",2.48590285189475
"PACSIN3",2.48562402043824
"MISP3",2.48555005295621
"MATK",2.4843761175042
"ADAD2",2.4843495969227
"PHLDB3",2.48383648683224
"ATP6V0C",2.48330234001747
"PRAM1",2.4832804520813
"SLC28A1",2.48292453317854
"MON1A",2.48283394143379
"TAS2R8",2.48248621746404
"CPTP",2.4814468896379
"PROCA1",2.48140391304546
"DPP10",2.48070561814082
"CYP4A11",2.48062000420458
"MTA1",2.48058360420316
"TMEM160",2.48051671979494
"PLXNA3",2.47892683661559
"DCLK3",2.47879166131919
"FHDC1",2.47861215976892
"CPXM1",2.47859799897989
"MYL4",2.47813995094175
"OR2L2",2.47722445423816
"DIP2C-AS1",2.47671437232636
"ANXA2R-AS1",2.47616165738581
"ESPN",2.47586433273249
"CGAS",2.47555707390489
"BRMS1",2.47449763121607
"ABTB2",2.47381455454813
"TMEM191B",2.47348235455659
"MXD3",2.47279449574851
"TNC",2.47237285406798
"DUS1L",2.47206268599133
"SHC2",2.4714744449157
"RPS4Y2",2.46821080696137
"TSPAN4",2.46799321529814
"KCNK13",2.46791466627135
"CELSR1",2.46782680286176
"CRACR2B",2.4673156315768
"NOTUM",2.46697478281305
"SPAG8",2.46629987944775
"AUTS2",2.46580512968632
"SP8",2.46571320694764
"UNC80",2.46548138775236
"ABHD1",2.46476029584197
"RSAD1",2.46473178763715
"CALCR",2.46366701922664
"OR52I1",2.46331232512749
"FADS6",2.46150194430625
"TMEM240",2.46150194430625
"VPS37D",2.46150194430625
"NR2F1",2.46148549933258
"SLC16A13",2.46129756315442
"NLRP1",2.46113260627405
"HSP90AA6P",2.46070619594298
"EHD2",2.45899763117197
"RABL6",2.45822186496412
"NEDD8-MDP1",2.45806674621531
"ARHGAP8",2.45719165215262
"NID1",2.45639539917148
"TMEM18-DT",2.4557068997309
"CHIC1",2.45522223539255
"OTOP2",2.45498447005094
"PC",2.45404389248631
"SNN",2.45358025710955
"MAFK",2.45356542500407
"SFRP2",2.45095154283277
"AGAP2",2.4505315474939
"CNTD1",2.44881093170362
"GCATP1",2.44806732146704
"PLEKHG5",2.44781062320864
"PTPRT",2.44673523665223
"RHOB",2.44651830298835
"P2RX2",2.44620771335829
"PLEKHN1",2.44479309195836
"SYT3",2.44184788914492
"HHIP",2.44100252899822
"MAPK8IP3",2.43977890523912
"PSTPIP1",2.43972323127895
"CFAP47",2.43971406098163
"HHATL",2.43942045268324
"MXD4",2.43895429225541
"PIAS4",2.43834415979935
"FAM184B",2.43795615097333
"TMEM79",2.43791028310132
"SLC22A23",2.43599589324528
"SYTL1",2.43506006838821
"EFNB3",2.43461894388883
"PLXNB1",2.43316021061179
"SPOCK1",2.43192409941538
"BET1L",2.43069593957183
"EXOSC5",2.42886497219809
"WNT3A",2.42868589304361
"ALKBH2",2.42616930795881
"RNF225",2.42584715114584
"GNG3",2.42426877488616
"VAC14-AS1",2.42411060309169
"TNFAIP8L1",2.42332950759805
"FAM186A",2.42225692028594
"DNER",2.42171054599182
"OR52H1",2.42170377832457
"TINAG",2.42064471000109
"TMPRSS12",2.42064471000109
"BCL2L10",2.42064471000109
"LINC01567",2.42064471000109
"OR10H2",2.42064471000109
"RPL34-DT",2.42015859630268
"FGF11",2.4200511793729
"RRP12",2.41969582517961
"ZIC2",2.41962637369878
"MOSPD3",2.41852869470059
"GPR176",2.41803686210098
"JMJD7-PLA2G4B",2.41797006110915
"GFOD1",2.41735608861266
"KRT16P5",2.41699695233533
"OTOGL",2.41634177777464
"NOL3",2.41535632578052
"SOWAHA",2.41446663035751
"KLHDC7A",2.41420161502045
"RHOT2",2.41419995506321
"ITIH4",2.41338637081494
"PKN3",2.41304730830892
"BOP1",2.41248159384955
"GSE1",2.41221093639339
"SIPA1",2.4117639535449
"CMTM5",2.41097762147231
"FIBIN",2.40949961770705
"KIF21B",2.40916660065172
"MVP",2.40880431965191
"LRTM1",2.40844146572622
"HKDC1",2.40727183691783
"SORCS3",2.40490189735034
"CYGB",2.4048920483981
"C10orf67",2.40450210851522
"ITLN2",2.40439273132398
"LINC00661",2.40439273132398
"UBE2U",2.4031266036822
"INTS11",2.40132848364525
"CNTNAP4",2.40116563863396
"SIGLEC11",2.4006749723279
"TUBB3",2.40061046209169
"AMDHD2",2.40037045818291
"LRRC32",2.4003068022035
"PPM1F",2.40012227078801
"LSM11",2.39932182569422
"ICOSLG",2.39900930886428
"LOC102723996",2.39900930886428
"MPND",2.39864568508264
"NAALADL1",2.39680053352824
"GPR17",2.39659601266492
"MYOM3",2.3964036262328
"ACR",2.39606936296373
"R3HDM4",2.39532279026106
"ATP5F1AP7",2.39474463588067
"RPL21P2",2.39474463588067
"RPS2P40",2.39474463588067
"ATG2A",2.39411385631244
"GOLGA8IP",2.39363748817293
"CD164L2",2.39218832614486
"TFPI2",2.39186479840882
"KIRREL1",2.39113629483108
"IL12RB1",2.39095161721593
"TEDC2",2.39076677040957
"ARL14",2.38994906699526
"DNAAF5",2.38947551353526
"RASL12",2.38945922584853
"SLC25A18",2.38901300094179
"CRB1",2.38857559156642
"WDR18",2.38741145837839
"FOXI2",2.38723298823049
"SIM2",2.38719291466895
"FOXO1",2.38687546835091
"FCHSD1",2.38625467246487
"TMC7",2.38559554041705
"PRDM11",2.38541090939087
"ALDH3B2",2.38531236886429
"LOC100421400",2.38394778081665
"SYVN1",2.38391844199018
"PHYHIP",2.38258654706517
"PDCD6-AHRR",2.38181678340467
"SYN1",2.3815899055288
"DQX1",2.38153946776354
"RHOXF2B",2.38013804550644
"IRF2BP1",2.37833490668207
"TMEM140",2.3782723545964
"SEMA7A",2.37823454697212
"KCNIP3",2.37782706471397
"LOC107985216",2.3774665369198
"LOC124904434",2.3774665369198
"PTGDR",2.37727827774219
"LZTS1",2.37665714526247
"PDCD6IP-DT",2.37521626578436
"MYADM",2.3751198432519
"FDX2",2.37505820548245
"ETV4",2.3747059017154
"LENG1",2.37361009548189
"DENND3",2.37074908185578
"DIO3",2.37066458749744
"ACTG1P19",2.36963307860654
"FERD3L",2.36963307860654
"KIAA1210",2.36963307860654
"ATP6V1G2",2.36947245592962
"PITPNM2",2.36899428196822
"EMC10",2.36805624801744
"RAVER1",2.36682664705755
"HIC2",2.36579877235789
"ADAMTSL4-AS1",2.36560788337674
"MCL1",2.36560788337674
"SLX1A-SULT1A3",2.36531441967988
"HOXB6",2.36445995561665
"PIAS3",2.36425125088938
"LPCAT4",2.36414331471335
"IRX3",2.36379874033287
"RNF166",2.36306741409216
"MEIS3",2.36295809787927
"RPP21",2.36289766797398
"TRIM39-RPP21",2.36289766797398
"VIL1",2.36237332879134
"ARPC5",2.36137725788589
"EFHD1",2.3606385203718
"IL2RB",2.36050806548507
"SLCO1B3",2.36006218073484
"OR1K1",2.35959750556031
"NACC1",2.35787354449437
"CD300LB",2.3575894687871
"SECTM1",2.35641622860649
"TMEM129",2.35639592375291
"F8A1",2.35619885855918
"GNA12",2.35588082384194
"MAP2K7",2.35581716685067
"RELA",2.3536385978083
"U2AF2",2.35341960575388
"UNC13C",2.35302179100704
"RPUSD3",2.35298095401332
"LINC00941",2.35281818751322
"LOC645485",2.35281818751322
"SORBS3",2.35238887322655
"BRD4",2.35195284257073
"TCP11",2.35104522981766
"TBC1D10B",2.35039108252761
"USP17L15",2.35022422356028
"TMEM61",2.35000018409686
"HAPLN3",2.34859455500743
"TNNI1",2.34856645170602
"ELFN1",2.34813306615268
"LOC105375751",2.34702856462081
"PCAT1",2.34702856462081
"OTUD6B-AS1",2.34695203341786
"LRRC43",2.34494741978859
"TMEM221",2.34429081477732
"C8orf44-SGK3",2.34405217237564
"PRXL2B",2.34368442747419
"RPL10P9",2.34362850028501
"CATSPERG",2.34358764486184
"TUBAP13",2.34345901977518
"SSTR2",2.34276129049924
"BAX",2.34248353219171
"NAGS",2.3421617695937
"ENAH",2.34080888481938
"MPPE1P2",2.3403701064903
"PPP1R1C",2.33989083133234
"WDR24",2.33912953207861
"BSG",2.33794176565845
"PTGES2",2.33752472773966
"CPNE7",2.33658227910885
"CALML3",2.33476544044391
"PIM1",2.33193075386911
"KAZN",2.33113163257109
"KDM4B",2.33109702265255
"TNFAIP2",2.33084470211562
"BRI3",2.33072243711137
"CYP1A1",2.33032204077491
"TPCN2",2.33024389412208
"ESR1",2.33008909541488
"RIBC1",2.32987688216687
"LMOD2",2.32987280967011
"ACP7",2.32910562595741
"VPS51",2.32868465461879
"STK11IP",2.32868237455496
"GET4",2.32836117979104
"TRPV2",2.32770833149944
"RUSC1-AS1",2.32695094098005
"KIAA0930",2.32590437410367
"RAB42",2.32516396835234
"ZBTB7A",2.32443032872497
"OSM",2.32392010832463
"CARMIL3",2.32232428434802
"NYAP2",2.32158997309229
"KLHDC8A",2.32111715310024
"IL1RAPL2",2.32097758391745
"ART5",2.32039617758701
"WIPF1",2.32036429583578
"THBS3-AS1",2.32010721243778
"SPATA31G1",2.3194534724411
"LDLRAD3",2.31936601280793
"GRID2IP",2.31877075451881
"FOXL2",2.31873637941476
"TOP3B",2.31851345113011
"LINC01798",2.31759727852732
"LINC01799",2.31759727852732
"CCDC17",2.31758936697828
"SPARC",2.31739065218164
"FAM90A24",2.31737737401327
"LOC124906757",2.31737737401327
"PTGFRN",2.31637232878117
"LZTS3",2.31524019486804
"PIK3R6",2.31489987312503
"NGFR",2.3144003487999
"APLNR",2.31392997115533
"ABCA7",2.31382130950553
"TM4SF19-AS1",2.31371487169693
"KBTBD13",2.31324998623858
"WASHC2EP",2.31322833253948
"PPRC1",2.31305589619696
"TMEM259",2.31183502683846
"DUSP2",2.31165677954445
"SH3BP5",2.31114854306686
"TWIST2",2.31040109941966
"FIZ1",2.30686456353737
"RILPL1",2.30672084174618
"DBF4B",2.30634924931587
"TRMT1",2.30532350616717
"L3MBTL1",2.30495142170764
"SPMIP1",2.30422566592025
"TP53",2.30414738058668
"ALOXE3",2.30343884734272
"NECAB3",2.3033903656841
"PLK3",2.30329136011574
"MACROD1",2.30324475888046
"BCL2L12",2.30237577186519
"UNC79",2.30226768434437
"ZDHHC14",2.30119257279786
"PDGFRB",2.30012560564296
"TCERG1L",2.29949699846218
"TMEM108",2.29946697037446
"IRS4",2.29730580790185
"MRFAP1L1",2.29727370640282
"NOL4L",2.2969360722732
"HOXA9",2.29691430059458
"SLC13A3",2.29690238545727
"TICAM1",2.29601449180175
"RRM2",2.2945931961017
"SEMA6C",2.29455977450319
"CHRM2",2.29326500348554
"AMHR2",2.29313095373614
"DHX58",2.29280309134178
"C2orf68",2.29243436528587
"CDH22",2.29210416074143
"LHX6",2.29195322814884
"MPP2",2.29081395085818
"DNAH12",2.29080630552947
"MICAL1",2.29079073750766
"PTK7",2.29078578568364
"TGFB1I1",2.29044135974227
"CLIP2",2.29030373313466
"NUDT22",2.28985679619318
"UBE2O",2.28945526368491
"ETV7",2.28915227915446
"FOXP3",2.2884642141885
"SDSL",2.28833862335211
"MAGEE2",2.287087059048
"CLXN",2.28678052176188
"STARD8",2.28625386648607
"DHRS2",2.28574333644928
"MEIOC",2.28497005091464
"IGFBP7",2.28442448699925
"AFAP1L2",2.28238917009147
"PLA2G3",2.28180917607625
"OR2M3",2.28163779373607
"EMC6",2.2815155235265
"HCN3",2.28095888020703
"ARPIN",2.2801875373926
"DDX28",2.27996051758177
"GAS6",2.27933304927545
"CRACD",2.27927782120972
"DNAJB2",2.27888580743006
"S100A2",2.27865498340165
"FGD2",2.27857534525209
"UNK",2.27848123719054
"IGFL3",2.27720536982617
"TOMM40",2.27702354304291
"SEMA4C",2.27580961578727
"C4orf54",2.27571035574478
"MRC2",2.27479692315225
"ANTKMT",2.27272890005572
"RIPK4",2.27133882199193
"CEMP1",2.26760412041301
"MYC",2.26590559972515
"CDR2L",2.26510826611817
"DYNC2I2",2.26426417289625
"NMRK2",2.26393507346523
"CNBD2",2.26352597889767
"DLX3",2.2634877245071
"SLC67A1",2.2622684056747
"MARVELD3",2.26202721418328
"ZMYND15",2.26182612240194
"EPN1",2.26129084891235
"PKD1P6",2.26122830477056
"CRTC1",2.26005350203918
"INPP5J",2.25914671876729
"SMIM29",2.25833082188795
"UBTF",2.25774977305563
"NR4A3",2.25752892351182
"KLHL33",2.2570732690075
"LOC124902026",2.25700501217907
"OGFOD2",2.25503117610493
"FAM47A",2.25478996575537
"CATSPER4",2.25452232402801
"TMEM229B",2.25327484988714
"NR2F6",2.25194636198717
"ADGB",2.2504666299548
"DIRAS3",2.25018649252014
"IL4R",2.24950462056241
"TRIR",2.24744403252356
"IL6",2.24676574980963
"ATAD3B",2.24646764705456
"OR4M2",2.24615356665877
"TMEM101",2.24559939462038
"DPEP3",2.24545630018046
"GPR68",2.24538877050646
"FAM83H",2.24491815388931
"ATG16L2",2.24479985129701
"MYH15",2.24465130550225
"TAF1L",2.24453663054672
"NKX2-6",2.24345850309132
"DLG5",2.24339787196673
"CHRNA3",2.24332649044596
"TGIF2",2.24193485203678
"APOC1",2.24153402646259
"GNAZ",2.23942150640774
"CORO6",2.23921538955752
"NCLN",2.23910665949506
"ADRB1",2.23878957612438
"LRRC46",2.2379806072117
"PFN1",2.23762399364826
"NPY4R2",2.23744575848943
"IKZF4",2.23698176341562
"LOC124906744",2.23697934398674
"GPER1",2.23624701339107
"BDKRB2",2.23485661690641
"HNF1A",2.23424487382184
"LRCH4",2.23415541713037
"TYK2",2.23341487790744
"IL24",2.2327944396806
"VMAC",2.2322610920757
"HYI",2.23207992777125
"DNASE1L1",2.23112082345404
"CFAP157",2.23071147196981
"SEMA3B",2.2306660156347
"SIT1",2.23065719097965
"P2RY2",2.23054078070769
"HYAL3",2.23019539587983
"ARHGEF10L",2.229372567294
"PCGF3-AS1",2.22921808085898
"CCND1",2.22886341455541
"SLC27A4",2.22779118837718
"FBXL9P",2.22720388503611
"MPP4",2.22716083340445
"APOLD1",2.22509217605448
"SOCS7",2.22505820561713
"INO80D",2.22462695853851
"MND1",2.22461261597492
"B9D2",2.22306967912177
"MINK1",2.22142313043576
"FRMD1",2.22139862039771
"RASIP1",2.2207688410067
"ANKRD24",2.22019639446965
"LRRC36",2.21959747131773
"SDK1",2.21895706806924
"ANKDD1A",2.21839429081623
"TRIL",2.2183915859755
"MON1B",2.2178693405955
"SERPINF2",2.21763846132741
"ARHGAP22",2.21739347061152
"ROBO3",2.2152916279183
"HPDL",2.21397893941082
"CPLX1",2.21375690018434
"CRAMP1",2.21221215904463
"USH2A",2.21172876023019
"KLHL36",2.21164798221293
"TEX13C",2.2109227612504
"PABPC1L",2.2108681019745
"CSF1",2.21012165810932
"SIN3B",2.20888383393258
"SNAP25-AS1",2.20865685384095
"GTPBP6",2.20834276358071
"PRKAG3",2.20823728850397
"ENDOV",2.20808110745965
"ENSA",2.20776629228897
"CDK5RAP3",2.20714981369745
"COL23A1",2.20691079240655
"PROC",2.20534237218816
"SELENOH",2.20531549444707
"SLC68A1",2.20429354518896
"KLHL14",2.20410063293493
"ZNF324B",2.20353549800098
"INTS15",2.20294608304644
"INHBB",2.20275427845676
"DGKD",2.20270735686531
"LAG3",2.20182118779749
"RDH5",2.20092381509544
"IL23R",2.19905413546007
"CFAP61",2.19869711212707
"CTSW",2.19851261002291
"PCDHA5",2.19800678061789
"MEGF10",2.19667379074549
"RBM14",2.19352942585541
"TMEM91",2.19302849937686
"BLCAP",2.19219787659116
"THAP11",2.1920343827748
"GCM2",2.19172058191226
"C1QTNF5",2.1910433344238
"AMMECR1",2.19084422681846
"DBNDD1",2.19068539482419
"LOC100130357",2.19058812505614
"EEF1A1P17",2.19045321343653
"MVD",2.18918519491218
"EEF1DP4",2.18849824487998
"KCNK3",2.18848378127882
"C1orf115",2.18780141635481
"AMPD2",2.18681541642706
"EPHB4",2.18650069368609
"ZNF385C",2.18632923937136
"KLK7",2.18512494484755
"OPA3",2.18485501733883
"TRIM8",2.18417244831146
"SZT2",2.18369341735823
"VASH1",2.1825854370015
"SLC48A1",2.18184845826236
"SEPTIN3",2.18120560334887
"ANP32B",2.18113381623791
"LRP1",2.18066227853192
"SRRT",2.17993681161569
"NME4",2.17881612712395
"UQCR11",2.17783390857352
"OAZ1",2.17751408275766
"LUZP1",2.17750353139642
"ATXN2L",2.17613030557214
"ADAMTSL4",2.17470279504615
"TULP4",2.17382224497784
"MIF4GD-DT",2.17210528047492
"EEF1AKMT3",2.17198988564176
"PRSS54",2.17154174327433
"ARL16",2.17077896006639
"PRRC2B",2.16997337031573
"ADIPOR2",2.16984942464966
"IBA57",2.16934773554333
"SPMIP5",2.16915812956747
"C4orf46",2.1688937014966
"S1PR3",2.16760350788183
"LARP6",2.167392647832
"LVRN",2.16537522459837
"BTBD18",2.16487460190964
"PAX8",2.16472369771944
"ALPK2",2.16202689993254
"TMEM219",2.16083657430311
"SPTBN4",2.15895139532934
"KRT16P1",2.15888518664422
"ARSA",2.1586440715433
"NINL",2.15860730903604
"RCAN3",2.15740210422877
"SLC12A4",2.15734302112163
"CD22",2.15655438201596
"TP73",2.15634787840336
"ARC",2.1555128433025
"LOC105374378",2.1555128433025
"POLR3H",2.15513828838158
"JPT1",2.15441818423316
"GNL1",2.15414644097016
"RAB40A",2.15413333870126
"SHPK",2.15402434257934
"TRIM3",2.15382343725616
"PRSS41",2.15364873619977
"PAK5",2.15166722746935
"MYBL2",2.15139473926885
"MED16",2.15108485018067
"C1QTNF2",2.15044977511959
"MIER2",2.15018203640461
"RNF215",2.14944256809309
"KLHL32",2.14913607475081
"NFKBIE",2.14911851585541
"MYL5",2.14909105478758
"SCN8A",2.14740192074253
"SMIM13",2.14606358766645
"PDE1B",2.14534459549676
"DHX37",2.14504565037791
"ARHGAP45",2.14491958261659
"SLC22A20P",2.14268395121472
"SYT13",2.14252479532147
"NAV1",2.14139467510003
"GATC",2.14103567874717
"RSPO4",2.1409942780928
"NOL4",2.13991179860245
"CDKN2AIPNL",2.13975786596891
"ARL4C",2.13970154177849
"ISG20",2.13797893460172
"MYOZ3",2.13785033247847
"ZSCAN5DP",2.13740283553191
"CCDC97",2.13734385750975
"GPR132",2.13704489212119
"JUND",2.13663571651863
"LPAR2",2.13594536592696
"ZNF696",2.13455409662809
"BRD9",2.13337875059621
"PEMT",2.13285196794922
"CD276",2.13273511864145
"WIZ",2.13268667399425
"TREM2",2.13265515209106
"TRIM56",2.13258497268701
"ELOVL2",2.13241742041526
"CAPN11",2.13228114498655
"MAP3K9",2.13182559573847
"IL36G",2.13028153607595
"SEPTIN1",2.13010369831509
"SOWAHB",2.12962038760975
"RASD2",2.12874443747636
"RHOBTB2",2.12864174952811
"SNRNP70",2.12831773772561
"ARRDC2",2.12650948192831
"DUOXA1",2.12633272404229
"RANBP1",2.1262381921359
"DMRTC1B",2.12589644196357
"IGFBP6",2.12589187735364
"CYP46A1",2.12557667677398
"GRB7",2.12545098559588
"ORAI3",2.12516512155638
"ZNF777",2.12428498738347
"REEP2",2.12417440791747
"EEF1A2",2.12404979277318
"TAOK2",2.12404526499845
"KPTN",2.12373540429383
"CIMIP2B",2.12356626228173
"NRN1L",2.12343898719563
"TAC3",2.12301397108278
"CLSPN",2.12292339170334
"CD300LG",2.12262618368031
"VPS52",2.12249477040242
"KRT33A",2.12232011416784
"SPOUT1",2.12177722366745
"TLCD3A",2.12143767465302
"GLRA1",2.12139068031745
"CENPA",2.12132992622799
"DUX4",2.12106899990305
"HIRIP3",2.1209848316657
"ASB1",2.12081835454845
"ANKS3",2.12046149069352
"FNDC1",2.11976860981285
"NRXN2",2.11902413528349
"ZBP1",2.117785613181
"GRIN2B",2.11767084081035
"SLC1A5",2.11661388871789
"ADGRF5P1",2.11638613099004
"SUN2",2.11599940314882
"ADAM21P1",2.11571674839997
"JMJD4",2.11546695782905
"ABCA2",2.11416893147741
"RPTOR",2.11355440910599
"OPRM1",2.11342537532222
"ODAD3",2.11240477249968
"STPG1",2.11217881884113
"STK10",2.11101201568868
"CFAP96",2.11073108838904
"TBRG4",2.11021526820312
"MRPL17",2.10922773065163
"ARHGEF16",2.1088779519705
"CHERP",2.10839901283022
"SBK1",2.1072651859826
"NEFL",2.10726081754398
"HSD17B6",2.10671308816803
"IGFL4",2.10667689577726
"MYBPC2",2.1062303802816
"HSPBP1",2.10551225968257
"S1PR2",2.10381442794118
"EVI5L",2.10369000338263
"RHAG",2.10362745484744
"CLDN5",2.10336374066861
"APBB3",2.10280660352552
"TFR2",2.10202027726444
"DTX2",2.10148915344238
"TSPAN19",2.10053435441284
"RNF5",2.10038945847814
"ANKRD13B",2.10021205421518
"DVL3",2.10019532697806
"THAP7",2.09999651883643
"MORC2",2.09885375093332
"SLC25A29",2.09834735820796
"RARA",2.09777998978503
"TDRP",2.09587192698917
"CYP27B1",2.09467813984209
"MAP3K6",2.09404237611897
"RBM15B",2.09350438023273
"PRG4",2.09266555118978
"ATOH8",2.09210692520737
"TCEA2",2.0917936771529
"CCDC57",2.09154812513975
"IFI35",2.09136082229703
"LOC105372435",2.09127308499986
"GAK",2.08986497475396
"MAST3",2.08927418443236
"FBXL16",2.08895787168556
"WDR93",2.08885855125859
"AURKC",2.08861195734
"CPNE6",2.0883195287591
"NAXD-AS1",2.0883195287591
"USP43",2.08778105194497
"ACMSD",2.08726224598326
"IDO2",2.08633874903253
"FZD7",2.08278679563876
"TOP1MT",2.08275254309006
"ARHGEF18",2.08258187372855
"GFRA2",2.08226030225733
"KCNC2",2.0819871664263
"MAEL",2.08042953166822
"DUSP23",2.0799165877341
"HTRA3",2.07957923251869
"NTRK1",2.07929421873614
"PGAM5",2.07901910652465
"RPP25L",2.07841570198826
"QSOX2",2.07795905245034
"ISL2",2.07795669106353
"MZT2A",2.07721103878866
"NCL",2.07684715156095
"ZNF500",2.07579486239836
"RPAP1",2.07571711947455
"ACOT8",2.07425255692369
"WFIKKN2",2.07362534719059
"ADPRS",2.07329102286247
"DPH1",2.07287607545134
"SLC9C1",2.07255491237475
"AMIGO3",2.07202927593062
"TMEM51",2.07175275830848
"PEX16",2.07142535809986
"C4B",2.07118262607863
"ADGRA2",2.07045441589454
"TADA3",2.07034379335653
"OTOAP1",2.07018798997211
"FAM83E",2.0700355528481
"HCFC1",2.06987686816725
"ZSCAN5B",2.06870815324514
"NRIP2",2.06850651235054
"IRS1",2.06763743930921
"SGPP1",2.06663528659064
"LGALS9B",2.06636840854375
"SIRT3",2.06569104586801
"NMUR2",2.06292617980019
"AGAP3",2.06280132078987
"NWD2",2.0624798166886
"DTX1",2.06178653194435
"LGR6",2.0603820081416
"COMMD5",2.05975642825938
"MFAP2",2.05892221699356
"PIGO",2.0586308084207
"PLEKHM2",2.05778963038369
"TXNDC2",2.05773298499593
"LRRC4B",2.05770137643918
"ZNRF3",2.05600816224461
"TOLLIP",2.0551616319048
"MIR3936HG",2.05345415894861
"CHCHD1",2.05330752320522
"KLK9",2.05316827974451
"SLCO4A1",2.05302126416815
"SLC39A13",2.05275127928484
"MDGA1",2.05096694888378
"PXDN",2.05051665468393
"PLG",2.05008183359428
"GLI1",2.0498393509351
"LINC00504",2.04982102732712
"TNS2",2.04911016818098
"GPATCH3",2.04894327816475
"NR1H2",2.04805961132361
"C1orf56",2.04706602203348
"KLHDC4",2.04674327621565
"ITGA5",2.04668583388445
"LRFN2",2.04550372830932
"TM6SF2",2.04501249858267
"ACSM2B",2.04461627171123
"TMPPE",2.04432293571766
"THAP8",2.04411135810114
"GPR137B",2.04310930565818
"VAC14",2.04289482789539
"ADAMTS16",2.04190631833868
"SEZ6",2.04179747703793
"VWA2",2.04165949909676
"SLX9",2.04099637759545
"ZNF683",2.0401556282861
"ZBTB7B",2.03867348811157
"NDUFB11",2.03778905683998
"WNT9A",2.03771372011459
"QTRT1",2.03696802345544
"RAB4B",2.03611137354128
"ELOF1",2.03549928251572
"SYS1-DBNDD2",2.03455946914108
"DOK2",2.03428193591175
"GJD3",2.03320880080684
"IPO4",2.03290926701907
"VEGFA",2.03261027845407
"TRPT1",2.03125705707192
"TBXA2R",2.02972975211771
"NACC2",2.02864891789322
"OTUD7A",2.02856541706615
"MOB2",2.02813155612896
"USP6",2.027519477997
"FIGLA",2.02659793001648
"OCEL1",2.02639225286639
"TTLL3",2.02587784713237
"PES1",2.02568247884558
"ORM1",2.02556612802243
"SNX5P1",2.02522941361734
"SRRM1P1",2.02472898313137
"KLC2",2.02444856959711
"INCENP",2.0240389267717
"RNF167",2.0238526553257
"CCM2L",2.02362913643707
"JAKMIP3",2.02339135153942
"MCM2",2.02328919557866
"JDP2",2.0218392424365
"HRH4",2.02177042492409
"ANKDD1B",2.02102207199578
"TUBA3D",2.02069908533518
"NISCH",2.02020710733585
"GASK1A",2.01989551688375
"EPCIP",2.01984972334781
"ZNF516",2.01969491676947
"FBF1",2.01910464675886
"IRAG1",2.01879222214609
"JPH2",2.01691972291767
"ID3",2.01678886828489
"GPC6",2.01628808426303
"ALG3",2.01578288873159
"OBSL1",2.01564355775968
"LRRC26",2.0155669605187
"MSRB1",2.01503071370684
"HTR1B",2.01474742915499
"ZBTB45",2.01468112530375
"CLEC12A-AS1",2.01187348869971
"TFE3",2.01167580789287
"OSGIN1",2.01167067180299
"ENTR1",2.01135994772995
"KCND1",2.01072377296343
"DDX4",2.0099798947029
"MROH7-TTC4",2.00890674709474
"TMSB15B",2.00884578397096
"TMSB15C",2.00884578397096
"RNF43",2.00847202051282
"KRTAP5-2",2.00719884625761
"INO80B",2.00690520422565
"TSPOAP1",2.00618123620007
"NICN1",2.00502990634752
"IGFBP5",2.00468557169668
"AKR7L",2.00462018410362
"KREMEN2",2.00453773833554
"FRAT1",2.00386399073133
"GPR137C",2.0038531035208
"TARBP2",2.00341913574905
"LPAR5",2.00133565605677
"TBC1D17",2.0010712815136
"COL6A1",2.0009170228285
"KLHDC8B",2.00039947647457
"GTF2IRD1",2.00012675439398
"SH2D3C",1.99932703735212
"LOC124904228",1.99767663513517
"MIR137HG",1.99767663513517
"TPTE2",1.99725177694268
"IRX4",1.99624388773318
"AFAP1",1.99612578541296
"KCNJ9",1.99513513258374
"NLRP10",1.99513513258374
"SLC67A1-AS",1.99513513258374
"RALBP1P1",1.99501491478836
"PCGF2",1.99472377273645
"PCDHGC3",1.99407670533708
"PLEK2",1.99352086310713
"CCDC9B",1.99297155377645
"ANKUB1",1.99216675453862
"MIGA2",1.99194713601168
"LTC4S",1.99160984675217
"D2HGDH",1.99133303362747
"PUS1",1.99126315079437
"PVR",1.99120820895549
"MAT1A",1.99107577038434
"IRX5",1.99105148621601
"MRPL12",1.99043830142961
"SAMD4B",1.99002566923307
"COL3A1",1.98998549406006
"STARD3",1.98930883569933
"VSIG8",1.98907978880096
"ITM2C",1.98753426961716
"SLA",1.98722045570719
"TRAIP",1.98658035556622
"NPAS1",1.9859469830554
"SPATA2",1.98460317195538
"OR14K1",1.98425251433894
"CRISPLD2",1.98375802762694
"KCNJ5-AS1",1.98369783895211
"VGLL3",1.98231145207018
"PLEKHG3",1.98171682901973
"FAHD2A",1.98154356667799
"GNB3",1.98040272902716
"APOB",1.97931239287967
"KCNK6",1.97754020250794
"H2AC21",1.97650496202075
"HR",1.97641322841696
"SLC7A8",1.97618956635322
"DAPK3",1.97530641968702
"DUSP3",1.97527021966656
"MAEA",1.97474968120915
"ITGA9",1.97448328362713
"PTGER1",1.97421476841456
"SLC2A11",1.9741423534745
"GIPC1",1.97393099289632
"AATBC",1.97306397812007
"ABCF2P1",1.97306397812007
"AHCYP7",1.97306397812007
"AIRN",1.97306397812007
"ASNSP1",1.97306397812007
"ATOH1",1.97306397812007
"C16orf78",1.97306397812007
"C8A",1.97306397812007
"CABP2",1.97306397812007
"CATIP-AS2",1.97306397812007
"CCDC137P1",1.97306397812007
"CCDC179",1.97306397812007
"CFAP58-DT",1.97306397812007
"CNTNAP5",1.97306397812007
"CNTNAP5-DT",1.97306397812007
"CT45A1",1.97306397812007
"CT45A3",1.97306397812007
"CYP4F62P",1.97306397812007
"DAPK1-IT1",1.97306397812007
"DEFB104A",1.97306397812007
"DEFB104B",1.97306397812007
"DEFB129",1.97306397812007
"DNAJC5B",1.97306397812007
"DUX4L33",1.97306397812007
"ECE2",1.97306397812007
"FAM197Y9",1.97306397812007
"FAM238A",1.97306397812007
"FCRL4P1",1.97306397812007
"FLJ12825",1.97306397812007
"FLJ30679",1.97306397812007
"GATA3-AS1",1.97306397812007
"GBX2-AS1",1.97306397812007
"GH2",1.97306397812007
"GNGT1",1.97306397812007
"GOLGA8G",1.97306397812007
"GPR139",1.97306397812007
"HAO1",1.97306397812007
"HISLA",1.97306397812007
"HYDINP1",1.97306397812007
"IGHV3-37",1.97306397812007
"IRGM",1.97306397812007
"KMT5AP2",1.97306397812007
"KRT18P17",1.97306397812007
"KRT8P11",1.97306397812007
"KRTAP10-3",1.97306397812007
"KRTAP19-3",1.97306397812007
"KRTAP4-11",1.97306397812007
"KRTAP4-6",1.97306397812007
"KRTAP5-6",1.97306397812007
"LGALS16",1.97306397812007
"LIM2",1.97306397812007
"LINC00216",1.97306397812007
"LINC00310",1.97306397812007
"LINC00324",1.97306397812007
"LINC00989",1.97306397812007
"LINC01159",1.97306397812007
"LINC01973",1.97306397812007
"LINC02264",1.97306397812007
"LINC02569",1.97306397812007
"LINC02681",1.97306397812007
"LNCARSR",1.97306397812007
"LOC100133029",1.97306397812007
"LOC100289479",1.97306397812007
"LOC100422204",1.97306397812007
"LOC101928380",1.97306397812007
"LOC101928622",1.97306397812007
"LOC102724637",1.97306397812007
"LOC105370364",1.97306397812007
"LOC105371993",1.97306397812007
"LOC105372962",1.97306397812007
"LOC105373367",1.97306397812007
"LOC105373383",1.97306397812007
"LOC105379311",1.97306397812007
"LOC124900447",1.97306397812007
"LOC124902436",1.97306397812007
"LOC124903137",1.97306397812007
"LOC124904009",1.97306397812007
"LOC124904634",1.97306397812007
"LOC124906746",1.97306397812007
"LOC124906859",1.97306397812007
"LOC124909401",1.97306397812007
"LOC390251",1.97306397812007
"LOC728587",1.97306397812007
"LY6G5B",1.97306397812007
"LY6S",1.97306397812007
"MAGEA3",1.97306397812007
"MAGEA6",1.97306397812007
"MAP7-AS1",1.97306397812007
"MCPH1-DT",1.97306397812007
"MIR106B",1.97306397812007
"MIR1183",1.97306397812007
"MIR1265",1.97306397812007
"MIR208B",1.97306397812007
"MIR28",1.97306397812007
"MIR376B",1.97306397812007
"MIR4713HG",1.97306397812007
"MIR548I1",1.97306397812007
"MIR548I3",1.97306397812007
"MIR548P",1.97306397812007
"MIR654",1.97306397812007
"MIR7-3HG",1.97306397812007
"MIR760",1.97306397812007
"MMP8",1.97306397812007
"NF1P2",1.97306397812007
"NIFKP4",1.97306397812007
"NKAIN1",1.97306397812007
"NPM1P38",1.97306397812007
"NUCKS1P1",1.97306397812007
"OC90",1.97306397812007
"OPN1MW3",1.97306397812007
"OR10J2P",1.97306397812007
"OR10K1",1.97306397812007
"OR11H3P",1.97306397812007
"OR1F1",1.97306397812007
"OR2K2",1.97306397812007
"OR4E2",1.97306397812007
"OR4N2",1.97306397812007
"OR4X1",1.97306397812007
"OR5B12",1.97306397812007
"OR5B17",1.97306397812007
"OR5F2P",1.97306397812007
"OR7E12P",1.97306397812007
"OR8G5",1.97306397812007
"PABPC1L2B-AS1",1.97306397812007
"PADI6",1.97306397812007
"PES1P1",1.97306397812007
"PGM5-AS1",1.97306397812007
"PHEX-AS1",1.97306397812007
"PPIAP65",1.97306397812007
"PPP3R2",1.97306397812007
"PRAMEF10",1.97306397812007
"PRAMEF19",1.97306397812007
"PRPF38AP2",1.97306397812007
"PSPHP1",1.97306397812007
"RMP24P1",1.97306397812007
"RN7SL192P",1.97306397812007
"RN7SL297P",1.97306397812007
"RN7SL635P",1.97306397812007
"RNU5E-6P",1.97306397812007
"RNU6-415P",1.97306397812007
"RNU6-702P",1.97306397812007
"RORA-AS2",1.97306397812007
"RPL10P5",1.97306397812007
"RPL21P106",1.97306397812007
"RPL21P110",1.97306397812007
"RPL21P84",1.97306397812007
"RPL23P2",1.97306397812007
"RPL31P46",1.97306397812007
"RPL37P6",1.97306397812007
"RPL7AP4",1.97306397812007
"RPL7P50",1.97306397812007
"RPS19P1",1.97306397812007
"RPSAP22",1.97306397812007
"RTL3",1.97306397812007
"RUFY1-AS1",1.97306397812007
"SAP30BP-AS1",1.97306397812007
"SCGB1D2",1.97306397812007
"SEPHS1P6",1.97306397812007
"SEPTIN7-DT",1.97306397812007
"SFTPA1",1.97306397812007
"SLC15A5",1.97306397812007
"SLC25A52",1.97306397812007
"SLC9B1P2",1.97306397812007
"SNORA79B",1.97306397812007
"SNORD115-15",1.97306397812007
"SNORD24",1.97306397812007
"SNORD27",1.97306397812007
"SNORD36A",1.97306397812007
"SNORD41",1.97306397812007
"SNORD55",1.97306397812007
"SNORD57",1.97306397812007
"SNRPF-DT",1.97306397812007
"SOD1P3",1.97306397812007
"SORL1-AS1",1.97306397812007
"SPATA19",1.97306397812007
"SPDYC",1.97306397812007
"SPO11",1.97306397812007
"SSBP3P3",1.97306397812007
"SSX8P",1.97306397812007
"ST7-AS2",1.97306397812007
"TM4SF5",1.97306397812007
"TRAJ24",1.97306397812007
"TRAJ43",1.97306397812007
"TRAJ48",1.97306397812007
"TRAV18",1.97306397812007
"TRAV34",1.97306397812007
"TRAV35",1.97306397812007
"TRIM51G",1.97306397812007
"UBTFL5",1.97306397812007
"UBTFL6",1.97306397812007
"ZNF236-DT",1.97306397812007
"ZNF560",1.97306397812007
"ZNF593OS",1.97306397812007
"DCST2",1.97294798590626
"TMIGD1",1.97265707648026
"OLFML2A",1.97233945496944
"C1orf35",1.97232265684348
"FAM234A",1.97111739045089
"FBXO24",1.9711104968328
"ZNF282",1.96905304543144
"CHD3",1.96749927155255
"CCL26",1.96738676118309
"PHOSPHO1",1.96666503856976
"APEX2",1.96607546749387
"CD93",1.96577785898728
"PLXNB2",1.96473320884636
"ZC3H11B",1.9641752873502
"FASN",1.96417118869105
"POU2AF3",1.96400133464656
"SAMD15",1.96317202668534
"PTP4A3",1.96071422966064
"RTN4R",1.95968528904396
"CATIP",1.95923620292715
"INKA2",1.95912725738903
"RNF207",1.95873579948084
"FCHO1",1.95863037216654
"PABPC4L",1.95800463535325
"GIMAP1",1.95791856585467
"HASPIN",1.95791703186627
"OR1L4",1.95787204758553
"ESM1",1.95763745397178
"RLBP1",1.95763745397178
"TRAPPC12",1.95743035169731
"TTYH1",1.95736991026533
"GOLGA3",1.95668462031898
"SYCE2",1.95660398881922
"KCNK1",1.95648122119308
"RFX2",1.9554654357419
"ADAMTS5",1.95480638162135
"FREM3",1.95478522518409
"TREML1",1.95437790765232
"KANK2",1.95390433812987
"SPSB1",1.9531209252791
"ACIN1",1.95257587795186
"CASTOR1",1.95192856463542
"TRAF1",1.95181353024022
"RPS7P8",1.9516524443433
"PLA2G4D",1.95059413174541
"PCDHGA10",1.94895128654045
"GRASLND",1.94866536791657
"SAC3D1",1.94775551392764
"MRM2",1.94766609166536
"NFASC",1.9471874108065
"VWCE",1.94691661486707
"DNAJC4",1.94652762969071
"KLHL40",1.94393050995313
"KCNG1",1.94296127421921
"COQ4",1.94256076882909
"GAL3ST4",1.94229380176398
"RELT",1.94201126632592
"GPRC5C",1.94198112170221
"KSR1",1.94194369504467
"NPFFR1",1.94131777253614
"ZFHX4",1.9412431301805
"HDAC5",1.94103938072349
"PRIMA1",1.94080457818452
"ARHGAP1",1.94062264328926
"TRIM41",1.94025293347458
"SLC23A1",1.940232317916
"ADIG",1.94008898639297
"ALKBH3-AS1",1.94008898639297
"ALOX12P2",1.94008898639297
"ARRDC3-AS1",1.94008898639297
"ATP6V0D1-DT",1.94008898639297
"ATP6V1G1P5",1.94008898639297
"BCAN-AS2",1.94008898639297
"C10orf53",1.94008898639297
"C19orf73",1.94008898639297
"CACNA1B-AS2",1.94008898639297
"CALHM1",1.94008898639297
"CBLL2",1.94008898639297
"CCDC140",1.94008898639297
"CCNYL6",1.94008898639297
"CHCHD2P11",1.94008898639297
"CIB4",1.94008898639297
"CIBAR2",1.94008898639297
"CLCN3P1",1.94008898639297
"CLEC2A",1.94008898639297
"CLEC4GP1",1.94008898639297
"CST9",1.94008898639297
"CTAGE13P",1.94008898639297
"DIAPH1-AS1",1.94008898639297
"EFCAB10-AS1",1.94008898639297
"EGFLAM-AS2",1.94008898639297
"ELP4-AS1",1.94008898639297
"EML2-AS1",1.94008898639297
"FAM230C",1.94008898639297
"FAM41C",1.94008898639297
"FAM66C",1.94008898639297
"FDPSP3",1.94008898639297
"FGF20",1.94008898639297
"FRG2",1.94008898639297
"GAPDHP15",1.94008898639297
"GPR26",1.94008898639297
"GPR79",1.94008898639297
"GTF2H4",1.94008898639297
"H3P7",1.94008898639297
"HAPLN1",1.94008898639297
"HDAC4-AS1",1.94008898639297
"HEXA-AS1",1.94008898639297
"HIF1AP1",1.94008898639297
"HIKESHIP3",1.94008898639297
"HSPD1P8",1.94008898639297
"IQCM",1.94008898639297
"JAKMIP2-AS1",1.94008898639297
"KRT8P17",1.94008898639297
"KRT8P5",1.94008898639297
"LCN15",1.94008898639297
"LINC00370",1.94008898639297
"LINC00533",1.94008898639297
"LINC00707",1.94008898639297
"LINC00842",1.94008898639297
"LINC01029",1.94008898639297
"LINC01205",1.94008898639297
"LINC01331",1.94008898639297
"LINC01443",1.94008898639297
"LINC01485",1.94008898639297
"LINC01506",1.94008898639297
"LINC01535",1.94008898639297
"LINC01564",1.94008898639297
"LINC01653",1.94008898639297
"LINC01664",1.94008898639297
"LINC01787",1.94008898639297
"LINC01788",1.94008898639297
"LINC01804",1.94008898639297
"LINC01820",1.94008898639297
"LINC02323",1.94008898639297
"LINC02436",1.94008898639297
"LINC02759",1.94008898639297
"LINC02763",1.94008898639297
"LINC03139",1.94008898639297
"LNROP",1.94008898639297
"LOC100419092",1.94008898639297
"LOC100419851",1.94008898639297
"LOC101927098",1.94008898639297
"LOC101927234",1.94008898639297
"LOC101927575",1.94008898639297
"LOC101927756",1.94008898639297
"LOC101928053",1.94008898639297
"LOC101929200",1.94008898639297
"LOC101929460",1.94008898639297
"LOC102723670",1.94008898639297
"LOC105369574",1.94008898639297
"LOC105370315",1.94008898639297
"LOC105370802",1.94008898639297
"LOC105371240",1.94008898639297
"LOC105371672",1.94008898639297
"LOC105371856",1.94008898639297
"LOC105375148",1.94008898639297
"LOC105375728",1.94008898639297
"LOC105375977",1.94008898639297
"LOC105377730",1.94008898639297
"LOC105377778",1.94008898639297
"LOC124900215",1.94008898639297
"LOC124900277",1.94008898639297
"LOC124900414",1.94008898639297
"LOC124901928",1.94008898639297
"LOC124902438",1.94008898639297
"LOC124902439",1.94008898639297
"LOC124903925",1.94008898639297
"LOC124904154",1.94008898639297
"LOC124904745",1.94008898639297
"LOC124905976",1.94008898639297
"LOC130494219",1.94008898639297
"LOC339966",1.94008898639297
"LOC650024",1.94008898639297
"MESP1",1.94008898639297
"MGAT4EP",1.94008898639297
"MIR138-1",1.94008898639297
"MIR3976HG",1.94008898639297
"MIR548O",1.94008898639297
"MIR944",1.94008898639297
"MYLKP1",1.94008898639297
"NAA11",1.94008898639297
"NAT16",1.94008898639297
"OLIG1",1.94008898639297
"OR1E1",1.94008898639297
"OR1E2",1.94008898639297
"OR4D1",1.94008898639297
"OR56B2",1.94008898639297
"OR6C74",1.94008898639297
"OR7E125P",1.94008898639297
"OR7H1P",1.94008898639297
"OSBPL9P5",1.94008898639297
"P3H2-AS1",1.94008898639297
"PCAT6",1.94008898639297
"PFKP-DT",1.94008898639297
"PHACTR2-AS1",1.94008898639297
"PIWIL3",1.94008898639297
"PKD1L1-AS1",1.94008898639297
"POU2F2-AS2",1.94008898639297
"PPIAP26",1.94008898639297
"PPP1R12BP2",1.94008898639297
"PRH1-TAS2R14",1.94008898639297
"PRKCZ-AS1",1.94008898639297
"PRR23D1",1.94008898639297
"PRR23D2",1.94008898639297
"PYDC5",1.94008898639297
"QRSL1P2",1.94008898639297
"RFLNA",1.94008898639297
"RN7SL356P",1.94008898639297
"RN7SL575P",1.94008898639297
"RN7SL577P",1.94008898639297
"RNASE13",1.94008898639297
"RNF157-AS1",1.94008898639297
"RNU4ATAC11P",1.94008898639297
"RNU6-1242P",1.94008898639297
"RNVU1-14",1.94008898639297
"RPL10P11",1.94008898639297
"RPL11P5",1.94008898639297
"RPL18AP12",1.94008898639297
"RPL23AP36",1.94008898639297
"RPL23AP40",1.94008898639297
"RPL27AP5",1.94008898639297
"RPL31P11",1.94008898639297
"RPL31P15",1.94008898639297
"RPL31P61",1.94008898639297
"RPL37AP4",1.94008898639297
"RPL5P7",1.94008898639297
"RPL7P36",1.94008898639297
"RPL7P51",1.94008898639297
"RPS10P4",1.94008898639297
"RPS13P3",1.94008898639297
"RPS15AP14",1.94008898639297
"RPS15AP16",1.94008898639297
"RPS15AP30",1.94008898639297
"RPS2P16",1.94008898639297
"RPS7P14",1.94008898639297
"RXFP2",1.94008898639297
"SIRPD",1.94008898639297
"SLC5A7",1.94008898639297
"SNORA38B",1.94008898639297
"SNORA63D",1.94008898639297
"SNORD113-8",1.94008898639297
"SNORD116-12",1.94008898639297
"SNORD117",1.94008898639297
"STX18P1",1.94008898639297
"SYNDIG1L",1.94008898639297
"TAS2R14",1.94008898639297
"TAS2R41",1.94008898639297
"TBX20",1.94008898639297
"TIMM22",1.94008898639297
"TRAM2-AS1",1.94008898639297
"TRBJ2-2",1.94008898639297
"VPS33B-DT",1.94008898639297
"WDR35-DT",1.94008898639297
"WNT9B",1.94008898639297
"ZNF664-RFLNA",1.94008898639297
"ZSCAN10",1.94008898639297
"ASTL",1.93751305008661
"MATN4",1.9365920776227
"SH3BGRL3",1.93573217945275
"NR1D1",1.9356781373
"RTL10",1.93516512294536
"TPSD1",1.93457742899359
"NAA40",1.93416499199149
"GADD45B",1.9338701812314
"FCGRT",1.93351124478737
"ESRRB",1.93292025365086
"MOCS3",1.93268026981707
"METTL25B",1.93206279621202
"BPI",1.93154879467024
"BCL6",1.93148658116556
"ZNF687",1.93126392681086
"RCC1",1.93089384806144
"CD14",1.93036610721922
"NR0B1",1.93027841675043
"KCNV2",1.92987173331679
"SLCO2B1",1.92844721643275
"FGD1",1.92839153465478
"KCNC3",1.92625494258662
"TLCD2",1.92517939307431
"NTMT1",1.92290030881622
"BTNL3",1.92286875199168
"CBX1",1.92286753327485
"C12orf71",1.92273200724667
"HRG",1.9208191828125
"ZNF513",1.91712733102571
"ANGPTL2",1.91705804936468
"NRIP3",1.91677082911353
"LCAT",1.91655496351088
"RHOV",1.91540327361367
"H1-4",1.91524312968494
"PKD1P3",1.91522387122657
"SYNE3",1.91466233141724
"SPTA1",1.9142397490516
"ADCY7",1.91144084820312
"PLXND1",1.91109360632686
"ZNF446",1.91089209690553
"C9orf40",1.91049896757511
"ARHGAP9",1.90929127370985
"LRRC45",1.90917722893431
"CWC25",1.9091193738066
"OLFML2B",1.90798921818141
"CALHM5",1.90781405783093
"AGGF1P6",1.90780973535977
"AHCYP2",1.90780973535977
"ALDH1L1-AS2",1.90780973535977
"ANKRD18DP",1.90780973535977
"AQP10",1.90780973535977
"ARMC8P1",1.90780973535977
"ASS1P11",1.90780973535977
"ATP4B",1.90780973535977
"ATP6V0E2-AS1",1.90780973535977
"BANCR",1.90780973535977
"BNIP3P1",1.90780973535977
"BNIP3P4",1.90780973535977
"BTBD9-AS1",1.90780973535977
"C2orf80",1.90780973535977
"CARS1-AS1",1.90780973535977
"CCDC13-AS1",1.90780973535977
"CFAP107",1.90780973535977
"CFAP97D1",1.90780973535977
"CLDN23",1.90780973535977
"COL18A1-AS1",1.90780973535977
"CPEB2-DT",1.90780973535977
"CST9L",1.90780973535977
"CTB-1I21.1",1.90780973535977
"CYP2C58P",1.90780973535977
"DGCR11",1.90780973535977
"DPY19L2P4",1.90780973535977
"DSTNP3",1.90780973535977
"EPN2-AS1",1.90780973535977
"EVA1CP5",1.90780973535977
"FAM138E",1.90780973535977
"FAM151AP1",1.90780973535977
"FAM99A",1.90780973535977
"FER1L4",1.90780973535977
"FLJ13224",1.90780973535977
"FLJ16779",1.90780973535977
"FOLR1-AS1",1.90780973535977
"GARIN1B",1.90780973535977
"GCSAML-AS1",1.90780973535977
"GPR62",1.90780973535977
"GSTA12P",1.90780973535977
"HEATR5A-DT",1.90780973535977
"HERC2P6",1.90780973535977
"HLA-DOB",1.90780973535977
"HMGB1P34",1.90780973535977
"HMGB3P18",1.90780973535977
"HMGN1P10",1.90780973535977
"HMGN1P14",1.90780973535977
"IGFBPL1",1.90780973535977
"IGHV3-25",1.90780973535977
"IGHVII-78-1",1.90780973535977
"IGKV1D-12",1.90780973535977
"IGLV11-55",1.90780973535977
"KHSRPP1",1.90780973535977
"KIR3DS1",1.90780973535977
"KMT2CP1",1.90780973535977
"KRT39",1.90780973535977
"KRT71",1.90780973535977
"KRT8P22",1.90780973535977
"KRT8P43",1.90780973535977
"KRTAP1-1",1.90780973535977
"KRTAP10-9",1.90780973535977
"LINC00320",1.90780973535977
"LINC00645",1.90780973535977
"LINC00919",1.90780973535977
"LINC00933",1.90780973535977
"LINC01033",1.90780973535977
"LINC01134",1.90780973535977
"LINC01213",1.90780973535977
"LINC01246",1.90780973535977
"LINC01259",1.90780973535977
"LINC01291",1.90780973535977
"LINC01395",1.90780973535977
"LINC01501",1.90780973535977
"LINC01602",1.90780973535977
"LINC01829",1.90780973535977
"LINC01837",1.90780973535977
"LINC01886",1.90780973535977
"LINC01915",1.90780973535977
"LINC01968",1.90780973535977
"LINC02003",1.90780973535977
"LINC02029",1.90780973535977
"LINC02050",1.90780973535977
"LINC02074",1.90780973535977
"LINC02090",1.90780973535977
"LINC02099",1.90780973535977
"LINC02261",1.90780973535977
"LINC02475",1.90780973535977
"LINC02481",1.90780973535977
"LINC02532",1.90780973535977
"LINC02762",1.90780973535977
"LINC02844",1.90780973535977
"LINC02909",1.90780973535977
"LINC02997",1.90780973535977
"LINC03112",1.90780973535977
"LINC03156",1.90780973535977
"LINGO2",1.90780973535977
"LOC100128079",1.90780973535977
"LOC100419639",1.90780973535977
"LOC100419712",1.90780973535977
"LOC100420899",1.90780973535977
"LOC100505912",1.90780973535977
"LOC100506532",1.90780973535977
"LOC100652777",1.90780973535977
"LOC101927389",1.90780973535977
"LOC101927727",1.90780973535977
"LOC101927798",1.90780973535977
"LOC101928188",1.90780973535977
"LOC101929053",1.90780973535977
"LOC101929109",1.90780973535977
"LOC102723575",1.90780973535977
"LOC105370227",1.90780973535977
"LOC105372058",1.90780973535977
"LOC105374313",1.90780973535977
"LOC105375002",1.90780973535977
"LOC105375783",1.90780973535977
"LOC105376311",1.90780973535977
"LOC105376654",1.90780973535977
"LOC105378004",1.90780973535977
"LOC105379051",1.90780973535977
"LOC107984273",1.90780973535977
"LOC107984733",1.90780973535977
"LOC107986768",1.90780973535977
"LOC112268390",1.90780973535977
"LOC122455341",1.90780973535977
"LOC124900262",1.90780973535977
"LOC124900527",1.90780973535977
"LOC124900532",1.90780973535977
"LOC124900537",1.90780973535977
"LOC124900760",1.90780973535977
"LOC124900848",1.90780973535977
"LOC124900959",1.90780973535977
"LOC124901076",1.90780973535977
"LOC124902947",1.90780973535977
"LOC124903398",1.90780973535977
"LOC124903585",1.90780973535977
"LOC124903956",1.90780973535977
"LOC124904471",1.90780973535977
"LOC124906144",1.90780973535977
"LOC124906232",1.90780973535977
"LOC124908099",1.90780973535977
"LOC283045",1.90780973535977
"LOC284191",1.90780973535977
"LOC344967",1.90780973535977
"LOC731157",1.90780973535977
"LRP1-AS",1.90780973535977
"MAP2K4P1",1.90780973535977
"METTL5P2",1.90780973535977
"MIR1197",1.90780973535977
"MIR1303",1.90780973535977
"MIR151A",1.90780973535977
"MIR210HG",1.90780973535977
"MIR211",1.90780973535977
"MIR3142HG",1.90780973535977
"MIR323A",1.90780973535977
"MIR361",1.90780973535977
"MIR3945HG",1.90780973535977
"MIR429",1.90780973535977
"MIR574",1.90780973535977
"MIR598",1.90780973535977
"MIR619",1.90780973535977
"NEUROG2-AS1",1.90780973535977
"NFE2L1-DT",1.90780973535977
"NHEG1",1.90780973535977
"NMBR",1.90780973535977
"NREPP2",1.90780973535977
"OPN1LW",1.90780973535977
"OPRK1",1.90780973535977
"OR2C3",1.90780973535977
"OR4F8P",1.90780973535977
"OR4K2",1.90780973535977
"OR56A7P",1.90780973535977
"PAXIP1-DT",1.90780973535977
"PCP4",1.90780973535977
"PGAM1P11",1.90780973535977
"PIGBOS1",1.90780973535977
"PKMP3",1.90780973535977
"PLA2G10",1.90780973535977
"PPP1R12A-AS1",1.90780973535977
"RAET1E-AS1",1.90780973535977
"RBPJL",1.90780973535977
"RDM1",1.90780973535977
"RN7SL225P",1.90780973535977
"RN7SL229P",1.90780973535977
"RN7SL377P",1.90780973535977
"RN7SL517P",1.90780973535977
"RN7SL594P",1.90780973535977
"RN7SL718P",1.90780973535977
"RN7SL771P",1.90780973535977
"RN7SL776P",1.90780973535977
"RN7SL845P",1.90780973535977
"RNU2-66P",1.90780973535977
"RNU6-255P",1.90780973535977
"RPL11P2",1.90780973535977
"RPL12P20",1.90780973535977
"RPL21P34",1.90780973535977
"RPL23AP61",1.90780973535977
"RPL26P33",1.90780973535977
"RPL34P22",1.90780973535977
"RPL35P9",1.90780973535977
"RPL37P11",1.90780973535977
"RPL37P19",1.90780973535977
"RPL37P24",1.90780973535977
"RPL6P22",1.90780973535977
"RPL7L1P10",1.90780973535977
"RPL7P39",1.90780973535977
"RPS15AP18",1.90780973535977
"RPS15P4",1.90780973535977
"RPS18P13",1.90780973535977
"RPS20P31",1.90780973535977
"RPS29P20",1.90780973535977
"RPS2P36",1.90780973535977
"RPS3AP21",1.90780973535977
"RPS3AP40",1.90780973535977
"RPS4XP3",1.90780973535977
"RPSAP59",1.90780973535977
"RRM2P2",1.90780973535977
"S100G",1.90780973535977
"SEPTIN7P11",1.90780973535977
"SLC17A4",1.90780973535977
"SLC22A2",1.90780973535977
"SLC22A6",1.90780973535977
"SMASR",1.90780973535977
"SMIM23",1.90780973535977
"SMIM29-AS1",1.90780973535977
"SNORD114-31",1.90780973535977
"SNORD38D",1.90780973535977
"SNORD73B",1.90780973535977
"SPAG6",1.90780973535977
"SPINT4",1.90780973535977
"SPMIP10",1.90780973535977
"TBC1D3P1",1.90780973535977
"TBX3-AS1",1.90780973535977
"TIGD3",1.90780973535977
"TLX1NB",1.90780973535977
"TM4SF1-AS1",1.90780973535977
"TMIGD2",1.90780973535977
"TNS1-AS1",1.90780973535977
"TOMT",1.90780973535977
"TREML4",1.90780973535977
"TSHB",1.90780973535977
"UBE2L5",1.90780973535977
"UBE2V2P4",1.90780973535977
"UBE2WP1",1.90780973535977
"UCKL1-AS1",1.90780973535977
"UQCRB-AS1",1.90780973535977
"UQCRBP3",1.90780973535977
"WFDC13",1.90780973535977
"ZDHHC4P1",1.90780973535977
"ZNF528-AS1",1.90780973535977
"ZNF622P1",1.90780973535977
"ZNF746",1.90745842906054
"PXMP2",1.90532135703473
"FKBP8",1.90518762836553
"PACS2",1.90509219704807
"IGFBP2",1.90440308735374
"DNAJB5",1.90433352638867
"RNF26",1.90409542551908
"LPIN3",1.90376274950102
"LINC01484",1.90349144069868
"PPP1R15A",1.90333562455726
"RP1",1.90221625400374
"GFOD2",1.90205421750856
"IGSF8",1.90130323688186
"LGALS3BP",1.90107055381626
"CEP250",1.90029225655972
"PRMT2",1.90006163196902
"NSUN5P2",1.89952113500277
"NTN1",1.89873991546589
"SALL4",1.89798848378844
"ZDHHC1",1.8973359402064
"SNX8",1.89683816663551
"ARRB2",1.89642314735287
"MED11",1.89624207310042
"TIMM17B",1.89567598352918
"CENPM",1.89495831553786
"PLIN1",1.8947338187241
"CHRNA2",1.89336198370811
"SF1",1.8924250900981
"SLCO3A1",1.89167580665946
"CLSTN3",1.89114040064262
"DENND2A",1.89087581827944
"MAFB",1.88951144487155
"ELAVL4",1.88891927037598
"GTPBP1",1.88874854124912
"IKBKGP1",1.88864859303803
"SLC39A4",1.8884296548948
"SNX18",1.8881355949385
"MUS81",1.8879049606652
"OR2A1",1.88776485090371
"THPO",1.88757111877367
"KRT16P6",1.88717988398756
"CUL9",1.88547096779679
"LOC100506403",1.88476384784831
"RUNX1",1.88476384784831
"PSD4",1.88453270408435
"ABL1",1.88422840244736
"HSPA12A",1.88393812766891
"MYORG",1.88276272099523
"PCDHGA2",1.88270395891984
"LY6D",1.88269749485909
"ZNF653",1.88257139139194
"RUSC2",1.88227533920376
"MSC",1.88052903308119
"NUDT8",1.88027722115873
"THBS1",1.88014391664152
"SERINC2",1.87989972400073
"TMEM179B",1.879885712908
"GPS1",1.8798487660959
"CISH",1.87973119965097
"RPL27AP6",1.87963652716338
"ARHGEF4",1.87963289612347
"PMFBP1",1.87921678253939
"RALYL",1.87839933146066
"B4GALNT3",1.8771181145465
"PEX10",1.87535718148981
"CC2D1B",1.87529934561504
"PLEKHO2",1.87317212452572
"WWTR1",1.8729542275004
"STING1",1.87267674805981
"SERINC4",1.8722238801957
"OR10G2",1.87221737767217
"RPSAP10",1.87204218997473
"TMEM150A",1.87051952924587
"GBA1",1.86967693969142
"C1RL",1.86964690125201
"MYT1",1.86948323834614
"NT5C1B",1.86883935488431
"EPN2",1.86792351392894
"GOLGA6L6",1.86765927908251
"CSAG2",1.86695380225401
"CSAG3",1.86695380225401
"TIE1",1.86689750454438
"TSPAN11",1.86627407299444
"HTR1F",1.86612611181108
"DEPDC1B",1.86605058417992
"WDR54",1.8660063259103
"TUBGCP6",1.86531820052912
"PRCC",1.86476202068941
"PTPRH",1.86463958054701
"GIMAP1-GIMAP5",1.86417848152741
"IGFL2",1.86298326983439
"CARS1",1.86296130342839
"TSKS",1.86286238352691
"C6orf136",1.86220059629335
"ACD",1.86202238696787
"ZNF837",1.86140859073171
"RTL8A",1.86080413113459
"DIPK1B",1.86001098522159
"SGSM3",1.85952417972028
"PBXIP1",1.85944283908565
"CPSF7",1.85890417380861
"SDC4",1.85890196700981
"CALM3",1.85880972220194
"CHRAC1",1.85835160801004
"SDR39U1",1.85791088876636
"PLOD3",1.85772999512558
"WHRN",1.85762523305384
"CNTNAP1",1.85634093181162
"NOD1",1.85611908789201
"BCAN",1.85603427720747
"SLC43A1",1.85588553429247
"CTC1",1.85556586590323
"SV2A",1.85468095210039
"SLC52A3",1.85362016965489
"BCL2L1",1.85293864966282
"ATP6V1F",1.85202253065797
"MRPS14",1.85184617319749
"TCF7",1.85179477270825
"PLIN3",1.85145918628993
"NXPH3",1.85108794780565
"DVL1",1.85087191651279
"DOK7",1.85056971577911
"SHF",1.84965334055068
"VSIR",1.84960469156037
"SIRT7",1.84881453287595
"C11orf71",1.84872938200764
"IL9R",1.84818534003585
"CLMP",1.8478023892188
"RNH1",1.84756921926254
"KDF1",1.84645112211519
"NT5M",1.84620581280213
"GAA",1.84564933897279
"RAPSN",1.84544394858123
"ZYG11A",1.843942512315
"LRRC59",1.8430467545727
"PCOTH",1.84265721600705
"MBOAT4",1.84223272030901
"SNAP25",1.84094227203536
"BRF2",1.84010565326224
"ADAMTSL2",1.83969706660847
"SIPA1L3",1.83935815316532
"PARD6G",1.83927917934804
"SRD5A2",1.83922164890146
"SLC38A5",1.838885470704
"PCDH17",1.83779829842426
"CDK9",1.83733966562539
"BRD1",1.83700886849388
"MRPL4",1.83675294020977
"KRT10",1.83597265701235
"TNPO2",1.83494403916209
"FANCA",1.83459460433675
"ALOX12-AS1",1.83445189196966
"MIR497HG",1.83445189196966
"RTN2",1.83386161383526
"FER1L6",1.83339399341484
"AKNA",1.83309219649098
"AMTN",1.83272076048288
"ARHGAP6",1.83255978802964
"ROS1",1.83232854834332
"ST3GAL1",1.83209122721641
"SDF4",1.83196951128929
"FEZF2",1.83091217608035
"GRK6",1.8307104157525
"RAB34",1.83039668162137
"PPAN",1.83025347437966
"AUNIP",1.83005595820088
"INTS5",1.82952091871438
"LMNB2",1.82911130629614
"RTN4RL1",1.82844699206394
"KCNS2",1.82799862916115
"BUB1B-PAK6",1.82797995890033
"PAK6",1.82797995890033
"OXER1",1.82740839515537
"GSTM1",1.82711957211762
"VCPKMT",1.82655249508315
"IGSF1",1.82577516590674
"PPP1R14B",1.82528553727081
"TEP1",1.82524652160774
"MRGPRF",1.82449227495311
"HOXA5",1.82444225958005
"MYL6B",1.82429291587577
"DPH7",1.82421885195147
"HK3",1.82380708606775
"RTL8C",1.82367132738467
"NECTIN2",1.82356596072743
"POU5F1B",1.82191916969078
"COLGALT1",1.81758809116421
"ZDHHC11",1.81757182206767
"TICAM2",1.81551428283534
"TOGARAM2",1.81529407457809
"KIF3C",1.81529193333203
"SMPD4",1.81501313856199
"SNRPB",1.81499994400789
"TRPV6",1.81471501893726
"JAK3",1.81434232679115
"POFUT2",1.81419521153238
"TRPM4",1.81391271536848
"BRPF3",1.81314561412218
"WDR55",1.81314166102841
"POM121",1.81304382301518
"DMAC1",1.8107288154341
"MYO9B",1.81022219558533
"DDT",1.80999687106973
"AGPAT1",1.80981866993629
"CDC42BPG",1.80880584944405
"ADAMTS13",1.80745104509712
"SFI1",1.80674491124548
"PAXX",1.80614002649169
"CLEC4G",1.80579791163084
"ADGRF3",1.80462000742305
"SLC38A12",1.80413878437782
"IKBKE",1.80385567703183
"ZNF710",1.80370961099708
"OR2B11",1.80303050850699
"TRPM5",1.80303050850699
"LINC01376",1.80301823740092
"GATA1",1.80287319493152
"CRTC3-AS1",1.80230138979854
"SHISA4",1.80196875273154
"LIMD1",1.80185172608588
"MRAS",1.8011716933127
"PLCB3",1.80082455122742
"RPRM",1.800575469894
"LOC124904967",1.79956548673995
"MIR663AHG",1.79956548673995
"GSDMC",1.79802135108329
"EPHB2",1.79793148399906
"SLC26A11",1.79751394878685
"CAD",1.7967336382766
"NUAK2",1.796559859224
"GMEB2",1.79639841249756
"UQCC4",1.79604293437645
"ALOX15B",1.7953135413947
"CD5L",1.79475311179898
"LTBP2",1.79462395653172
"C12orf56",1.793517597521
"SMG5",1.79239505368555
"SLC22A17",1.7921375612594
"LOC101929408",1.79134819578152
"RAB40C",1.79095801327538
"KIAA0513",1.78958635184584
"RIOX1",1.78941453258044
"IHO1",1.78920782319048
"CNP",1.78804082442872
"MYOM2",1.78783652287808
"E4F1",1.78770212095089
"SRCAP",1.78705935133415
"RNF31",1.78687982334759
"RAI2",1.78621734479043
"FGL1",1.78549318218456
"SEC14L6",1.78549318218456
"SLC5A11",1.78549318218456
"HDGFL2",1.78522208423734
"MIR6870",1.78486834286929
"SHANK2",1.78485254773403
"IRX6",1.78440507519544
"MYH13",1.78404541847651
"LRP8",1.78286950593373
"FOXD3-AS1",1.78275468403219
"SEZ6L",1.78271950437808
"HECW1",1.78161810896953
"DDX39B",1.78103199788427
"DVL2",1.78095857266385
"CCDC180",1.78087678893505
"KRT81",1.78034576230179
"APOM",1.78019759274444
"LINC01608",1.77983208576641
"MISP",1.77952143694898
"SLC17A7",1.77899885655169
"AGO2",1.77884400969054
"UVSSA",1.77867718205674
"RENBP",1.77730961191974
"PKD1",1.77660598485659
"SPC24",1.77597562045078
"ODAD4",1.77562284966171
"KCNMB1",1.77502721975488
"KRT72",1.77414707161154
"MAP3K2-DT",1.77414707161154
"BRD3",1.7739477989684
"TEAD2",1.77353135553706
"CLIP3",1.77236185453653
"SNPH",1.77061514913807
"ZNF783",1.77037287408928
"HERC2P9",1.77031954444998
"SERTAD1",1.76971489101053
"CLEC17A",1.76897724880674
"NBEAL2",1.76818105595107
"EPHB3",1.76785154801413
"SLC51A",1.76735924967589
"MIR130AHG",1.76731576360583
"DAND5",1.76731500872569
"CUEDC1",1.76719610402607
"MUSK",1.76707562105284
"ACRBP",1.76682382336218
"PLEKHO1",1.76678255257958
"KLF10",1.76672256313364
"PRELP",1.76666758773392
"CDK10",1.76645544126161
"GALNT6",1.76638303416203
"INSC",1.76583325220803
"SERPIND1",1.76493954459137
"MED26",1.76468474471817
"UBALD2",1.7643792248413
"ZFYVE27",1.76379661575293
"ARPC5L",1.76326387314643
"SAMD10",1.76306388063634
"GPX4",1.75935123932176
"OVCA2",1.75795520840545
"COX8A",1.75790109138091
"SPANXD",1.75785566871414
"ALPK3",1.75776408185471
"MYO15A",1.75744776396006
"RBSN",1.75659785543023
"ADCY3",1.7551139480774
"SLC28A2",1.75484541619094
"CLDN4",1.75467451487101
"CLDND2",1.7532010094294
"EFCAB10",1.75286476598702
"TIMD4",1.75141281054433
"HIP1R",1.75086470338009
"BACH2",1.75055417982462
"CARD11",1.74907317962962
"GEMIN4",1.74813781577305
"FOXP4",1.74716749057539
"LIMS2",1.7471364008677
"FMNL1-AS1",1.74662525760219
"POFUT1",1.74654530739938
"KYAT1",1.74618967795781
"IQCE",1.74591421135859
"BEND3",1.74559440600957
"GDPD5",1.74551170257071
"MSH4",1.74533923176112
"CISD3",1.74498154675485
"SPATA13",1.74469819947049
"ABHD17A",1.74437876083299
"SCYL1",1.74397312349834
"MEPCE",1.74368499877522
"OTOF",1.74362665583109
"BGN",1.7421869975943
"LETM1",1.74212486469088
"IDUA",1.74137776278793
"ZSCAN22",1.74068669546364
"SH3GLB2",1.7401422976299
"THOC6",1.73886244628996
"LOC101928965",1.73836993386899
"USP36",1.73824773387168
"LOC128966610",1.73807497059412
"QTGAL",1.73807497059412
"NR2F2-AS1",1.73788033141953
"SGSM2",1.73759477068351
"RRP1",1.7375057100069
"SEC14L5",1.73742314447833
"BEX1",1.73656067396313
"HSF4",1.7364523746684
"TENM2",1.73613769989522
"CCDC183",1.73613154322508
"ENTPD2",1.73580875538271
"MPZ",1.73320418367978
"OTOP3",1.73305267141084
"BAG1",1.73289086555096
"POLE",1.73276829214229
"PALM",1.73100197815096
"PCDHA12",1.73078606270759
"PCDHGA5",1.73009646195511
"TMEM266",1.7299560430047
"VAMP1",1.72956914217082
"FAM3A",1.72942902198243
"CCL5",1.72920223047135
"DNM1",1.72822465672444
"DDAH2",1.72822451284916
"MRPL28",1.72697116306525
"CCNB3",1.72653503171551
"LYPD5",1.72650656931703
"EGFLAM",1.72646220422508
"IGF2BP2",1.72499129417176
"PPARD",1.72473349043293
"POFUT4",1.72372966005705
"LOC100131465",1.72189726654353
"DAAM2",1.72164905076952
"POC1A",1.72122918752284
"SLC25A10",1.72090743967727
"HEY1",1.72003198562444
"SREBF1",1.71998269585114
"TUSC2",1.71860272679483
"FAM136A",1.71855177569285
"USP19",1.718517210893
"DPP3",1.71830022029923
"MAGIX",1.71725262589596
"INSYN2A",1.71661390030116
"RPS2P8",1.71629495924484
"SMIM1",1.71622221824247
"WNT5B",1.71608066745583
"HSPA12B",1.71607703165943
"ELN-AS1",1.71532593804555
"PGAP6",1.71458539818362
"RPL13",1.71297636203925
"MST1R",1.71253332982179
"INPPL1",1.71213349536629
"ATP13A1",1.71150257271291
"KLHL26",1.71048113349386
"TRAF4",1.70951339663998
"PLCXD1",1.70819244396587
"SHC4",1.70670572849255
"CDK11A",1.70527082030721
"POR",1.7044081327997
"ADAM15",1.70379892659278
"AK5",1.70356539441512
"PPIEL",1.70302323816361
"PRMT6",1.70284733283765
"P2RX5",1.70269744407216
"TMEM41A",1.70219921651634
"NFATC2",1.70109134722745
"FAM118A",1.69981643692214
"ACVR2B-AS1",1.69939045201815
"ADAM29",1.69939045201815
"ANKRD17-DT",1.69939045201815
"ATF6-DT",1.69939045201815
"CACNG5",1.69939045201815
"CASC8",1.69939045201815
"CCDC39-AS1",1.69939045201815
"CCDC86P1",1.69939045201815
"CDRT15",1.69939045201815
"CEACAM20",1.69939045201815
"CHIA",1.69939045201815
"CRX",1.69939045201815
"CYCSP2",1.69939045201815
"DCTN1-AS1",1.69939045201815
"DDX59-AS1",1.69939045201815
"DMRTC2",1.69939045201815
"DPRX",1.69939045201815
"DYNC1LI2-DT",1.69939045201815
"FAM133GP",1.69939045201815
"FDPSP4",1.69939045201815
"FOXP4-AS1",1.69939045201815
"GJD4-AS1",1.69939045201815
"GPRACR",1.69939045201815
"HLA-F-AS1",1.69939045201815
"HNRNPA3P16",1.69939045201815
"HSPD1P10",1.69939045201815
"IFNA21",1.69939045201815
"KCNIP1-OT1",1.69939045201815
"KRT18P16",1.69939045201815
"LDHBP1",1.69939045201815
"LINC00051",1.69939045201815
"LINC00200",1.69939045201815
"LINC00548",1.69939045201815
"LINC00598",1.69939045201815
"LINC00607",1.69939045201815
"LINC00619",1.69939045201815
"LINC00840",1.69939045201815
"LINC00852",1.69939045201815
"LINC00863",1.69939045201815
"LINC01471",1.69939045201815
"LINC01526",1.69939045201815
"LINC01806",1.69939045201815
"LINC01871",1.69939045201815
"LINC02080",1.69939045201815
"LINC02126",1.69939045201815
"LINC02511",1.69939045201815
"LINC02642",1.69939045201815
"LINC02742",1.69939045201815
"LINC02826",1.69939045201815
"LINC02958",1.69939045201815
"LINC03026",1.69939045201815
"LLCFC1",1.69939045201815
"LOC100129534",1.69939045201815
"LOC100130801",1.69939045201815
"LOC100132834",1.69939045201815
"LOC100418885",1.69939045201815
"LOC101928505",1.69939045201815
"LOC102724858",1.69939045201815
"LOC105375653",1.69939045201815
"LOC105376412",1.69939045201815
"LOC105378776",1.69939045201815
"LOC105378976",1.69939045201815
"LOC105379178",1.69939045201815
"LOC107985940",1.69939045201815
"LOC124900181",1.69939045201815
"LOC124900525",1.69939045201815
"LOC124902202",1.69939045201815
"LOC124903233",1.69939045201815
"LOC124903702",1.69939045201815
"LOC124904047",1.69939045201815
"LOC124909383",1.69939045201815
"LOC347097",1.69939045201815
"MAGEB6B",1.69939045201815
"MIR29A",1.69939045201815
"MIR425",1.69939045201815
"MIR578",1.69939045201815
"MIR640",1.69939045201815
"OR8T1P",1.69939045201815
"PCAT7",1.69939045201815
"PFN1P2",1.69939045201815
"PLS3-AS1",1.69939045201815
"PPIAP27",1.69939045201815
"PPIAP68",1.69939045201815
"PRADX",1.69939045201815
"PRKCQ-AS1",1.69939045201815
"PSME2P2",1.69939045201815
"RASA2-IT1",1.69939045201815
"RBMS3-AS3",1.69939045201815
"RHOQ-AS1",1.69939045201815
"RN7SL398P",1.69939045201815
"RN7SL615P",1.69939045201815
"RN7SL664P",1.69939045201815
"RN7SL764P",1.69939045201815
"RNA5SP481",1.69939045201815
"RPL10L",1.69939045201815
"RPL13AP13",1.69939045201815
"RPL18AP15",1.69939045201815
"RPL18AP16",1.69939045201815
"RPL21P89",1.69939045201815
"RPL23AP71",1.69939045201815
"RPS15AP39",1.69939045201815
"RPS19P2",1.69939045201815
"RPS3P5",1.69939045201815
"S100Z",1.69939045201815
"SLC10A5P1",1.69939045201815
"SLC35G3",1.69939045201815
"SNORA80D",1.69939045201815
"SNORD13D",1.69939045201815
"SNORD56B",1.69939045201815
"SNORD70",1.69939045201815
"SNTN",1.69939045201815
"SPMIP3",1.69939045201815
"TEX26-AS1",1.69939045201815
"TNFRSF10B-AS1",1.69939045201815
"TPRKBP2",1.69939045201815
"TPST2P1",1.69939045201815
"TRIM31-AS1",1.69939045201815
"UBTFL9",1.69939045201815
"UFD1-AS1",1.69939045201815
"UQCRFS1-DT",1.69939045201815
"VSTM2A",1.69939045201815
"YWHAEP7",1.69939045201815
"ZKSCAN2-DT",1.69939045201815
"ZNF197-AS1",1.69939045201815
"PPDPF",1.6975853396662
"CCNA1",1.69730621564706
"MYO1A",1.69690579374302
"KIAA2013",1.69683278184949
"CRY2",1.69641645120344
"RUSF1",1.69637845203774
"BCL6B",1.69605732909269
"AXIN1",1.69564091012949
"SCHIP1",1.69535447096312
"MYH11",1.69510676351132
"PKD2L1",1.69392437327582
"LINC03031",1.69392437327582
"LOC101928385",1.69392437327582
"SLC35F4",1.69331794193644
"ARRDC5",1.69317741538455
"PTCH2",1.69244186147467
"SERPINH1",1.69095318514212
"ADISSP",1.68933272919959
"PHKG1",1.68894581031143
"LAT2",1.68884811411057
"ZDHHC18",1.68884519244827
"RPS9",1.6879348107643
"KCNMB4",1.6871528343864
"HOXD11",1.68703448159886
"ANO7",1.68648509500011
"PPIF",1.68571508374897
"SYNE4",1.68516334036118
"OSBPL7",1.68384831996848
"CACNA1G",1.68307463175642
"CNPPD1",1.68295308243991
"PASK",1.68278379839771
"DOK1",1.68251409173675
"TMEM130",1.68243382157392
"KCTD13",1.68225477312558
"FAM219A",1.68094306819617
"MRM3",1.68065723319606
"ALB",1.68041735120319
"ACOT11",1.68007433695891
"TRIM58",1.67995705237955
"ZC3H7B",1.679724258978
"CCDC157",1.679653419461
"FBXO10",1.67951090315011
"PRR16",1.6792124164971
"DNAH6",1.67901261730798
"IL23A",1.67829048156783
"VSTM4",1.67799039600962
"PEDS1",1.67793330547832
"MIR8078",1.67766875902919
"TRIO",1.67761625862016
"CRK",1.6773097423767
"AMBRA1",1.67652659265724
"ODAD1",1.6764856259171
"SMTNL1",1.67541775570167
"ZNF114",1.67539687049418
"NCKIPSD",1.67533138225283
"ENPP6",1.67522157757339
"SYS1",1.67522140276271
"ZSCAN20",1.67425722854394
"THEM6",1.67415477940406
"CYREN",1.6731811827371
"NADK",1.67292156303484
"PLEC",1.67284488667883
"SPATA12",1.67260998298761
"HSPG2",1.6717330571237
"VPS9D1-AS1",1.67090874027701
"SPR",1.67039940913908
"GADD45A",1.67036393643204
"YIF1B",1.66994474612637
"HECA",1.66887947061176
"SP2",1.66869464338479
"ALDH8A1",1.66851599561537
"KLHL25",1.66763090587078
"SNTG2",1.66758373730644
"SOX10",1.66749412122052
"F8A2",1.66625329297204
"F8A3",1.66625329297204
"MRPL53",1.66611239534688
"ADM",1.6657094353702
"CDK6",1.66562863774485
"DCHS1",1.6652704484793
"NSMF",1.66526656217353
"CALR3",1.66525989488779
"ANAPC2",1.6651840305258
"HEXIM2",1.66517139132812
"GPR161",1.66485723552442
"MEF2C-AS1",1.66481165036391
"ZBED3-AS1",1.66481165036391
"CACNA2D4",1.6647943457509
"RPL26P30",1.6647331202888
"ACTR1AP1",1.66392634148556
"ARL2BPP10",1.66392634148556
"BCL6-AS1",1.66392634148556
"BLTP3B-DT",1.66392634148556
"BNIP3P45",1.66392634148556
"BTNL12P",1.66392634148556
"C1QTNF4",1.66392634148556
"CACNG2",1.66392634148556
"CAP1P2",1.66392634148556
"CCDC13-AS2",1.66392634148556
"CCDC194",1.66392634148556
"CCT6P2",1.66392634148556
"CFL1P1",1.66392634148556
"CHMP1B2P",1.66392634148556
"CNDP1",1.66392634148556
"CPA1",1.66392634148556
"CPLANE1-AS1",1.66392634148556
"CYLD-AS2",1.66392634148556
"DAB1-AS1",1.66392634148556
"DNAH5-AS1",1.66392634148556
"DPPA3P10",1.66392634148556
"EEF1A1P46",1.66392634148556
"EIF2AK3-DT",1.66392634148556
"EIF3LP1",1.66392634148556
"FAM133A",1.66392634148556
"FAM151B-DT",1.66392634148556
"FBXO47",1.66392634148556
"FSIP2-AS1",1.66392634148556
"FSIP2-AS2",1.66392634148556
"GCNAP1",1.66392634148556
"GHSR",1.66392634148556
"GTSE1-DT",1.66392634148556
"H1-8",1.66392634148556
"HAFML",1.66392634148556
"HCG20",1.66392634148556
"HDHD5-AS1",1.66392634148556
"HMGB3P3",1.66392634148556
"HNRNPKP4",1.66392634148556
"HSPA2-AS1",1.66392634148556
"IGHV5-78",1.66392634148556
"KIAA1614-AS1",1.66392634148556
"KIAA2012-AS1",1.66392634148556
"LDC1P",1.66392634148556
"LINC-ROR",1.66392634148556
"LINC00343",1.66392634148556
"LINC00379",1.66392634148556
"LINC00383",1.66392634148556
"LINC00536",1.66392634148556
"LINC00589",1.66392634148556
"LINC00710",1.66392634148556
"LINC01087",1.66392634148556
"LINC01104",1.66392634148556
"LINC01139",1.66392634148556
"LINC01180",1.66392634148556
"LINC01266",1.66392634148556
"LINC01299",1.66392634148556
"LINC01304",1.66392634148556
"LINC01414",1.66392634148556
"LINC01587",1.66392634148556
"LINC01737",1.66392634148556
"LINC01853",1.66392634148556
"LINC02013",1.66392634148556
"LINC02142",1.66392634148556
"LINC02179",1.66392634148556
"LINC02188",1.66392634148556
"LINC02217",1.66392634148556
"LINC02302",1.66392634148556
"LINC02316",1.66392634148556
"LINC02359",1.66392634148556
"LINC02433",1.66392634148556
"LINC02471",1.66392634148556
"LINC02521",1.66392634148556
"LINC02570",1.66392634148556
"LINC02706",1.66392634148556
"LINC02723",1.66392634148556
"LINC02767",1.66392634148556
"LINC02772",1.66392634148556
"LINC02930",1.66392634148556
"LINC02947",1.66392634148556
"LINC03062",1.66392634148556
"LOC100128601",1.66392634148556
"LOC100132857",1.66392634148556
"LOC100420298",1.66392634148556
"LOC101927023",1.66392634148556
"LOC101927418",1.66392634148556
"LOC101927692",1.66392634148556
"LOC101927845",1.66392634148556
"LOC102724351",1.66392634148556
"LOC105369140",1.66392634148556
"LOC105369933",1.66392634148556
"LOC105371414",1.66392634148556
"LOC105371597",1.66392634148556
"LOC105371762",1.66392634148556
"LOC105372042",1.66392634148556
"LOC105372630",1.66392634148556
"LOC105373475",1.66392634148556
"LOC105373594",1.66392634148556
"LOC105373888",1.66392634148556
"LOC105374409",1.66392634148556
"LOC105374642",1.66392634148556
"LOC105375199",1.66392634148556
"LOC105375523",1.66392634148556
"LOC105377924",1.66392634148556
"LOC105378639",1.66392634148556
"LOC107984308",1.66392634148556
"LOC107985211",1.66392634148556
"LOC107985253",1.66392634148556
"LOC107985959",1.66392634148556
"LOC107986208",1.66392634148556
"LOC107986462",1.66392634148556
"LOC107986639",1.66392634148556
"LOC107986760",1.66392634148556
"LOC107986930",1.66392634148556
"LOC112268410",1.66392634148556
"LOC122513141",1.66392634148556
"LOC124900226",1.66392634148556
"LOC124900282",1.66392634148556
"LOC124902752",1.66392634148556
"LOC124902803",1.66392634148556
"LOC124903629",1.66392634148556
"LOC124903757",1.66392634148556
"LOC124904731",1.66392634148556
"LOC124905488",1.66392634148556
"LOC124908003",1.66392634148556
"LOC124908005",1.66392634148556
"LOC124908006",1.66392634148556
"LOC389602",1.66392634148556
"LOC441239",1.66392634148556
"MARCHF10-DT",1.66392634148556
"MARCHF11",1.66392634148556
"METTL14-DT",1.66392634148556
"MIR107",1.66392634148556
"MIR122HG",1.66392634148556
"MIR1291",1.66392634148556
"MIR1295A",1.66392634148556
"MIR148B",1.66392634148556
"MIR15B",1.66392634148556
"MIR200A",1.66392634148556
"MIR4648",1.66392634148556
"MIR548T",1.66392634148556
"MIR620",1.66392634148556
"MKNK1-AS1",1.66392634148556
"MRPS9-AS2",1.66392634148556
"NCKAP5-AS1",1.66392634148556
"ODF4",1.66392634148556
"OLA1P2",1.66392634148556
"OR14L1",1.66392634148556
"OR2D3",1.66392634148556
"OR8H1",1.66392634148556
"OTUD6A",1.66392634148556
"PATE4",1.66392634148556
"PAWRP2",1.66392634148556
"POLRMTP1",1.66392634148556
"POM121L15P",1.66392634148556
"PPFIA2-AS1",1.66392634148556
"PPM1AP1",1.66392634148556
"RBM46",1.66392634148556
"RMST",1.66392634148556
"RN7SKP8",1.66392634148556
"RN7SL107P",1.66392634148556
"RN7SL200P",1.66392634148556
"RN7SL239P",1.66392634148556
"RN7SL285P",1.66392634148556
"RN7SL441P",1.66392634148556
"RN7SL444P",1.66392634148556
"RN7SL499P",1.66392634148556
"RN7SL561P",1.66392634148556
"RN7SL775P",1.66392634148556
"RN7SL798P",1.66392634148556
"RN7SL81P",1.66392634148556
"RPL10AP7",1.66392634148556
"RPL15P20",1.66392634148556
"RPL17P20",1.66392634148556
"RPL17P33",1.66392634148556
"RPL21P46",1.66392634148556
"RPL21P91",1.66392634148556
"RPL23AP78",1.66392634148556
"RPL31P19",1.66392634148556
"RPL32P6",1.66392634148556
"RPL34P18",1.66392634148556
"RPL35AP14",1.66392634148556
"RPL39P16",1.66392634148556
"RPL39P28",1.66392634148556
"RPL5P1",1.66392634148556
"RPL5P9",1.66392634148556
"RPL7AP14",1.66392634148556
"RPL7P30",1.66392634148556
"RPL7P35",1.66392634148556
"RPLP0P4",1.66392634148556
"RPLP0P5",1.66392634148556
"RPP38-DT",1.66392634148556
"RPS15AP1",1.66392634148556
"RPS27AP20",1.66392634148556
"RPS2P31",1.66392634148556
"RPS3AP14",1.66392634148556
"RPS4XP2",1.66392634148556
"RPS4XP20",1.66392634148556
"RPS7P10",1.66392634148556
"RPSAP2",1.66392634148556
"RPSAP23",1.66392634148556
"RPSAP5",1.66392634148556
"RUSF1-DT",1.66392634148556
"SATB2-AS1",1.66392634148556
"SAXO5",1.66392634148556
"SCAMP1-AS1",1.66392634148556
"SEC23A-AS1",1.66392634148556
"SLC1A2-AS1",1.66392634148556
"SLC24A3-AS1",1.66392634148556
"SLC25A51P4",1.66392634148556
"SLC38A4-AS1",1.66392634148556
"SLC44A3-AS1",1.66392634148556
"SLC66A2P2",1.66392634148556
"SMAD3-AS1",1.66392634148556
"SMIM14-DT",1.66392634148556
"SMIM47",1.66392634148556
"SMN1-AS1",1.66392634148556
"SNORA36C",1.66392634148556
"SNORD114-16",1.66392634148556
"SNORD115-32",1.66392634148556
"SNORD70B",1.66392634148556
"SNRPCP9",1.66392634148556
"SPINK14",1.66392634148556
"ST7-AS1",1.66392634148556
"SUPT20HL1",1.66392634148556
"TCP1P3",1.66392634148556
"TEKT4",1.66392634148556
"TROAP-AS1",1.66392634148556
"TSACC",1.66392634148556
"UVRAG-DT",1.66392634148556
"VENTXP1",1.66392634148556
"VPS13B-DT",1.66392634148556
"WASH4P",1.66392634148556
"WFDC11",1.66392634148556
"ZG16",1.66392634148556
"LCN10",1.66349719581661
"DNAJC28",1.66348960201245
"SLC2A8",1.66121372095457
"WDR88",1.66119304319601
"LOC403312",1.66040829028994
"RTL8B",1.66022736936373
"LINC03034",1.65972573312491
"ADAM19",1.65911417353564
"HOXD10",1.65879605490025
"FOLR3",1.65868514173588
"SAG",1.65849489241839
"PCDHGA8",1.65803219174788
"WTIP",1.6569697635275
"CYB5D2",1.65687648515775
"SLC35H1",1.656799648994
"LRRC8A",1.65652538931887
"GFER",1.65632651215623
"RSPO1",1.65622632436173
"GRIA1",1.65562227054365
"DNAH2",1.65530424634688
"CCDC13",1.65494129100099
"AKIP1",1.65476254204809
"C5AR1",1.65444233593203
"HMGN4",1.65438172422967
"DSCAML1",1.65373830715516
"UCKL1",1.65327476753415
"SCG2",1.65250267129208
"YTHDF1",1.65209099953306
"KCTD12",1.6517570665812
"HRAS",1.65055588570162
"DGCR2",1.65008198966452
"RREB1",1.65007274721543
"ARFGAP1",1.65005614307005
"CRHR2",1.64960294452628
"TMEM43",1.64932461659016
"SEZ6L2",1.64891589905127
"QSOX1",1.64891447501406
"APOA1",1.64865201802414
"LOC124903478",1.64865201802414
"RN7SL275P",1.64865201802414
"PIMREG",1.64816587126905
"NSUN5",1.64771612153084
"MCM3AP",1.64733195656256
"MOGAT2",1.6473018220949
"AGTRAP",1.64718521348574
"TSLP",1.6464306459917
"TNFSF9",1.64636231216306
"TOB2",1.64587094772134
"SLC39A1",1.64580999790561
"KLF4",1.64519323150717
"SENP3",1.64386608369461
"CCL24",1.64314820074976
"CHAF1A",1.64313665929317
"MEOX1",1.64303121590722
"TRIM54",1.64265849026859
"CDCA3",1.64151754939362
"PTPN18",1.64077552327104
"PALM3",1.63957163171885
"MCM10",1.63933415871283
"ENHO",1.63925501843064
"AVPI1",1.63879417716566
"KPLCE",1.63807534527014
"FFAR3",1.63776403436563
"TMEM53",1.63764563153997
"AMIGO1",1.63541433725481
"SYT15",1.63527371309161
"P3H3",1.6350684824488
"ATP6V1G3",1.63383133403397
"RPSAP29",1.63383133403397
"PTPN7",1.63336496645048
"CRIP1",1.63266404357613
"FAM47E",1.63253128890784
"JAKMIP1",1.63247839204973
"THOP1",1.63247693951248
"GPIHBP1",1.63181450370933
"TPST2",1.63171132278368
"PLD3",1.63170758458832
"SLC39A14",1.63150424064024
"MFSD2A",1.63131866228552
"LINGO1",1.63102279606344
"RIMS2",1.62847721025691
"FAM186B",1.62836374433811
"LGALS1",1.62685834230098
"KIF5A",1.62591645856151
"MPG",1.6257227203572
"GOLGA8O",1.6247221606647
"GOLGA8Q",1.6247221606647
"ADAMTS9-AS2",1.62422281235106
"MAPKBP1",1.62361001146793
"RHOD",1.62323688600811
"CXXC1",1.62218731668205
"PARS2",1.62206708021043
"HIF3A",1.62083823852899
"TRIM35",1.62056473264122
"BPHL",1.62050288356952
"ALOX15",1.61972694016452
"SEC16A",1.61800838217245
"MYCBPAP",1.61631514999753
"KATNB1",1.61614054617775
"POLD2",1.61608121485434
"UCP3",1.61528076269971
"RAPH1",1.61461768459732
"SERPINE1",1.61442161082544
"TGFBI",1.61408175028885
"NUDT13",1.61317484768395
"NINJ1",1.61305912672452
"DDO",1.61286411190978
"DHRS4",1.61255835787338
"TTLL12",1.61225038804988
"RNF152",1.61215198484725
"FOLH1B",1.61212906345816
"COASY",1.61175032280252
"CCNF",1.61107032752035
"TEX38",1.60964131893938
"LOC105370489",1.6095364196478
"LOC105371824",1.6095364196478
"RPS15AP12",1.6095364196478
"ENDOG",1.60935522894113
"IFFO1",1.6090744886174
"USP2-AS1",1.60843436905443
"PLXDC1",1.60821365291155
"MTG2",1.60819384997567
"MICAL2",1.60743157697423
"HTATSF1",1.60674511968172
"PCDHGA12",1.60595305499725
"PLA2G4C",1.60580706850533
"PCBP3",1.60572003487321
"ACSM5",1.60499667741989
"PTPN5",1.60499020272209
"MT3",1.60427379005198
"AVPR2",1.60393955704995
"NTN5",1.60377050592443
"RGS20",1.60357695625888
"EHMT2-AS1",1.60351987752309
"CSRNP1",1.60250290834542
"RBM38",1.60231620896536
"HTT",1.60132336935763
"TYMS",1.60116462573044
"CYP2S1",1.60088989373265
"CECR2",1.60052797862817
"ZNF335",1.60014886128053
"WSCD1",1.60006458431705
"CFAP45",1.59948711923803
"LINC02432",1.59893449348349
"LOC124901408",1.59893449348349
"PODN",1.59799178111349
"ARHGAP30",1.59717916948951
"PNPLA7",1.59586948110386
"PRMT7",1.59568331156322
"STIMATE-MUSTN1",1.59524882059085
"CAMK2A",1.59345880668905
"FBLN2",1.59252840343837
"B4GALT7",1.59246154832818
"ZNF512B",1.5923355545466
"TNNT2",1.59198226884467
"CLPB",1.59180265118886
"MKRN3",1.59085612630984
"NEU2",1.59047527134355
"PRDM2",1.58895898245572
"PI4K2A",1.58890774481027
"SLC35F1",1.58714763807051
"KDM2B",1.58664177185629
"CYP2B6",1.5864489425455
"MAN1C1",1.58596442201855
"KCNA1",1.58526784226463
"POU3F2",1.58496638611057
"FAM53B",1.5839808797169
"SPATA20",1.58394436110627
"SYNPO2L-AS1",1.58375675185986
"DDX27",1.58372408766909
"SIGLEC12",1.58302131663666
"UBAC1",1.58301695151467
"CBS",1.58258543219232
"LOC102724560",1.58258543219232
"MCAM",1.58120477076014
"MRPL34",1.58101835678439
"FMNL3",1.58098756926905
"SIGLEC7",1.58078152385091
"JAG2",1.58076191132638
"MZB1",1.58032294444792
"MED15",1.58027065114049
"DEF6",1.58010156108037
"CACNA2D2",1.5798268956508
"MPST",1.57803153333331
"SLC30A2",1.57726957452508
"PLD6",1.5760568195463
"CHRNA7",1.57596374939405
"DCAF8",1.57579554075004
"USP17L11",1.57513449975151
"SLC39A7",1.57504093603583
"ACP2",1.57471449555493
"DAB2IP",1.5744123872115
"PAGR1",1.57405059187576
"COQ8B",1.57314004317568
"TREM1",1.57285287087216
"NEUROD2",1.5727716085343
"NLE1",1.57245231006941
"HS1BP3",1.57070522878742
"ZNF319",1.56985276276758
"VDR",1.56965496450827
"LYSMD1",1.56814823798162
"APBA2",1.56805494382324
"ZAP70",1.56679947871171
"ADCY5",1.56668468026757
"GMPPB",1.56565945950088
"ZNHIT1",1.56558535473147
"TAF6L",1.5652792484861
"NOCT",1.56488839501318
"CACNA1C",1.56486954928039
"CACNA1C-IT2",1.56486954928039
"PSG11",1.56471758807077
"WDR77",1.56368659491076
"DUSP7",1.56357323103208
"ENOX1",1.56327327633275
"CYFIP1",1.56326412687304
"UBE2G2",1.56135829166527
"ZNF692",1.56132284390184
"HNRNPA1P33",1.56031598298738
"PCIF1",1.55953754829552
"RPL10P3",1.55915143459953
"KHNYN",1.55722856770047
"HROB",1.55702884040964
"NFE4",1.55540415683365
"SPDYE4",1.55540415683365
"DPP9",1.55470864322956
"VPS11",1.55442388225352
"LILRA2",1.55434534313891
"CHTOP",1.55432322540189
"CTRL",1.55388709609866
"DHRS3",1.55369969667574
"HRCT1",1.55319349358934
"GPX1",1.55267898641319
"FFAR2",1.55233612755059
"NKIRAS2",1.55201763920551
"ANKMY1",1.55030388937689
"FGD3",1.54964714273982
"RNF157",1.54900397219418
"LRPAP1",1.54870312990928
"TNFAIP8L3",1.54834105844481
"FN3KRP",1.54790154743255
"ZSWIM8",1.54667654181387
"PGPEP1",1.5465598793979
"IGFBP3",1.54616306776229
"IKBKG",1.5454626658047
"AP1G2",1.54498290728853
"CTTN",1.54480397654329
"ZNF142",1.54328624665456
"CD300LF",1.54055555435749
"IMP3",1.53978770284333
"GSTT2B",1.53918937788377
"NLRC3",1.53868457606919
"LOC124907502",1.53737494577449
"LIMK2",1.53736205012491
"REXO1",1.5371344606156
"F2",1.53691477694548
"C3orf52",1.53617911982134
"CXXC5",1.53615885563472
"FAM209A",1.53588033529256
"FLII",1.53447089715704
"GALNT18",1.53428060774708
"THBS2",1.53396387353518
"ZHX3",1.53368772633911
"GEMIN6",1.53320937394495
"TAS2R3",1.53288972762821
"TMEM106A",1.53252839672302
"CACTIN",1.53238951525013
"LINGO4",1.53117308597986
"FLNC",1.53064177093484
"BTG1",1.53038349190991
"RAB40B",1.53016300073607
"CCDC51",1.52938461498876
"DNAH10",1.52899993290282
"ATG4D",1.52878980068718
"NEURL1",1.52819610864964
"TSSK4",1.52715098315195
"CCDC136",1.52579661908745
"HIGD1A",1.52572352368246
"CBLN3",1.52549950796794
"SEC14L2",1.52531576847051
"MTCL1",1.52481291164445
"LHFPL6",1.52442378522817
"PGLS",1.52428728454752
"ZNF697",1.52404965113451
"RGS16",1.52393002171864
"KIFC1",1.52357560999411
"KRT17P6",1.52309845993923
"SIRT2",1.52162283347527
"NAPSA",1.52118847484543
"LOC105377622",1.51935232740104
"SETD7",1.51935232740104
"TMSB10",1.51905082533906
"MUC3A",1.51903166555252
"NOM1",1.5174549943311
"C22orf39",1.51559535975544
"GPR61",1.51465703942952
"BTBD2",1.51456465473812
"SLC3A2",1.51408524966349
"STYXL2",1.51398523557879
"FETUB",1.51363510648539
"SMARCD3",1.51357863693324
"HAT1",1.51319451667972
"ATAD3A",1.51299404002018
"FLT3LG",1.51008213930959
"MAST2",1.50976769004371
"MARCO",1.50965397726063
"PPP6R1",1.50911025295021
"SPDYE16",1.50829594319113
"TNFSF14",1.50758224467708
"SULT4A1",1.50649724553176
"YPEL4",1.50616502963332
"NCS1",1.5060940313971
"ARMC6",1.50597601878446
"RNASE2",1.50585030315204
"C4orf50",1.50523785029646
"COL9A1",1.50509882022622
"NECTIN2P1",1.50503137587761
"PTH1R",1.5047813517791
"NOP9",1.50443219389345
"PIH1D1",1.50434020506256
"LMAN2L",1.50347958247702
"LTBP3",1.50299704584622
"GLRX5",1.50286935832154
"TACC2",1.50268185518525
"ORM2",1.5024395458804
"KLK6",1.50201467279122
"DPEP2",1.50200754303596
"SLC67A2",1.50083107791
"MEAK7",1.50076984241679
"TBC1D2",1.50002301230543
"CD2BP2",1.49888900790751
"C5AR2",1.49883950841202
"PISD",1.49883413132207
"TSC22D3",1.49871325195978
"CCDC159",1.49825646956457
"LRP11-AS1",1.49801082145836
"IQGAP3",1.49692522919617
"WDR6",1.4967425953587
"KIAA1671",1.49661856336207
"GPRASP3",1.49649439969702
"FSTL4",1.4964687903372
"PHF2",1.49584860838181
"SLC9B1",1.49560779625878
"ST18",1.49409323896359
"EFHD2",1.4940103751411
"PGLYRP4",1.49367003745672
"SOX9",1.49293990985862
"KCNJ12",1.49240836252984
"SLC71A3P",1.49200394935754
"IL12A",1.49175645458876
"MYO7A",1.49111572550739
"VPS18",1.49075885743001
"PHF13",1.49075606769533
"TMED1",1.4905749247333
"RCSD1",1.49049574253782
"P3H1",1.49017107115862
"KANSL1",1.49008148780745
"NUDT14",1.49006913353653
"IFFO2",1.48990164200389
"EGLN2",1.48961169782214
"C17orf50",1.4896094505484
"LOC107985358",1.4896094505484
"NLRP11",1.4896094505484
"SLC27A3",1.48930604206939
"TRIM28",1.48900840141658
"EPS8L1",1.4876630127248
"RIC8A",1.48684593975388
"TRMT112",1.48662842177212
"JADE2",1.48620630717945
"SIVA1",1.48599882080332
"ERCC2",1.48552982880504
"F11",1.48526426400393
"PEX11B",1.48522870733732
"CMPK2",1.48490658538454
"PPM1J",1.48462736783305
"OBSCN",1.48431098993125
"FAM168A",1.48343084481002
"XIRP1",1.4829249499134
"MAP3K12",1.48291557596481
"PSMB10",1.482572163357
"NRROS",1.48203225996088
"FOSB",1.48064109447036
"MYRF",1.47922398099316
"CIZ1",1.47900070967591
"CCN2",1.47895404590192
"PHYHIPL",1.47839193349175
"HOXD4",1.47818579456245
"HDAC11",1.47803238241673
"TRIM62",1.47792481902954
"GBGT1",1.47714370891567
"MEX3B",1.47709856643656
"RPL36A-HNRNPH2",1.47668768233957
"MMP24",1.47649531487523
"CSNK1G2",1.47626605253462
"MED24",1.4758262189267
"PPP6R2",1.47536791170344
"HGH1",1.47508122077332
"SPATA31C2",1.47506539058937
"OR1I1",1.47482867964114
"MMP20",1.47392286867853
"FAM53C",1.4738851022183
"LOC100128966",1.4738851022183
"GRINA",1.47317253261089
"TCEAL3",1.47279236209895
"GINS2",1.47263586756029
"CLASRP",1.47211812486857
"DUXAP10",1.47148058871272
"CRYAB",1.47144206637275
"ANO3",1.4684961230122
"CLCN2",1.46771220831396
"SET",1.46731342615541
"RPS18P5",1.46728184981724
"SCRN1",1.46688972780486
"KLHL31",1.4664195287828
"POGK",1.46634728751234
"TMEM208",1.46614676756141
"BFSP1",1.46589774989799
"PCDHA9",1.46578657352717
"SLC35F6",1.46534570031438
"DNAH1",1.46432752667146
"WDR46",1.46269503592371
"MVB12A",1.46269010307269
"STK25",1.46250431077864
"TM9SF1",1.46228148517829
"TRIB1",1.46035882245662
"CYP17A1",1.4594274531452
"ULBP3",1.4590334995757
"SUV39H1",1.4562984255235
"GLI4",1.4557338555241
"PTK6",1.45542719689011
"RTN4",1.4553741345133
"GCSAM",1.45433434801837
"CLDN2",1.45363392967504
"PCDH15",1.45347117110745
"SARDH",1.45320830456034
"RASGEF1A",1.45292247697315
"KLHL22",1.45279774831441
"RFNG",1.45275241175837
"CPT1C",1.45272228369628
"CYB561A3",1.45226928050961
"SLC25A22",1.45185022516376
"LMCD1",1.4504017547836
"ATP10A",1.45033070771457
"PDLIM2",1.45013549861103
"RBM24",1.44995733756669
"GALNT10",1.44987101586001
"TMEM94",1.449779939369
"OTX1",1.44951465128777
"ERBB2",1.4489693277696
"LRP10",1.44870423314499
"KRI1",1.44862663159365
"STK32B",1.44861614513357
"ANKRD34C",1.44844408857478
"BPIFB4",1.44844408857478
"CDX2",1.44844408857478
"CER1",1.44844408857478
"CIMIP6",1.44844408857478
"DDC-AS1",1.44844408857478
"DENRP4",1.44844408857478
"DUX4L16",1.44844408857478
"FAM90A12",1.44844408857478
"GOLGA7B-DT",1.44844408857478
"HBE1",1.44844408857478
"HLA-DRB6",1.44844408857478
"IGHV1OR15-9",1.44844408857478
"IL37",1.44844408857478
"KIR2DL3",1.44844408857478
"KLF14",1.44844408857478
"KLHL25P1",1.44844408857478
"KRT82",1.44844408857478
"KRT8P38",1.44844408857478
"KRTAP10-10",1.44844408857478
"KRTAP4-12",1.44844408857478
"KRTAP5-11",1.44844408857478
"LINC00485",1.44844408857478
"LINC00944",1.44844408857478
"LINC01519",1.44844408857478
"LINC01776",1.44844408857478
"LINC02872",1.44844408857478
"LOC100240735",1.44844408857478
"LOC100996671",1.44844408857478
"LOC101927690",1.44844408857478
"LOC102723663",1.44844408857478
"LOC105371458",1.44844408857478
"LOC124904351",1.44844408857478
"LOC284379",1.44844408857478
"LOC644909",1.44844408857478
"MIR1203",1.44844408857478
"MIR544A",1.44844408857478
"MIR563",1.44844408857478
"MIR569",1.44844408857478
"MS4A18",1.44844408857478
"NEMP2-DT",1.44844408857478
"NF1P7",1.44844408857478
"NTM-AS2",1.44844408857478
"OR2J3",1.44844408857478
"OR6C3",1.44844408857478
"OR7E162P",1.44844408857478
"OR7E35P",1.44844408857478
"OR7G3",1.44844408857478
"PAFAH1B2P2",1.44844408857478
"PLPP4",1.44844408857478
"PPY",1.44844408857478
"PRAMEF12",1.44844408857478
"PSMA8",1.44844408857478
"RAET1K",1.44844408857478
"RFPL4AP1",1.44844408857478
"RN7SL492P",1.44844408857478
"RNU6ATAC",1.44844408857478
"RPL21P31",1.44844408857478
"RPS10P11",1.44844408857478
"SCARNA15",1.44844408857478
"SLC17A8",1.44844408857478
"SNORD113-5",1.44844408857478
"SNORD114-25",1.44844408857478
"SNORD114-3",1.44844408857478
"SNORD115-10",1.44844408857478
"SNORD115-31",1.44844408857478
"SSX4",1.44844408857478
"SSX4B",1.44844408857478
"TRAJ3",1.44844408857478
"TUBB8P10",1.44844408857478
"ZFP57",1.44844408857478
"SNRPC",1.44816935572365
"RNF222",1.44812154230873
"GGA3",1.44755898923512
"CALHM2",1.44739537628027
"CLCN1",1.44690780677015
"CDK18",1.44642257127922
"C3orf62",1.44578888523049
"EXOSC4",1.44578262029519
"TSHZ3",1.44570721424281
"RBM25",1.44558984322315
"COX14",1.44430578461147
"PRPF40B",1.44349180557444
"HAUS3",1.4430917481149
"CHMP4A",1.44272540051223
"LSM4",1.44266964457616
"CHRNE",1.44246458934348
"JMJD7",1.44159993097159
"ARHGEF2",1.44085744095391
"MAML1",1.43957994561261
"CPT1B",1.43924972836633
"NNMT",1.43763525218826
"EP400",1.43740558421685
"CORO1B",1.43735905550912
"VEGFC",1.43710350677443
"C3orf70",1.43593257158026
"APLN",1.43582640109337
"WDR53",1.43525690535748
"SARM1",1.43520862998428
"FBXO31",1.43455267101085
"CHFR",1.43391584789365
"B3GAT1",1.43345706689039
"GABRR2",1.43339359979305
"SARS2",1.43325220729034
"OGFOD3",1.43239412123754
"PPFIA1",1.42998392426166
"LOC100419574",1.42890395578424
"RARG",1.42878589179302
"YJU2",1.42861912480023
"SLC6A12",1.42801489234999
"ILKAP",1.42748268066759
"VPS37B",1.42740965770861
"MYO1G",1.42708818392618
"BCL7B",1.42655670966381
"PRKD2",1.42630041367791
"C7orf57",1.42579515697128
"TSC22D2",1.42480489852823
"GEM",1.42422810003194
"NTM",1.4234752172828
"ACTG1P16",1.42253814152365
"ANKRD30BL",1.42253814152365
"ARHGEF4-AS1",1.42253814152365
"AVPR1B",1.42253814152365
"CFAP90",1.42253814152365
"CICP27",1.42253814152365
"CTRB1",1.42253814152365
"DDX10P1",1.42253814152365
"DLGAP1-AS5",1.42253814152365
"DNAAF3-AS1",1.42253814152365
"DPH5-DT",1.42253814152365
"DYDC1",1.42253814152365
"EDDM3A",1.42253814152365
"EEF1GP4",1.42253814152365
"EEF1GP5",1.42253814152365
"ELOVL2-AS1",1.42253814152365
"ERICH2-DT",1.42253814152365
"ERVV-2",1.42253814152365
"FAM87A",1.42253814152365
"FCF1P4",1.42253814152365
"FTH1P25",1.42253814152365
"GAD1-AS1",1.42253814152365
"GAGE10",1.42253814152365
"GIRGL",1.42253814152365
"GLOD5",1.42253814152365
"GLP2R",1.42253814152365
"GSTT4",1.42253814152365
"GXYLT1P4",1.42253814152365
"H3P33",1.42253814152365
"HEPN1",1.42253814152365
"HNRNPA3P3",1.42253814152365
"KCNJ6-AS1",1.42253814152365
"KIR3DL2",1.42253814152365
"LINC00601",1.42253814152365
"LINC01107",1.42253814152365
"LINC01152",1.42253814152365
"LINC01323",1.42253814152365
"LINC01324",1.42253814152365
"LINC01340",1.42253814152365
"LINC01858",1.42253814152365
"LINC02234",1.42253814152365
"LINC02606",1.42253814152365
"LINC02728",1.42253814152365
"LINC03064",1.42253814152365
"LOC100130018",1.42253814152365
"LOC100130849",1.42253814152365
"LOC100286997",1.42253814152365
"LOC100288570",1.42253814152365
"LOC100288763",1.42253814152365
"LOC100422492",1.42253814152365
"LOC101928463",1.42253814152365
"LOC101928627",1.42253814152365
"LOC101929333",1.42253814152365
"LOC101929372",1.42253814152365
"LOC102723789",1.42253814152365
"LOC102724768",1.42253814152365
"LOC105371729",1.42253814152365
"LOC105372832",1.42253814152365
"LOC105377171",1.42253814152365
"LOC107985532",1.42253814152365
"LOC107987323",1.42253814152365
"LOC112268449",1.42253814152365
"LOC114841035",1.42253814152365
"LOC116435278",1.42253814152365
"LOC124902513",1.42253814152365
"LOC124902696",1.42253814152365
"LOC124903619",1.42253814152365
"LOC124903706",1.42253814152365
"LOC124904048",1.42253814152365
"LOC124904072",1.42253814152365
"LOC124904778",1.42253814152365
"LOC124905237",1.42253814152365
"LOC124909494",1.42253814152365
"LOC345576",1.42253814152365
"LPP-AS2",1.42253814152365
"LRRC2-AS1",1.42253814152365
"MAGEA11",1.42253814152365
"MAGEB6",1.42253814152365
"MGC27382",1.42253814152365
"MIR103A2",1.42253814152365
"MIR1249",1.42253814152365
"MIR1286",1.42253814152365
"MIR202HG",1.42253814152365
"MIR769",1.42253814152365
"MTND4P12",1.42253814152365
"MUC13",1.42253814152365
"NAXEP1",1.42253814152365
"OFD1P4Y",1.42253814152365
"OVOL1-AS1",1.42253814152365
"PHACTR2P1",1.42253814152365
"PLSCR5",1.42253814152365
"PPIAP28",1.42253814152365
"PSMD7-DT",1.42253814152365
"RN7SKP154",1.42253814152365
"RN7SL124P",1.42253814152365
"RN7SL173P",1.42253814152365
"RN7SL395P",1.42253814152365
"RN7SL87P",1.42253814152365
"RNU6-90P",1.42253814152365
"RPL18P5",1.42253814152365
"RPL19P19",1.42253814152365
"RPL21P111",1.42253814152365
"RPL31P4",1.42253814152365
"RPL36AP47",1.42253814152365
"RPL36AP54",1.42253814152365
"RPL37P5",1.42253814152365
"RPL6P20",1.42253814152365
"RPL7AP49",1.42253814152365
"RPS12P2",1.42253814152365
"RPS18P11",1.42253814152365
"RPS27AP6",1.42253814152365
"RPS2P3",1.42253814152365
"RPS3AP55",1.42253814152365
"RPS3AP7",1.42253814152365
"RPSAP40",1.42253814152365
"RPSAP55",1.42253814152365
"SFTA1P",1.42253814152365
"SNORD115-25",1.42253814152365
"ST8SIA5-DT",1.42253814152365
"SUMO2P19",1.42253814152365
"SYT16",1.42253814152365
"TBC1D3E",1.42253814152365
"TEKT5",1.42253814152365
"TOMM22P2",1.42253814152365
"TRAJ56",1.42253814152365
"TRAPPC3L",1.42253814152365
"XRCC6P2",1.42253814152365
"YRDCP1",1.42253814152365
"YWHAQP7",1.42253814152365
"ZNF687-AS1",1.42253814152365
"ZSCAN5A-AS1",1.42253814152365
"EEF1D",1.42193793470817
"RHBDD2",1.42169018402433
"PSKH1",1.4207135014073
"FZD2",1.42012205960671
"NCK2",1.41940872227023
"TGM2",1.41905268631791
"ADAMTS9-AS1",1.41903401489192
"ASS1P5",1.41903401489192
"CD46P1",1.41903401489192
"CUBNP1",1.41903401489192
"DLX2-DT",1.41903401489192
"ELMO1-AS1",1.41903401489192
"FGFBP2",1.41903401489192
"GABRA6",1.41903401489192
"GAS1RR",1.41903401489192
"HNRNPA1P64",1.41903401489192
"HNRNPA3P10",1.41903401489192
"HPN-AS1",1.41903401489192
"IFITM5",1.41903401489192
"IL9",1.41903401489192
"INHBE",1.41903401489192
"KANSL1-AS1",1.41903401489192
"KLHL1",1.41903401489192
"LEMD1-AS1",1.41903401489192
"LINC00540",1.41903401489192
"LINC00636",1.41903401489192
"LINC01497",1.41903401489192
"LINC01524",1.41903401489192
"LINC02345",1.41903401489192
"LINC02377",1.41903401489192
"LINC02410",1.41903401489192
"LINC02800",1.41903401489192
"LINC02808",1.41903401489192
"LINC02946",1.41903401489192
"LINC03060",1.41903401489192
"LOC100505711",1.41903401489192
"LOC101927297",1.41903401489192
"LOC105371749",1.41903401489192
"LOC105373133",1.41903401489192
"LOC105375421",1.41903401489192
"LOC105375517",1.41903401489192
"LOC105377294",1.41903401489192
"LOC107985451",1.41903401489192
"LOC112267969",1.41903401489192
"LOC112267986",1.41903401489192
"LOC112268073",1.41903401489192
"LOC124902282",1.41903401489192
"LOC124902403",1.41903401489192
"LOC124903670",1.41903401489192
"LOC124903857",1.41903401489192
"LOC124905556",1.41903401489192
"LOC124905617",1.41903401489192
"LOC124905627",1.41903401489192
"LOC124905693",1.41903401489192
"LOC124908980",1.41903401489192
"LOC124909093",1.41903401489192
"MIR1200",1.41903401489192
"MIR151B",1.41903401489192
"MIR550A1",1.41903401489192
"MIR550B1",1.41903401489192
"MIR941-1",1.41903401489192
"NDUFB9P1",1.41903401489192
"NT5C3AP1",1.41903401489192
"NXPE2P1",1.41903401489192
"OR13C2",1.41903401489192
"OR4D6",1.41903401489192
"PPIAP69",1.41903401489192
"PPIAP86",1.41903401489192
"RN7SKP50",1.41903401489192
"RPL21P13",1.41903401489192
"RPSAP38",1.41903401489192
"SIRLNT",1.41903401489192
"SLC22A12",1.41903401489192
"SNORA74D",1.41903401489192
"SNORD90",1.41903401489192
"SPATA45",1.41903401489192
"TRAJ7",1.41903401489192
"TSPY2",1.41903401489192
"VAX1",1.41903401489192
"VTRNA1-3",1.41903401489192
"SNX11",1.41867968237434
"IQSEC2",1.41680464680436
"MYH4",1.41542784696834
"COX17",1.41476903646276
"SLC25A42",1.41457836715038
"CASZ1",1.4130330331921
"HGS",1.4129425858025
"FAM86C2P",1.41238787702345
"ZNF286A",1.4123121183188
"NEU3",1.41198545116952
"MCM5",1.41180485054959
"GPX7",1.41145570098641
"PRKG1-AS1",1.41059347600823
"TOMM22",1.41022329127555
"WDTC1",1.41005425776274
"FRMD5",1.40995432821836
"ZBED3",1.4092033439525
"RPS16P1",1.40864838104104
"NRM",1.40856445535651
"ALOX5",1.40850010288265
"TMC8",1.40846860851
"PKDREJ",1.40766934315616
"COL8A2",1.40758198077886
"TCF7L2",1.4075397591598
"SYPL2",1.40722847937779
"RMDN3",1.40474714307414
"C1QTNF3",1.40280742192986
"PHKG2",1.40252704365849
"JUN",1.4017841133101
"COL6A2",1.40110873941711
"SEMA4B",1.40088810165502
"AIF1",1.39916448388965
"LOC105372984",1.39894110050933
"ARPC1B",1.39891383667472
"GPN2",1.39858791677117
"DRD1",1.39817882510434
"AIPL1",1.39814005920559
"APOBEC3A",1.39802125329377
"APOBEC3A_B",1.39802125329377
"RBP2",1.39749177179995
"NUP210",1.39687312994737
"TNS3",1.3965254785683
"THRA",1.3962037923413
"MIR936",1.39599239458634
"DUSP15",1.39497083765634
"SLC7A10",1.39404921721016
"PKIG",1.39276688018781
"FOXO4",1.39033480128664
"AKT3-IT1",1.39010688710589
"ANKHD1-DT",1.39010688710589
"C1QTNF1-AS1",1.39010688710589
"CAPZA3",1.39010688710589
"CH507-42P11.6",1.39010688710589
"COL6A4P1",1.39010688710589
"CRIPTO3",1.39010688710589
"DGAT2L6",1.39010688710589
"EFCAB9",1.39010688710589
"FAM111A-DT",1.39010688710589
"FENDRR",1.39010688710589
"FLJ33534",1.39010688710589
"GATD1-DT",1.39010688710589
"GCK",1.39010688710589
"GNG12-AS1",1.39010688710589
"GRK3-AS1",1.39010688710589
"HMGB3P14",1.39010688710589
"HSPE1P19",1.39010688710589
"KNG1",1.39010688710589
"KPNA7",1.39010688710589
"LCMT1-AS1",1.39010688710589
"LEMD1-DT",1.39010688710589
"LINC00319",1.39010688710589
"LINC00479",1.39010688710589
"LINC00550",1.39010688710589
"LINC01229",1.39010688710589
"LINC01356",1.39010688710589
"LINC01667",1.39010688710589
"LINC02724",1.39010688710589
"LINC03099",1.39010688710589
"LOC100507547",1.39010688710589
"LOC100507562",1.39010688710589
"LOC101928095",1.39010688710589
"LOC105369344",1.39010688710589
"LOC105369591",1.39010688710589
"LOC105372061",1.39010688710589
"LOC105372460",1.39010688710589
"LOC105377523",1.39010688710589
"LOC105379109",1.39010688710589
"LOC107983981",1.39010688710589
"LOC107984761",1.39010688710589
"LOC107986315",1.39010688710589
"LOC124900467",1.39010688710589
"LOC124902453",1.39010688710589
"LOC124903564",1.39010688710589
"LOC124903565",1.39010688710589
"LOC124905959",1.39010688710589
"LOC124906256",1.39010688710589
"MAN1B1-DT",1.39010688710589
"MEIS1-AS2",1.39010688710589
"MIR1243",1.39010688710589
"MIR1290",1.39010688710589
"MIR4260",1.39010688710589
"NETO1",1.39010688710589
"PAGE5",1.39010688710589
"PDC-AS1",1.39010688710589
"PRELID1P1",1.39010688710589
"PRRT1",1.39010688710589
"RN7SL134P",1.39010688710589
"RN7SL791P",1.39010688710589
"RN7SL834P",1.39010688710589
"RPL19P13",1.39010688710589
"RPL31P37",1.39010688710589
"RPL7AP58",1.39010688710589
"RPS14P6",1.39010688710589
"RPSAP48",1.39010688710589
"RRS1-DT",1.39010688710589
"SNHG33",1.39010688710589
"SNORD113-1",1.39010688710589
"SNORD114-17",1.39010688710589
"TGILR",1.39010688710589
"UBE2Q2P7",1.39010688710589
"UGT1A12P",1.39010688710589
"ZNF705A",1.39010688710589
"ZNF890P",1.39010688710589
"ZPBP2",1.39010688710589
"PRODH",1.38981354337987
"GUCD1",1.3897353466453
"CAMK4",1.38966832371336
"NLRX1",1.3896601130251
"SLC35B2",1.38964506851578
"UBASH3B",1.38955536547598
"ADCY10",1.38930901070682
"MSH5",1.38819986528465
"TRIM50",1.38812577092515
"EPN3",1.3874498227522
"TRIM17",1.38741238459703
"MOV10L1",1.38664229101719
"TRERF1",1.38532935979485
"SAT2",1.38464576616942
"OLFML3",1.38423248178207
"POLR2F",1.3837894510008
"GNA11",1.38373258671579
"PLCG1",1.38362380790375
"RNF32",1.38359180418833
"HOXD1",1.38237894172774
"AXL",1.38233029807559
"OSBP2",1.38225886094494
"BMPER",1.38223348660713
"POU5F2",1.38182317316862
"CST7",1.381799701772
"RAB36",1.38162416370038
"AQP3",1.38161012962078
"FAM241A",1.38144808385177
"OTUD1",1.38030790730841
"ACCS",1.37981936949448
"ZFTRAF1",1.37940194400377
"ZNF541",1.37940170812485
"LOC100652768",1.37922624324058
"NUDT3",1.37872835034687
"LYPLA2",1.37826708936235
"SLC16A1",1.3777514793494
"RHOG",1.37753246942796
"PEX26",1.37678539788352
"TMEM200C",1.37565720409981
"EFNB1",1.37472940930071
"C9",1.37471512896527
"BRI3BP",1.37417207228642
"IL26",1.37324137332246
"DNAAF19",1.3731573774215
"NHERF4",1.3731573774215
"CMTM7",1.37233842171652
"ZEB2P1",1.37189556155181
"PLAT",1.37184339943906
"PRSS23",1.37140293082454
"TBX1",1.37072128232469
"NOP2",1.36948861713514
"GPKOW",1.36919385151681
"AKNAD1",1.36917449744438
"LAMTOR4",1.36898144324851
"VGLL4",1.36842978769978
"TPRN",1.36790038083157
"TBC1D3I",1.36753112640876
"GUK1",1.36750130635649
"RUFY4",1.36741179793703
"NFE2L1",1.36617826834527
"CAV2",1.36598472143521
"MYO10",1.36592857600404
"TP53I11",1.36540293802881
"ITIH2",1.36461269972046
"CLCN6",1.36367040403661
"COL5A2",1.36346968567863
"TOM1",1.36304468468172
"EEF1DP2",1.36248346229503
"PIK3R5",1.36243288620827
"GPS2",1.36238332475979
"PXYLP1",1.36231489537208
"SERF1A",1.36229740745409
"SHKBP1",1.36222524792293
"PTPN1",1.36202033039257
"CYB561D2",1.36191645065973
"ACTBP1",1.36165263959474
"AKAP1-DT",1.36165263959474
"ARL5C",1.36165263959474
"BMS1P10",1.36165263959474
"C2orf92",1.36165263959474
"CCZ1P1",1.36165263959474
"DIPK1C",1.36165263959474
"DNAJA2-DT",1.36165263959474
"DUTP6",1.36165263959474
"FAM74A3",1.36165263959474
"FAM74A7",1.36165263959474
"FCF1P3",1.36165263959474
"FOXP1-AS1",1.36165263959474
"GCNT1P3",1.36165263959474
"GLYAT",1.36165263959474
"HIPK4",1.36165263959474
"HSPA8P8",1.36165263959474
"IGHVII-28-1",1.36165263959474
"IGKV1D-32",1.36165263959474
"KAZN-AS1",1.36165263959474
"LINC01480",1.36165263959474
"LINC01999",1.36165263959474
"LINC02260",1.36165263959474
"LINC02265",1.36165263959474
"LINC02412",1.36165263959474
"LINC02594",1.36165263959474
"LINC02869",1.36165263959474
"LINC02899",1.36165263959474
"LIPC-AS1",1.36165263959474
"LOC100419824",1.36165263959474
"LOC100533787",1.36165263959474
"LOC101926964",1.36165263959474
"LOC102723944",1.36165263959474
"LOC105372069",1.36165263959474
"LOC105379224",1.36165263959474
"LOC107984536",1.36165263959474
"LOC107986749",1.36165263959474
"LOC124901168",1.36165263959474
"LOC124901582",1.36165263959474
"LOC124906280",1.36165263959474
"LOC644456",1.36165263959474
"LY6G6D",1.36165263959474
"LY6G6F-LY6G6D",1.36165263959474
"MARCHF10",1.36165263959474
"MC1R",1.36165263959474
"MIR539",1.36165263959474
"MPHOSPH10P3",1.36165263959474
"NDE1P2",1.36165263959474
"NIFKP5",1.36165263959474
"OR1H1P",1.36165263959474
"OR2H2",1.36165263959474
"OR2L9P",1.36165263959474
"OR52N5",1.36165263959474
"OR6F1",1.36165263959474
"OR8B3",1.36165263959474
"PBX1-AS1",1.36165263959474
"PLXNC1-AS1",1.36165263959474
"PPP1R14D",1.36165263959474
"RN7SKP195",1.36165263959474
"RN7SL371P",1.36165263959474
"RN7SL487P",1.36165263959474
"RPL11P4",1.36165263959474
"RPL17P15",1.36165263959474
"RPL18AP3",1.36165263959474
"RPL19P21",1.36165263959474
"RPL21P43",1.36165263959474
"RPL23AP87",1.36165263959474
"RPL31P10",1.36165263959474
"RPL31P36",1.36165263959474
"SFTA2",1.36165263959474
"SLC9A7P1",1.36165263959474
"TMEM72",1.36165263959474
"TNP1",1.36165263959474
"TSPEAR-AS1",1.36165263959474
"UBL4B",1.36165263959474
"UNC93B5",1.36165263959474
"TEAD3",1.36158344597401
"FXYD6-FXYD2",1.3613630463265
"ABCC1",1.3598808205841
"CIDEC",1.35957433429186
"LHFPL3",1.35956630718879
"NUDCD2",1.35949128866312
"HMGB3P29",1.35949082241269
"BHLHA15",1.35888177485731
"TEAD4",1.35853526825091
"ELOB",1.35821556068503
"MAP3K15",1.35783027600664
"SDR9C7",1.35721043424502
"RGS11",1.35608425405044
"NPC1L1",1.35552608112476
"RNF220",1.35538486013443
"ACBD4",1.35538010815533
"LLGL2",1.35454916769082
"RXFP4",1.35438784768297
"MYO18A",1.35403199837326
"SMR3B",1.35371497610734
"CLIC6",1.35363381499648
"LRP11",1.35213327178193
"KLF15",1.35208011841404
"FBXO45",1.35185044216216
"HSD11B1L",1.35051247368717
"NBDY",1.35030617552708
"TMCO6",1.34915525851345
"RPGR",1.34880863533832
"FAM98C",1.34858725601628
"FGFR3",1.34839967681704
"RNASEH1",1.34776414236917
"VMA22",1.34770554038634
"VXN",1.34729354679566
"PAH",1.34579438836234
"VIRMA-DT",1.34535803464642
"RGS3",1.34529893999004
"DCLK2",1.34457762830384
"RAB5C",1.34435373984994
"CTSB",1.34351436269963
"GCN1",1.34348155382005
"TTYH2",1.3429845664645
"GINS4",1.34266429622653
"TMC6",1.34231606265638
"CSMD1",1.34213083840057
"SIGLEC5",1.34176253924224
"PTGES3L",1.34077012521913
"CEP295NL",1.34008272627457
"GATAD2A",1.33982267863648
"HSPB1",1.3392919564431
"CYTH4",1.33908935302784
"ACTN3",1.33839441113306
"GGT6",1.33630518504067
"MCIDAS",1.3358661775588
"EGR1",1.33549857039852
"CAMK1",1.3345989027219
"EFCAB5",1.33353799501123
"GON7",1.33272730203161
"ARHGEF33",1.33270089940581
"CYP24A1",1.33227805466617
"CNN1",1.33223691804353
"PPP2R2C",1.33206065548816
"KRT8P3",1.33196634338886
"ARHGAP40",1.33186757621519
"RBM4B",1.33152394051328
"ZNF474",1.33138038370432
"GDF5",1.33129151418449
"CDH3",1.33088482593892
"MPV17L2",1.32896862921682
"B3GALT5",1.32869302125673
"NUDT16",1.32841500305328
"NUDT1",1.3282929142548
"FHIP1B",1.32806627519562
"TRIM44",1.32774976060319
"PSMG1",1.3276850026387
"TRO",1.32750489608985
"ENAM",1.32686509199453
"PWWP3A",1.32684038184933
"SLC7A6OS",1.32601550348372
"TRIM49C",1.32601319912726
"IQSEC1",1.32549968902728
"MEF2D",1.32463588368556
"YLPM1",1.324321833886
"RYR3",1.32393796045393
"PDCD6IPP2",1.32392644392429
"SUMF2",1.32326330028466
"LMX1B",1.32299638352091
"FAM157D",1.3227790219502
"CDV3",1.32205195688246
"TUBA8",1.32152634542619
"BYSL",1.32067634002687
"LOX",1.32023849793379
"PTRH1",1.31966116907395
"FZD1",1.31899166707797
"NCF1C",1.31847954662609
"RBM33",1.3180297985398
"XKRX",1.3179917865627
"MAZ",1.31735216732634
"SIRPB2",1.31714320584029
"PILRA",1.31702725626319
"BID",1.31675009653556
"OAZ2",1.31598174810323
"AGPAT3",1.3159314769851
"IGSF3",1.31583293387836
"ANKRD35",1.31352463410576
"LOC130134321",1.31349873190814
"SLX1A",1.31349873190814
"SLX1B",1.31349873190814
"TNS1",1.31246971152829
"CSAD",1.31169775906854
"TEKT3",1.31164739660559
"FADD",1.31042958325821
"IFRD2",1.31038134669487
"SEMA4F",1.31004828429862
"MRPL36",1.30943094284723
"CDIP1",1.30879950567595
"SFXN5",1.30877037643274
"ITPKC",1.30836294289301
"KIF3B",1.30772572165414
"GZMM",1.30739534576034
"GXYLT2",1.30480341419586
"PLA2G5",1.30417487133427
"LAMB3",1.30379830722206
"ZBTB7C",1.30188000512265
"NEFH",1.3018684153312
"PFKFB1",1.30160233843641
"UBE2Z",1.30159756213141
"CACNB1",1.30017800895991
"FCRL2",1.29953403139853
"DNAH11",1.29949776661208
"ABCD4",1.29932159744547
"AKR1B15",1.29919182664291
"MPL",1.29869626579626
"MARK4",1.29846243974144
"FURIN",1.29835858177378
"ARMCX6",1.29792419489559
"YIPF2",1.2974997311894
"LOC102724428",1.29700421540527
"RPL5P11",1.29676339617264
"FRMPD1",1.29526410615344
"SLITRK3",1.29493798078388
"ATP1B3",1.29480528981841
"CAMSAP3",1.29459941950195
"ACTMAP",1.29456895589609
"NRL",1.29433179413418
"AOPEP",1.29419426822255
"FBXO44",1.2941782939942
"ZMYND10",1.29412831179996
"FAM78A",1.29334184473626
"TRIM25",1.29323596665748
"PTPRU",1.29312201448369
"CNTROB",1.29302976848268
"LRRC41",1.2917351564362
"PLA2G4F",1.29166936663485
"TMEM30B",1.29032861006083
"AVIL",1.29012858082838
"LRRC25",1.28977537896595
"ZMIZ1",1.28918960106367
"FLNA",1.28893750310626
"PCK2",1.28851635847169
"ADCY2",1.28675274285352
"RPL26P4",1.28598653444026
"CCDC107",1.28399133949458
"C10orf143",1.28334176277346
"LINC01445",1.28326556245751
"RBFA",1.28287976206575
"ANKZF1",1.28273064894736
"TAF13",1.28166364314385
"MARCHF2",1.28130268902962
"PALD1",1.28129760825958
"STC2",1.28103436640323
"CMIP",1.2809234869629
"S100A11",1.28071149038427
"PIGZ",1.28015322041343
"NID2",1.2799647384825
"ITGA7",1.27985966653064
"TRPM3",1.27919702534184
"OASL",1.27904852834395
"TMEM52",1.27883111625649
"CLDN1",1.27822548099828
"TOP3A",1.27815771145483
"REEP4",1.27734388591734
"LOC100129434",1.27709499034234
"RECQL5",1.27690976144256
"CYP11B1",1.27658352857978
"PFKFB3",1.27656578250859
"TSPAN18",1.27656562839324
"ATP12A",1.27559889932821
"ZNF853",1.27517249122893
"ZBED1",1.27488646315633
"SERTAD2",1.27461937358321
"STK36",1.27436336754094
"FAM50B",1.27347203794621
"LTBR",1.27278631691202
"PCDHGB4",1.27278304707209
"PKDCC",1.27249032085321
"SLC27A1",1.27235820090704
"MYF6",1.2721817183427
"GPD1",1.27206631723358
"EXTL1",1.27204425749791
"PYCR2",1.27134654614026
"GJC1",1.27093183242993
"ANKRD54",1.2704845270345
"IL34",1.27015502721447
"AGPAT2",1.26988866645522
"HDAC6",1.26975339179313
"ZNF205",1.26946398907332
"GDAP1L1",1.26919038714795
"ZNF622",1.26819893333
"CREB3L1",1.26797526452101
"MAP3K14",1.26687461717917
"DARS1-AS1",1.2659227020308
"ANKS6",1.26497661326762
"CDK11B",1.26456092266253
"PTPMT1",1.26455904194204
"ARFRP1",1.2643827168382
"FZR1",1.2641156077265
"SIGIRR",1.26395903134983
"LIN7B",1.26387859997834
"TENM4",1.26374623299327
"PLEKHD1",1.26356867467389
"FMNL1",1.26192938811988
"CFAP263",1.26132504252722
"PHC2",1.26073040960621
"S100A7",1.26046729720183
"SLC25A44",1.26026236130547
"ARHGAP17",1.26001119730458
"PFDN6",1.25948612474481
"RIMBP3",1.25936525897203
"CEP164",1.25924669884649
"URB1",1.25918120742617
"ABCC5",1.25880860934284
"CIDEA",1.25650407915094
"TP53TG5",1.25623032319185
"DEUP1",1.2551664438627
"IGHMBP2",1.2550955483228
"ADRA2B",1.25499231760228
"COX4I2",1.25476792779038
"TAB1",1.25464680469811
"P2RY8",1.25435539012589
"RPE65",1.25410438905907
"SFTPB",1.25343677082682
"SRSF9",1.25334595235762
"SAMTOR",1.2529687979501
"TESMIN",1.25285465974281
"EID1",1.2526568181317
"EDC4",1.25263732411547
"AHRR",1.2524702404678
"CTF1",1.25167413254171
"NOTCH2NLC",1.25106929109142
"HSFX1",1.24988123827551
"LOC102724701",1.24969642189562
"LOC124905527",1.24969642189562
"MRPS24",1.24893432146713
"TRMT44",1.24794692945607
"GOLGA6L10",1.24760158441159
"GOLGA6L4",1.24760158441159
"LOC102724117",1.24760158441159
"PAQR4",1.24758599122469
"GGT7",1.24725125425611
"PFDN2",1.24720423162212
"RYR1",1.24701438862958
"HSD17B1",1.24613087726553
"EARS2",1.24604839231978
"BHLHE40",1.24599820836712
"MYH1",1.24449683474254
"GRAMD1A",1.24423592401645
"DYNLT2B",1.24335544869009
"PPP4C",1.24308308882673
"UNC5C",1.24308069574626
"CYP4F11",1.24244273669487
"ZSWIM3",1.24241532994059
"RPS8P9",1.24221563175288
"PKN1",1.24172588569774
"DMAC2",1.24171912154199
"CAGE1",1.24063134976694
"MYO9A-AS1",1.24063134976694
"IP6K2",1.23958659723345
"KIF4B",1.23920036900799
"UBA6-DT",1.2390242291912
"WWC3",1.238981545677
"ETV2",1.23875564617082
"TRPV5",1.23847854335031
"RHBDF1",1.23831910960551
"ABCD1",1.23813434964909
"SAP30-DT",1.23780210738529
"RAB11B",1.23748720189908
"CNNM3",1.23701431751551
"TSPO",1.23656579598049
"KRT80",1.23653319544282
"NYNRIN",1.23629166065619
"PCDH12",1.2360738452288
"EHD1",1.23607115539027
"BEX5",1.23588746336198
"SIRT4",1.23475536010956
"TANGO2",1.23465280661518
"DIPK2B",1.23419683548689
"ZBTB18",1.23325576165154
"TMEM42",1.23206875579322
"MED12L",1.23204939284511
"CLDN11",1.2318823854867
"MTTP",1.23102378814426
"TACSTD2",1.23100315609139
"NOC2L",1.23055242923889
"MGAT4B",1.23026766328232
"YRDC",1.22953293181872
"CDC20",1.22951161214512
"SEC31B",1.22871315711973
"NPHS1",1.22772740331005
"DDX24",1.22771505018206
"STAC",1.22756564914554
"GZF1",1.22738142151995
"SUSD6",1.22660442091526
"CFAP58",1.2265669354684
"TTC28-AS1",1.22642242899323
"NTF3",1.22490204654785
"CYC1",1.22461734570405
"ZDHHC7",1.22391008295988
"HS3ST4",1.22383348626932
"CAPG",1.22205275253397
"ZBTB3",1.22134887286155
"CDIPT",1.22050430063573
"AKT1",1.22032925604414
"ITGA11",1.21983150299857
"APOL6",1.21923385427188
"HOXA10",1.21836934583827
"FUT1",1.21811332019495
"QPRT",1.21785888075826
"CRABP2",1.21782851681304
"CCDC62",1.21668110257204
"ROGDI",1.21649427550301
"LBHD1",1.21570993479946
"MRAP",1.21555883758039
"JARID2",1.21506568206269
"ABCC13",1.21450681782087
"ADAM30",1.21450681782087
"ALMS1P1",1.21450681782087
"APOC1P1",1.21450681782087
"CAPN10-DT",1.21450681782087
"CD101-AS1",1.21450681782087
"CLCA3P",1.21450681782087
"CT55",1.21450681782087
"DEFB108F",1.21450681782087
"EEF1B2P8",1.21450681782087
"ERICH4",1.21450681782087
"FAM218A",1.21450681782087
"FAM230I",1.21450681782087
"HBG1",1.21450681782087
"HNRNPA3P5",1.21450681782087
"IGHEP2",1.21450681782087
"KILH",1.21450681782087
"KRT8P20",1.21450681782087
"KRT8P28",1.21450681782087
"LCMT1P1",1.21450681782087
"LINC00612",1.21450681782087
"LINC00668",1.21450681782087
"LINC01198",1.21450681782087
"LINC01483",1.21450681782087
"LINC02272",1.21450681782087
"LINC02421",1.21450681782087
"LINC02617",1.21450681782087
"LOC101927769",1.21450681782087
"LOC105372185",1.21450681782087
"LOC105377862",1.21450681782087
"LOC124900952",1.21450681782087
"LOC124904039",1.21450681782087
"MIR2052HG",1.21450681782087
"MIR32",1.21450681782087
"MIR545",1.21450681782087
"MIR548AD",1.21450681782087
"OR10H3",1.21450681782087
"OVAAL",1.21450681782087
"RN7SL126P",1.21450681782087
"RNA5SP225",1.21450681782087
"RPL10P7",1.21450681782087
"RPL12P10",1.21450681782087
"TRAJ42",1.21450681782087
"TTC9B",1.21450681782087
"TNFRSF21",1.21430281631664
"HMGA2",1.21280095899182
"ZNF574",1.21195495237895
"NAA38",1.21121530424428
"ELK1",1.21008167652887
"GOLGA7B",1.20993955284418
"TBCC",1.20839194199844
"RASA3",1.20801049281354
"FAM117A",1.20752037424647
"MAP4K2",1.20735543177392
"GYG2",1.20598632096718
"PPP4R2",1.2053814064233
"TAMM41",1.2049770038987
"WAS",1.20418196238266
"S1PR4",1.20370547831426
"DFFB",1.20272459611456
"SPATA9",1.20268766976037
"CHST3",1.20266292642214
"RPL9",1.20207315831887
"MED25",1.20191407685784
"SLC25A1",1.20182817267507
"ZNF233",1.20152594847605
"PATZ1",1.20027957593624
"PDLIM4",1.20008717142004
"SELENON",1.1999249411764
"EPX",1.1986488578976
"EIF6",1.1979228102762
"UNC5D",1.19788612312946
"ZNF594-DT",1.19767728840026
"MARS2",1.19750850858645
"GNL3LP1",1.19700837787043
"ATRIP",1.19529397628123
"ATRIP-TREX1",1.19529397628123
"CCDC89",1.19517124218543
"KEL",1.19390507017822
"CYP2F1",1.1932441905037
"UBA7",1.19303447520432
"RUNDC1",1.19285155551605
"RDH16",1.19258501064971
"THAP4",1.19147069733455
"SPTB",1.19146822282612
"DIP2A",1.18999550828645
"ARL6IP4",1.18900558086084
"AR",1.18887451423413
"AMN1-AS1",1.18868266731983
"ASB17",1.18868266731983
"CHL1-AS1",1.18868266731983
"DCST1-AS1",1.18868266731983
"HDAC2-AS2",1.18868266731983
"HK2-DT",1.18868266731983
"HMGB1P13",1.18868266731983
"HMGB1P19",1.18868266731983
"HSFX4",1.18868266731983
"IGHV3-65",1.18868266731983
"IGKV2-18",1.18868266731983
"L1CAM-AS1",1.18868266731983
"LINC00381",1.18868266731983
"LINC00402",1.18868266731983
"LINC00424",1.18868266731983
"LINC00507",1.18868266731983
"LINC00687",1.18868266731983
"LINC00839",1.18868266731983
"LINC02422",1.18868266731983
"LINC02613",1.18868266731983
"LINC03091",1.18868266731983
"LOC100133252",1.18868266731983
"LOC100310756",1.18868266731983
"LOC100419932",1.18868266731983
"LOC100507384",1.18868266731983
"LOC101928855",1.18868266731983
"LOC101929305",1.18868266731983
"LOC105369725",1.18868266731983
"LOC105370259",1.18868266731983
"LOC105371256",1.18868266731983
"LOC105373953",1.18868266731983
"LOC105374114",1.18868266731983
"LOC105377139",1.18868266731983
"LOC105377166",1.18868266731983
"LOC105378268",1.18868266731983
"LOC107986638",1.18868266731983
"LOC124901770",1.18868266731983
"LOC124902108",1.18868266731983
"LOC124902923",1.18868266731983
"LOC124903594",1.18868266731983
"LOC128966558",1.18868266731983
"LOC285638",1.18868266731983
"LOC359819",1.18868266731983
"LOC389831",1.18868266731983
"LTV1P1",1.18868266731983
"MIOX",1.18868266731983
"MIR3115",1.18868266731983
"MIR3171HG",1.18868266731983
"MIR582",1.18868266731983
"MIR605",1.18868266731983
"MTA3P1",1.18868266731983
"MTHFD2P1",1.18868266731983
"NAP1L4P3",1.18868266731983
"NCKAP1P1",1.18868266731983
"OR2L13",1.18868266731983
"OR52K2",1.18868266731983
"OR56A1",1.18868266731983
"OR7E117P",1.18868266731983
"PMCHL1",1.18868266731983
"POU5F1P6",1.18868266731983
"PPIGP1",1.18868266731983
"PRKAB1-AS1",1.18868266731983
"RDXP1",1.18868266731983
"RN7SL465P",1.18868266731983
"RNASE3",1.18868266731983
"RNU4ATAC16P",1.18868266731983
"RPL17P3",1.18868266731983
"RPL21P92",1.18868266731983
"RPL23AP20",1.18868266731983
"RPL26P9",1.18868266731983
"RPL31P2",1.18868266731983
"RPL34P32",1.18868266731983
"RPS27AP8",1.18868266731983
"RPS2P39",1.18868266731983
"RPS6P11",1.18868266731983
"RPSAP27",1.18868266731983
"RPSAP49",1.18868266731983
"SCEL-AS1",1.18868266731983
"SLC22A9",1.18868266731983
"SPATA4",1.18868266731983
"SRD5A2P1",1.18868266731983
"SULT1C5P",1.18868266731983
"TUBAP10",1.18868266731983
"TUBB7P",1.18868266731983
"VLDLR-AS1",1.18868266731983
"VSTM2B-DT",1.18868266731983
"WWP1-AS1",1.18868266731983
"ZEB1-AS1",1.18868266731983
"ZNF470-DT",1.18868266731983
"PTDSS2",1.18854373256839
"LATS2",1.18602113375942
"CORO2A",1.18585032405934
"HMOX2",1.18573686288694
"LOC101929141",1.18564388968858
"DGCR8",1.18501867206601
"SMDT1",1.1842069413797
"TLL2",1.18411676022122
"DRP2",1.18350057847408
"ANP32E",1.18259736445574
"TRPC3",1.18176368003179
"PSMF1",1.18092836426032
"IL22RA2",1.18090913441482
"FITM2",1.18083073350251
"SLC39A3",1.1805067102601
"CYSRT1",1.18034890508356
"TGFB1",1.18014064940316
"FOXS1",1.17952425863862
"LHPP",1.17920278903914
"WRAP53",1.17901720911746
"ATF4",1.17892539193731
"P4HTM",1.17878991408746
"TNFAIP3",1.17876082402356
"GPR158",1.17850794720167
"MOB3C",1.17819147349865
"TENT4A",1.17758460545119
"CCDC81",1.17659942831318
"MAB21L4",1.17609798801663
"PLA2G4B",1.17581280144659
"SLC4A5",1.17578357191469
"ZXDC",1.1746913686721
"CCDC175",1.17426538433228
"METTL1",1.1742430828408
"FABP7",1.17414430387909
"DUS3L",1.17412262214278
"C19orf47",1.17361622694371
"CAMK2N1",1.17347364349156
"CNTN3",1.17329152294716
"CRACDL",1.17327850958567
"TAGLN2",1.1717748218176
"DOLPP1",1.17144227948401
"VAV2",1.17089289865694
"LOC105379507",1.17025011859074
"WDR43",1.16998241880629
"ATAD2",1.16979031026866
"ELP5",1.16948662346885
"ATXN1L",1.16768742030861
"ARHGEF35",1.16766840681436
"DEK",1.16696877330161
"COMMD7",1.16670616564662
"SLC25A39",1.16606519962804
"MTHFR",1.16558839626126
"C1orf198",1.16540307089467
"RNF19B",1.16520539940168
"XRCC1",1.16490665906986
"FOXRED2",1.16415939520371
"AP1S1",1.16386615968357
"ADCY10P1",1.16325699726113
"AFF4-DT",1.16325699726113
"ASS1P3",1.16325699726113
"ATP5PDP2",1.16325699726113
"BCRP2",1.16325699726113
"BTBD3-AS1",1.16325699726113
"CELF2-AS2",1.16325699726113
"CHD9NB",1.16325699726113
"CT69",1.16325699726113
"DDX3P2",1.16325699726113
"EVA1A-AS",1.16325699726113
"FAM215A",1.16325699726113
"FNDC9",1.16325699726113
"FOXJ1",1.16325699726113
"GALR1",1.16325699726113
"GHET1",1.16325699726113
"HMGB3P31",1.16325699726113
"IGHV1-17",1.16325699726113
"IGHV1-69-2",1.16325699726113
"IPO9-AS1",1.16325699726113
"LINC00539",1.16325699726113
"LINC00609",1.16325699726113
"LINC00865",1.16325699726113
"LINC01374",1.16325699726113
"LINC01607",1.16325699726113
"LINC01622",1.16325699726113
"LINC01761",1.16325699726113
"LINC01819",1.16325699726113
"LINC02269",1.16325699726113
"LINC02321",1.16325699726113
"LINC02363",1.16325699726113
"LOC101927253",1.16325699726113
"LOC101928401",1.16325699726113
"LOC101928718",1.16325699726113
"LOC105369885",1.16325699726113
"LOC105370047",1.16325699726113
"LOC105370152",1.16325699726113
"LOC105374263",1.16325699726113
"LOC105375446",1.16325699726113
"LOC107986852",1.16325699726113
"LOC117779438",1.16325699726113
"LOC124900184",1.16325699726113
"LOC124900637",1.16325699726113
"LOC124904701",1.16325699726113
"LOC646548",1.16325699726113
"MAPKAPK5-AS1",1.16325699726113
"MIR1288",1.16325699726113
"MIR575",1.16325699726113
"MRPL53P1",1.16325699726113
"MS4A6E",1.16325699726113
"NECTIN1-AS1",1.16325699726113
"OR51I1",1.16325699726113
"PIEZO1-AS1",1.16325699726113
"PPIAP20",1.16325699726113
"PTPRD-AS1",1.16325699726113
"RAP1GAP2-AS1",1.16325699726113
"RBISP4",1.16325699726113
"REL-DT",1.16325699726113
"RLIMP3",1.16325699726113
"RN7SL743P",1.16325699726113
"RNU4ATAC12P",1.16325699726113
"RPL21P131",1.16325699726113
"RPL21P42",1.16325699726113
"RPL21P87",1.16325699726113
"RPL23P5",1.16325699726113
"RPL31P38",1.16325699726113
"RPL31P49",1.16325699726113
"RPL36AP32",1.16325699726113
"RPL5P14",1.16325699726113
"RPL5P25",1.16325699726113
"RPL6P6",1.16325699726113
"RPL7P16",1.16325699726113
"RPLP0P12",1.16325699726113
"RPS27P16",1.16325699726113
"RPS3AP39",1.16325699726113
"RPS4XP21",1.16325699726113
"SMIM24",1.16325699726113
"TARDBPP2",1.16325699726113
"TBC1D3JP",1.16325699726113
"TMEM210",1.16325699726113
"TRAV40",1.16325699726113
"TVP23CP1",1.16325699726113
"ZNF460-AS1",1.16325699726113
"MSN",1.16310559197206
"PLD2",1.16265062450077
"YWHAH-AS1",1.16263866968357
"MTHFD1L",1.16259092484213
"CROCCP2",1.16229383828427
"LOC124905560",1.16229383828427
"LOC124905569",1.16229383828427
"RETREG2",1.16225807829438
"TMEM273",1.16158571238417
"CHADL",1.16132862608449
"FLT1",1.16130019717319
"LAD1",1.16096832531175
"CNPY4",1.16090755854012
"RNF217",1.16031057240962
"RINL",1.15988941558163
"KRT23",1.15986607165209
"SLC2A9",1.15935258268325
"MARCHF9",1.15849395935407
"RILPL2",1.15826500100077
"CARHSP1",1.15748443777961
"CCAR2",1.15706576922088
"CCDC22",1.15613895463989
"TKFC",1.15609415098079
"SPEN",1.15571960800788
"SLC66A2",1.15558772612357
"EIF3B",1.15548660411502
"ZMYND19",1.15526706044593
"ADGRL1",1.15353225594544
"XRCC3",1.15270028751638
"LY86",1.15265389134241
"DNAJC11",1.15230617409721
"FERMT3",1.15204113750268
"NDUFS8",1.15202767062822
"FAM168B",1.15063696751983
"TOR3A",1.15033000714608
"PTCD1",1.1495795560831
"STX4",1.14948882217977
"PAOX",1.14902502213036
"SMG9",1.14900753103083
"ASGR2",1.14894765213833
"NFIC",1.14839505990621
"ANKRD39",1.14697869736313
"FHOD3",1.14623552602374
"MKX",1.14541707864366
"SMO",1.14356372905897
"TRAPPC6A",1.14333677559119
"FAXC",1.14325261251129
"RPL28",1.14287293245836
"MAN2B2",1.14275050301116
"RGS14",1.14245666214005
"LYAR",1.14224351643943
"TSC22D4",1.14124518872189
"POLR3K",1.14107579708955
"ABLIM2",1.14090004387954
"RASA4",1.13998459974977
"APMAP",1.13996015424048
"MAGEE1",1.1361120827188
"PCP2",1.13552193733605
"PLBD2",1.13504090047208
"PKHD1",1.13502087722626
"NT5C1A",1.13420843437556
"ZFP91",1.13391258457919
"SYCP1",1.1334962920797
"AGPAT4",1.13295880219944
"TFAP2C",1.13222860405702
"HLA-H",1.13190521401397
"DSE",1.13108221425875
"WNK4",1.13104777274298
"DNPH1",1.13049618104226
"RGMB",1.13043137470477
"SLC13A4",1.13040504652657
"PJA1",1.13005947327185
"KIAA0319",1.12993405104849
"OAS3",1.12989432625359
"RAI1",1.12944631006641
"SRRM5",1.12934501669629
"PDZD2",1.1293333668539
"FOXE1",1.12884085705211
"MYHAS",1.12766004522217
"ITGAM",1.12753366278383
"SLFN14",1.12703754665001
"OSBPL5",1.12654908251457
"COTL1",1.12560912914546
"KCNK12",1.12545664207612
"SNTG1",1.12545664207612
"PNPLA2",1.12530206140012
"MAVS",1.12380739149717
"SOX17",1.12350063341501
"MUL1",1.12345425899416
"PPCDC",1.12340829304987
"ARHGEF39",1.1233618010188
"DNAAF1",1.12294293742841
"UBXN1",1.12238293525792
"CUX1",1.12160407764069
"TBPL2",1.12158472886509
"ANKRD62P1",1.12136926100941
"ROR2",1.12032711779959
"ALDH1A3-AS1",1.12026386870565
"CREB3L2",1.12026127557234
"NOSIP",1.12021655696986
"KCTD21",1.11916814540046
"MTG1",1.11772304848474
"LOC105373378",1.11755135460827
"ZNF275",1.11755135460827
"ATG101",1.11626539758709
"CAMKK1",1.1155993100355
"PGAM4",1.11511639181226
"TNFRSF1B",1.11504342266107
"FOXD4L4",1.11434562874703
"FCRL5",1.11356899069437
"GPT",1.11314391848065
"NADSYN1",1.11253212537672
"ZFP64",1.11219113204233
"INPP4B",1.11091954359746
"C2CD2",1.11086784317584
"ABHD14B",1.11024817036025
"WDR91",1.10953080606937
"ITGB4",1.10912821294497
"BHLHE22",1.10896322618241
"RAB11FIP5",1.10834648537982
"MSX1",1.10787714650733
"LRRC69",1.10780077080186
"SPACA9",1.10691368308258
"MRPS2",1.10627367913352
"ATG9A",1.10566507813596
"ZMYM3",1.10551408506563
"RAMP2",1.10502599163717
"MYH3",1.10486552533237
"ITGAE",1.10423062124327
"KLC4",1.10421406447274
"CFL1",1.10375532590361
"PYROXD2",1.10332357592822
"SULF2",1.1027042323165
"SMUG1",1.10227762483245
"SERTAD3",1.10169165472703
"DMKN",1.1007790130601
"PTTG1IP",1.10051817442959
"MSANTD3",1.10005639987654
"ESAM",1.09971143056512
"NUDT17",1.09934215121416
"SLC66A1",1.09882830968256
"GADD45GIP1",1.09765407528571
"JMJD8",1.09706065464469
"A4GALT",1.09685291098633
"C14orf93",1.09676657956706
"CSK",1.09597974407299
"RITA1",1.09567657916075
"AEBP2",1.09440600932679
"NPRL3",1.09382746281841
"TEKT4P2",1.0938261918831
"GLYATL1",1.09344015343852
"TMED7-TICAM2",1.09241018250987
"RAPGEF3",1.09177529205606
"LYPD3",1.09131435336325
"SPRYD4",1.09070251253757
"LINC00273",1.08995026994388
"AKAP1",1.08984055681521
"RMRP",1.08954413302566
"SLC8B1",1.08908768718078
"XAB2",1.08890669105914
"SLC6A10P",1.08797329896804
"ATP5IF1",1.0877446993183
"LRIT3",1.08708773533855
"WDR74",1.08617640752707
"ACTN1",1.08607467331207
"HYOU1",1.08582367238476
"INPP5E",1.08482717272132
"BICD1",1.08411924046113
"WDR62",1.08395934843599
"THAP3",1.08338746966491
"EIF4EBP2",1.08327694195566
"GRM6",1.08327494880055
"SPRYD3",1.08295957134426
"KLB",1.08260882927245
"PTPRF",1.08221699973169
"DDIT3",1.0816272901711
"PI4KAP1",1.08148766616621
"TIMELESS",1.08148074549037
"RNF212B",1.08078490197918
"CYP17A1-AS1",1.0805808858629
"WBP1L",1.0805808858629
"SEPHS2",1.08051921199823
"GRIK3",1.07897095082682
"MLKL",1.07869538272081
"PBX2",1.07842308472172
"NUMA1",1.07832254901152
"ANKRD53",1.07812883839907
"WIPI2",1.07732598847691
"RAB26",1.07697942102863
"CACNB3",1.07676118568238
"RIMS3",1.07675274009293
"ALOX12B",1.07668541886402
"PTGER2",1.07591559779883
"SPRING1",1.07545930112055
"SLC45A4",1.07508720142585
"IL31RA",1.07506141951467
"ADAT2",1.07439022566686
"EEF2",1.07402521716624
"COL12A1",1.07374945249811
"DPYSL5",1.07352210466576
"EIF4H",1.07301827469857
"GRID1",1.07257072819862
"GPLD1",1.07101223520287
"DCAF11",1.07053962730217
"MRPL11",1.07014975648657
"RIMBP2",1.06971329791257
"RRP7A",1.0696632270308
"OR2AG2",1.06944756721116
"RRAS",1.06908817029105
"TTC33",1.06877031759366
"WNT5A",1.06832317430172
"NUPR1",1.06829850099773
"SWI5",1.06808574906493
"FAM86B1",1.06772678302926
"DHX38",1.06771556176894
"SSH3",1.06768241398404
"SIGLEC8",1.0672288186277
"ZP3",1.06688314985424
"OTUD5",1.06565963078021
"REXO4",1.06560736134258
"ARHGAP44",1.06549079004679
"ABCG1",1.06543969665518
"PLCB2",1.06500119772605
"COL6A3",1.06499109796279
"EFCAB12",1.06457226153901
"F12",1.06456202693665
"PI15",1.0645150396558
"ZNF154",1.06444653856313
"FAM151A",1.06437781682542
"IRAG1-AS1",1.06211053091627
"ENO4",1.06180650334909
"NALCN",1.06166070747415
"FMR1NB",1.06150175641991
"CUL7",1.0609925147529
"H3C15",1.06041070693518
"HCN2",1.06013801840431
"IFNG-AS1",1.06007477901739
"HINT3",1.05976556763943
"GDF10",1.05827118030585
"CYBC1",1.05808870362899
"MIEN1",1.05779287629204
"DPM2",1.05776289707311
"LINC00881",1.05768010913804
"ENTREP1",1.05716020185048
"XCL2",1.05706281004684
"EMBP1",1.05704850044852
"KCNK10",1.05565990114256
"SEMA4G",1.05512432692712
"C19orf44",1.05490520233041
"GJA4",1.05351782237663
"OGG1",1.05291780944752
"AP5S1",1.05274502957791
"MACROH2A2",1.05249232599655
"ZFPL1",1.05102028830357
"PPP1R14C",1.04996649127074
"NDUFB9",1.04993149067595
"GTSE1",1.04901159952768
"PEX11A",1.0485336919769
"MOB3A",1.04849295202672
"GP6",1.04847664037504
"MGMT",1.04841831424994
"ARF1",1.04813223585343
"BMP2",1.04805263934083
"ART4",1.04742776730139
"RNF123",1.04740804936399
"CIDEB",1.04641943254109
"SHROOM2",1.0450418557795
"SSH1",1.044484992856
"USP11",1.04430716060923
"COMMD4",1.04333734333091
"TCF25",1.04309064216739
"FLT4",1.04173204995959
"CEACAM3",1.04142624923783
"NEK6",1.04079740823072
"LOC100421868",1.04004024708301
"ADAM20P1",1.03967430687849
"ATP5F1AP8",1.03967430687849
"CCL3-AS1",1.03967430687849
"CELA2A",1.03967430687849
"DNAH10OS",1.03967430687849
"GAGE12J",1.03967430687849
"GAGE13",1.03967430687849
"GBA3",1.03967430687849
"GOLGA8K",1.03967430687849
"GOLGA8T",1.03967430687849
"HOXA6",1.03967430687849
"KRT8P10",1.03967430687849
"KRTAP20-1",1.03967430687849
"LOC102723890",1.03967430687849
"MIR1185-2",1.03967430687849
"NEFHP2",1.03967430687849
"NTSR1",1.03967430687849
"OR51B6",1.03967430687849
"OR5K1",1.03967430687849
"OR5M1",1.03967430687849
"OR6B2",1.03967430687849
"OVOS2P",1.03967430687849
"PATE1",1.03967430687849
"PRR30",1.03967430687849
"RPL15P3",1.03967430687849
"RPL23AP6",1.03967430687849
"RRN3P4",1.03967430687849
"SERPINA1",1.03967430687849
"THEMIS",1.03967430687849
"TNRC18P2",1.03967430687849
"TRAJ32",1.03967430687849
"TRAJ49",1.03967430687849
"TRAJ52",1.03967430687849
"TRBV23-1",1.03967430687849
"PIWIL4-AS1",1.03957853618626
"MOGS",1.03910757498437
"EXOC8",1.03873473912432
"NACA3P",1.03863198608699
"MCRS1",1.0377875328457
"CX3CL1",1.03771816696729
"CAVIN1",1.03766407564349
"MMP15",1.03742610022983
"KRT27",1.03660097700287
"SNCG",1.03591130335763
"GSDMB",1.03577260905316
"NOL7",1.03534323620884
"CRYZL2P-SEC16B",1.03504704454155
"SEC16B",1.03504704454155
"RSKR",1.03488546871593
"ADAMTS8",1.03451125067524
"GRAMD1B",1.03437517360249
"FOXK2",1.03422635236994
"IQCN",1.03339387517493
"POM121C",1.03317764198759
"SPAG5",1.03312673347397
"B3GNT3",1.03232683275497
"ELOA",1.03210491200651
"ARID1B",1.03160746936446
"H2AC4",1.03107484887829
"SHC1",1.03012426922776
"CCDC106",1.03007376208239
"ZNRF2",1.02915919269385
"EVA1A",1.02874373741441
"CDKL2",1.02792659203082
"TPRG1L",1.0279242987702
"NDRG4",1.0270681102082
"DELE1",1.02696047836492
"KCTD1",1.02658088481952
"FAM161B",1.02652407064793
"PRKACA",1.0261500628725
"GABRE",1.02519636960303
"COA3",1.02503457406454
"IQCH",1.02495300067645
"TBCD",1.02476461079208
"MLST8",1.02434811365617
"GREB1",1.02357842302064
"TAS1R1",1.02270053164178
"SYMPK",1.02146955430359
"SPSB3",1.02143291280105
"ZNF747",1.02138710318679
"FTSJ1",1.02064269768685
"LONP1",1.02011568856798
"RAB20",1.02008680393466
"CPEB2",1.01987374643453
"LOC124904917",1.01956510680501
"WRAP73",1.0191171868998
"MIDEAS",1.01894913316146
"ADH4",1.01882966617492
"SIAH2",1.01862731590676
"PRDX2",1.01798302770387
"SLC7A14",1.01732061665759
"TWF2",1.01701437257633
"ADRA1B",1.01697501583669
"ARID3C",1.01697501583669
"BBS7-DT",1.01697501583669
"CCL1",1.01697501583669
"CTAGE10P",1.01697501583669
"HCCAT5",1.01697501583669
"HEY2-AS1",1.01697501583669
"HNRNPCP9",1.01697501583669
"KCNE5",1.01697501583669
"KRT8P47",1.01697501583669
"LINC00222",1.01697501583669
"LINC00870",1.01697501583669
"LINC02542",1.01697501583669
"LITATS1",1.01697501583669
"LOC101930091",1.01697501583669
"LOC105370635",1.01697501583669
"LOC124903827",1.01697501583669
"LOC390846",1.01697501583669
"PRDM16-DT",1.01697501583669
"RAB17-DT",1.01697501583669
"RHO",1.01697501583669
"RPH3A",1.01697501583669
"RPL18AP10",1.01697501583669
"RPS24P17",1.01697501583669
"RPSAP17",1.01697501583669
"RS1",1.01697501583669
"SNORD114-14",1.01697501583669
"TCL1A",1.01697501583669
"TMEM212",1.01697501583669
"TRBV6-7",1.01697501583669
"UROC1",1.01697501583669
"ZNF733P",1.01697501583669
"FAM81B",1.01581786362575
"FSCN2",1.01539212723417
"PCMTD2",1.01537495281696
"TMEM18",1.01419603409566
"GDF7",1.01292082227082
"COMT",1.01231340833114
"TUBAP2",1.01159351818121
"SDF2L1",1.01115707049857
"SMPD3",1.01090846569769
"KLF9",1.01073025897664
"COL1A2",1.01001197363937
"MESD",1.00942121013107
"EOLA1",1.00886325725518
"ECHDC2",1.00861564124956
"SLA2",1.00845323609662
"KCNC4",1.00832532376382
"TNFAIP1",1.00826812330224
"CCNB2",1.00807400810502
"CCDC43",1.007558400397
"CSKMT",1.00734978168081
"KRTAP5-AS1",1.00732470864534
"LINC00474",1.00732470864534
"LINC01273",1.00732470864534
"LINC01800",1.00732470864534
"LINC02291",1.00732470864534
"LINC03042",1.00732470864534
"LOC105369784",1.00732470864534
"LOC105371143",1.00732470864534
"LOC124901194",1.00732470864534
"LOC124902684",1.00732470864534
"LOC124904194",1.00732470864534
"LOC124909475",1.00732470864534
"LRIG3-DT",1.00732470864534
"MIR1255B2",1.00732470864534
"MIR924",1.00732470864534
"NPTN-IT1",1.00732470864534
"NUP93-DT",1.00732470864534
"OR6C70",1.00732470864534
"RN7SL518P",1.00732470864534
"RNU6-1",1.00732470864534
"RNU6-2",1.00732470864534
"RNU6-3P",1.00732470864534
"RNU6-4P",1.00732470864534
"RNU6-5P",1.00732470864534
"RNU6-6P",1.00732470864534
"RNU6-9",1.00732470864534
"RPL32P1",1.00732470864534
"SEC24B-AS1",1.00732470864534
"SNORD115-30",1.00732470864534
"TRBV5-5",1.00732470864534
"USH1G",1.00657580424049
"FRG1-DT",1.00646112616543
"METTL13",1.00607559318477
"P4HA3",1.00430701491197
"UPF1",1.00428379513956
"USB1",1.00357341765155
"FARSA",1.00289791234352
"RTP4",1.00289059821824
"LEPROT",1.00236902615247
"LIPC",1.00236552208165
"FAM90A1",1.00231388302165
"TM7SF2",1.00120971944226
"ABCC3",1.00080193349208
"ZXDA",1.00057349125717
"RCC2",1.00038203698123
"PURB",1.00012547644759
"GSK3A",1.00011380731958
"DUX4L26",0.999507784875789
"HSD3B7",0.998951451975175
"SCO2",0.997909036973275
"USP21",0.996015766766538
"MYOZ1",0.995839521734474
"NUDCD3",0.995749131463385
"CCDC88C",0.995436990060517
"S100A14",0.995380133823549
"HNRNPA0",0.995324000140495
"ACAD10",0.995143515325559
"BANP",0.994632375054059
"BBOX1-AS1",0.994578453787958
"BTN1A1",0.994578453787958
"C1orf167-AS1",0.994578453787958
"C4orf36",0.994578453787958
"CBY2",0.994578453787958
"CENPUP2",0.994578453787958
"CHCHD4P5",0.994578453787958
"CST4",0.994578453787958
"GABRA1",0.994578453787958
"GOLGA6L7",0.994578453787958
"GPR199P",0.994578453787958
"GREP1",0.994578453787958
"IGHV3-76",0.994578453787958
"ITGB1-DT",0.994578453787958
"KRT18P18",0.994578453787958
"KRT18P22",0.994578453787958
"KRT8P18",0.994578453787958
"LINC00970",0.994578453787958
"LINC02798",0.994578453787958
"LOC100287148",0.994578453787958
"LOC100419436",0.994578453787958
"LOC102724334",0.994578453787958
"LOC124902204",0.994578453787958
"LOC124904544",0.994578453787958
"LYRM4-AS1",0.994578453787958
"NUP50-DT",0.994578453787958
"OOEP",0.994578453787958
"P2RX5-TAX1BP3",0.994578453787958
"PRM3",0.994578453787958
"PTCHD3",0.994578453787958
"PTCRA",0.994578453787958
"RBM26-AS1",0.994578453787958
"RPS12P5",0.994578453787958
"SAMM50P1",0.994578453787958
"SLC9C2",0.994578453787958
"SMIM31",0.994578453787958
"SNORD13E",0.994578453787958
"SSTR3",0.994578453787958
"TBC1D3",0.994578453787958
"TBC1D3D",0.994578453787958
"TBC1D3K",0.994578453787958
"THSD4-AS1",0.994578453787958
"TMA7B",0.994578453787958
"TTC36-AS1",0.994578453787958
"TTLL7-IT1",0.994578453787958
"ZNF496-DT",0.994578453787958
"DUX4L19",0.993924736043504
"GPR179",0.993859469076969
"MEI1",0.993432303438543
"FLAD1",0.993404996962796
"CHRNB4",0.993053352966826
"TERC",0.993041604093535
"SUGCT",0.993037174452583
"DHRS7C",0.992388151954669
"BOLA2",0.992370219629911
"LOC124907841",0.992370219629911
"CCR9",0.99207431928018
"SYN3",0.991337306834178
"SMYD1",0.990287507031141
"DACT2",0.990283275236872
"PRKCZ",0.989833926896765
"MEGF9",0.989408710297167
"NABP2",0.988600356306177
"NCCRP1",0.987639444382489
"ODAD2",0.987568049277188
"KIF22",0.987101949285313
"HDAC4",0.986417459203214
"BPIFB6",0.986105775775549
"NME9",0.985437639006853
"RABAC1",0.984745549083837
"ACTL7A",0.984477630200215
"AHSG",0.984477630200215
"ASIC5",0.984477630200215
"BRWD1-AS1",0.984477630200215
"BRWD1-AS2",0.984477630200215
"CEACAM22P",0.984477630200215
"ETNK1-DT",0.984477630200215
"FABP5P5",0.984477630200215
"FXYD6-AS1",0.984477630200215
"GS1-204I12.4",0.984477630200215
"HMGB3P25",0.984477630200215
"IGLC5",0.984477630200215
"KIF3AP1",0.984477630200215
"KRT19P3",0.984477630200215
"LENG9",0.984477630200215
"LINC00348",0.984477630200215
"LINC00528",0.984477630200215
"LINC01121",0.984477630200215
"LINC01474",0.984477630200215
"LINC01748",0.984477630200215
"LINC02054",0.984477630200215
"LINC02145",0.984477630200215
"LINC02257",0.984477630200215
"LINC02621",0.984477630200215
"LINC02662",0.984477630200215
"LINC02809",0.984477630200215
"LINC02884",0.984477630200215
"LINC02932",0.984477630200215
"LINC02936",0.984477630200215
"LINC02949",0.984477630200215
"LINC03016",0.984477630200215
"LOC101929106",0.984477630200215
"LOC102723360",0.984477630200215
"LOC105370455",0.984477630200215
"LOC105371031",0.984477630200215
"LOC105371090",0.984477630200215
"LOC105372753",0.984477630200215
"LOC105373347",0.984477630200215
"LOC105375336",0.984477630200215
"LOC105379772",0.984477630200215
"LOC124901333",0.984477630200215
"LOC730101",0.984477630200215
"MIR376A1",0.984477630200215
"MIR548J",0.984477630200215
"MRPL35P2",0.984477630200215
"MRS2P1",0.984477630200215
"OPCML-IT1",0.984477630200215
"OR2F2",0.984477630200215
"OR7E136P",0.984477630200215
"OR7E90P",0.984477630200215
"PAWRP1",0.984477630200215
"RBFADN",0.984477630200215
"RN7SL473P",0.984477630200215
"RN7SL47P",0.984477630200215
"RN7SL734P",0.984477630200215
"RPL12P8",0.984477630200215
"RPL21P82",0.984477630200215
"RPL21P93",0.984477630200215
"RPL23AP72",0.984477630200215
"RPL23AP75",0.984477630200215
"RPL26P16",0.984477630200215
"RPL31P55",0.984477630200215
"RPL32P20",0.984477630200215
"RPL34P27",0.984477630200215
"RPL7AP21",0.984477630200215
"RPL7AP44",0.984477630200215
"RPL7L1P8",0.984477630200215
"RPS15AP31",0.984477630200215
"RPS15AP4",0.984477630200215
"RPS27AP2",0.984477630200215
"RPS7P4",0.984477630200215
"SERTM1",0.984477630200215
"SLC25A6P4",0.984477630200215
"SUMO2P15",0.984477630200215
"UBE2D3P3",0.984477630200215
"WEE2",0.984477630200215
"LMNA",0.984421083432901
"SYNPO",0.984341189040329
"ZNF852",0.983738895838287
"TMEM164",0.983222200053655
"RNF32-AS1",0.982828309869925
"WNK3",0.982341197991273
"PCDHGA11",0.981687574972471
"FRG1",0.981576009948535
"KCTD19",0.981445025789242
"EDEM2",0.980865184324078
"MMP24-AS1-EDEM2",0.980865184324078
"DNA2",0.980456768068818
"HPS6",0.979753319480706
"PLEKHA6",0.97965106779864
"FEN1",0.979637115930882
"WNT10A",0.978857463681116
"LRRC9",0.978407424740511
"DNAH9",0.978365001076987
"LCIIAR",0.977336263917788
"BMF",0.976642874861388
"SNAP47",0.975816333380995
"PTMA",0.974756689990792
"ZNF969P",0.974625677196794
"GPM6B",0.974235913032907
"DCX",0.973841157673178
"IQCC",0.973428598629585
"STON2",0.973422621292865
"MBD3",0.973256453379908
"DNAH3",0.972845170372381
"CCDC200",0.972478999987424
"CHRM1-AS1",0.972478999987424
"DIAPH2-AS1",0.972478999987424
"EIF5AL1",0.972478999987424
"ELOCP31",0.972478999987424
"HEIH",0.972478999987424
"HNRNPCP8",0.972478999987424
"LINC01695",0.972478999987424
"LINC02352",0.972478999987424
"LINC02676",0.972478999987424
"LINC03143",0.972478999987424
"LOC100506551",0.972478999987424
"LOC105378810",0.972478999987424
"LOC124900824",0.972478999987424
"LOC124909363",0.972478999987424
"MIR606",0.972478999987424
"OR51B2",0.972478999987424
"PCDHB1",0.972478999987424
"PPP1R3G",0.972478999987424
"PRAMENP",0.972478999987424
"QRFPR",0.972478999987424
"RPL17P23",0.972478999987424
"RPL18P12",0.972478999987424
"RPL36AP34",0.972478999987424
"RPS10P8",0.972478999987424
"RPS27AP16",0.972478999987424
"SNORD88C",0.972478999987424
"SRP14-DT",0.972478999987424
"TEX48",0.972478999987424
"TPPP2",0.972478999987424
"TRAJ45",0.972478999987424
"TRIM75",0.972478999987424
"ZFP62",0.972478999987424
"SESN2",0.972344068377015
"BCAR3",0.971877229667921
"TTC7A",0.970945986641548
"C10orf62",0.970931811110847
"FMOD",0.970676176949304
"TAL1",0.970583985290152
"TEF",0.968083187862707
"RANGRF",0.967912214721933
"ACBD3",0.967253417675568
"CTDSP1",0.96721338981465
"GGT1",0.966451531028155
"FAHD2B",0.966354887854258
"UBE2C",0.964931365861697
"CHIT1",0.96463160641995
"NHERF2",0.964044654886303
"LINC02280",0.963926399625042
"STK11",0.963470349603004
"SLC35A2",0.962269766052922
"PECAM1",0.961758522585334
"HID1",0.961317988218057
"ABCC6",0.961208300461421
"IRAK2",0.960406193165028
"PIP4P1",0.960083628011171
"EFNA4-EFNA3",0.959895265222387
"SHB",0.959669698639815
"UNC119B",0.959588077795459
"UPP1",0.958911566539237
"CCL20",0.958739705927409
"ATP13A2",0.958665651305359
"P2RX1",0.958407487285753
"NUDT15",0.957679734310651
"TMEM225B",0.957371745347646
"SLC25A4",0.957335573282353
"MAP7",0.957067080087518
"WDR25",0.956786680741587
"SLC25A19",0.9567301522022
"LOC107987545",0.956421550631276
"CCND2",0.956129984589282
"SLC34A1",0.955843956195658
"MTFR1L",0.955419253709729
"CLEC14A",0.953859086382895
"ITIH3",0.95320970306808
"AMYP1",0.950669471603805
"C6orf52",0.950669471603805
"CGB2",0.950669471603805
"CRAT37",0.950669471603805
"GRM5P1",0.950669471603805
"HLA-DQB2",0.950669471603805
"LINC01609",0.950669471603805
"LINC02817",0.950669471603805
"LOC100418888",0.950669471603805
"LOC101928215",0.950669471603805
"LOC105370997",0.950669471603805
"LOC124906603",0.950669471603805
"LURAP1L-AS1",0.950669471603805
"LY6G6C",0.950669471603805
"OR2A14",0.950669471603805
"PDZD9",0.950669471603805
"PSMB8-AS1",0.950669471603805
"RBM17P3",0.950669471603805
"RBMY1HP",0.950669471603805
"RPL18AP13",0.950669471603805
"RPL22P16",0.950669471603805
"RPL37P14",0.950669471603805
"SPDYE8",0.950669471603805
"SPMIP2",0.950669471603805
"UBL7-DT",0.950669471603805
"ZFAT-AS1",0.950669471603805
"ZNF71-SMIM17",0.950669471603805
"PLEKHB1",0.950664054089801
"PORCN",0.95001020144097
"TMEM115",0.949221612115792
"KCTD7",0.948528694506709
"INMT",0.94710287722493
"SPATA24",0.946471510503323
"DNMT3B",0.946132117781673
"N4BP3",0.945888897873205
"TMEM39B",0.945860473999012
"EBLN3P",0.945766555633686
"TMEM38A",0.94531312221444
"ISOC2",0.94490504453675
"KRT75",0.943318351814738
"CDC45",0.942867328447846
"SASH3",0.942608504582851
"VANGL2",0.942593217089043
"JPH1",0.941924100664792
"SLC16A5",0.941362210782597
"MTCL3",0.941232021124688
"KRT74",0.940772754229061
"FZD5",0.940358500510706
"OR5P3",0.939959243586034
"BTBD6",0.939902767927364
"RAB9B",0.93952766489018
"SH3PXD2A",0.938842243232372
"FBXL7",0.93872276277438
"SLC29A2",0.93855135252808
"MYO16",0.937758296521582
"GOLT1A",0.937541231636268
"SFTPA2",0.937541231636268
"CCDC3",0.937311915038556
"CCDC32",0.936690322724223
"NFKBIA",0.936120845408657
"LRRC8E",0.936064551595863
"RALY",0.935813988507781
"EZR",0.935702392994798
"TMEM139",0.934779673117766
"ENO2",0.934394910375263
"EVPL",0.932850303046091
"CD8B",0.932531183168641
"DDIAS",0.932509171555587
"SHISA5",0.931511876973738
"PLD4",0.931250110634448
"FAM50A",0.931102683056753
"CSNK1E",0.930731844818164
"CYB561D1",0.928455064981677
"CLPTM1L",0.928271086602485
"UPF3A",0.927384612073233
"TIRAP",0.927359749114872
"NOS2",0.927060521867538
"STAT6",0.926505961529619
"OR7E2P",0.926369581270724
"NAV2",0.926184125968389
"RAD54L",0.925162111419057
"STK35",0.924950599178379
"HOMEZ",0.924739924019633
"IL17RC",0.924239205271792
"SERF2",0.922682016614057
"HRC",0.922607164699523
"R3HCC1",0.921746265427185
"GTPBP2",0.921615939511456
"FHL5",0.921431175393747
"MT2A",0.921084043265985
"FOXN3",0.921021917544052
"WDR27",0.920640043973341
"RANBP10",0.92046624287058
"CEACAM4",0.920266962747956
"VNN1",0.920140530585715
"HNRNPUL1",0.919862760208131
"DLG4",0.919375317934676
"AP2A2",0.918906237721898
"TPRA1",0.918760944942712
"DDX23",0.918738880227564
"ENTPD6",0.918511405061608
"ACSS1",0.918460993175905
"PACSIN1",0.91844212607052
"DTYMK",0.918410573779537
"RHOC",0.918055920768523
"SERBP1",0.917988878277051
"FAM220A",0.917882095969325
"C19orf48P",0.917691977644038
"HDAC1",0.917416590898734
"ALKBH5",0.916735835293045
"PDCD2L",0.916346634117713
"CHML",0.916143664158651
"OPN3",0.916143664158651
"MYOG",0.915229534947966
"DNHD1",0.914923515854028
"JAZF1",0.914278025861917
"COX7A1",0.914205964637702
"PFKL",0.913328043815902
"LEMD2",0.912877116449679
"ZNF768",0.912139340625873
"CMTR2",0.911943515609291
"DMAP1",0.91192167328531
"RHOF",0.911773194732359
"HNRNPA1P21",0.910059301413459
"SMPD4BP",0.909979210325917
"EVPLL",0.908285029467385
"LYRM9",0.907792836206717
"MRPL49",0.907378255763042
"TRAPPC3",0.905606724020811
"PARP12",0.90548978621429
"GP1BA",0.904387452115783
"PCYT1A",0.90346480707194
"YWHAG",0.903464665839148
"RBFOX1",0.90328489158836
"ZNF689",0.902606755352034
"LOC102724594",0.901783296482238
"U2AF1",0.901783296482238
"IPO13",0.901718961773482
"SUPT5H",0.901538325266486
"BCAP31",0.901379093969429
"ANKFN1",0.900925098465344
"TADA2B",0.89969358296797
"SF3A1",0.89906495594981
"TNFRSF1A",0.898021810058367
"SLC2A14",0.897516779659416
"DRC10",0.896889771363097
"STON1",0.896886608792831
"SNIP1",0.895948686532535
"SUSD5",0.89551230857454
"TBL2",0.895503411038456
"MYT1L",0.894877429334591
"MAB21L1",0.894233069027581
"MRPL33",0.893403855819903
"RRP7BP",0.892880761676489
"INKA1",0.892120970688515
"SF3B2",0.892117550548077
"COPZ2",0.891574909891844
"TSSC2",0.891128257285256
"RNF7",0.891093057905804
"LSM10",0.890891129232282
"ZNF48",0.889298973690249
"LAPTM5",0.889220793810127
"AMOTL2",0.887903220695465
"GALNT13",0.887530628401941
"LIAT1",0.88745779056882
"ASAP2",0.887411582335628
"CSN2",0.887193434734056
"NRG1",0.886744102806124
"ABCF3",0.886300217100763
"EBNA1BP2",0.886243836448836
"LFNG",0.886040634743039
"STAG3",0.885292618090611
"PPIAP37",0.883782132119195
"AGT",0.882633692953383
"PLAGL2",0.882542133216161
"HAUS7",0.881646364358429
"IRF9",0.8811334910026
"MDH1B",0.881067266700647
"CYB561",0.880618662078073
"FIS1",0.878574888536451
"SMIM5",0.876668552117948
"CALB1",0.876402763254175
"TSPOAP1-AS1",0.875334670264534
"STRN4",0.875161173172546
"PIK3R2",0.874848000419573
"GNB2",0.874676599722688
"FGF22",0.874316623140707
"CXCL16",0.874315116511707
"RPL13AP20",0.874283590720388
"ABCG5",0.874202541361165
"RPL12P12",0.874200329054245
"NCR3LG1",0.8734131604455
"GRWD1",0.872837209727431
"MTSS1",0.87170923888421
"EMC9",0.871606347609876
"TRAPPC1",0.87138808087676
"ASPG",0.871318256380876
"GRIK5",0.871309444670681
"NR1I3",0.870679062640562
"HHAT",0.870424379852785
"TUBGCP2",0.870305985018511
"RAP2C",0.870074751874872
"RBCK1",0.869419897940351
"INCA1",0.869058643350268
"SLC9A1",0.868255978817929
"UBE2J2",0.867552609313496
"HSPA7",0.867202533133363
"MDH2",0.86685771284165
"CPB2",0.865804066429102
"MFNG",0.865302601603627
"RNF40",0.865163544161536
"DLL4",0.863208952756984
"TVP23C-CDRT4",0.863124305418168
"TIMP2",0.863029686363798
"RORC",0.86294019348192
"PTPRS",0.862483174946088
"WBP2",0.862179336641836
"DRC3",0.861817563575131
"ABCF1",0.86174785109382
"COL28A1",0.861559401332088
"SURF2",0.86103205934002
"FSD2",0.86081982790871
"PRDM15",0.860592680301959
"YIPF3",0.860267991597285
"DGCR6L",0.860156183608106
"PKD1P4",0.859899809570791
"GIPC3",0.859508806712443
"SFXN3",0.859402396760201
"CHRNA10",0.859326523315083
"RGMA",0.859291692524684
"EXOC7",0.858987973296841
"PLEKHG7",0.858899111426869
"RPS6KB2",0.857761653499198
"STMN1",0.857748334086603
"SOX13",0.857511098035199
"PDE4A",0.857096253955569
"TMC1",0.857082638700055
"PTGDS",0.856635927069827
"TFAP2A",0.856617421933842
"ARHGEF10",0.856451489696072
"CHRNG",0.85635760342395
"CTBP2",0.855857078314332
"CLDN14",0.855659940693914
"CXorf58",0.855659940693914
"CYP2G1P",0.855659940693914
"DBH-AS1",0.855659940693914
"HTR7P1",0.855659940693914
"LINC00847",0.855659940693914
"LINC02223",0.855659940693914
"LOC100128906",0.855659940693914
"LOC391741",0.855659940693914
"LRRC3B",0.855659940693914
"MAGI1-IT1",0.855659940693914
"MIR342",0.855659940693914
"MIR548L",0.855659940693914
"OR11H13P",0.855659940693914
"RASSF8-AS1",0.855659940693914
"RBM15-AS1",0.855659940693914
"RPSAP20",0.855659940693914
"SHISAL2B",0.855659940693914
"SOD2-OT1",0.855659940693914
"TRAJ46",0.855659940693914
"TUBBP1",0.855659940693914
"VTRNA1-1",0.855659940693914
"LINC01902",0.854253934138322
"UPK3B",0.853418490584396
"PDLIM3",0.85281064843997
"KRT31",0.852783447313052
"ANKLE2",0.852739608458472
"CNFN",0.85269918001494
"POU5F1P4",0.852407346443552
"NEK5",0.851163554975471
"SYNGAP1",0.851102619862232
"ZNF629",0.850246399494922
"ZNF862",0.849693733544597
"PMPCA",0.849551019201423
"DUOXA2",0.849346513964076
"DLEC1",0.84845071275229
"WARS2-AS1",0.84829217959617
"GFPT2",0.848291482077917
"NOD2",0.848048689815274
"LOC100507053",0.847815461383399
"PHYKPL",0.847421962070191
"CD27",0.847257008605035
"TRPV1",0.846807866409234
"SLAMF8",0.846124793647487
"OR2L8",0.84526607454454
"NKG7",0.844853288644523
"NUTM2B",0.844532463168816
"E2F3",0.84445228865144
"VPS16",0.844094302953148
"KRT16",0.843875258179381
"AMT",0.843125721135451
"PRDM6",0.841874328420881
"ADARB2",0.83995702023646
"BCL2L13",0.839072841561611
"MAP6",0.838967392919864
"GUCY1A2",0.838154576012088
"RPRD1B",0.838127784287411
"AP3D1",0.838094325749482
"ALYREF",0.837784911660417
"CHAT",0.837195894639759
"SPI1",0.836574345957054
"NOP16",0.835515912397345
"AP2A1",0.83545754721799
"EEIG1",0.835448243965189
"ARNT2-DT",0.835268381686773
"C8orf89",0.835268381686773
"CHST8",0.835268381686773
"CSTF3-DT",0.835268381686773
"EEF1A1P47",0.835268381686773
"FHP1",0.835268381686773
"IFNWP19",0.835268381686773
"KRT8P19",0.835268381686773
"LHFPL4",0.835268381686773
"LINC01387",0.835268381686773
"LINC01847",0.835268381686773
"LINC01980",0.835268381686773
"LINC02055",0.835268381686773
"LINC02582",0.835268381686773
"LOC100132686",0.835268381686773
"LOC100422300",0.835268381686773
"LOC101929473",0.835268381686773
"LOC124900730",0.835268381686773
"LOC124907991",0.835268381686773
"LOC400499",0.835268381686773
"LOC646112",0.835268381686773
"MIR3147HG",0.835268381686773
"MIR548F1",0.835268381686773
"MMADHC-DT",0.835268381686773
"NAT2",0.835268381686773
"RAD21L1",0.835268381686773
"RAD51-AS1",0.835268381686773
"RCVRN",0.835268381686773
"RPL27P4",0.835268381686773
"RPL31P58",0.835268381686773
"RPS13P2",0.835268381686773
"RTBDN",0.835268381686773
"SERPINA4",0.835268381686773
"SMIM43",0.835268381686773
"SNHG21",0.835268381686773
"TRAV27",0.835268381686773
"WDR53P1",0.835268381686773
"CDH15",0.835174380078896
"MT1E",0.833824917517121
"TRIM55",0.833364305089134
"BFSP2",0.833277969981116
"MROH7",0.832195324036985
"USP44",0.831007419131865
"RHOXF2",0.830838044091425
"CAMKK2",0.83006641815262
"LCK",0.829037870242314
"OVGP1",0.828282699597619
"DHCR7",0.827667347878027
"SELENBP1",0.827517982206385
"XPNPEP2",0.826635805938406
"PRRG3",0.826336796120879
"CD4",0.826037933107244
"ISG20L2",0.825725834938915
"RPS19BP1",0.825314804144495
"CIB2",0.825078866105443
"DYSF",0.824639959239524
"ITGB1BP2",0.824222364940486
"C10orf71",0.824056605217068
"MTERF4",0.823727667284604
"INPP5K",0.822729011736201
"AKAP14",0.822549087475198
"ANKRD11P1",0.822549087475198
"ATP6V1G1P4",0.822549087475198
"C8orf17",0.822549087475198
"CEBPB-AS1",0.822549087475198
"CHRFAM7A",0.822549087475198
"EID2B",0.822549087475198
"EIF3EP3",0.822549087475198
"FKBPL",0.822549087475198
"GML",0.822549087475198
"GOLGA6L1",0.822549087475198
"GOLGA6L22",0.822549087475198
"IFNA16",0.822549087475198
"ISY1-RAB43",0.822549087475198
"KRT20",0.822549087475198
"LINC00570",0.822549087475198
"LINC01970",0.822549087475198
"LINC02453",0.822549087475198
"LINC02492",0.822549087475198
"LINC02716",0.822549087475198
"LOC100419786",0.822549087475198
"LOC124900179",0.822549087475198
"LOC124904015",0.822549087475198
"LOC124905482",0.822549087475198
"LOC128125816",0.822549087475198
"LOC388996",0.822549087475198
"MAL2-AS1",0.822549087475198
"MIR1251",0.822549087475198
"MTND2P28",0.822549087475198
"OR2A25",0.822549087475198
"OR8D2",0.822549087475198
"PCAT5",0.822549087475198
"PIK3CA-DT",0.822549087475198
"PRAMEF15",0.822549087475198
"RN7SL483P",0.822549087475198
"RN7SL546P",0.822549087475198
"RNU2-65P",0.822549087475198
"RPL26P12",0.822549087475198
"RPL26P28",0.822549087475198
"RPL37P1",0.822549087475198
"RPS13P1",0.822549087475198
"SMIM45",0.822549087475198
"SNORD115-23",0.822549087475198
"TMEM78",0.822549087475198
"TMPRSS11GP",0.822549087475198
"TPRG1-AS2",0.822549087475198
"USP17L7",0.822549087475198
"ZNF734P",0.822549087475198
"TMEM255A",0.821445572968123
"ZNF827",0.821307360552754
"KRAS",0.821167693047283
"FXYD1",0.82096905406835
"DIP2C",0.820862857674649
"POC1B-GALNT4",0.820344810095679
"TOMM5",0.8193256990826
"DIDO1",0.819166719068834
"PLSCR2",0.818597712571358
"USP2",0.818286206760136
"XRRA1",0.817462979996309
"SLC39A11",0.817446185060257
"CTSZ",0.817335036458115
"SLC5A6",0.817166014986003
"CCDC12",0.816554226685796
"PPM1G",0.816540582229511
"IL6R",0.816513252524071
"RASGRF1",0.816289332083329
"LIPI",0.816135131598874
"LRRC27",0.815485323141268
"SLC45A1",0.815471343730065
"SEMA3F",0.81545823857014
"ADGRD2",0.815131579732226
"CALCB",0.815131579732226
"CAPN1-AS1",0.815131579732226
"CASC9",0.815131579732226
"CLEC19A",0.815131579732226
"COMMD5P1",0.815131579732226
"EZHIP",0.815131579732226
"FIRRE",0.815131579732226
"GPR143YP",0.815131579732226
"GTF3C6P3",0.815131579732226
"HNF4A",0.815131579732226
"IGLV2-33",0.815131579732226
"LINC00466",0.815131579732226
"LINC01252",0.815131579732226
"LINC01492",0.815131579732226
"LINC01539",0.815131579732226
"LINC02241",0.815131579732226
"LINC02552",0.815131579732226
"LINC02687",0.815131579732226
"LINC02696",0.815131579732226
"LINC02717",0.815131579732226
"LINC02754",0.815131579732226
"LINC03069",0.815131579732226
"LOC100127917",0.815131579732226
"LOC101929538",0.815131579732226
"LOC105373429",0.815131579732226
"LOC107986400",0.815131579732226
"LOC112268165",0.815131579732226
"LOC124900419",0.815131579732226
"LOC124900469",0.815131579732226
"LOC124900711",0.815131579732226
"LOC124901196",0.815131579732226
"LOC124903185",0.815131579732226
"MAGEA8",0.815131579732226
"MIR548E",0.815131579732226
"NDUFA6-DT",0.815131579732226
"RN7SL342P",0.815131579732226
"RN7SL481P",0.815131579732226
"RN7SL689P",0.815131579732226
"RPL21P11",0.815131579732226
"RPL21P62",0.815131579732226
"RPL23AP90",0.815131579732226
"RPL34P16",0.815131579732226
"RPL6P31",0.815131579732226
"RPL7AP64",0.815131579732226
"RPL9P10",0.815131579732226
"RPLP0P3",0.815131579732226
"RPS6P26",0.815131579732226
"SEPTIN7P9",0.815131579732226
"SPART-AS1",0.815131579732226
"TCF24",0.815131579732226
"TLK2P1",0.815131579732226
"TRAJ29",0.815131579732226
"TTC7B-AS2",0.815131579732226
"VSIG10L2",0.815131579732226
"WT1-AS",0.815131579732226
"WWC2-AS2",0.815131579732226
"ZBED5-AS1",0.815131579732226
"ZFAND2A-DT",0.815131579732226
"ZNF716",0.815131579732226
"ZNF8-DT",0.815131579732226
"ZNF850-DT",0.815131579732226
"MXRA5Y",0.814633781282135
"AMPH",0.81445295102819
"AQP11",0.814383831632642
"PYGB",0.81425081423092
"TSPYL4",0.814004111373038
"SLC2A1",0.813088040280775
"KIF1C",0.812846513412965
"LARGE1",0.812680926612152
"SLC8A3",0.812566384180112
"TTLL11",0.812534411603141
"OR7E22P",0.812100698285102
"MRPL18",0.811948178974188
"MBNL1-AS1",0.811491052814607
"SGSH",0.811262661088987
"RUVBL2",0.810929502494165
"RBP4",0.810863844994624
"ARMCX1",0.810848649572752
"SLCO1A2",0.810247580141275
"IRF2BP2",0.809701782185496
"CCDC158",0.80886156842738
"TSHZ2",0.808764314070915
"PLEKHG4",0.808521928095976
"HRH1",0.80835018897895
"RRH",0.808318051389909
"C2CD2L",0.808002812433954
"ESRP2",0.807679436406389
"DUOX1",0.807453933353379
"LRRC17",0.807355520322136
"LRRTM3",0.806850380147038
"SRRM1",0.806220787448219
"FBXW9",0.80517907018876
"ALG1L1P",0.80500867123008
"NBPF6",0.804897549417725
"RAC1",0.80486109399357
"CDHR3",0.804690608628592
"LRRC7",0.80451049115298
"CYB5R1",0.802939662970572
"LOXHD1",0.802769742390396
"PNPLA6",0.801114190394557
"TVP23A",0.801009622041294
"IAH1",0.800638413531772
"CYS1",0.800230383597231
"MUC12",0.799769257951797
"MFGE8",0.799147948489459
"CUEDC2",0.798436095740837
"S100P",0.798259785570191
"NDUFA7",0.798011250828126
"BCR",0.797544485861035
"RASAL1",0.797049492884896
"MRPL51",0.796837034099233
"VN1R1",0.796762993636188
"PIK3C2B",0.795879872517357
"C6orf132",0.79531955243711
"AMD1P1",0.79524473894118
"ATP6V0E1P1",0.79524473894118
"C16orf46",0.79524473894118
"C1orf141",0.79524473894118
"CCDC28A-AS1",0.79524473894118
"CTAG1B",0.79524473894118
"DICER1-AS1",0.79524473894118
"DPPA3P9",0.79524473894118
"EIF4BP8",0.79524473894118
"FAM95A",0.79524473894118
"HLA-DPB2",0.79524473894118
"HLCS-AS1",0.79524473894118
"HSP90AB7P",0.79524473894118
"IL12A-AS1",0.79524473894118
"IL1F10",0.79524473894118
"KRT41P",0.79524473894118
"KRTAP3-1",0.79524473894118
"LINC01315",0.79524473894118
"LINC02288",0.79524473894118
"LOC100126584",0.79524473894118
"LOC100422287",0.79524473894118
"LOC101928234",0.79524473894118
"LOC105374042",0.79524473894118
"LOC105376520",0.79524473894118
"LOC105377188",0.79524473894118
"LOC105377465",0.79524473894118
"MIR548AA2",0.79524473894118
"MIR548D2",0.79524473894118
"NINJ2-AS1",0.79524473894118
"POU1F1",0.79524473894118
"PPP1R17",0.79524473894118
"PTPRVP",0.79524473894118
"PXT1",0.79524473894118
"RFPL4AL1",0.79524473894118
"RPL13AP12",0.79524473894118
"RPL15P11",0.79524473894118
"RPL5P12",0.79524473894118
"RPL7P49",0.79524473894118
"RPSAP24",0.79524473894118
"RPSAP32",0.79524473894118
"RSPH14",0.79524473894118
"SNORD105",0.79524473894118
"SPIC",0.79524473894118
"ST3GAL3-AS1",0.79524473894118
"STAU2-AS1",0.79524473894118
"SYF2P2",0.79524473894118
"SLC36A1",0.794903365086236
"PNKP",0.79376556038162
"GARIN1A",0.793206319088607
"PGRMC2",0.793196764712583
"WDFY4",0.792913005604209
"TRIM36",0.792691733383339
"KCNA3",0.792309301917965
"SCLY",0.791890081249557
"VAV1",0.791526297762602
"FAM124A",0.791420217743359
"UNC13D",0.79104932901225
"FYB2",0.791033009132449
"GRTP1",0.790782266077174
"CCDC127",0.79030748140018
"CEP68",0.790241383792627
"ERICH3",0.790078333916292
"LOC101929777",0.789406817002288
"WNT3",0.789406817002288
"GTF3C6",0.788528870410358
"OR2AE1",0.788420409536567
"PCDHGB5",0.788065026435284
"TNNI3",0.787987601818772
"SMPD1",0.787779515861925
"MMP23A",0.787722635945986
"ABHD11",0.78651515495553
"DCLRE1B",0.786307144907209
"KRT14",0.785950059339772
"DRC11",0.78554018307831
"WASH7P",0.784896512271064
"LINC00624",0.783249770332311
"MCM7",0.782693456720808
"SVIL",0.782632727010334
"TLE3",0.782446916159567
"SCN2B",0.782235406082539
"LBH",0.781889827941957
"DNAJC14",0.781233598499951
"ANKRD52",0.780326267767463
"BSDC1",0.780254556346173
"TEN1",0.779716281104141
"MAP2K3",0.778950276856571
"UQCRFS1",0.77830683080862
"TRAPPC5",0.778100746202649
"LINC01145",0.77767809683444
"KCND2",0.777040666090704
"LINC02649",0.776907323107235
"TLE2",0.776680505343058
"ZFP36L1",0.776561456562396
"CALML5",0.776364064957686
"TUBG2",0.776068666154673
"IGFL1",0.775240909776602
"CCND3",0.774724252054153
"ACOT7",0.774347763345281
"KLHL42",0.774321491871156
"GTF3C1",0.774124905731379
"MIR4500HG",0.773597258748473
"CDNF",0.772964590535322
"DIO2",0.772677531884253
"TAPBPL",0.772315526687173
"CFAP276",0.771840883724821
"NEURL3",0.771687357663986
"TSTD1",0.771266158642405
"SKIDA1",0.771128137660491
"CABLES2",0.770929854619982
"C3orf18",0.770797286376579
"TNIP1",0.770701910945562
"SNTA1",0.769930661712998
"EBF2",0.769918103951952
"ICAM3",0.769323173655827
"CLSTN1",0.76918275308536
"STAT5A",0.768276258798966
"TFAP4",0.767792317766716
"TAGLN",0.767576116100825
"PIGS",0.76708940132667
"LUC7L",0.766830766162978
"TEX35",0.76553952188504
"KIF19",0.765127442720051
"CLCN4",0.7647215138816
"ZNF691",0.764106589505085
"ARMCX4",0.76392867079104
"PTGR3",0.763720688067732
"ADH5P5",0.763543615440711
"NOTCH1",0.762772356960382
"KCNB1",0.761830706682051
"CDC34",0.761479735921216
"PMVK",0.761330686835778
"NR1H4",0.760067063123682
"CARD19",0.759662922163317
"BTBD16",0.759570226945804
"NAIF1",0.75955434351001
"HCK",0.759466452335053
"RPSAP11",0.759106663939183
"PPP1R3B-AS1",0.758179751539943
"LRRC4",0.757963028217461
"ASMTL",0.75777256930648
"CIAO2B",0.757537474080914
"CD300A",0.756722970591246
"RSAD2",0.756699810216532
"RASGRP4",0.756680377156992
"IRF4",0.754248000776652
"GTF3C5",0.754011803212311
"AAMP",0.753483079339505
"KRT10-AS1",0.753291440209742
"LOC100421402",0.753232535511681
"FOXC2",0.751580915823466
"KLHL6",0.751011155128365
"IFT140",0.750958111225512
"ILF3",0.750901545829706
"EPS8L2",0.750823985710012
"MAGED1",0.749234682512316
"SUCNR1",0.74915305288707
"TRIM59",0.748428389638999
"TPPP3",0.748352844853847
"RRP36",0.748111178110416
"FAM81A",0.747940561734349
"ZNFX1",0.747610116882332
"CBX2",0.746835797050867
"DMTN",0.746207781003656
"PIK3CD",0.744738848136883
"UBASH3A",0.744541090788956
"POLR2M",0.74439501080022
"NFE2",0.744362986143198
"CAMK2B",0.744263686716299
"ASAP3",0.743866932409882
"NCAPH2",0.743832962417044
"OAS2",0.743743703105838
"HEMK2",0.743405393614605
"MRPL54",0.743278043000154
"RASGRP2",0.743217289786487
"CNTNAP3",0.743128506984994
"CNTNAP3C",0.743128506984994
"PAN2",0.742898048349466
"APBA1",0.741992836624875
"SCUBE2",0.741189057089327
"ITGB5",0.741155279720267
"LOC283683",0.740761943381072
"GPAT2",0.73946611782717
"LOC128966744",0.73946611782717
"TMEM184A",0.739058974619748
"PPP5D1P",0.738431029659057
"TMEM120B",0.737413274058337
"SEMA3G",0.736984513952261
"MAN2A2",0.736781216618573
"SETD6",0.736425058103179
"RUVBL1",0.734931207043934
"SLC30A1",0.73470576999718
"RRP9",0.734412644160881
"TSPYL2",0.733031132211584
"CDHR1",0.732929400177055
"LRRK1",0.732527573288815
"STRIP2",0.732511363683644
"MELK",0.732077039117399
"MYLK3",0.731227320756801
"MRPS18A",0.730016168675689
"SUPT7L",0.729681814281173
"ECH1",0.729120376829911
"KHSRP",0.729018832431156
"IKZF1",0.728382662030864
"EWSR1",0.72756732478821
"SLC5A9",0.7266943402059
"ANGPTL4",0.726591081558304
"SS18L1",0.725461347098014
"EPHB6",0.725116992322667
"MPRIP",0.724630168115571
"LMBR1L",0.724388287594471
"NRTN",0.723803427527908
"KRTAP21-4P",0.721723545955966
"LINC01551",0.721723545955966
"LOC100420864",0.721723545955966
"MICA-AS1",0.721723545955966
"PF4",0.721723545955966
"PRSS2",0.721723545955966
"SNCB",0.721723545955966
"SNORD113-9",0.721723545955966
"SNORD114-22",0.721723545955966
"TMEM174",0.721723545955966
"TRAJ47",0.721723545955966
"TRBV25-1",0.721723545955966
"TRIM64B",0.721723545955966
"UGT2A2",0.721723545955966
"ITFG2",0.721447757007137
"NPR1",0.720276007801648
"RAPGEFL1",0.720267694841595
"ADGRE5",0.719566367147459
"ADORA2B",0.718602801538037
"LOC124904535",0.717649120045407
"CCDC18",0.71760100740182
"CDY2A",0.717102555625548
"LOC101927375",0.717078645839529
"CALCOCO1",0.716216801454527
"NPM2",0.716088470430396
"LHCGR",0.715438911283428
"FAM216A",0.71505777395469
"ACOX3",0.714912778593953
"TUBAP14",0.714681572786695
"ALS2CL",0.714069743568383
"USE1",0.713918623573352
"DHX30",0.713789208900643
"GSTP1",0.713399666281602
"ANO2",0.713188940652093
"FEZ1",0.712545050917442
"STT3A-AS1",0.712545050917442
"TNFAIP6",0.712460068708874
"PNLDC1",0.7118255743774
"SLC35A4",0.711748305607814
"DAZAP1",0.71168451400557
"EML2",0.711008651610295
"CNDP2",0.710576653431525
"SMG8",0.710499546031843
"SEPTIN8",0.710408920716503
"PDCD7",0.710151940299572
"FBXL14",0.70969954586452
"CLSTN2",0.709007857388656
"OR1M1",0.708876087000569
"SNAPC1",0.708739093567444
"ANKRD16",0.708653665594205
"GSDME",0.708626767186218
"SLC25A25",0.708481248523374
"RIMBP3B",0.707798030107258
"ZC3HAV1L",0.707782313593677
"DLC1",0.707614530892684
"RANBP3",0.70695282688273
"LOC131768270",0.706349792234811
"CD37",0.706299391446604
"PERP",0.705896735280045
"OR2A42",0.705655744812528
"LINC00173",0.705430058532836
"RPL23AP8",0.705430058532836
"FIBP",0.704719097574826
"DYRK2",0.704145751817842
"PLPP5",0.70375145494894
"MYH6",0.70355078514772
"CTAGE16P",0.703236392825157
"FLRT2-AS1",0.703236392825157
"KRT18P29",0.703236392825157
"KRT25",0.703236392825157
"LINC01370",0.703236392825157
"LINC03050",0.703236392825157
"MIR329-2",0.703236392825157
"MIR4307HG",0.703236392825157
"RPL21P74",0.703236392825157
"RPS15P5",0.703236392825157
"TNFRSF10A-DT",0.703236392825157
"TRAJ39",0.703236392825157
"TRAJ9",0.703236392825157
"WHSC1L2P",0.703236392825157
"CRKL",0.703193274998363
"CDKN1A",0.701702372637766
"BATF3",0.701675647330725
"NEIL1",0.701616612450766
"MACIR",0.700815501061015
"LOC729998",0.700767354390972
"CAPN1",0.699775758367027
"SUGP1",0.699356534021537
"FAM98B",0.699283860532833
"SGCA",0.699056439397072
"EPS15L1",0.699013658219284
"ELK3",0.698878928209823
"NEFM",0.698012351505077
"EXOC3",0.697981391410693
"MIEF1",0.697353955252765
"PELO",0.696524780620431
"CILP",0.696471789974849
"KAZALD1",0.695663862583981
"DGLUCY",0.694854354338906
"PCDHB16",0.69445199197556
"TRHR",0.694442725595365
"ZSWIM7",0.693206113996879
"ZNF395",0.692229573086448
"PHF12",0.69207378750546
"CSF1R",0.691897587605756
"RPS2P29",0.69157760174112
"HMGXB3",0.691249228086943
"CENPI",0.691228611261715
"LBP",0.690830041690596
"MRPL10",0.690497452035785
"RFTN1",0.690346773312252
"BMS1P17",0.689312362787126
"ENO1-AS1",0.689312362787126
"GUCA1ANB-GUCA1A",0.689312362787126
"HSPD1P7",0.689312362787126
"KCNE2",0.689312362787126
"LINC02632",0.689312362787126
"LOC105372768",0.689312362787126
"LOC124902274",0.689312362787126
"OR1F2P",0.689312362787126
"OR2M4",0.689312362787126
"PTCSC2",0.689312362787126
"RPL35AP17",0.689312362787126
"RPS17P2",0.689312362787126
"RPS24P6",0.689312362787126
"SDCBP2-AS1",0.689312362787126
"SNORA11D",0.689312362787126
"SNORA11E",0.689312362787126
"TUBB8P11",0.689312362787126
"BCAT2",0.688846877239182
"MRPS28",0.688841980886422
"ATXN7L3",0.688648800390634
"SMARCB1",0.688648426566017
"CXorf65",0.68845232542096
"AIMP2",0.687877080130832
"ALKBH6",0.687543430189404
"DRC4",0.686414641189112
"SUGP2",0.686290480099065
"CA11",0.685913628453871
"RNA5S1",0.685879572087379
"RNA5S10",0.685879572087379
"RNA5S11",0.685879572087379
"RNA5S12",0.685879572087379
"RNA5S13",0.685879572087379
"RNA5S14",0.685879572087379
"RNA5S15",0.685879572087379
"RNA5S16",0.685879572087379
"RNA5S2",0.685879572087379
"RNA5S3",0.685879572087379
"RNA5S4",0.685879572087379
"RNA5S5",0.685879572087379
"RNA5S6",0.685879572087379
"RNA5S7",0.685879572087379
"RNA5S8",0.685879572087379
"APRT",0.685785755947481
"LINC00571",0.685527806533155
"ACTG1P17",0.684955575326837
"ANKRD7",0.684955575326837
"ARHGDIG",0.684955575326837
"BEST2",0.684955575326837
"C10orf126",0.684955575326837
"CCDC70",0.684955575326837
"DDX53",0.684955575326837
"DUBR",0.684955575326837
"DUTP7",0.684955575326837
"KRT8P21",0.684955575326837
"LINC01098",0.684955575326837
"LINC01517",0.684955575326837
"LINC01962",0.684955575326837
"LINC02541",0.684955575326837
"LOC105375844",0.684955575326837
"LOC124908013",0.684955575326837
"LOC124908015",0.684955575326837
"LOC124908041",0.684955575326837
"LOC338963",0.684955575326837
"LRRC37A16P",0.684955575326837
"MIR487B",0.684955575326837
"OR10W1",0.684955575326837
"OR13A1",0.684955575326837
"OR14A16",0.684955575326837
"PALM2AKAP2-AS1",0.684955575326837
"PLA2G12B",0.684955575326837
"RLN1",0.684955575326837
"RPL35P5",0.684955575326837
"RPS2P14",0.684955575326837
"STMN4",0.684955575326837
"TRGJ1",0.684955575326837
"TRGJ2",0.684955575326837
"TRIM49D2",0.684955575326837
"TUBB8B",0.684955575326837
"JCAD",0.684879573957484
"KLK8",0.684161019195387
"PPP1R15B",0.683560635151592
"VSIG10L",0.683158975121508
"GNB5",0.682862412333868
"CRLF1",0.682406491688075
"THBS4-AS1",0.682387318842622
"IPCEF1",0.682077946266014
"SAP18",0.681560341104211
"HHEX",0.681310905700121
"ZFHX3",0.681278818245794
"LINC02193",0.680606334629951
"MRPL24",0.680452804045542
"MACROH2A1",0.68042133476735
"C17orf67",0.679876104811842
"M1AP",0.679734110697546
"KLHL29",0.679245158801434
"LOC105370792",0.677982795082469
"ZNF415P1",0.677982795082469
"GM2A",0.677301654016637
"FKBP10",0.676717802885656
"BEND4",0.675903770727029
"SLC25A6",0.675824740738003
"GTF2F1",0.675755472971562
"CENPO",0.674551151647244
"LINC00467",0.674301041463265
"OTUB1",0.674188677335315
"MCOLN1",0.673038699677719
"OTUD3",0.672941731013068
"TMEM200A",0.67273100000355
"TMEM276",0.672616444509587
"CXorf38",0.672615977743548
"LSP1",0.672087043445041
"YJU2B",0.671928569035942
"A4GNT",0.670875898622012
"CDY2B",0.670875898622012
"DNAJB8",0.670875898622012
"DPPA4P2",0.670875898622012
"EIF4BP3",0.670875898622012
"HMGB1P35",0.670875898622012
"HSD52",0.670875898622012
"LINC00323",0.670875898622012
"LINC00426",0.670875898622012
"LINC00640",0.670875898622012
"LINC00885",0.670875898622012
"LINC00973",0.670875898622012
"LINC01115",0.670875898622012
"LINC01122",0.670875898622012
"LINC01460",0.670875898622012
"LINC01494",0.670875898622012
"LINC01793",0.670875898622012
"LOC105372040",0.670875898622012
"LOC105376106",0.670875898622012
"LOC105377848",0.670875898622012
"LOC107986742",0.670875898622012
"LOC124902337",0.670875898622012
"LOC124904219",0.670875898622012
"MIR548F2",0.670875898622012
"OR5AU1",0.670875898622012
"PFDN4P1",0.670875898622012
"POU2AF2",0.670875898622012
"RPL26P5",0.670875898622012
"RPLP0P10",0.670875898622012
"RPS4XP11",0.670875898622012
"SLC22A8",0.670875898622012
"SMIM11P2",0.670875898622012
"STARD13-AS",0.670875898622012
"SALL2",0.670763383102566
"DAGLA",0.670745653164282
"GMPR2",0.670687796362374
"TMEM127",0.669863552713561
"GTF2E1",0.669658979892968
"CDAN1",0.668986153979842
"ODF2",0.668605967394201
"CLEC16A",0.668488893361554
"SLC19A3",0.667768236155867
"COL4A4",0.667402751065097
"TCAF2",0.66697720476797
"CABP5",0.666878584246807
"CACNG8",0.666878584246807
"CPSF4L",0.666878584246807
"CRADD-AS1",0.666878584246807
"CTBP1-AS",0.666878584246807
"CYCSP5",0.666878584246807
"ERICH6-AS1",0.666878584246807
"LINC01963",0.666878584246807
"LINC02275",0.666878584246807
"LINC02523",0.666878584246807
"LOC100419830",0.666878584246807
"LOC100422225",0.666878584246807
"LOC102723604",0.666878584246807
"LOC105371254",0.666878584246807
"LOC105372738",0.666878584246807
"MIR6815",0.666878584246807
"NFILZ",0.666878584246807
"RPS3AP16",0.666878584246807
"RPSAP43",0.666878584246807
"SNORD38A",0.666878584246807
"TRAJ54",0.666878584246807
"ZIM3",0.666878584246807
"ZSCAN1",0.666878584246807
"FMN1",0.666812066331018
"UTS2",0.666747356849692
"SLC35F3",0.665180922498302
"FAM131B",0.664790349685217
"SMCO2",0.664202715436189
"DCTN1",0.663921329053841
"DCDC1",0.662287483811886
"NHLRC1",0.660252826727689
"TMC3",0.659910844381436
"CDK2",0.659766819710202
"HEPH",0.659618762279406
"CETP",0.659580767371373
"PLET1",0.659458963423849
"USP49",0.659296630356201
"RBMX2",0.659235915187034
"GRK2",0.659043139806741
"HMGB2",0.658447327072586
"C15orf62",0.6582434842732
"TNFRSF9",0.656033814606619
"WSCD2",0.656030091210511
"BACE1",0.655693774057214
"MYH10",0.655589110235109
"SCML4",0.654146684365725
"ZNF20",0.653483575799989
"DKK3",0.653165587672646
"AQP7B",0.652655750458459
"DCANP1",0.652655750458459
"DNAJC3-DT",0.652655750458459
"EEF1A1P36",0.652655750458459
"F11-AS1",0.652655750458459
"FOXR1",0.652655750458459
"GPR151",0.652655750458459
"HSPA8P1",0.652655750458459
"LDHC",0.652655750458459
"LINC01103",0.652655750458459
"LINC01600",0.652655750458459
"LINC02864",0.652655750458459
"LINC03104",0.652655750458459
"LOC101928844",0.652655750458459
"LOC105370645",0.652655750458459
"LOC105371574",0.652655750458459
"LOC124901355",0.652655750458459
"LOC158434",0.652655750458459
"LOC645266",0.652655750458459
"LOC729815",0.652655750458459
"MIR194-2HG",0.652655750458459
"MIR603",0.652655750458459
"MIR921",0.652655750458459
"MLNR",0.652655750458459
"MRRFP1",0.652655750458459
"PARD6G-AS1",0.652655750458459
"PSMD6-AS2",0.652655750458459
"RNU105B",0.652655750458459
"RPL27P8",0.652655750458459
"RPL31P44",0.652655750458459
"RPL32P25",0.652655750458459
"RPL37P12",0.652655750458459
"RPL7P47",0.652655750458459
"SALL4P1",0.652655750458459
"SLC22A31",0.652655750458459
"SPATA3-AS1",0.652655750458459
"TEX12",0.652655750458459
"YPEL5P2",0.652655750458459
"ZAR1",0.652655750458459
"PPM1M",0.651837373192193
"FAM83C",0.651082308656537
"NPEPPSP1",0.650381916588281
"LDOC1",0.649713512711239
"HS6ST1",0.649669616361383
"DPM3",0.649246282700137
"LINC02253",0.649003059897106
"LOC112268198",0.649003059897106
"LOC124901766",0.649003059897106
"LOC124902948",0.649003059897106
"LOC283387",0.649003059897106
"LOC730338",0.649003059897106
"MINAR2",0.649003059897106
"MIR199B",0.649003059897106
"MIR511",0.649003059897106
"NDUFB4P3",0.649003059897106
"PKN2-AS1",0.649003059897106
"PRKCH-AS2",0.649003059897106
"RGR",0.649003059897106
"RPL21P56",0.649003059897106
"RPSAP51",0.649003059897106
"SULT1C3",0.649003059897106
"TRAJ50",0.649003059897106
"UGT3A2",0.649003059897106
"HLA-DQA1",0.64898762474779
"CFAP53",0.64873779648328
"EGLN3",0.648694411205282
"MAGEF1",0.647832259549787
"ACACB",0.64728316758804
"ACER2",0.647092310319977
"ADAP2",0.646220337263637
"CLIC1",0.645407320437038
"DALRD3",0.64523221296951
"CCDC149",0.644961045174909
"CFAP210",0.644681989046499
"FAM193A",0.644268740673012
"ACTR8",0.643811255737428
"PLBD1-AS1",0.643049958016173
"TCHP",0.641231124354919
"MED20",0.641105604687475
"GRAMD4",0.640868147221173
"EVL",0.639818581628779
"AP1M1",0.639677943663298
"PRXL2A",0.6381062455261
"CFAP251",0.637942669317176
"MPHOSPH8",0.637569024338901
"TDRD9",0.637191348351882
"CNIH3",0.637024876707645
"OR2A12",0.635902576788426
"CDC42BPB",0.635250629932031
"ARF3",0.634579138905198
"SLC35G5",0.634307355781699
"DAPK2",0.633426193732014
"PRKCA",0.633401512708591
"HNRNPAB",0.633252211165515
"CSP2",0.631319942591004
"DACT3-AS1",0.631319942591004
"FAM66D",0.631319942591004
"H2BC26",0.631319942591004
"LINC02371",0.631319942591004
"LNCPOIR",0.631319942591004
"LOC128966597",0.631319942591004
"MAJIN",0.631319942591004
"MORN5",0.631319942591004
"PIPSL",0.631319942591004
"PTH",0.631319942591004
"VPS35P1",0.631319942591004
"SLC12A3",0.630690747926623
"PCDHGB2",0.630678569407077
"PAFAH2",0.630328333252585
"KCNIP1",0.630045357698157
"DNTTIP1",0.630024784691845
"PTGS1",0.628595345361673
"ACADS",0.628390059242086
"AP1S3",0.62829920304475
"LRG1",0.6280787261845
"ATXN1",0.627858588864918
"TMEM132C",0.626374743523777
"SNTB1",0.625931908800064
"SLC35E1",0.62587649209711
"NUP85",0.625630480631192
"NAPSB",0.62521394011186
"OTULIN",0.623823524960519
"PDRG1",0.623326857809893
"LRRC73",0.622994882547463
"HACL2",0.622847113186063
"CLCN7",0.622445768651605
"HIGD2A",0.622009906379894
"FRMD4A",0.621263561555358
"LAMA1",0.621015355193486
"SMIM20",0.620925385955244
"HOXB7",0.6203795369188
"ANGEL1",0.620046756295582
"HSPA1B",0.620028286463165
"CRAT",0.619556889029139
"ZNF326",0.619551742196937
"AEN",0.618696487743935
"MRNIP",0.618558675528461
"STAT2",0.618074804871934
"THAP10",0.61805319562388
"PCNT",0.617575967236792
"HSP90AB3P",0.617101217549548
"NIBAN2",0.617036141781433
"BICD2",0.616124845222448
"SHISA9",0.615935628422265
"SULT2B1",0.615933179984437
"MTOR",0.615679703903007
"DBN1",0.614425405422014
"ADGRD1",0.614399341882693
"IRF1",0.614273934833769
"SCN4A",0.612873883188685
"CADPS",0.612529445727442
"LCT",0.612322354717758
"CD1B",0.611126480937957
"JUP",0.611012413183407
"L3MBTL2",0.610591294069206
"RAD54B",0.610230590787527
"PLOD1",0.610100774423784
"RIBC2",0.610009399702109
"TRRAP",0.609825065524785
"PEX11G",0.60906857431075
"FAM156A",0.607666194855128
"FAM156B",0.607666194855128
"FOSL2",0.607026784384698
"BACC1",0.60686710819335
"MCF2L",0.606191229192807
"IMPA2",0.606187934761468
"SWSAP1",0.605941154597919
"ICAM2",0.605134946732768
"UQCC2",0.605079377074623
"TMEM256",0.604376041280598
"HMG20B",0.603965445278986
"HSP90AB2P",0.603723123552822
"GRPEL2",0.602871116675752
"ABHD14A",0.602722796650711
"COL15A1",0.602712731185112
"HECTD3",0.602702499916954
"IL36RN",0.602314783897427
"ENDOD1",0.602259114960812
"LOC105369209",0.600919482612343
"OSBPL2",0.600919482612343
"STK40",0.6007885607937
"RDH13",0.600587533746796
"PSMD3",0.60046776499406
"GOLGA4-AS1",0.600406796206835
"ZXDB",0.600044379672953
"TUBA4A",0.600027905693392
"CTNND2",0.599056536198536
"GIT1",0.598205862798125
"EEF2K",0.597544902721084
"HPS1",0.597447946760161
"WASH5P",0.597093272557696
"RPLP2",0.596093064803472
"PRKCE",0.595830697903225
"RAD54L2",0.595000734558707
"CSTPP1",0.594700348896075
"CFAP92",0.594260524154086
"RBM14-RBM4",0.593834548616552
"KRT16P3",0.593656232540367
"MROH2A",0.59363756887629
"USP18",0.593597637926122
"DGUOK-AS1",0.593008956684257
"MT1H",0.592789150144251
"NSG1",0.592531615575457
"B3GALT2",0.592457221742926
"CLTCL1",0.591593872934706
"IL16",0.591510659221172
"SHLD1",0.591188449283033
"CCSAP",0.590988769932666
"GALNT2",0.590527325107121
"TRAF7",0.590494076628472
"OR6C75",0.590485775319947
"FCMR",0.590403901905254
"USP13",0.588990912680857
"POPDC2",0.588986483744524
"GDA",0.588766930494985
"FICD",0.586508822899518
"CCM2",0.585543599409234
"WNT16",0.585185007260268
"LPP",0.584493709489024
"SNX12",0.584241447743116
"MYOC",0.58404239290948
"XAF1",0.583845325702928
"SSRP1",0.583786163492291
"UNC93B1",0.583592183875639
"DCTN3",0.582869042258532
"PRPSAP1",0.582361411149142
"SPEN-AS1",0.582089658129556
"FBXO15",0.581704051937864
"QNG1",0.581226079695804
"PDCD11",0.580646199463636
"TOMM34",0.580451483185129
"HJURP",0.57811764741692
"PGAM2",0.578015122676384
"OR56B1",0.577816101661388
"URGCP",0.57772641678239
"AMPD3",0.577702546487355
"SCARA5",0.577612392876233
"IMP4",0.577432770034574
"TMX4",0.576423343880692
"ZER1",0.576230690134213
"ATP6V0B",0.575357702753684
"BOLA2B",0.574983682799189
"AARSD1",0.574865046114204
"TPM4",0.57480034590588
"HOXB-AS1",0.574637039183136
"SLC17A3",0.574637039183136
"ARMH1",0.574451953864564
"ZNF497",0.57362197041056
"CD6",0.573086614970198
"PADI3",0.57302994894913
"FES",0.572440664022866
"CCDC170",0.571846880181815
"WASF2",0.571515097938024
"ZCCHC14",0.571061694637259
"ZNF835",0.570883351739889
"ZNF212",0.570506229591036
"BISPR",0.569898865838614
"FOXN4",0.569898865838614
"KRTAP12-1",0.569898865838614
"LINC00574",0.569898865838614
"NACAP10",0.569898865838614
"OR51M1",0.569898865838614
"RPS3AP6",0.569898865838614
"STARD6",0.569898865838614
"TRAV25",0.569898865838614
"TRBV7-7",0.569898865838614
"PLEKHF1",0.569296827767409
"FSIP1",0.568952997467855
"CALML6",0.568544576876584
"SCAP",0.568136274793287
"SMG6",0.567814519893373
"PIGT",0.567554574892366
"SRRM2",0.567358642533596
"ZNF324",0.567238417973215
"EVA1C",0.566305039006847
"FTL",0.566280930289747
"DUSP26",0.565416565005618
"FN1",0.565280280822847
"USP5",0.564813821620189
"INSYN1",0.564649486957215
"TUBA1A",0.564048656871779
"FAM120AOS",0.564035558421457
"ADCY6",0.563967672988458
"PLA2G6",0.563760944757525
"ADCK1",0.56349424684542
"EML5",0.563481336882318
"CMTM8",0.563458204866654
"SLC45A2",0.562819120596905
"KIF23-AS1",0.562692854728753
"LINC02896",0.562692854728753
"ZNF366",0.562113935794862
"STAR",0.561758023737898
"RFX8",0.560663032087574
"LOC105371730",0.55943578027355
"TAMALIN",0.559326356966662
"NSD2",0.558376772702571
"MFSD6L",0.557555346099482
"CLVS1",0.557545652698275
"POMZP3",0.557346624641546
"ZNF658B",0.555081881979408
"ERVH48-1",0.554882421214425
"IGF2R",0.554871121742795
"S100A12",0.554817717239743
"MRPS5",0.554683453823403
"MECP2",0.554096972527698
"CPA4",0.55406111513529
"PIGG",0.553644170356082
"LTBP1",0.553594275233344
"GAS7",0.553387837268069
"PHLDB2",0.553202855444002
"ANKRD49P2",0.553021828506039
"BIRC6-AS2",0.553021828506039
"C2-AS1",0.553021828506039
"CPB1",0.553021828506039
"CZIB-DT",0.553021828506039
"KBTBD6-DT",0.553021828506039
"LASTR",0.553021828506039
"LINC02327",0.553021828506039
"LINC02677",0.553021828506039
"LOC101928940",0.553021828506039
"LOC105373605",0.553021828506039
"LOC107984685",0.553021828506039
"MAGEB17",0.553021828506039
"MIR142HG",0.553021828506039
"TMEM35A",0.553021828506039
"TRAJ30",0.553021828506039
"TUBAP7",0.553021828506039
"ULBP1",0.553021828506039
"ZNF670-ZNF695",0.553021828506039
"TRANK1",0.552834937781592
"WDR45",0.552792724374235
"SEMA5A",0.552182865820076
"RBFOX2",0.551773245061218
"PDZRN3",0.55100772956722
"FAM72C",0.55087008147528
"FAM72D",0.55087008147528
"CLP1",0.550189908967811
"RRP1B",0.549243653051827
"TDO2",0.549199002887083
"DDX41",0.54919143304041
"C6orf120",0.548745099529252
"PXDC1",0.548090520954058
"ULBP2",0.547865186812452
"WDR73",0.547473977306158
"TRIM2",0.54737561214222
"SLX4",0.547031650749514
"VPS4A",0.545931238707971
"MAP4K1",0.545829370066631
"MYLK",0.545567012359254
"HSPA5",0.54485977633218
"CIMAP1A",0.543922051224344
"STARD10",0.543874397611772
"ADD1",0.543732149708283
"NIT1",0.543231190796008
"DNAJC17",0.543170831460962
"SFSWAP",0.54247428883641
"ARFGAP2",0.541692580021619
"SPECC1",0.5414177803255
"BTN2A1",0.540024713080015
"ELF3",0.53967316897762
"RPL32P13",0.539436597010188
"MAP1LC3A",0.538488350257615
"DPPA3P6",0.538052889623273
"LOC105377363",0.538052889623273
"NPSR1-AS1",0.538052889623273
"RPL17P14",0.538052889623273
"SDR42E2",0.538052889623273
"VN1R2",0.538052889623273
"AQP8",0.536290687190131
"CCR10",0.536290687190131
"EEF1A1P2",0.536290687190131
"GABBR2",0.536290687190131
"HNRNPA3P17",0.536290687190131
"LOC105374588",0.536290687190131
"LOC105378415",0.536290687190131
"LOC124906013",0.536290687190131
"LOC124907763",0.536290687190131
"LRIG2-DT",0.536290687190131
"MIR203A",0.536290687190131
"MIXL1",0.536290687190131
"OR4F17",0.536290687190131
"PPFIA1P1",0.536290687190131
"RELA-DT",0.536290687190131
"RPL23AP77",0.536290687190131
"RPL26P13",0.536290687190131
"RPL34P21",0.536290687190131
"RPL7AP6",0.536290687190131
"RPS3P6",0.536290687190131
"SLC25A21-AS1",0.536290687190131
"TAFA1",0.536290687190131
"TTC23-AS1",0.536290687190131
"USH1C",0.536290687190131
"UXT-AS1",0.536290687190131
"MYH9",0.536205773561868
"EMC1",0.536147997715643
"TXNRD2",0.536067937643447
"EXOSC7",0.53600222629056
"ZSWIM1",0.534889783640534
"DCAF4",0.534564737521017
"HLA-F",0.534120929591918
"DDX39A",0.533510995018788
"SLC6A16",0.532979683728575
"APOL1",0.532736321802277
"MMRN2",0.53191751706936
"POLR3D",0.531546991130752
"HEMK1",0.531543296511268
"CABIN1",0.530898196903379
"XCR1",0.530622973873488
"MYBL1",0.529995792159421
"DZANK1",0.529826613059543
"PAQR8",0.52978092440875
"NATD1",0.529276937139785
"ZC3HC1",0.529063708961301
"PFN2",0.528637948657873
"PCDHAC1",0.528261815158485
"CKM",0.527699849617274
"HOOK2",0.527611021501593
"TPO",0.526778033103865
"BLOC1S5",0.526520580352833
"TMEM80",0.526357282050838
"NELL2",0.525786724283006
"PTCHD4",0.524863715230731
"DBP",0.524741457387063
"SLC26A3",0.524578166165866
"BCCIP",0.524462553343703
"RHOBTB1",0.523342377553478
"ABCA9-AS1",0.521276893090784
"AKR1D1",0.521276893090784
"C20orf203",0.521276893090784
"CLUHP6",0.521276893090784
"CYP51A1-AS1",0.521276893090784
"GRXCR2",0.521276893090784
"HORMAD2",0.521276893090784
"LINC00205",0.521276893090784
"LOC105372839",0.521276893090784
"LOC124900418",0.521276893090784
"LOC124901588",0.521276893090784
"LOC93429",0.521276893090784
"MGC4859",0.521276893090784
"MIR365A",0.521276893090784
"MIR802",0.521276893090784
"MSANTD2P1",0.521276893090784
"NXPH2",0.521276893090784
"RPL13AP14",0.521276893090784
"RPL21P124",0.521276893090784
"RPL21P17",0.521276893090784
"RPL7AP30",0.521276893090784
"RPRML",0.521276893090784
"RPS3P2",0.521276893090784
"TCP10L3",0.521276893090784
"UCA1",0.521276893090784
"ZNF29P",0.521276893090784
"PAWR",0.520833609027912
"EPHA2",0.520760069226359
"PGR",0.520354434251231
"ANK2-AS1",0.519798251591241
"C1orf146",0.519798251591241
"C4orf51",0.519798251591241
"GOT1-DT",0.519798251591241
"IGKV1OR2-11",0.519798251591241
"LINC00862",0.519798251591241
"LINC01203",0.519798251591241
"LINC02608",0.519798251591241
"LOC101927245",0.519798251591241
"LOC101927787",0.519798251591241
"LOC101928988",0.519798251591241
"LOC105373209",0.519798251591241
"LOC107985126",0.519798251591241
"LOC124900697",0.519798251591241
"LOC124902824",0.519798251591241
"MALRD1-AS1",0.519798251591241
"MGC15885",0.519798251591241
"MIR325HG",0.519798251591241
"MIR591",0.519798251591241
"MOCS2-DT",0.519798251591241
"NTNG1",0.519798251591241
"RPL17P36",0.519798251591241
"RPL35AP29",0.519798251591241
"RPL7AP37",0.519798251591241
"RPL7P60",0.519798251591241
"RPS12P13",0.519798251591241
"RPS2P54",0.519798251591241
"SND1-IT1",0.519798251591241
"SPINK2",0.519798251591241
"TMEM220-AS1",0.519798251591241
"TP53TG1",0.519798251591241
"CFAP57",0.519213345099965
"YPEL1",0.519080288495612
"FZD8",0.518841782182414
"CTNNBIP1",0.518698492753093
"ZFYVE26",0.51842465807952
"TEFM",0.518063068860101
"PIGQ",0.517471626479495
"AIP",0.51688848514189
"PNN",0.515949803002818
"DHRS11",0.515908721177702
"TOMM40L",0.5157489293727
"LOC154761",0.515662855497497
"THBD",0.514942845014068
"PGK1P2",0.514832603442212
"PAPPA",0.514549944246525
"EVC",0.514107968664257
"CCDC124",0.512075346657031
"SAFB2",0.511763128703008
"RAB40AL",0.511610691197128
"PCDHGB1",0.510908035767214
"RPS4XP17",0.509234959770313
"FGD5",0.509037820310681
"CNNM2",0.50903244497263
"HNRNPA3",0.508990671145401
"MAP1B",0.508753696004616
"PURG",0.507429148092113
"FAHD1",0.506860845664041
"CSPG5",0.50677975946715
"C17orf58",0.506754016884233
"RUFY1",0.506051652114692
"ADI1",0.505726060432598
"ABHD8",0.504905739387203
"SSU72",0.504738840501056
"PEX14",0.504346090597463
"GRM1",0.504338149964415
"DPY19L2P1",0.504024672185478
"MTHFSD",0.503808943689965
"LRRC37A",0.503795476030214
"TCEA3",0.503542617207936
"C4BPA",0.503445034895612
"DNAJC27-AS1",0.503445034895612
"GMCL2",0.503445034895612
"GPS2P1",0.503445034895612
"IGHV3-22",0.503445034895612
"LINC00484",0.503445034895612
"LINC00906",0.503445034895612
"LINC00907",0.503445034895612
"LINC02067",0.503445034895612
"LINC02444",0.503445034895612
"LOC613266",0.503445034895612
"MIR200B",0.503445034895612
"MTRES1P2",0.503445034895612
"RFPL3S",0.503445034895612
"SPATA31F3",0.503445034895612
"TMSB15A",0.503445034895612
"TOMM20P2",0.503445034895612
"KCNJ11",0.50334269330705
"CDC37",0.503306059665331
"SLC2A4",0.501497725937695
"ANXA2R-OT1",0.500920535115217
"FLJ32255",0.500920535115217
"MBD1",0.500829483783528
"EOMES",0.500300420888238
"IFT56",0.500286523994401
"ARHGEF25",0.500081600545194
"DNAJB1",0.500065170097705
"VAT1",0.500033234830436
"EMILIN2",0.499370938374885
"AKAP8",0.499251064994508
"NPM3",0.499177161072391
"MRPL21",0.49911303276569
"EIF3G",0.498994377661577
"EMC8",0.498517141515893
"NSUN4",0.498475820167018
"THBS4",0.498063561961505
"TPD52L2",0.49718692718817
"CIT",0.49656766373438
"ACOT2",0.496123191814728
"GLDN",0.495958693541605
"PHACTR1",0.495856231058174
"ADCY4",0.495699256993813
"DHRSX",0.494868823905793
"SCN2A",0.494827064478338
"CACNG6",0.494825113958588
"ARL2",0.494747842882142
"ZNF362",0.494297155360955
"CLTB",0.494171515670245
"NAGPA",0.493878269955341
"TSEN54",0.493804302365741
"INPP4A",0.493662578167335
"LIG1",0.493404112019721
"AWAT1",0.493109257540766
"ZDHHC16",0.491891468101833
"DBNL",0.491196713011042
"MECR",0.488905640062045
"TMEM178B",0.488367761237337
"EPHA1",0.488271562516489
"BICDL1",0.488190906074238
"CORO2B",0.487612637415727
"CCDC150",0.48745070853302
"FRMD6-AS1",0.485887281806288
"FRMD6-AS2",0.485887281806288
"PPP1R10",0.485596639594592
"NRP1",0.485214126283736
"PTRH2",0.485135041360192
"RAPGEF1",0.48498010886764
"CHMP6",0.48479120318575
"DOC2A",0.484381205588251
"STRA8",0.484058689662783
"RBM15",0.483158514693768
"DCBLD2",0.482972901238595
"IL15RA",0.482947508705249
"SMAD6",0.482634676146819
"CNPY3",0.482338044370957
"POLE4",0.481889812063035
"BHLHE41",0.48113655822964
"SRA1",0.481101231704109
"CHRNB1",0.481023645823083
"ZNF276",0.480170789152482
"B3GNT8",0.480093577690973
"ZNF821",0.480081277459816
"H1-5",0.479565583443731
"BORCS5",0.47950279351528
"RABGEF1P1",0.479082471054176
"PALM2AKAP2",0.479035841000351
"SRF",0.478735349148491
"SH3PXD2B",0.477892201746338
"ELANE",0.477276700814022
"GOPC",0.476754537399686
"LINC02614",0.476266743249407
"LOC101928438",0.476266743249407
"NAMA",0.476266743249407
"STX17-DT",0.476266743249407
"PIEZO2",0.476159226439566
"SMARCD1",0.476129024448553
"TMEM11",0.475386761692945
"SLC9D1",0.47518586870502
"H1-3",0.474718388213448
"GINS3",0.474575127827761
"ETV5",0.474496194381932
"ZNF250",0.474389268466419
"LRRC14B",0.474277178433962
"IL18RAP",0.474144404607479
"CTC-338M12.4",0.473816313985831
"TRIM52-AS1",0.473816313985831
"LURAP1L",0.473724432367348
"CALML4",0.472566904659234
"BAG3",0.472283461670072
"ABCB9",0.472228747984227
"IFT57",0.471761288856817
"LTK",0.470391074542293
"ASB2",0.470321936491441
"PPP5C",0.470103345115007
"C8orf76",0.46994282638001
"AAR2",0.469782154134812
"BANF1",0.469721188931514
"SQSTM1",0.469523912713724
"AKIRIN2",0.469156519522948
"WNT2",0.469042455208252
"GAD1",0.468881704240509
"PMAIP1",0.468857798646474
"ARHGEF37",0.468573810670629
"DCDC2B",0.46843485874503
"LMTK2",0.467869594668966
"GPRC5A",0.46737111944103
"LOC101930112",0.467311362723135
"SPG7",0.467311362723135
"DNPEP",0.467214138763739
"FUT4",0.467042184250613
"PPARGC1B",0.466909237731338
"RNA5SP145",0.46647749317397
"ANK1",0.466462525462953
"CYTL1",0.46636412661017
"TMEM184B",0.465878336400607
"UNC119",0.46501107911734
"NOS1",0.463905877691658
"AMIGO2",0.463479912117281
"HLA-DRB3",0.463211121055036
"ATP13A5",0.463088837447352
"ZNF281",0.462705527658812
"RAB1B",0.461447524238528
"FAM138D",0.461443500210169
"FOXB2",0.461443500210169
"HSD11B1-AS1",0.461443500210169
"NBEAP6",0.461443500210169
"SERPINA12",0.461443500210169
"TRBV27",0.461443500210169
"UBTFL1",0.461443500210169
"GLMP",0.461151383579997
"CLIC3",0.460739548630775
"UTP3",0.460519829256508
"FBXW4P1",0.460228102957919
"LRRIQ1",0.459290618252606
"SLBP",0.458756547089716
"TSHZ1",0.458291746694359
"NUCB1",0.4572487531865
"EDA2R",0.456901447330236
"CMTR1",0.456401706382522
"BIN1",0.456108368478227
"RRP8",0.455522390915996
"COPS9",0.45528128812324
"SLC60A2",0.455276043244916
"LOXL3",0.454592001276644
"NRP2",0.454117665682404
"RPLP1",0.453571927153587
"DHX15",0.453535747334691
"DHRS13",0.453067128098451
"POLG",0.452945695233988
"TMEM120A",0.452641708110452
"ADCYAP1R1",0.45254633639482
"TERF2",0.451970485404881
"SLC41A3",0.451382171142656
"LAS1L",0.450912012371145
"SYK",0.450408918540303
"NAXE",0.45036929271154
"CIDECP1",0.450166977080094
"KRT1",0.449921795876293
"FAM110B",0.449399396848836
"CERS4",0.4492860641772
"RPS2P53",0.447801310916547
"PILRB",0.447688846378747
"STK17A",0.44732710444183
"RTF2",0.446083973027163
"HNRNPA1P42",0.445843918588517
"RPL21P109",0.445843918588517
"RPL34P13",0.445843918588517
"RPS23P1",0.445843918588517
"TMEM252",0.445843918588517
"TRAJ25",0.445843918588517
"TPX2",0.44552445347448
"KCNJ8",0.444973306640096
"RCN1",0.444464951767729
"ETV3",0.444168210987008
"CMTM6",0.4436725340292
"AMOTL1",0.442893636616224
"KLF3",0.442817967706159
"SKOR2",0.442482122248143
"ITPK1",0.442459071717384
"ATG4B",0.442087870087276
"AFG2A",0.441556111325012
"ABHD2",0.440247841170314
"EPHA4",0.44020065276247
"ZBTB21",0.439864241259797
"CCDC191",0.439417257725881
"GIPR",0.439197147494176
"MORN1",0.439075217408894
"MYEOV",0.437108068608804
"SLC6A9",0.436768482655283
"PAFAH1B3",0.436227189294316
"STX2",0.435597505308835
"VGLL2",0.435152953802659
"MMEL1",0.435143169146928
"UCK1",0.434477568713016
"CERS5",0.434380494430167
"THEM5",0.434238842313044
"EPB42",0.433560553398939
"NCF1B",0.43338776683899
"ADSS1",0.433229184138004
"GDPGP1",0.432667456294378
"ALK",0.43241651557323
"C1orf226",0.431792358393033
"RNF214",0.43168333566367
"BARX1",0.431558887982253
"WDFY2",0.431138838317511
"TMEM185B",0.431136569986536
"CTSE",0.430641643700766
"LOC100287430",0.430641643700766
"LOC105369421",0.430641643700766
"OR8G1",0.430641643700766
"PPEF2",0.430641643700766
"SNORA11G",0.430641643700766
"SNORD99",0.430641643700766
"TRBV7-4",0.430641643700766
"CALHM6",0.430576510473715
"CRIP3",0.430398193185167
"FAM180A",0.430398193185167
"PRSS40A",0.430398193185167
"PRSS40B",0.430398193185167
"RNASE10",0.430398193185167
"RPL23P3",0.430398193185167
"SMIM10",0.430398193185167
"TMC5-AS1",0.430398193185167
"MAGI2",0.428553880619013
"MED9",0.428082602680372
"KCNAB3",0.427180496045317
"FLCN",0.427040521530428
"ZC3H13",0.426172007098388
"CCT6P3",0.425101429204158
"GREM2",0.424829527956508
"DUX4L20",0.424639989120738
"DUX4L22",0.424639989120738
"DUX4L23",0.424639989120738
"DUX4L24",0.424639989120738
"SPATA32",0.424427823186526
"SDHAF3",0.424237366252881
"DPP7",0.423822553240189
"PGAP2",0.423383847840457
"PCARE",0.422610319561902
"SMC1B",0.422056642464756
"KCNJ6",0.421849072276513
"WDR5CP",0.421436534965108
"SH3GL1",0.42070281767846
"TBC1D24",0.420645932379429
"ZNF263",0.418764512002119
"TYRO3",0.418593976608902
"ZNF350-AS1",0.418218316240604
"ARGLU1-DT",0.418042854061292
"LINC00443",0.418042854061292
"PGBD2",0.417580364624315
"CHST6",0.417256316076134
"TIAM2",0.416649988468904
"IL3RA",0.416589240557949
"HTATIP2",0.416209965512853
"ETNPPL",0.416152045352034
"TMEM222",0.415495384447648
"CFAP141",0.415449729424245
"DYDC2",0.415449729424245
"GOT2P3",0.415449729424245
"HCG15",0.415449729424245
"KRTAP2-3",0.415449729424245
"LINC01267",0.415449729424245
"LOC124904924",0.415449729424245
"PCDHGB9P",0.415449729424245
"RGS9BP",0.415449729424245
"RPSAP70",0.415449729424245
"SNORA15",0.415449729424245
"SYNE1-AS1",0.415449729424245
"YY2",0.415449729424245
"GPR37",0.415422876647168
"ALG3P1",0.415099640732047
"GPR37L1",0.415099640732047
"LINC02289",0.415099640732047
"LINC02576",0.415099640732047
"MIR4290HG",0.415099640732047
"MTIF2P1",0.415099640732047
"OR13G1",0.415099640732047
"OR2T33",0.415099640732047
"TM4SF4",0.415099640732047
"FADS1",0.414404951481583
"PDIA5",0.414251122630718
"NFAM1",0.414030687494004
"TRIM9",0.413818230246724
"PATL1",0.413519528364416
"TXNDC15",0.413302369201349
"SULF1",0.411430432513192
"BTBD9",0.411243755991399
"NCAPH",0.41055006097388
"LMO2",0.410281976112553
"CPSF4",0.409656610132832
"TPM2",0.408969795652132
"SLC41A1",0.408813100700263
"CHRM5",0.40853698034249
"FGFBP1",0.407957592729414
"SPIB",0.407545594819352
"EHD4",0.406477231069055
"DUSP18",0.406359367707942
"FADS2",0.406237787581693
"TLR10",0.40522128928208
"BDH1",0.405181294553671
"HNRNPUL2",0.405076651550858
"FBH1",0.405047337969598
"FNDC4",0.404887087807928
"ABCF2",0.404872212475177
"ACTR1B",0.404674289678522
"NAA50",0.40409940284449
"GPX3",0.403699020833799
"SPDYE1",0.403638100534149
"PLCD4",0.403074500434148
"CTDP1",0.402989090432316
"TEDDM1",0.401706661248412
"MBLAC2",0.401191669475217
"MAP1A",0.400563371924971
"HLA-DMA",0.400420091892509
"AMBP",0.400164783847945
"ASAP1-IT2",0.400164783847945
"KRT18P14",0.400164783847945
"LINC00926",0.400164783847945
"LOC102724843",0.400164783847945
"LOC105377451",0.400164783847945
"LOC124904027",0.400164783847945
"LOC284798",0.400164783847945
"MIR365BHG",0.400164783847945
"MIR887",0.400164783847945
"MRGPRX2",0.400164783847945
"MRPS6P1",0.400164783847945
"NXNL2",0.400164783847945
"OR7A17",0.400164783847945
"PNOC",0.400164783847945
"PWRN1",0.400164783847945
"PWRN3",0.400164783847945
"RBBP8-AS1",0.400164783847945
"RPL17P28",0.400164783847945
"RPL21P128",0.400164783847945
"RPL21P51",0.400164783847945
"RPL26P10",0.400164783847945
"RPL5P32",0.400164783847945
"RPS10P30",0.400164783847945
"SLC2A2",0.400164783847945
"SNORA70F",0.400164783847945
"YAE1-DT",0.400164783847945
"DLGAP1-AS3",0.399948504619929
"LINC00615",0.399948504619929
"LINC01615",0.399948504619929
"LINC02249",0.399948504619929
"LINC02544",0.399948504619929
"LOC105370105",0.399948504619929
"LOC105370947",0.399948504619929
"MIR920",0.399948504619929
"RN7SL230P",0.399948504619929
"RPL32P22",0.399948504619929
"TMEM132D",0.399948504619929
"ZNF286B",0.399948504619929
"PCGF6",0.399748790152219
"CFAP144P1",0.399694487433498
"MIR1246",0.399694487433498
"RN7SL440P",0.399694487433498
"RPL7P1",0.399694487433498
"RPL9P28",0.399694487433498
"RPS18P10",0.399694487433498
"TAS2R39",0.399694487433498
"JMJD6",0.399598961478616
"H1-9P",0.399421475346369
"MOV10",0.399219152789165
"NMT2",0.397978995913028
"ADIPOQ",0.39790506589944
"SFRP4",0.397895764099328
"AGFG2",0.39719120385126
"WNT4",0.397032253956195
"NCF4",0.396073525573141
"C20orf96",0.395330046440662
"PTPRE",0.395232122545636
"CIAO3",0.394315000694405
"LGALS9",0.393830986131951
"DNAI7",0.393822644845437
"TMCO4",0.39352249245762
"MANEAL",0.392657397441566
"DNAJC25",0.392360310863433
"MAP4K4",0.392045545713219
"CNOT11",0.39168703266395
"FOXN1",0.389988715637021
"RAG1",0.389902756873331
"MYH14",0.389752990811476
"SUOX",0.389182111318858
"YIPF7",0.388898338517573
"TSPAN7",0.388816701602653
"ZNF423",0.388523204462024
"SZRD1",0.388474388325678
"PREX1",0.388451098437244
"CATED",0.387633140570137
"ZNF404",0.387633140570137
"HOXA4",0.386995684419751
"OSGEP",0.386509238868123
"GOT1",0.386139414787432
"AQP4-AS1",0.384937852141687
"C2orf66",0.384937852141687
"ECI1-AS1",0.384937852141687
"FNDC8",0.384937852141687
"LOC105375423",0.384937852141687
"OR52W1",0.384937852141687
"OR7E105P",0.384937852141687
"STEAP1B-AS1",0.384937852141687
"TAGLN3",0.384937852141687
"VSTM5",0.384937852141687
"C8orf34-AS1",0.384638112749015
"DIRAS2",0.384638112749015
"LIF-AS2",0.384638112749015
"LINC01569",0.384638112749015
"LINC02356",0.384638112749015
"LOC100419154",0.384638112749015
"LOC100996385",0.384638112749015
"LOC105374928",0.384638112749015
"LOC105374929",0.384638112749015
"LOC105375587",0.384638112749015
"LOC105376081",0.384638112749015
"LOC112268252",0.384638112749015
"LOC124902709",0.384638112749015
"LOC124906529",0.384638112749015
"NACA4P",0.384638112749015
"PPIAP75",0.384638112749015
"RPL17P52",0.384638112749015
"RPL7AP63",0.384638112749015
"RPL7P6",0.384638112749015
"SDK2-AS1",0.384638112749015
"TIAM1-AS1",0.384638112749015
"TOMM20L",0.384638112749015
"TNNI2",0.384576559934865
"TRIB2",0.384545932886695
"FOXO3B",0.384456185618818
"CIITA",0.384334202238764
"SIDT2",0.38371685706215
"FAT1",0.382908283262438
"ZNF576",0.382606320631245
"FYN",0.382458756260435
"CCR7",0.382367528090077
"RTN4IP1",0.381869155904112
"USF1",0.381595784756383
"CLDN17",0.381333295532233
"MRPL20",0.381093816569805
"DROSHA",0.38057556411387
"SNX19",0.38019522071822
"ANKRD30A",0.378469550030885
"DPY19L2P2",0.37833456697724
"LANCL2",0.377826766935269
"BUD23",0.376715214405298
"MOGAT1",0.376699738135807
"PRB1",0.376472048090431
"MKNK2",0.376408223863355
"LRRN2",0.376301491295202
"AMER1",0.375608680400147
"HNRNPMP1",0.375554238478292
"FXR2",0.375170819030748
"POLR2E",0.375091378516697
"XYLT1",0.374244239317186
"PPT2-EGFL8",0.373764010128847
"CYP2E1",0.373441596468758
"SRGAP2B",0.372878291547964
"CASS4",0.372843864158049
"AMMECR1L",0.372544274235774
"EIF1AD",0.372528745967933
"RASA4B",0.371626374826
"TRAF3IP1",0.371119920057647
"STARD9",0.370853256025466
"KAT8",0.370179134150268
"DAZ1",0.370074201797782
"GCNT2P1",0.370074201797782
"GGTLC3",0.370074201797782
"IFNA13",0.370074201797782
"IGLV4-3",0.370074201797782
"KRT38",0.370074201797782
"KYAT1-SPOUT1",0.370074201797782
"LINC01503",0.370074201797782
"LOC101929829",0.370074201797782
"LOC105371430",0.370074201797782
"MAMDC2-AS1",0.370074201797782
"MINDY2-DT",0.370074201797782
"POTEJ",0.370074201797782
"RHBDF1P1",0.370074201797782
"CHRNA1",0.37003290262463
"WDR83",0.368428532689375
"MAPK8IP1",0.366706555659492
"TXLNA",0.366469696225037
"HMGB1",0.366148168551993
"DUSP4",0.365541815188881
"GCAT",0.365159615664372
"NTHL1",0.364454151320857
"MCAT",0.364034614788677
"TOM1L2",0.36399706644528
"NDUFB6",0.36356856043793
"TECPR2",0.363386725683208
"STARD5",0.363356302567113
"PMM1",0.362677357007258
"TTC28",0.362109746835448
"TNIK",0.360809235118192
"ULK4",0.359358540219432
"CCDC34",0.358973654409398
"MLF1",0.358869321365837
"ELAVL2",0.358455179383163
"MAGEH1",0.358169184582827
"NUAK1",0.358109893305141
"GDPD2",0.357393105818183
"KCNH2",0.357293979977437
"HSPB2",0.357139028025082
"LINC00506",0.35708883517246
"NDUFB10",0.35701458132116
"PDE3A",0.35637207508015
"MLYCD",0.356285774858241
"PREB",0.356103714650339
"SCNM1",0.356078409403868
"TNFAIP8L2-SCNM1",0.356078409403868
"ATP2A1-AS1",0.355674115781959
"FNDC5",0.355510789900988
"DENND1A",0.35541818323609
"THBS3",0.354862344974457
"NOL9",0.35449413350608
"CGN",0.354406817431103
"COMP",0.354337595853793
"PARP3",0.353636862980079
"CNKSR1",0.352874960955614
"PCDHGA7",0.35286653998664
"FAM72A",0.352595501376134
"KIF23",0.352417435349557
"COL9A2",0.352247344157525
"FOXRED1",0.351903518339105
"ZNF217",0.350970889673194
"FOXL1",0.35095033377707
"ESPL1",0.350320510921467
"ZC2HC1C",0.350265866299951
"TLN1",0.349918977610247
"FGR",0.349411979012843
"NOP14",0.348852443213257
"PLXNA4",0.348451039359743
"SH3YL1",0.34803774133157
"ZNF582",0.348024421159071
"SELENOW",0.347726315369671
"CTIF",0.346554644358708
"DENND11",0.345052938916814
"ITGB2",0.344783779481394
"ITGA10",0.344176572280291
"THTPA",0.34360006011638
"DDX19A",0.34295275790792
"CDCA7",0.342688057874772
"PLPP6",0.342644058900776
"THNSL2",0.342547554553954
"DDX56",0.340788055724734
"SLC35C1",0.340435544062746
"KDM4A",0.339962296744395
"DCDC2",0.33966639166255
"FKBP14",0.339421776352887
"TSR2",0.339268572241315
"ARL14EPP1",0.339178963546345
"CRLF2",0.338822179464347
"TCFL5",0.338521709155904
"LMF1",0.338505857939179
"IL17RE",0.338386852745388
"SEPTIN5",0.338041078325466
"TBRG1",0.337682401061729
"CCDC137",0.336698502920484
"TSC2",0.335566557594994
"ATP1A1-AS1",0.335255126189638
"NECTIN1",0.334930799330126
"OTUD7B",0.334856925284687
"SLC28A3",0.33339979455347
"ERC2",0.333110276606059
"ALDH2",0.332570723705827
"GALNT11",0.332395558971999
"LINC02312",0.332150575613721
"OPN1MW",0.332150575613721
"RNA5SP259",0.332150575613721
"SNORD114-7",0.332150575613721
"TRAV26-2",0.332150575613721
"PRX",0.331505074004535
"LOC105369213",0.330498219152627
"PLCG2",0.330498219152627
"SHCBP1",0.330495706256632
"SLC22A3",0.329155516020751
"METTL2B",0.328939893199258
"UBN1",0.327133567231519
"DCAF4L1",0.32657087254661
"NELL1",0.325582645949106
"ZKSCAN2",0.325284778425475
"TSSK3",0.325078616399064
"MED29",0.325016965078486
"MAD2L1BP",0.32495582945931
"SPINK13",0.324856079799304
"OSR2",0.324401431799562
"ELMOD1",0.323299305012375
"GDI1",0.323113928518845
"C11orf16",0.322031240186637
"GRAP2",0.321974915673823
"ZNF133",0.321631154739145
"TRIM14",0.321101801749326
"BRPF1",0.320889550263241
"UNC45B",0.32072512986423
"PIPOX",0.320544921346052
"TMEM214",0.320322481619857
"RWDD3-DT",0.31951330992791
"A1BG",0.31922698553193
"ZNF7",0.319080084264396
"FAM227A",0.318474078802329
"CDH23",0.317967075961284
"THY1",0.317838010705245
"TLN2",0.317540084742978
"KRTAP12-2",0.317515995498199
"LINC00861",0.317515995498199
"LINC02166",0.317515995498199
"NPFFR2",0.317515995498199
"PTPRG-AS1",0.317515995498199
"RPL14P3",0.317515995498199
"RPS12P12",0.317515995498199
"RTP3",0.317515995498199
"F11R",0.317441678278962
"CFAP91",0.317253006089212
"SLC7A6",0.316635919174562
"SMPD2",0.315713614883035
"CYB5R3",0.315648449722348
"GJB4",0.315440880524106
"FKBP1A",0.315323754372747
"IL17RB",0.314722428628784
"PACSIN2",0.314658885939982
"ZNF213",0.314283097717937
"LRR1",0.314101666009167
"RBM12",0.312980072147438
"GNPTG",0.311438322148363
"MIF4GD",0.310968409050757
"YBX3",0.310893048707639
"RETSAT",0.310460360300482
"LRIG1",0.310198216269414
"PCDHGA4",0.310197179576625
"DDX43",0.310142100753193
"ATXN7L3B",0.309845965023581
"CPNE2",0.309773527772229
"TMEM63B",0.3094562938078
"ST6GALNAC2",0.309005734926559
"GTF2IP14",0.308695541847042
"ZNF71",0.308534435632361
"CBY1",0.308464402710022
"LMAN1L",0.308309260345918
"MTX1",0.308159999127189
"POLA2",0.308107386108637
"TFIP11",0.306813187816273
"SRD5A1",0.306355004219495
"TIMM13",0.306215610347016
"MALRD1",0.306006841063688
"CFDP1",0.305827906755138
"TTC31",0.305610689292017
"AKIRIN1",0.305431278702174
"MRPS34",0.30538980760399
"CRADD",0.304774985324782
"RPL7P24",0.304189790777884
"RGP1",0.303761058019997
"PCSK7",0.303432685462508
"DNAAF2",0.303327389669323
"MEN1",0.303271893009972
"CMTM3",0.303219117002547
"IGKV2-4",0.303055222498475
"LINC01012",0.303055222498475
"LINC01270",0.303055222498475
"LOC100419642",0.303055222498475
"LOC101928045",0.303055222498475
"LOC112268208",0.303055222498475
"LOC124901363",0.303055222498475
"OIT3",0.303055222498475
"RPL9P27",0.303055222498475
"SNORD56",0.303055222498475
"TSC22D1-AS1",0.303055222498475
"ZNF33CP",0.303055222498475
"ZNF92P1Y",0.303055222498475
"MYO1H",0.30285439893437
"SCAND3",0.302817453822472
"CYTH2",0.302773244581314
"PDE6G",0.302530780730432
"FBXW12",0.302296773836624
"IGLV3-17",0.302296773836624
"LINC00491",0.302296773836624
"LOC124902338",0.302296773836624
"MIR491",0.302296773836624
"PLCE1-AS1",0.302296773836624
"SLC39A13-AS1",0.302296773836624
"SYCE3",0.302296773836624
"WDFY3-AS2",0.302296773836624
"SEMA6D",0.301967909303903
"CNN2",0.301772252955625
"JMY",0.301636259919621
"HS3ST6",0.30107873248638
"SH3BP5L",0.30063113050661
"TWNK",0.300387707644691
"ARK2C",0.299797870878213
"CPOX",0.299633234180168
"PPP1CA",0.299492813893254
"ACTR5",0.298419649735522
"FOXD4L3",0.298003633510716
"FRMPD2",0.297410326217725
"CASP9",0.297321357794819
"MARK2",0.297240183104652
"TMEM187",0.296706203910484
"RASSF4",0.295955751744977
"SIRT5",0.295525439647552
"NDE1",0.295358934212918
"NAT9",0.295269561410401
"CDHR2",0.294956105597296
"ING4",0.294828122408924
"DAGLB",0.29455838516536
"FLOT2",0.293836820875797
"LMOD1",0.293445563448156
"ABL2",0.293093062006444
"URB2",0.291015260995512
"FRAS1",0.290972499610765
"RNASEH2C",0.290390570439903
"PLVAP",0.289602312692865
"HCST",0.289384355623382
"DGCR5",0.288967153166861
"EEF1GP3",0.288967153166861
"FAM9A",0.288967153166861
"GPR83",0.288967153166861
"H2AC25",0.288967153166861
"H3P31",0.288967153166861
"KRT18P25",0.288967153166861
"LINC02021",0.288967153166861
"LINC03036",0.288967153166861
"LOC124906285",0.288967153166861
"MIR128-1",0.288967153166861
"MROCKI",0.288967153166861
"RABGAP1L-DT",0.288967153166861
"RPL18AP9",0.288967153166861
"SLC39A12",0.288967153166861
"STXBP5-AS1",0.288967153166861
"VAT1L",0.288967153166861
"VN2R19P",0.288967153166861
"ZNF710-AS1",0.288967153166861
"ACAA2P1",0.288511448503472
"CPLX2",0.288511448503472
"FAM209B",0.288511448503472
"HTN1",0.288511448503472
"IGLV3-32",0.288511448503472
"LINC02240",0.288511448503472
"LOC101927830",0.288511448503472
"LOC124903737",0.288511448503472
"LOC124903883",0.288511448503472
"MIR1277",0.288511448503472
"MIR200CHG",0.288511448503472
"OTX2-AS1",0.288511448503472
"RPL26P26",0.288511448503472
"TMLHE-AS1",0.288511448503472
"DHODH",0.2868482935658
"FAM120C",0.286714546527157
"CRHBP",0.286577471023443
"COX19",0.286337400972241
"APBB1IP",0.285904708011595
"APOBEC3C",0.284775515418873
"MRS2",0.28431773090759
"AFG2B",0.284260538125987
"PRKAR1B",0.284117605956846
"RBM12B",0.283455926819069
"MSRB3",0.283412574174788
"GPBAR1",0.282879056389904
"SERPINE3",0.280802353015039
"TMEM268",0.28071514946139
"CHST4",0.280616535163089
"CYYR1",0.280509473890837
"SCAMP4",0.279899807617527
"WFDC5",0.27976639767135
"POSTN",0.279585135814737
"GAB2",0.279504050758324
"CCDC134",0.277889855279972
"ADARB1",0.27782215718032
"CDK2AP2",0.277709338709948
"FAM86B3P",0.277513897771302
"SOBP",0.276692852618509
"NMT1",0.275812863250706
"PTOV1",0.275719450757126
"CASQ1",0.275426118356249
"AGXT",0.275145047201253
"CDH18",0.275145047201253
"DNAJB6P8",0.275145047201253
"LINC00939",0.275145047201253
"LINC02615",0.275145047201253
"LOC100288683",0.275145047201253
"LOC102723335",0.275145047201253
"LOC105378482",0.275145047201253
"LOC124900423",0.275145047201253
"MACC1-OT1",0.275145047201253
"MIR454",0.275145047201253
"PPIAP83",0.275145047201253
"SAMMSON",0.275145047201253
"SRPK2P1",0.275145047201253
"TMPRSS15",0.275145047201253
"TTC39A-AS1",0.275145047201253
"LOC102724023",0.274589693789836
"SERTAD4",0.274465579682966
"COA8",0.27441660250355
"ING5",0.274156649581785
"FAM90A10",0.273863192704888
"LINC01697",0.273863192704888
"LOC101927020",0.273863192704888
"LOC102723701",0.273863192704888
"LOC105379388",0.273863192704888
"LOC124902388",0.273863192704888
"RABGEF1P2",0.273863192704888
"RPL6P12",0.273863192704888
"RPS18P1",0.273863192704888
"SNCAIP-AS3",0.273863192704888
"ST8SIA6-AS1",0.273863192704888
"TMEM198B",0.273863192704888
"TUBAP1",0.273863192704888
"URAHP",0.273863192704888
"EXOG",0.273101720298851
"FAM83A-AS1",0.273068440332805
"SUPT6H",0.272971228283927
"C10orf88B",0.272728998877018
"KRT73",0.272728998877018
"DUSP13A",0.272711332051134
"APOL2",0.271894921115504
"EIF5B",0.270984248019867
"HSPA6",0.270802114131886
"PELATON",0.270667187529373
"SSNA1",0.269697262705038
"PSG2",0.269622672169324
"GART",0.269438299812248
"SPTLC3",0.269253030046351
"HBEGF",0.269096460144042
"ANKRD40",0.26901938002066
"VPS53",0.268433462507285
"CNTFR",0.268362719870237
"USP17L6P",0.268352989756388
"POGZ",0.266045392038943
"FXYD7",0.265799666798611
"KCNQ5-AS1",0.265477551929384
"PSPC1",0.264973456848669
"CREB3",0.264918631404715
"GADL1",0.264611101686808
"BAIAP2L1",0.26392263900583
"COL24A1",0.263544062993824
"ATP6V0A1",0.263533296547374
"METTL21A",0.262681168888987
"KLHL4",0.262618755974571
"MADD",0.261937861268562
"GTF2IP9",0.261400373166266
"IBA57-DT",0.261400373166266
"INA",0.261400373166266
"LOC105369167",0.261400373166266
"MIR593",0.261400373166266
"OR14J1",0.261400373166266
"OR3A3",0.261400373166266
"RALY-AS1",0.261400373166266
"RGS2-AS1",0.261400373166266
"RPL17P48",0.261400373166266
"RPL31P17",0.261400373166266
"RPS20P17",0.261400373166266
"RPS29P19",0.261400373166266
"RPSAP15",0.261400373166266
"WASHC2FP",0.261302539374568
"TENM3",0.261244176219215
"C19orf53",0.261230020255216
"SAP30BP",0.260902282826279
"SERPINE2",0.260877077627151
"TRIM66",0.260460402711973
"KDM5B",0.260267105771771
"MSTO1",0.26012028684595
"BAP1",0.260090187924465
"EEF1A1P8",0.259671850242887
"ROMO1",0.25915825113091
"TRIP10",0.259153854111327
"FMNL2",0.259136219966159
"USP31",0.259120664741626
"PHF19",0.259071352838366
"DEGS2",0.258641220052939
"ACVR2B",0.258580638566158
"GLIS3",0.258194913218058
"CREG1",0.256035781130389
"KIF2C",0.255675808647025
"POLR2J4",0.255571283887242
"RASA4CP",0.255571283887242
"F7",0.255391107844745
"CDKN2A",0.25440974924275
"PLAGL1",0.253968574287722
"FBXO27",0.253896680092325
"MARVELD1",0.253615194815091
"DDOST",0.251156068862969
"WASF3",0.251109691164588
"MAF1",0.251019281642398
"ACSF2",0.250557921508631
"PDIA6",0.250482914751503
"SCD",0.24991863427135
"TMPRSS5",0.249506081375134
"SPRTN",0.249413412957929
"CFAP298",0.249163053806245
"SCAF4",0.249153833971907
"AP2S1",0.248127576066525
"BAIAP2",0.247989961091582
"ZDHHC5",0.247734245896627
"USP17L22",0.247727443615682
"ABTB3",0.247418089143303
"PTPRG",0.247162666052078
"IMPDH1",0.246987384367164
"F2RL1",0.246788455895588
"MATN1-AS1",0.246765586029556
"ZNF398",0.246487490384813
"ZNF618",0.246211013832492
"ZC3H12B",0.245039689603391
"XPC",0.244889809948814
"PSG5",0.2448865220835
"SMARCC2",0.244827500012398
"TBC1D20",0.244691185709235
"DHRS1",0.244608686434797
"ALDH3B1",0.244559232660291
"COL4A5",0.244530253002178
"POLR2C",0.24410631640405
"GYS1",0.243201663858922
"SIX1",0.24306444920912
"PRDM10",0.242742416485321
"LSM14B",0.242197292883401
"TENT5B",0.241905526929563
"MCC",0.24160931255307
"YIF1A",0.241170721657646
"ARMH2",0.241064819963624
"HPCAL4",0.241064819963624
"IL21",0.241064819963624
"POTEC",0.241064819963624
"PRAMEF20",0.241064819963624
"QRSL1P1",0.241064819963624
"SNORD114-24",0.241064819963624
"SRP72P1",0.241064819963624
"ZNF830",0.2409591270034
"C11orf98",0.240031096643555
"MFF-DT",0.239585378107535
"PDAP1",0.239123249774082
"PRNP",0.238920131314395
"ABI2",0.2386629317898
"PIP5K1C",0.238523155693972
"NDUFV1",0.238463858786237
"FFAR4",0.238106379887866
"MMP7",0.238027310437392
"NEU1",0.237843947710815
"WFS1",0.237087857283725
"PRAF2",0.236859975727404
"KIF9",0.236459827793596
"GNAQ",0.236298331640864
"UQCRC1",0.234857345060952
"SS18L2",0.234675664063312
"RPS2",0.234473317805294
"PANX1",0.234458762639379
"CSRP1",0.234402691656316
"LOC112268317",0.234240213617539
"MTCH2",0.234087393803786
"FAM174C",0.233463490062387
"TBC1D22A",0.233437298374069
"NIP7",0.232767481875
"GET1-SH3BGR",0.232302246976239
"RIPK2",0.232270486930214
"GDPD1",0.232072099163112
"NUTM2A",0.231956685970283
"FTSJ3",0.231845536590184
"PIK3IP1",0.23146865111243
"PTPDC1",0.230961039187463
"CTNNBL1",0.230843060090927
"PSMB6",0.230748298709879
"HSPB8",0.230512535799077
"ADAMTS9",0.230009495953031
"CHMP3-AS1",0.22969659826265
"NDUFB2",0.229289408776807
"STARD13",0.229158401413065
"CHST11",0.2290921289172
"AFMID",0.22905255653637
"SRSF1",0.228738644123205
"SQLE",0.228384683429319
"PTH2R",0.228123018083501
"HYAL1",0.228099937632742
"RP1L1",0.227748916358072
"AP4M1",0.227736334039073
"DNAI3",0.227692877081512
"H2BC27P",0.227575517083894
"LSMEM2",0.227575517083894
"SPATA31D1",0.227575517083894
"SPINK6",0.227575517083894
"FBXL17",0.227470120931541
"ADAMTSL1",0.227466531505632
"KDM2A",0.226812710704983
"TCEANC2",0.226751952346585
"LRRN1",0.226548427053788
"PCTP",0.225868977098171
"CYBA",0.225616366279401
"TMPRSS13",0.22469181254944
"POLR1A",0.224411377384152
"COX7A2L",0.224060590990521
"CACNA1F",0.223645520734319
"RBM44",0.223642717206274
"C1R",0.223331591635132
"TP53AIP1",0.221693845244398
"TNFRSF11B",0.220946460077205
"CKAP4",0.220814614770332
"FBN2",0.220461942156962
"TNFAIP8L2",0.219908651142965
"LDLR",0.219326383552836
"TSPAN9",0.219307661033488
"SFR1",0.218563294669717
"LDB1",0.218029372973626
"C1orf50",0.217084935799288
"TLE1",0.216509841803544
"FKBP15",0.216198997579266
"MIS18A",0.215722024285039
"ZNF671",0.215445440224333
"RNPS1",0.215224894011217
"BFSP2-AS1",0.214207343079424
"C12orf42",0.214207343079424
"GOLGA6L17P",0.214207343079424
"LINC00302",0.214207343079424
"MAGEA2",0.214207343079424
"MAGEA2B",0.214207343079424
"MIR648",0.214207343079424
"TBX5",0.214207343079424
"TRAM2",0.213771348224113
"SLC4A9",0.213222033160038
"EFR3B",0.213005819899384
"CAMTA1",0.212761552885796
"MXRA7",0.212494657383913
"ACTG1P25",0.212266752636177
"BAZ1A-AS1",0.212266752636177
"FTH1P10",0.212266752636177
"KRTAP5-8",0.212266752636177
"LINC01091",0.212266752636177
"LOC107986473",0.212266752636177
"LOC107986474",0.212266752636177
"MIR95",0.212266752636177
"RPL21P80",0.212266752636177
"RPSAP4",0.212266752636177
"DOC2B",0.212131188443715
"MDFIC",0.212097890267521
"KCNJ15",0.211912601408332
"RHNO1",0.211515243817749
"PI4KA",0.210924839486531
"PCAT19",0.210342468191938
"PPARG",0.209831971816521
"CENPF",0.209502020331158
"HCLS1",0.209142765274859
"MAB21L3",0.208741284291173
"ACSM2A",0.20794266457665
"HCG23",0.207498447355958
"TSBP1-AS1",0.207498447355958
"SMCR8",0.20705339879205
"TMEM236",0.20613853816789
"RPL17P39",0.206065016950498
"COX10-DT",0.206044538412708
"PUDP",0.20447677161923
"ADRA2A",0.20417289296257
"C17orf107",0.204010604089532
"SLURP1",0.203618562611338
"MAP2K2",0.203312277716045
"SLC61A1",0.202239222453071
"TMT1A",0.202013552387016
"POU2AF1",0.201985128059016
"SLC25A37",0.201647962011895
"XK",0.201576661340401
"UNC45A",0.201551353236117
"DOCK8-AS1",0.200941844738576
"IGLV1-41",0.200941844738576
"LINC02028",0.200941844738576
"OR1D2",0.200941844738576
"RAB6C",0.200941844738576
"COL9A3",0.200467072702878
"SLC22A25",0.200131698901302
"TPGS2",0.199447767474635
"ARSFP1",0.199324970947938
"CMPK1P2",0.199324970947938
"LINC01873",0.199324970947938
"MRPS9-AS1",0.199324970947938
"RPL9P20",0.199324970947938
"RPS5P2",0.199324970947938
"RSPO2",0.199324970947938
"GRIPAP1",0.199112027015006
"PRUNE1",0.198732820428821
"BLVRB",0.197579940279292
"RHOJ",0.197248464057839
"OR2G6",0.196831117906254
"ARSJ",0.196474369617809
"H4C16",0.19619212414891
"ZC3HAV1",0.1961548568164
"CCL3",0.195848281665718
"DUS4L",0.195425846991403
"LOC100996437",0.195125801096442
"ZNF473",0.195110057963693
"LCMT2",0.195079959742848
"SYNJ2",0.194864826037687
"SLC4A1AP",0.193459745031529
"ALAD",0.193112846280908
"P2RY1",0.192400820924003
"MACF1",0.192373079120724
"CSF2RB",0.191940949893038
"ZBTB39",0.191709233676197
"LSM7",0.1916870453195
"LRCH2",0.190875378408047
"IKBIP",0.19015845832976
"HYAL2",0.188309999820496
"BRIX1",0.188066181789949
"PM20D2",0.187903122373243
"USP22",0.18783696519963
"KRT8P45",0.187791465628645
"MTRF1LP1",0.187791465628645
"OR7D2",0.187791465628645
"OR8D1",0.187791465628645
"PRG2",0.187791465628645
"SFTPC",0.187791465628645
"SNHG11",0.187791465628645
"SNORA80B",0.187791465628645
"TAT-AS1",0.187791465628645
"WWOX-AS1",0.187791465628645
"USF2",0.187551720631899
"DUSP6",0.187388010369003
"NDUFC2",0.187322931349987
"MRPS30",0.186889133617989
"NELFCD",0.186675135756051
"CCDC33",0.186314987022395
"DEFB131A",0.186314987022395
"H2BC16P",0.186314987022395
"IGHV3-79",0.186314987022395
"IGHV7-27",0.186314987022395
"LGALS4",0.186314987022395
"LOC100128548",0.186314987022395
"LOC401703",0.186314987022395
"MIR155HG",0.186314987022395
"MIR181A2",0.186314987022395
"MIR548AA1",0.186314987022395
"MIR548D1",0.186314987022395
"RN7SKP80",0.186314987022395
"RPL17P22",0.186314987022395
"RPS12P7",0.186314987022395
"RPS20P15",0.186314987022395
"RPS20P9",0.186314987022395
"SMLR1",0.186314987022395
"ZBTB20-AS1",0.186314987022395
"ZRANB2-DT",0.186314987022395
"DDX11",0.186098771110768
"PSMC3P1",0.185988880349482
"DCBLD1",0.185546574544815
"HSH2D",0.185476982377465
"CSF2",0.185427968220367
"ZSCAN29",0.185020357998961
"GEMIN8",0.184713505986532
"LNCTAM34A",0.183476362401061
"MIR4458HG",0.183476362401061
"PGK2",0.183476362401061
"POTEI",0.183476362401061
"RPL7AP15",0.183476362401061
"PMF1",0.18263439561196
"CD5",0.182139809747492
"PDXK",0.181264115078088
"IFITM3",0.181247179413906
"PKM",0.181149933927235
"MYRFL",0.180832560161711
"IMPG1",0.180702334060288
"FDXACB1",0.180356932958227
"CENPS-CORT",0.179885983454659
"SLC1A4",0.179619667363399
"C1QB",0.178995920965747
"ZMAT5",0.178927108008873
"NSFL1C",0.178795851117074
"PLAC9",0.17834703842666
"SNRPD1",0.178344722912211
"AGBL1",0.178301189110848
"EIF3J",0.177768638263962
"CHAC1",0.177705819760957
"HMGN5",0.177499843396831
"RAB25",0.177181673171764
"VEGFD",0.176667112355653
"SLC6A6",0.17637453078812
"CCNO",0.175633229350345
"TMEM107",0.175481192607764
"NOB1",0.175186453602968
"ADAM3B",0.174746784095031
"BRD7P1",0.174746784095031
"FHIP1A-DT",0.174746784095031
"LOC105372321",0.174746784095031
"LOC105374312",0.174746784095031
"SLC26A5-AS1",0.174746784095031
"SMCR5",0.174746784095031
"UGT1A11P",0.174746784095031
"CBR3",0.174237541355892
"EEPD1",0.173230735676653
"CNIH3-AS2",0.173077510139253
"H3P25",0.173077510139253
"KRT8P25",0.173077510139253
"LINC00954",0.173077510139253
"LINC01234",0.173077510139253
"LINC02367",0.173077510139253
"LINC02955",0.173077510139253
"LOC100505774",0.173077510139253
"LOC101927293",0.173077510139253
"LOC101930100",0.173077510139253
"LOC105379428",0.173077510139253
"LOC107984399",0.173077510139253
"LOC124902771",0.173077510139253
"OR51K1P",0.173077510139253
"PHB1P15",0.173077510139253
"PPP1CB-DT",0.173077510139253
"RPL13P6",0.173077510139253
"SH3TC2-DT",0.173077510139253
"SNORD3E",0.173077510139253
"SNORD72",0.173077510139253
"SPATA22",0.173077510139253
"FBXW5",0.172782119829467
"LYNX1",0.172343171528552
"APH1A",0.172062015755939
"PCDHGB3",0.171470286807783
"DET1",0.171240086375678
"GDF11",0.17054843447925
"AQP2",0.170240891358432
"CIR1P2",0.170240891358432
"EEF1A1P26",0.170240891358432
"LOC100288172",0.170240891358432
"LOC124902079",0.170240891358432
"LOC124902189",0.170240891358432
"RCAN3AS",0.170240891358432
"SPACDR",0.170240891358432
"GATA6",0.169697508847303
"SAP130",0.169683677219495
"SLC36A2",0.16864095818231
"GIMAP6",0.168275728605501
"ROM1",0.167587653583716
"CD82",0.167322454627792
"SUN1",0.165988550104312
"ZZEF1",0.165393610991823
"CBR1",0.16437342626221
"ADH1A",0.164046745064603
"C1QTNF1",0.164019180942438
"CDH26",0.163859213799897
"LYRM1",0.162668773785142
"RPS6KA1",0.162427554486235
"PARVA",0.162053162480335
"CENATAC",0.161820965904331
"ATXN7L3-AS1",0.161812939399079
"LOC389705",0.161812939399079
"ZFP91P1",0.161812939399079
"LINC02449",0.161550642171251
"SYT11",0.161258778966127
"SUPT16H",0.160947411059487
"GAMT",0.160230311361728
"MTMR9LP",0.15977038132248
"LRP1B",0.159609396268191
"GNL2P1",0.159483292524836
"LINC00691",0.159483292524836
"LINC01446",0.159483292524836
"LINC02965",0.159483292524836
"LOC100653049",0.159483292524836
"LOC101928266",0.159483292524836
"NRAD1",0.159483292524836
"PRODHLP",0.159483292524836
"RNVU1-31",0.159483292524836
"RPL36AP46",0.159483292524836
"RPS13P7",0.159483292524836
"SLC9A3-OT1",0.159483292524836
"TRBV7-9",0.159483292524836
"CHCHD6",0.159457594573772
"ASTN2",0.159159348958126
"EDN2",0.159025784158522
"ATP2A1",0.158763347533839
"CD320",0.158706818562949
"WBP11",0.158289134162254
"KLC1",0.15789024632949
"YWHAH",0.15772152513243
"SPP1",0.15738858745011
"SLC38A3",0.157249991491063
"RPL18A",0.157166784558257
"SMYD5",0.157067070037749
"CCDC8",0.156891503603716
"LRRC58",0.156804819249454
"NALF1",0.156335635141559
"GLYCTK",0.15603760741573
"FAM20A",0.155787528330718
"ITPA",0.154669749046522
"PRSS16",0.154509656690843
"PCDHGA9",0.153539834143221
"GAB3",0.1532868481818
"LOC124904613",0.153109413177863
"LOC124905321",0.153109413177863
"LOC124905573",0.153109413177863
"LOC124905574",0.153109413177863
"LOC124905809",0.153109413177863
"RNU1-2",0.153109413177863
"AACS",0.152759524845795
"STEAP3",0.152755688071746
"RHEBL1",0.15273503762839
"HNRNPD",0.152600473076063
"ERP29",0.152416989596298
"PROX1",0.151616716278296
"ADGRG1",0.150881862144434
"LYPD2",0.150779606907641
"CHCHD2",0.150612070357523
"LDLRAD2",0.150433875086974
"KRT85",0.14947492849882
"GOLGA8EP",0.148985370677926
"OR7E36P",0.148985370677926
"PAIP1P1",0.148985370677926
"NIPA1",0.147994753431862
"SAMD4A",0.147580669928464
"FGF7P6",0.14742359133295
"POLG2",0.147187568617036
"LDHA",0.146865282604849
"ALDH4A1",0.146772332261629
"NAXD",0.146588036473188
"FMO2",0.146063604193848
"ARHGAP36",0.145910052231241
"LDB3",0.144790368059121
"MRPL23",0.143473297230754
"BCDIN3D",0.143051036916439
"GPC4",0.142626483257437
"ZNF652",0.142582974247767
"GTPBP4",0.14220620796578
"FBXW8",0.141997986793619
"NOP53",0.141707627950962
"STRC",0.141098499051638
"MKNK1",0.140968708457249
"SFRP1",0.140609407632385
"RNPEP",0.140411064928575
"CENPV",0.138754530491917
"ZNF839",0.138403467228081
"SH3RF2",0.137666698605389
"SLC25A11",0.137201646736444
"GBA2",0.13693102316688
"BIN3",0.136454906949928
"PCYOX1L",0.135575240645431
"SHE",0.135280165591438
"GJB5",0.134836364418397
"DOK6",0.134756132046263
"PDIA4",0.134741645391067
"PCDHA4",0.134263475306349
"BPIFC",0.133272590096949
"KEAP1",0.133158816063388
"BMERB1",0.132785066754903
"MPV17L-BMERB1",0.132785066754903
"RGS17",0.132702307859805
"MED30",0.132577039172697
"TMCC1",0.132541894551038
"MICA",0.13229071771961
"GATA2",0.132085967871221
"ANKS1A",0.131942050091653
"UTP18",0.129646460413411
"CANT1",0.129234823877629
"PCDHGA6",0.129198627640149
"ACTC1",0.129085865289528
"FZD9",0.128447073477278
"SNORD7",0.128447073477278
"RRP15",0.128418970144454
"ERICH5",0.128378307452687
"CBX3",0.128213047298122
"VPS33A",0.127995091468959
"FBXW2",0.127623112132205
"CDK12",0.12747208413659
"TMEM9",0.125950616698637
"RALB",0.125934231355611
"AK4",0.125151702132573
"AARS2",0.125048060051436
"HIRA",0.124037798547148
"PPP3CA-DT",0.123271593167901
"USP42",0.122321247368521
"SMYD4",0.122185082967632
"BABAM1",0.121576209780595
"ACOT9",0.12148130631438
"TMEM165",0.120958578824011
"C1QBP",0.120132989041021
"SLC25A53",0.119593783853943
"MSANTD2",0.11837903534582
"CTNS",0.118254618122274
"LAMB1",0.118001524241668
"PIN1",0.117766653125794
"SLC6A17",0.117415143458009
"NR2C2AP",0.117193737560474
"YARS1",0.11665271705254
"AMFR",0.116377954520156
"TRAF3IP3",0.115905154767777
"MYL9",0.115708530414849
"MAP3K21",0.115632526517034
"CELF3",0.115292911672444
"HERC2P8",0.115292911672444
"LOC107986163",0.115292911672444
"LOC124901911",0.115292911672444
"MEG9",0.115292911672444
"MIR381HG",0.115292911672444
"TGM7",0.115292911672444
"C3orf33",0.114767338829496
"ANKRD1",0.114717324555252
"PTK2B",0.114520174395143
"KALRN",0.11341967257632
"POU3F3",0.11267806726375
"DMRT2",0.11244375652737
"VASP",0.112278698181425
"GAPDH",0.110562814023297
"B4GALT5",0.110363681495708
"ZSCAN5A",0.110278968244813
"RNF122",0.110047269208567
"IL20RB",0.109274734197446
"BEX3",0.109095647015913
"FAM174B",0.108934824434666
"DDX11L5",0.108850735717997
"DOK4",0.108319151003179
"GORASP1",0.108257513501842
"CCDC40",0.10806194045829
"CPXM2",0.107708708468713
"CLIC5",0.107076271238259
"TPP1",0.107060417049512
"FRZB",0.107007418131762
"NMNAT2",0.106510268680266
"SAYSD1",0.106301202660312
"PPP2R1A",0.106034646530208
"BCAS4",0.105998137676739
"ASPN",0.105930372728498
"PCDHA10",0.105812725701291
"SCARB1",0.105489945933927
"BCL9",0.105208452467537
"FARP2",0.10505251534766
"RNF113A",0.104914407213392
"DESI2",0.104544321844098
"PRKCSH",0.104229696906793
"HNRNPUL2-BSCL2",0.10418276532939
"MYOCD",0.104136407893058
"BEST3",0.103854728955826
"EPHX4",0.102552934639308
"FLT1P1",0.102552934639308
"LINC01322",0.102552934639308
"MB",0.101834243597582
"ACSS2",0.101782085413525
"DUSP1",0.101075383988566
"ATP5PBP1",0.100678939173002
"HMGN1P15",0.100678939173002
"LOC100130881",0.100678939173002
"LOC124900476",0.100678939173002
"MIR30E",0.100678939173002
"PPP1R9A-AS1",0.100678939173002
"RPL21P94",0.100678939173002
"RPL9P22",0.100678939173002
"SNHG10",0.100678939173002
"FCN3",0.100414847400785
"CARM1",0.100281597183989
"DYNC1I1",0.100207348938285
"VIPR2",0.100136202570301
"L3HYPDH",0.099885067969522
"CATSPERT",0.099315706740653
"TAF15",0.0992334738183315
"NCAPG2",0.09918352108439
"RASD1",0.0990874319061402
"FARP1",0.0988275174963708
"POLDIP3",0.0983869439099052
"NGF",0.097936561527809
"PPP2R5D",0.0979236988127997
"FAM90A13",0.0979210126166269
"CCT6P1",0.0969610447660405
"GMPR",0.0964341580125475
"REEP5",0.0958295940254479
"LRP4",0.0953909199033738
"FAT2",0.0951224286550858
"TULP2",0.0942155506018814
"WDR17",0.0941036476807043
"OVOL1",0.0934930014373303
"C11orf96",0.093462110947291
"PTPA",0.0932714966857118
"H2AX",0.0931826418131741
"KLK11",0.0930802525205814
"ESYT3",0.0930019635742721
"ACP5",0.0926271883101036
"ARSD",0.0925430533301408
"KATNIP",0.0925238777159287
"ADD3-AS1",0.0901896510393605
"ARAP1-AS2",0.0901896510393605
"CCR3",0.0901896510393605
"CEP170P1",0.0901896510393605
"FRMD3-AS1",0.0901896510393605
"IL5",0.0901896510393605
"LINC01694",0.0901896510393605
"LINC02160",0.0901896510393605
"LINC03122",0.0901896510393605
"LOC100533848",0.0901896510393605
"LOC105375170",0.0901896510393605
"LOC124905258",0.0901896510393605
"MIR590",0.0901896510393605
"MIR99A",0.0901896510393605
"NR1I2",0.0901896510393605
"PAGE2B",0.0901896510393605
"PDE4DIPP1",0.0901896510393605
"TRAV20",0.0901896510393605
"PSCA",0.0897000234388158
"GAPDHP46",0.089626788966273
"LINC01589",0.089626788966273
"LOC105369625",0.089626788966273
"PSMD2",0.0894317003872851
"CRIP2",0.0888690976744191
"ENC1",0.0884127556164659
"NPLOC4",0.0880503250299353
"PACS1",0.0877056076964807
"UBD",0.0875145192579899
"SARS1",0.0873977016155593
"FRMPD3",0.0873072212821328
"DLL1",0.0870375923270121
"GREB1L",0.0863723667639147
"GALK1",0.0854550968361092
"RADX",0.0848424948553548
"E2F6",0.0847825697355225
"LSS",0.084419526943331
"CRYBB3",0.0843487444856594
"GMPPA",0.0842297310862023
"NREP",0.0834696511574773
"TCEAL4",0.0833506359419804
"PLEKHH1",0.0828532618433083
"FOXJ2",0.0826897064484024
"R3HDM2P2",0.0820981430530643
"LAMB2",0.0806110581344319
"DHX8",0.0803594289138528
"LY75",0.079853284831017
"SLC2A5",0.079848402150261
"DUSP10",0.0795531047304437
"CLEC4D",0.0793984261617347
"TMED8",0.0792860409065029
"AGA-DT",0.0780698521250435
"CLEC4OP",0.0780698521250435
"H1-6",0.0780698521250435
"LINC00578",0.0780698521250435
"PLAC9P1",0.0780698521250435
"RPS9P4",0.0780698521250435
"NDST3",0.0776031408149568
"ARLNC1",0.0773506143674388
"CARD8-AS1",0.0773506143674388
"DNMBP-AS1",0.0773506143674388
"LINC00891",0.0773506143674388
"LOC105372791",0.0773506143674388
"LOC105378095",0.0773506143674388
"LOC124902477",0.0773506143674388
"PENK-AS1",0.0773506143674388
"TEX22",0.0773506143674388
"PTX3",0.076959234309058
"STRN3",0.0765703294659194
"PNKD",0.07646705214116
"MANF",0.0760251662245098
"DCUN1D5",0.0758315151393247
"HP1BP3",0.0754112284096725
"SEPTIN11",0.0748014879194772
"MMS22L",0.0746693067764475
"CFAP144",0.0741441821861335
"TMEM98",0.0734879330148933
"ALG1L5P",0.0729726976281498
"BARHL1",0.0729726976281498
"FRG2B",0.0729726976281498
"VN1R5",0.0729726976281498
"UQCC6",0.0727040780001699
"GID4",0.0724729858240791
"TMEM167B",0.0707424389503724
"CTCF",0.0701908872759679
"ARID1A",0.0694219197459706
"PLB1",0.0681615818611676
"EXTL3",0.0680962935353544
"TMTC1",0.0675522726916082
"CRELD1",0.0671302016888109
"CBX3P10",0.0661875423369225
"CEACAM16-AS1",0.0661875423369225
"EEF1A1P28",0.0661875423369225
"LOC107985074",0.0661875423369225
"MIR562",0.0661875423369225
"NACAP8",0.0661875423369225
"RPL18AP7",0.0661875423369225
"RPS3AP19",0.0661875423369225
"SNORD111",0.0661875423369225
"SOCS5P4",0.0661875423369225
"GALNS",0.0659379977544476
"MICU3",0.0658625382260995
"KLHL18",0.0653946441865835
"NPAS2",0.0653846633453964
"ELF4",0.0640816166203155
"PAF1",0.0640287276008101
"ATP6V1G1",0.0637321682279372
"CIBAR1-DT",0.0636304466194177
"FZD10-AS1",0.0636304466194177
"HTR2C",0.0636304466194177
"LOC100652833",0.0636304466194177
"LOC101928381",0.0636304466194177
"LOC105374593",0.0636304466194177
"LOC105377543",0.0636304466194177
"OR4D9",0.0636304466194177
"OR52I2",0.0636304466194177
"RPS27AP9",0.0636304466194177
"RPS2P49",0.0636304466194177
"YRDCP2",0.0636304466194177
"YWHAQP5",0.0636304466194177
"CDR2",0.0633961423771112
"DDX5",0.0631700113597274
"MAGED4B",0.0625508474775447
"PRTG",0.062410767222593
"KCNQ3",0.0621762364291496
"ERMAP",0.0618943000552425
"CDK5RAP1",0.0618927999808394
"DNMBP",0.0615637893618969
"HNRNPU",0.0612976909636775
"AADAC",0.0612874454273962
"CYTH3",0.0608408327946667
"C1QC",0.0606298005330732
"CHD7",0.0601076141356728
"PRSS37",0.0600004696460229
"GZMA",0.0599325291127872
"GRN",0.0594722061941165
"SEC24C",0.0593581811898508
"NDUFC1",0.0593427538485078
"PRRC2C",0.0590913530400842
"PPP1R16B",0.0586345826896357
"UBR4",0.0581451940679928
"RAPGEF4",0.0581304204085118
"CBFB",0.0577268320736681
"RAP1GAP2",0.0572831359721059
"MUC5AC",0.0572667673694917
"SPINT1",0.0563226284762661
"LOC728554",0.0560726002059271
"ITGAL",0.0558359487191507
"ANTXR2",0.0554769402028709
"PCYT2",0.054914723854675
"TUBAP8",0.0549112401347512
"FBXW11P1",0.0544837282019215
"GARIN6",0.0544837282019215
"GNG14",0.0544837282019215
"KDM5D-DT",0.0544837282019215
"LINC01559",0.0544837282019215
"LOC105370169",0.0544837282019215
"LOC284344",0.0544837282019215
"RNASE8",0.0544837282019215
"RPL23AP31",0.0544837282019215
"RPS3AP18",0.0544837282019215
"XIAPP3",0.0544837282019215
"DHRS4-AS1",0.0535992551506576
"ACLY",0.0535170799131388
"SLC37A3",0.0516906862946133
"ARIH2",0.0504675041325474
"FANCG",0.0503346313246604
"ACO2P1",0.0499610344002968
"LOC124905613",0.0499610344002968
"LOC124909293",0.0499610344002968
"LOC124909305",0.0499610344002968
"LOC124909329",0.0499610344002968
"MAS1L",0.0499610344002968
"PRSS42P",0.0499610344002968
"SYNDIG1",0.0499610344002968
"TSPY1",0.0499610344002968
"TSPY4",0.0499610344002968
"C4A",0.0495948294849833
"C4A_2",0.0495948294849833
"MXRA5",0.0489798396513268
"SERF1B",0.0481362114860193
"CWH43",0.0473452635637463
"COBL",0.0473434072158265
"TMEM183A",0.0472201058232802
"QKI",0.0469126220671551
"FBXO6",0.0465647675362879
"EIF4G1",0.046357608809979
"ANKRD11",0.0462792849704631
"ZNHIT6",0.0451284932218026
"MYH7",0.0450095216096327
"TMEM132B",0.0448228138066973
"WASHC5-AS1",0.0433061304613748
"ADCY9",0.0428135674782994
"NPTXR",0.0418681166069505
"KXD1",0.0414907813782659
"SRI-AS1",0.0398872722961938
"HNRNPM",0.0394984996058605
"CLN3",0.039328380984329
"ABCA13",0.0390390281838113
"DES",0.0387754819280113
"PXDNL",0.0386140705765146
"RSBN1",0.0380838381484964
"CLDN19",0.0380772522820697
"HNRNPA3P8",0.0380772522820697
"MSI1",0.0380772522820697
"SCN1A",0.0377135879092869
"TUBG1",0.0376476314272271
"ACO2",0.0373769471135661
"SAE1",0.03647101795535
"OAZ3",0.0356984058510812
"TNN",0.0355412328793573
"ACVRL1",0.0349086729132601
"SFPQ",0.0342108865327018
"CREB3L2-AS1",0.0341005762855469
"KRT19P1",0.0337636694879147
"PTAFR",0.0337206643082777
"SLC10A3",0.0334562079846654
"ATP1A2",0.0332949041398719
"MYD88",0.0328436255137769
"CFAP126",0.0328085877979443
"SPON1",0.0327585961352121
"POPDC3",0.0326751733119046
"EEF1AKMT2",0.032287468429591
"UBXN6",0.0322426295218316
"COPRS",0.0316400242959115
"GPC5",0.0316210928682457
"CAPN8",0.0293324812929176
"H2AC7",0.028710559516239
"BLTP3A",0.0279910062821978
"LPXN",0.0278385656701202
"LOC101929128",0.0262835560137127
"LOC157273",0.0262835560137127
"ODAPH",0.0262835560137127
"PPP1R3B-DT",0.0262835560137127
"RPL21P98",0.0262835560137127
"SMIM15P2",0.0262835560137127
"SDC2",0.0256160806147805
"DCUN1D3",0.0245665087504901
"EMP3",0.0242182951285153
"IGFBP-AS1",0.0231475893461985
"PVALB",0.0231475893461985
"TESHL",0.0231475893461985
"TIALD",0.0231475893461985
"TRDN-AS1",0.0231475893461985
"IFI27L1",0.0228098020127098
"HK2",0.0227518351601517
"PP2D1",0.022747928302292
"PDZK1IP1",0.022176233391029
"GSPT2",0.0219473332992679
"SPNS2",0.0211517846809243
"TIMM23B",0.0205828594259023
"EIF3A",0.0203177076712201
"MRPL37",0.0199773077894006
"ARF4-AS1",0.0197495346658283
"PDE12",0.0197495346658283
"PABPN1",0.0193758694009579
"TDP2",0.0190341383252985
"FAM72B",0.0183249344011827
"LCN2",0.0169711681036439
"SV2B",0.0169622238035656
"P4HA2",0.0160185861167047
"TGFBRAP1",0.0160077763693383
"HLX",0.015982897960894
"METTL17",0.0157692678115273
"SLC16A2",0.0154913183247008
"PEX6",0.0152155101986409
"DCAF12L2",0.014578443543922
"KIAA1671-AS1",0.014578443543922
"TUBA3FP",0.014578443543922
"ZNF385B",0.0141062734829278
"HNRNPL",0.0136122116581811
"H3C12",0.0126994349437789
"SIMC1",0.0122413099947269
"DGCR6",0.0122024529284207
"EHHADH",0.0120875574195588
"NTPCR",0.0120392197294647
"VPS26B",0.0119775648586534
"DDX25",0.0115915284280646
"IQCF1",0.0115915284280646
"LOC105372401",0.0115915284280646
"OR51Q1",0.0115915284280646
"RNA5SP150",0.0115915284280646
"SEMG1",0.0115915284280646
"TRAJ28",0.0115915284280646
"APBB1",0.00956656721204435
"RABIF",0.00955288248790717
"FAM219B",0.00948708771358948
"PSPC1P1",0.00861243352117776
"HECTD4",0.00776122850106631
"IGF2BP3",0.00744229613335471
"PARVB",0.00731771887219117
"IFI30",0.00682037975037122
"CDO1",0.00621911863812326
"SLCO4C1",0.0058419952088395
"NRSN2",0.00576361187122473
"LIN37",0.00520164760066268
"HIP1",0.00488622040751883
"GIMAP8",0.00486948264800304
"RGS4",0.00432898844746804
"PCDH9",0.00427396722234771
"CTSD",0.0035549338663794
"WDCP",0.00335735494468989
"LOC105371509",0.00296073648826323
"PRDM9",0.00296073648826323
"RCAN2-DT",0.00296073648826323
"TRAV29DV5",0.00296073648826323
"MLEC",0.00201315812983635
"E2F4",0.0016487757640275
"CRYBB2",0.00132648855079769
"HLA-E",0.00117206766636777
"PABPC4",0.00082665948099863
"CREB5",0.000739977901332776
"CD164",0.000385292975394805
"ACTG1P23",0.000100436301454014
"B3GALT9",0.000100436301454014
"COP1P1",0.000100436301454014
"HCCS-DT",0.000100436301454014
"LINC01725",0.000100436301454014
"LINC02482",0.000100436301454014
"LOC101927560",0.000100436301454014
"LOC107985953",0.000100436301454014
"LOC124900193",0.000100436301454014
"LOC124901391",0.000100436301454014
"MIR223HG",0.000100436301454014
"RPS4XP10",0.000100436301454014
"TSPEAR",0.000100436301454014
"ZNF736P1Y",0.000100436301454014
"ATP2C2",-2.12002099264918e-05
"IDS",-0.000367651096500798
"TSNAX-DISC1",-0.00098733613176426
"ATP4A",-0.00150448887057105
"ZNF552",-0.00159658462104777
"ULK3",-0.00201026511524078
"CACNB2",-0.00219476868430198
"MEP1B",-0.00282889840823615
"AP1G2-AS1",-0.00306442177425879
"CCN1",-0.00355520904306609
"LINC02057",-0.00358177637558145
"RPL21P85",-0.00358177637558145
"CADM4",-0.0036769595189423
"ACY3",-0.00398458693223799
"CCDC167",-0.00442946918132815
"NRN1",-0.00555850871358362
"PGAP3",-0.00558392970947678
"CARS2",-0.00589593389979123
"KANSL3",-0.00738882394787002
"NDUFA11",-0.00756443180061814
"ARMC9",-0.00823492920024865
"FLYWCH2",-0.00823922129940638
"CXXC4",-0.00835083568894283
"RGCC",-0.00856211213473323
"HLX-AS1",-0.00857073384161053
"IGLV3-22",-0.00857073384161053
"IL17A",-0.00857073384161053
"OPCML",-0.00857073384161053
"DYNC2I1",-0.00873191903498504
"ZNF169",-0.00885334939728545
"TUBA1C",-0.00931395642663549
"SPOCK3",-0.00976026777658956
"DDX21",-0.0106592454564651
"AASDHPPT",-0.010696504859096
"HCG11",-0.0113772731528519
"HLA-DQA2",-0.0113772731528519
"LOC102723851",-0.0113772731528519
"LOC102724434",-0.0113772731528519
"LOC105377225",-0.0113772731528519
"LOC107986583",-0.0113772731528519
"LOC124900636",-0.0113772731528519
"LOC124907779",-0.0113772731528519
"LOC128966682",-0.0113772731528519
"LOC128966710",-0.0113772731528519
"METTL21AP1",-0.0113772731528519
"MIR571",-0.0113772731528519
"NDUFB2-AS1",-0.0113772731528519
"RPSAP19",-0.0113772731528519
"SOCS2-AS1",-0.0113772731528519
"SRP14P3",-0.0113772731528519
"KIF4A",-0.0114533810114079
"ITPRID1",-0.0114537685943422
"PGRMC1",-0.0122828244883889
"PAX1",-0.012719681554012
"SENP8",-0.0127888761209492
"TIMP3",-0.0129161588372474
"NUP188",-0.0132728703071066
"FAR2P2",-0.0136127174783733
"RPSAP39",-0.0136127174783733
"RBM19",-0.0137047011100932
"YPEL3",-0.015007502793041
"NXPE4",-0.015362922039653
"ELOA2",-0.0163740731043569
"SRRD",-0.016679527961576
"DOP1B",-0.0168745056888647
"CASP12",-0.0169988865220778
"UBAP1",-0.017477153273234
"MREG",-0.0184751047819218
"MSANTD7",-0.0188903865296396
"SPAG17",-0.019541655497296
"GCSIR",-0.0200171454050485
"LOC100289473",-0.0200171454050485
"MSGN1",-0.0200171454050485
"MYO3B-AS1",-0.0200171454050485
"CSGALNACT2",-0.0202882110691539
"SURF4",-0.0204834212318266
"CNN2P6",-0.0229260686052504
"GP5",-0.0229260686052504
"KRT8P9",-0.0229260686052504
"LINC02263",-0.0229260686052504
"LOC101928565",-0.0229260686052504
"LOC645482",-0.0229260686052504
"MIR581",-0.0229260686052504
"OR1L1",-0.0229260686052504
"RPL36AP1",-0.0229260686052504
"SDCBPP1",-0.0229260686052504
"CABLES1",-0.023635645809707
"DNAJB12",-0.023761891075788
"NAT10",-0.0241413527872907
"NHSL2",-0.024426491492516
"ST14",-0.0244282808087275
"RAB11FIP1",-0.0247691113958822
"EFNA5",-0.0248917190927396
"FBXO28",-0.0253277286396928
"TBCEL-TECTA",-0.0254796041190232
"TECTA",-0.0254796041190232
"LRRC42",-0.0255371937839656
"CHP2",-0.0256936573312646
"MPPE1",-0.0261503049855065
"HSPA2",-0.0262577525798443
"CRISP1",-0.0267742535278447
"LMO7-AS1",-0.0267742535278447
"PLBD1-AS2",-0.0267742535278447
"PPIAP50",-0.0267742535278447
"RN7SL614P",-0.0267742535278447
"RN7SL711P",-0.0267742535278447
"RPL21P81",-0.0267742535278447
"RPL3P13",-0.0267742535278447
"RPS26P19",-0.0267742535278447
"SPESP1-NOX5",-0.0267742535278447
"ZNF225-AS1",-0.0267742535278447
"SLC20A2",-0.0270299723853764
"ECI1",-0.0270725229777872
"NF2",-0.0280485897198549
"ZWINT",-0.0280926113065295
"DDX17",-0.0281987002208685
"TANGO6",-0.0282253228323392
"APEH",-0.0284698860896517
"NDRG1",-0.0291195147510738
"NSUN2",-0.029385835400109
"BCKDK",-0.0308721279819437
"MB21D2",-0.0312309510870221
"CIMIP7",-0.0313794360748607
"NAPA",-0.031395804343242
"TBC1D13",-0.0316413881527076
"FBXO42",-0.0317457535718657
"GTF3C2",-0.032068583315762
"MTMR12",-0.0321329523710564
"LINC00957",-0.0337323968904313
"CIAPIN1",-0.0339355638935159
"ERVFRD-1",-0.0340536387382038
"CD163L1",-0.0345159069794357
"NIPAL4",-0.0347190325034195
"ADPGK",-0.0347575041664407
"ACSBG2",-0.0347897784212875
"AK3P7",-0.0347897784212875
"LOC105369306",-0.0347897784212875
"LOC388282",-0.0347897784212875
"MRTFA-AS1",-0.0347897784212875
"NCBP2L",-0.0347897784212875
"OR7E108P",-0.0347897784212875
"RPL21P58",-0.0347897784212875
"RPSAP53",-0.0347897784212875
"TPTE2P7",-0.0347897784212875
"ADGRE2",-0.0351285294488854
"EMC7",-0.035166301117323
"BET1",-0.0358505973590214
"ZBTB49",-0.0359675005880308
"DNAH5",-0.0363192442299194
"MTBP",-0.0373747835166363
"FBXW4",-0.038017097799973
"APOBEC3F",-0.0385512895385407
"SVIL-AS1",-0.0390297571790491
"PRPF6",-0.0400399262384378
"SIGLEC9",-0.04011245988864
"LINC00649",-0.0402948192900486
"LOC101928126",-0.0402948192900486
"H3C3",-0.0413841883317325
"CACNA1S",-0.041486318374048
"EID2",-0.0415797517961491
"IGKV2-40",-0.0426591904870387
"UBE4B",-0.0426786199695729
"MMP2",-0.0428837708361028
"AKAP8L",-0.0430842271472156
"ATP2A3",-0.0438371366688334
"KCNN4",-0.0439192778583845
"GPNMB",-0.0445503974073261
"EZH2",-0.0448546444720062
"WARS1",-0.0458592120798232
"GRPEL1",-0.0467965750953367
"YY1",-0.0468346768153666
"ZHX2",-0.0473987167417972
"TNMD",-0.0481064147084553
"MARF1",-0.0484743891267674
"ACKR3",-0.0487452266777406
"DELEC1",-0.0488221130986438
"SCFD2",-0.0491627759624249
"TMEM63C",-0.0493024581026324
"MTCH1",-0.0495491731954192
"DCTN2",-0.0496094539842122
"NEIL2",-0.0496256407538549
"MAP3K20-AS1",-0.0498086692496147
"SNORD45C",-0.0498086692496147
"KIAA1217",-0.0502210493668449
"METTL22",-0.0505682497599729
"STMP1",-0.0508217839104039
"ACSL6",-0.0514714190970424
"ACSL5",-0.0516615365520764
"RBKS",-0.05209034160179
"DTX4",-0.0524483710116166
"GUSBP16",-0.0525363570326734
"RALGDS",-0.0525717484885131
"NBR2",-0.0528962796818687
"CFAP54",-0.0531745081399043
"LOC122455342",-0.0532227819966382
"GRK5",-0.0534762469016038
"B3GALNT2",-0.0537966964665537
"NAALAD2",-0.0543653262519474
"LIPN",-0.0545846797816182
"DACH1",-0.0549430911193119
"SDF2",-0.0554226565483754
"MZT1",-0.0557512125121096
"CAV3",-0.0558732449881807
"SAXO4",-0.055961109647432
"VAMP3",-0.0566309611235917
"TMEM234",-0.0572164491031951
"CMTM4",-0.0572218780909472
"FHL2",-0.0581987733105634
"HILPDA",-0.058199491398175
"ZNF592",-0.0585373817224786
"KIF24",-0.05980206661337
"FCGR1A",-0.0598062970741083
"H2AZ2",-0.0598065942427722
"TMEM185A",-0.0601076282466382
"DACH2",-0.0603346016398134
"LINC02694",-0.061872117842366
"LOC105370775",-0.061872117842366
"LOC124900600",-0.061872117842366
"RPSAP56",-0.061872117842366
"TRAJ35",-0.061872117842366
"CCL3L1",-0.0619124874287838
"CCL3L3",-0.0619124874287838
"TRMT61B",-0.0637976915510752
"ADAMTS1",-0.0640832394885023
"CERS6",-0.0647156259291004
"ENO1P1",-0.0655982918105906
"UBAC2",-0.0657038559864643
"RBM28",-0.0658385722020945
"TBC1D8",-0.0695352092910153
"LMO3",-0.0702126894713722
"PIP4P2",-0.0711710688708145
"TARBP1",-0.0723188651581481
"NLRP6",-0.0728720102536895
"SEMA4D",-0.0730958982877973
"RNF25",-0.0731694713382226
"CDH4-AS2",-0.0732855785381185
"CSNK1A1L",-0.0732855785381185
"DDX55P1",-0.0732855785381185
"GPR4",-0.0732855785381185
"RPL23AP43",-0.0732855785381185
"SMIM2",-0.0732855785381185
"SMIM2-IT1",-0.0732855785381185
"TP53TG3C",-0.0732855785381185
"TMX2",-0.0748062957066102
"SOX2-OT",-0.0748751797313643
"TMEM109",-0.0753398610597209
"KRT8P37",-0.0756303072633268
"NEUROD1",-0.0756303072633268
"COPE",-0.0767741951401268
"SF3B3",-0.0770184791693903
"PDPR2P",-0.0779729306909883
"MRTO4",-0.0783195423123072
"AMOT",-0.0785076616999267
"CEMIP2",-0.078509215027222
"GPR21",-0.0785958819469713
"NUCKS1",-0.0787905340755111
"NDUFS7",-0.0789237150811304
"PRRX1",-0.0796779239571598
"ANPEP",-0.0822021848250048
"GCNA",-0.0823749477033771
"RPL7A",-0.0825209317400378
"WWP2",-0.0826889877543657
"AK1",-0.08330554002575
"CYKILR",-0.0843281396346006
"DPY19L3-DT",-0.0843281396346006
"EXTL3-AS1",-0.0843281396346006
"LOC124901151",-0.0843281396346006
"LOC124903372",-0.0843281396346006
"MIAT",-0.0843281396346006
"P2RY4",-0.0843281396346006
"RPL21P68",-0.0843281396346006
"SNORD114-12",-0.0843281396346006
"TAS2R42",-0.0843281396346006
"VPS26BP1",-0.0843281396346006
"ZNF736P6Y",-0.0843281396346006
"RPS3",-0.0845846318659091
"ZNF396",-0.0851938061140497
"HECTD2-AS1",-0.085260390025659
"LINC01013",-0.085260390025659
"ATP1B4",-0.0854759767280078
"TASP1",-0.0860882998637115
"ARHGEF11",-0.0866015181091461
"VMO1",-0.0868689768984064
"ASTN1",-0.0872817145527542
"PGM2L1",-0.0874843219542036
"SH3BP4",-0.0875330518655633
"RCL1",-0.087668191438573
"SPATA31F1",-0.0888589051850188
"TRAP1",-0.0890311109143493
"PYCARD",-0.0893133195255762
"CHD4",-0.0897813741104265
"TTL",-0.0904717844163482
"NLK",-0.0907227212996032
"FGFR1",-0.0907963134707571
"LOC730098",-0.0911607162002933
"DDX49",-0.0914793511603505
"BAK1",-0.0918528508069813
"TUFT1",-0.0920554740964324
"PSPH",-0.0931296980460358
"EOLA2",-0.0933899721887139
"DNAJB11",-0.0937658603440962
"CCR4",-0.0941787988845736
"BTF3P6",-0.095143819630498
"CD82-AS1",-0.095143819630498
"CYP1B1-AS1",-0.095143819630498
"GAPDHP51",-0.095143819630498
"IGHV1OR21-1",-0.095143819630498
"INE1",-0.095143819630498
"KRT89P",-0.095143819630498
"PSME2P4",-0.095143819630498
"RPL26P29",-0.095143819630498
"SLC51B",-0.095143819630498
"SPMAP2L",-0.095143819630498
"USP27X-DT",-0.095143819630498
"TIMM44",-0.0957462180753843
"CASC2",-0.0958068449353322
"LINC01630",-0.0958068449353322
"LINC02889",-0.0958068449353322
"LOC105369250",-0.0958068449353322
"LOC93463",-0.0958068449353322
"METTL21C",-0.0958068449353322
"MIR548XHG",-0.0958068449353322
"RPS6P22",-0.0958068449353322
"ADAM21",-0.0965092968056644
"RNF213",-0.0977547060963025
"WASL",-0.0978029446835737
"STX16",-0.0986801658165169
"PI4KAP2",-0.0989992081362961
"XBP1",-0.0993025341423835
"XRCC2",-0.0993181509745059
"ARMCX5-GPRASP2",-0.0998657192476208
"GPRASP2",-0.0998657192476208
"GOLGA2",-0.100147305175778
"SPRR2B",-0.100286937090173
"CNRIP1",-0.100447105784965
"EIF3D",-0.102552653992499
"CCDC38",-0.103258053524212
"KCNH1",-0.103402357024193
"IRX1",-0.103593648424587
"POMT1",-0.104007442916003
"CFAP36",-0.104173832901609
"COPB2-DT",-0.104981730878652
"EML6",-0.105092845356987
"SLC50A1",-0.105580413479973
"DRAXIN",-0.105769452770466
"GLULP4",-0.105769452770466
"LINC00639",-0.105769452770466
"LINC03093",-0.105769452770466
"LOC388242",-0.105769452770466
"MIR3681HG",-0.105769452770466
"OR2AG1",-0.105769452770466
"RPS15P7",-0.105769452770466
"TWSG1-DT",-0.105769452770466
"SMCO4",-0.106570746115958
"ADORA2A-AS1",-0.106946860536386
"ANKRD44-IT1",-0.106946860536386
"EIF3J-DT",-0.106946860536386
"IGHV7-34-1",-0.106946860536386
"LOC107986854",-0.106946860536386
"MTAPP2",-0.106946860536386
"PKIA-AS1",-0.106946860536386
"RPL21P107",-0.106946860536386
"SSBP3-AS1",-0.106946860536386
"STEAP3-AS1",-0.106946860536386
"OSR1",-0.107534581578076
"LOXL4",-0.107698064724668
"FCRLA",-0.107836112753698
"SUGT1P2",-0.109296984171966
"CDH11",-0.110227767175804
"BCAP31P1",-0.110446746575178
"CLTRN",-0.110625386140784
"CD72",-0.110830739083568
"SLC35E2B",-0.111114611749471
"AVEN",-0.111483173434851
"PRDX5",-0.111650317809996
"PPP3CB",-0.111830968108507
"BICD1-AS1",-0.112264032343664
"HSD17B3-AS1",-0.112264032343664
"NAP1L1P1",-0.112264032343664
"PRKAG2-AS2",-0.112264032343664
"WDFY3-AS1",-0.112264032343664
"ZFP42",-0.112264032343664
"CAPNS2",-0.112451550408274
"ERN2",-0.11263865136712
"GRIK2",-0.112968998296919
"LUC7L3",-0.113317538267972
"ATG14",-0.113571098289321
"TBC1D2B",-0.113679263642547
"PRKRIP1",-0.113827764122967
"LOC100421468",-0.113891914586664
"HIF1A-AS3",-0.113940959596229
"PLIN4",-0.114078111114664
"FKBP9",-0.114177392389291
"STX5-DT",-0.114310355431709
"TGFB3",-0.114374211800943
"ATP6AP1",-0.114414295291029
"COLEC11",-0.114877660587269
"NFIL3",-0.114978041425726
"ANKFY1",-0.115051085415925
"TRAK1",-0.115458907408084
"RPL19P2",-0.116179163291373
"PRMT1",-0.116279646801823
"PROCR",-0.116683636605956
"VAMP8",-0.117466015999285
"RAN",-0.117834860607006
"ASB18",-0.118747164746277
"DUX4L17",-0.118747164746277
"GRM5",-0.118747164746277
"NCR2",-0.118747164746277
"NKX2-1",-0.118747164746277
"OR5B21",-0.118747164746277
"PRAMEF34P",-0.118747164746277
"PRAMEF36P",-0.118747164746277
"RBMY1E",-0.118747164746277
"SHISA3",-0.118747164746277
"TRAV41",-0.118747164746277
"TRBV3-1",-0.118747164746277
"TRBV6-3",-0.118747164746277
"TRIM64C",-0.118747164746277
"TRIM69",-0.118747164746277
"TMEM51-AS2",-0.118915167813182
"RBM27",-0.119152085499154
"AKR1B1P1",-0.119324828659523
"LINC02945",-0.119324828659523
"LY86-AS1",-0.119324828659523
"NRG3-AS1",-0.119324828659523
"RPL13AP18",-0.119324828659523
"RPL21P97",-0.119324828659523
"RPL23AP14",-0.119324828659523
"RPL23AP89",-0.119324828659523
"SNORD60",-0.119324828659523
"MTDH",-0.119564694511323
"ADGRE1",-0.120364501411593
"TRIM52",-0.120491380260377
"RPSAP3",-0.121237352863043
"PLEKHA7",-0.121735452753023
"SIRPA",-0.122515520898983
"TMEM51-AS1",-0.12253081200305
"ANKRD6",-0.122979526656476
"TTC7B",-0.123813567666472
"GNA15",-0.124366565685203
"MEAF6",-0.124739020831115
"PRPS2",-0.124799836366189
"S100A13",-0.124922249475819
"CASC3",-0.12496371315451
"BMS1",-0.125205613498972
"BAZ1B",-0.125344941778766
"TMEM38B",-0.125354372966442
"LOC100419073",-0.126272944360949
"RPSAP13",-0.126272944360949
"RBM4",-0.126604306180467
"ZSCAN21",-0.127040965860227
"ATF7-NPFF",-0.127475668933934
"CD99L2",-0.127597067256633
"CISD1",-0.127678958815369
"WSB2",-0.127717988144782
"ZNF202",-0.128203518457926
"SLC25A43",-0.128290906016275
"CLK3",-0.128415028402487
"ATMIN",-0.128670488747954
"TNFSF13B",-0.129252446832643
"HOXB5",-0.129366960534203
"KRT18P39",-0.129366960534203
"STAT4-AS1",-0.129366960534203
"DCAF10",-0.130114417732517
"PBX4",-0.130209522638067
"LSM14A",-0.130225171677647
"TTI1",-0.130717593057129
"ZSCAN25",-0.13086286555138
"TTC4",-0.131092919734493
"C2",-0.131280778240347
"CD28",-0.131972230476085
"GAREM1",-0.132778046846334
"RNU4-2",-0.132935738143696
"CTTNBP2NL",-0.133275308818346
"HNRNPA1P57",-0.133459465713454
"FIGN",-0.133477851226761
"C16orf87",-0.134667518929743
"ACAN",-0.135217955446731
"TAF5",-0.135505934251864
"EIF4A1",-0.135641119792195
"NT5DC2",-0.135711866095831
"HAGH",-0.136233795086115
"SYNPO2",-0.1364808617441
"TRPV4",-0.13679867349944
"RGPD4",-0.138344479102527
"FAM53A",-0.138817102496413
"PPTC7",-0.139131126288684
"DCUN1D4",-0.139284369750428
"TRIP13",-0.139590666733409
"MAPK10",-0.139889626903587
"IL17F",-0.139914941926471
"PES1P2",-0.139914941926471
"KIAA1549",-0.140224629407267
"CHMP1B",-0.140364388099
"ALDH5A1",-0.140412428644344
"GCHFR",-0.140773905425981
"PRUNE2",-0.14115679135527
"SLC16A14",-0.141895703469378
"CD151",-0.142700438321283
"C1orf52",-0.142801988587841
"TNRC6C",-0.142954221816209
"PTPN14",-0.143728448009739
"TBCB",-0.143959023571944
"GGA2",-0.144783618440419
"ARRB1",-0.145424897616101
"EFEMP2",-0.145538965975043
"TM2D2",-0.145948806937012
"TAX1BP3",-0.146301661182071
"STX10",-0.146510250054157
"TCOF1",-0.146691442040915
"TMEM134",-0.146711478080229
"STRIP1",-0.146742953197137
"LRP12",-0.147008893945354
"ACAA1",-0.147254947827518
"RPA3",-0.147522237154674
"NARF",-0.148122394100471
"CD33",-0.14839345251943
"YEATS2",-0.148614362917385
"GID8",-0.148903487205478
"RDH10",-0.1496135965967
"ULK2",-0.149632520509499
"GATAD1",-0.150229535617416
"ANKRD45",-0.15039099664653
"IGHV1-69",-0.15039099664653
"TRBV30",-0.15039099664653
"RAB35",-0.151451715355839
"ZNF572",-0.152458307420861
"CAPN13",-0.15308791242952
"GLIS3-AS1",-0.154334087914876
"LINC01114",-0.154334087914876
"PANTR1",-0.154334087914876
"PTCSC3",-0.154334087914876
"SNORD114-18",-0.154334087914876
"POLR2D",-0.155309418909962
"STIM2",-0.155328192955786
"PCDHA3",-0.155476553964373
"CENPN",-0.156555568638914
"ZNF77",-0.156605517991626
"PDCD2",-0.156813280606564
"OBSCN-AS1",-0.15713841012388
"ARHGDIB",-0.157401052965191
"RTCA",-0.157984562130038
"TANC2",-0.159028615857661
"TMED9",-0.159135696631425
"MRPL14",-0.159680407230934
"RNF121",-0.160473388466263
"KCTD2",-0.160770096581058
"ESAM-AS1",-0.160796435958031
"GALR2",-0.160796435958031
"LOC100129774",-0.160796435958031
"LOC100422627",-0.160796435958031
"LOC105373220",-0.160796435958031
"RPL21P7",-0.160796435958031
"TRAJ8",-0.160796435958031
"VPREB3",-0.160796435958031
"AGBL5",-0.160898549196029
"VHL",-0.161296812409385
"POLE3",-0.161455507747334
"EGFL6",-0.161464878777841
"TMEM176A",-0.162169918546914
"GCKR",-0.162778582360941
"PKP1",-0.163068680871354
"LCP2",-0.163361007128727
"FBXW7-AS1",-0.164690639869212
"LINC02860",-0.164690639869212
"LOC100506474",-0.164690639869212
"LOC124904548",-0.164690639869212
"MDS2",-0.164690639869212
"ZNF37CP",-0.164690639869212
"TP53I3",-0.164732233854512
"H3C2",-0.165019962428919
"KHDC4",-0.165198007414774
"STOX2",-0.166185850625389
"FGD6",-0.16627936236045
"DYNLRB1",-0.166305637269573
"C8orf48",-0.16645655339786
"LRP5",-0.167328998673318
"SGSM1",-0.167840861681328
"PRADC1",-0.167906338723357
"IFNA8",-0.168576997576533
"LINC03126",-0.168576997576533
"NSMCE1-DT",-0.168576997576533
"OR52L2P",-0.168576997576533
"RPL5P3",-0.168576997576533
"RPS29P22",-0.168576997576533
"DPYSL3",-0.168670848250094
"ARFIP2",-0.168948976192628
"EBF3",-0.169626788279345
"S100PBP",-0.170253591677666
"CCND2-AS1",-0.171132122325659
"RSU1P3",-0.171132122325659
"TUBB3P1",-0.171132122325659
"VIP",-0.171132122325659
"FIGNL1",-0.171488891848157
"XGY2",-0.171968745139651
"GATB",-0.172389890063228
"EPOR",-0.173156969329414
"KLRG1",-0.174693547451713
"NCK1-DT",-0.174936389835935
"NIPBL-DT",-0.174936389835935
"RPL35P3",-0.174936389835935
"SINHCAFP3",-0.174936389835935
"MLF2",-0.175022342190481
"MMS19",-0.175145463725222
"ADIRF",-0.175337710682028
"INTS3",-0.175998907793253
"EPB41L4B",-0.176520047285541
"HMGB3P10",-0.17664438525049
"LOC105369147",-0.17664438525049
"LOC107984974",-0.17664438525049
"NRAV",-0.17664438525049
"RPL31P7",-0.17664438525049
"RPS10P2",-0.17664438525049
"PODXL2",-0.176781378532524
"RAB11FIP4",-0.177257070702822
"KIF16B",-0.17773309595602
"JADE1",-0.177963449767773
"CHAD",-0.178711906086219
"TTC5",-0.180543911872096
"NDST1",-0.180762905282252
"URM1",-0.181313014839495
"NOS1AP",-0.181361084827198
"HEXIM1",-0.181398913297153
"RPSAP47",-0.181398913297153
"ERC1",-0.182049667421117
"NHERF1",-0.183012282239069
"ACADVL",-0.183544819211151
"MASP2",-0.184159886818573
"ATP2B4",-0.184994148017396
"CDC14B",-0.185015808041257
"BOLA2P3",-0.185126436610465
"CHRM4",-0.185126436610465
"IKBKE-AS1",-0.185126436610465
"KCNB2",-0.185126436610465
"LINC02901",-0.185126436610465
"RPSAP31",-0.185126436610465
"RXYLT1-AS1",-0.185126436610465
"SHANK2-AS1",-0.185126436610465
"MINDY4",-0.185263198476486
"CCR1",-0.185325216727587
"CDK20",-0.185483555503531
"INTS2",-0.185608981775242
"ABHD17C",-0.185811044615664
"SHMT2",-0.18590954621624
"BST2",-0.186431080814228
"EEF1A1P35",-0.186904726596696
"KCNH5",-0.186904726596696
"LINC01176",-0.186904726596696
"LOC105372652",-0.186904726596696
"MIR570",-0.186904726596696
"RPS10P13",-0.186904726596696
"RPS17P5",-0.186904726596696
"MAP3K4",-0.187106383490494
"DCAF7",-0.187522842619225
"OGDH",-0.187923177287377
"SETDB1",-0.188551010620796
"NLGN3",-0.189114258914695
"TESK2",-0.189233499325937
"SEMA4A",-0.189828743300668
"POLR2H",-0.189830966984984
"SUMO3",-0.190473305325056
"LOC124907837",-0.190894561592823
"SULT1A3",-0.190894561592823
"PNLIPRP3",-0.192508897274624
"ZNF559-ZNF177",-0.192707692115421
"WRNIP1",-0.192885639416948
"BMS1P13",-0.193300854753205
"LOC107987423",-0.193300854753205
"PAGE2",-0.193300854753205
"ZNF18",-0.193337571800183
"CYP4F3",-0.193512889016006
"IL1RAP",-0.193560343069879
"NDST2",-0.193692843839154
"C1orf116",-0.194002072213447
"GLOD4",-0.194273847150403
"EPHA6",-0.194278659086739
"LINC02177",-0.195322594748844
"LOC101927026",-0.195322594748844
"LOC101927511",-0.195322594748844
"LOC102724289",-0.195322594748844
"LOC132205950",-0.195322594748844
"NLRP9",-0.195322594748844
"RPL36AP29",-0.195322594748844
"SOAT2",-0.195322594748844
"TMCO5A",-0.195322594748844
"ZMIZ1-AS1",-0.195322594748844
"LOC124907803",-0.196558702422571
"LOC128966601",-0.196558702422571
"PDPR",-0.196558702422571
"EBLN2",-0.196706925654099
"POMK",-0.196805843286406
"NUP93",-0.196972705208519
"RMND5B",-0.197025637172496
"ALX4",-0.197295416606264
"DUSP14",-0.19774610792
"TRAF3IP2",-0.198559656380803
"UBE2M",-0.198753316189502
"BOC",-0.199008687799468
"CLPP",-0.199308150941085
"SAA2",-0.199433219244772
"BCRP3",-0.199554511982642
"GSG1",-0.199554511982642
"IGHV3-36",-0.199554511982642
"LINC01580",-0.199554511982642
"LINC02207",-0.199554511982642
"NPPB",-0.199554511982642
"RPS2P7",-0.199554511982642
"SNORD19",-0.199554511982642
"TAS2R63P",-0.199554511982642
"TSPAN15",-0.20014842028955
"STAB2",-0.200533277735954
"VAMP5",-0.200547021449426
"GLB1L2",-0.201097214797227
"SSTR5-AS1",-0.201728220245547
"SEPTIN4",-0.202063171091021
"SORBS1",-0.202169471857194
"DESI1",-0.202438885166315
"AUP1",-0.202725453941256
"DCAF5",-0.204162074388759
"MTRF1L",-0.204201427273773
"RCOR1",-0.20432786604486
"SCMH1",-0.205386838576036
"RETREG3",-0.205593369768996
"FBLL1",-0.205718743212336
"IGKV2D-18",-0.205718743212336
"KRT18P24",-0.205718743212336
"LINC00648",-0.205718743212336
"LOC100133920",-0.205718743212336
"RPL27AP7",-0.205718743212336
"RPL7L1P16",-0.205718743212336
"TMEM229A",-0.205718743212336
"LOC101927189",-0.206397854512057
"MLIP",-0.206397854512057
"MLIP-IT1",-0.206397854512057
"IKBKB",-0.206431698247241
"PTCSC1",-0.207046472036723
"KCNAB2",-0.207669569494298
"LTAP1",-0.207952915268746
"SPN",-0.208053447980839
"TMTC4",-0.208268157023266
"LOC100129144",-0.208310005945802
"RPSAP44",-0.208310005945802
"TRAV30",-0.208310005945802
"TYW2",-0.208375250954794
"HABP4",-0.208603980469547
"PAG1",-0.20962271836786
"HEATR3",-0.210046644216542
"SPTBN2",-0.210343328152905
"GNB1L",-0.210378661710747
"ZNF814",-0.211430349093746
"TEX2",-0.211569537187472
"LOC112267992",-0.211793925989931
"LOC284933",-0.211793925989931
"TRMT112P8",-0.211793925989931
"UBBP4",-0.211793925989931
"VCX3B",-0.211793925989931
"EMX2",-0.212355119137228
"EFNA1",-0.212500375417778
"LOC124908102",-0.212842480851107
"WASHC1",-0.212842480851107
"SREK1",-0.212937141139699
"SCGB2A2",-0.212976082265701
"CYP1B1",-0.213940635120643
"HAX1",-0.21439667322053
"NPIPA8",-0.21445926279164
"RPUSD2",-0.214590794730898
"DAP",-0.215054546387279
"SYT7",-0.215230345752489
"METAP2",-0.215714927060855
"RPS7P11",-0.216064407749312
"EIF4E2",-0.216511707574696
"ANXA9",-0.216901225605843
"PGM1",-0.217101719543028
"ORAI2",-0.217986740247894
"SYNM",-0.218242920379783
"CCT8L1P",-0.219520828449983
"LOC124900785",-0.219520828449983
"SCOC-AS1",-0.219520828449983
"TRPC4AP",-0.219595249776732
"TM4SF18",-0.220187298075361
"IZUMO1",-0.220475612312758
"EHMT1",-0.221076236283622
"MSR1",-0.221116347686791
"NFS1",-0.221324365881313
"TSPAN17",-0.222494493886894
"ORC1",-0.222567309978651
"FAM13C",-0.222721234050306
"SHOC1",-0.223111943661737
"ADNP2",-0.223693778330214
"TMEM33",-0.224097359870433
"N4BP1",-0.22453422790397
"CR2",-0.224882104032355
"PCSK5",-0.226119348479353
"PKD1L1",-0.226328974709108
"DONSON",-0.226392361306878
"HSCB",-0.227250992363709
"AOC3",-0.228104014402562
"LAMC3",-0.228442611351148
"SLC7A2",-0.228482598969782
"WARS2",-0.228583642524165
"CORIN",-0.228832271361166
"PCDH1",-0.22904104331116
"IGSF6",-0.229876067020866
"OR7E94P",-0.229876067020866
"LTF",-0.229896095198609
"TBX18",-0.230094706996356
"BEAN1",-0.230737347441099
"TRUB2",-0.231256306743599
"COL4A3",-0.2317073254275
"CPNE1",-0.232280757531532
"HSFY1",-0.232368348387049
"HSFY2",-0.232368348387049
"LINC00092",-0.232368348387049
"LOC105376159",-0.232368348387049
"SLC12A8",-0.233128609560581
"CAPN6",-0.235064005587938
"SAFB",-0.236482359447649
"ANTXR1",-0.237412046259251
"ZNF511",-0.237645580188961
"SGPP2",-0.23768935308322
"NPEPPS",-0.237766668544429
"GNL3L",-0.239088102218668
"DECR2",-0.239410296331614
"SYNGR2",-0.239509582348589
"LINC00581",-0.239868697658023
"LOC107984574",-0.239868697658023
"GNRH1",-0.240112736212622
"SHBG",-0.240166295266483
"DEAF1",-0.241019444689066
"LOC101927745",-0.24114509185803
"LOC105369302",-0.24114509185803
"SPINT1-AS1",-0.24114509185803
"CEP104",-0.241175928714611
"IKZF3",-0.241193016836567
"LGMN",-0.241296340569516
"EFTUD2",-0.241345709447863
"QRICH2",-0.241497465996847
"MINDY2",-0.241967271676316
"ARHGEF5",-0.242032540214242
"SMOC2",-0.242465003306822
"C19orf33",-0.242526411197265
"FST",-0.243061234417891
"BSPRY",-0.24336115736038
"MYO1C",-0.243970236910795
"EVC2",-0.243971640988185
"GADD45G",-0.244339945507233
"SLC44A5",-0.244685961073239
"PKNOX2",-0.24495910745926
"PIGU",-0.245004070306333
"FBP2",-0.245893295927452
"PTBP1",-0.246461701132682
"USP40",-0.246656809825568
"RIPK3",-0.247517449247824
"YBEY",-0.248395927364062
"PRSS50",-0.249649312834947
"RLN2",-0.249649312834947
"RPL21P45",-0.249649312834947
"ZKSCAN8P1",-0.249649312834947
"ZNF407",-0.250293620283539
"CHRM3-AS2",-0.250588073173771
"EIF3KP1",-0.250588073173771
"PPIAP39",-0.250588073173771
"SLCO1B1",-0.250588073173771
"ZNF790-AS1",-0.250588073173771
"UQCC5",-0.251081802979194
"ARRDC4",-0.251231138124082
"GRIN3A",-0.251282154938859
"ZNF551",-0.251904291071438
"FAM171A1",-0.252034669796093
"FAH",-0.253297680458638
"DGKB",-0.253344966334587
"CD160",-0.254020120308692
"TMEM243",-0.254047466314754
"CEMIP",-0.254627396590385
"KCNE4",-0.255283400030399
"GALNT14",-0.255499923039606
"TAFAZZIN",-0.255951512285433
"TCP11L1",-0.256022972535464
"OR1N1",-0.25629095008844
"RIIAD1",-0.25629095008844
"C1orf210",-0.256333758466958
"ELAPOR2",-0.256547418212745
"PIGL",-0.257417232865937
"MAF",-0.258111065635398
"KBTBD4",-0.258260566832327
"CSNK1A1P1",-0.259261205072436
"GAS8-AS1",-0.259261205072436
"GRM7",-0.259261205072436
"LINC00877",-0.259261205072436
"LINC02014",-0.259261205072436
"RPL23AP22",-0.259261205072436
"RPL23AP23",-0.259261205072436
"WWC1",-0.259535369250565
"PITPNC1",-0.259646689062354
"WDR1",-0.259988929517323
"HNRNPA1P23",-0.260282069329444
"IFNA5",-0.260282069329444
"IGHV1-14",-0.260282069329444
"LINC02915",-0.260282069329444
"LOC100288073",-0.260282069329444
"RNF139-DT",-0.260282069329444
"RPL32P26",-0.260282069329444
"SCMH1-DT",-0.260282069329444
"SSU72-AS1",-0.260282069329444
"SLC8A1",-0.26124500241769
"ZNF74",-0.261377653197252
"G3BP1P1",-0.26211287965421
"S100A6",-0.262731109132947
"MSC-AS1",-0.262742080302244
"GPAT4",-0.262753970675712
"ETS2",-0.263049769236716
"ANLN",-0.263578193961808
"LOC124900354",-0.263750516780495
"LOC124902060",-0.263750516780495
"RN7SL680P",-0.263750516780495
"TM4SF20",-0.263750516780495
"MYCL-AS1",-0.264026502199758
"NAGLU",-0.264217923175053
"COL10A1",-0.265550206533708
"CPLX3",-0.266647669285165
"CES4A",-0.266968408792411
"SIPA1L1",-0.26754279833229
"MEX3C",-0.267863967334495
"LOC105371348",-0.268062790566569
"TERF2IP",-0.268062790566569
"LOC124904395",-0.268318334538674
"PDE4DIP",-0.268318334538674
"ZFYVE21",-0.268323051485852
"CYP2C9",-0.268666233590825
"DAAM2-AS1",-0.268717697309082
"ECI2-DT",-0.268717697309082
"LIX1L-AS1",-0.268717697309082
"LOC102724087",-0.268717697309082
"OR10V2P",-0.268717697309082
"RPSAP1",-0.268717697309082
"PIGY",-0.268923228468275
"PYURF",-0.268923228468275
"ERN1",-0.269075202099489
"CREM",-0.2692887697948
"BECN1",-0.269758594995439
"FGF16",-0.269764674380033
"REXO1L2P",-0.269764674380033
"TRAV1-1",-0.269764674380033
"NOP56",-0.269886710986622
"PHF20",-0.270027391607232
"CNKSR3",-0.270229657779234
"ACTG1P21",-0.27028984855201
"ASMT",-0.27028984855201
"FTH1P2",-0.27028984855201
"GLUD1P2",-0.27028984855201
"ITPR3-AS1",-0.27028984855201
"LINC00547",-0.27028984855201
"LINC02648",-0.27028984855201
"LOC100418723",-0.27028984855201
"LOC102724577",-0.27028984855201
"LOC107986841",-0.27028984855201
"LOC124902013",-0.27028984855201
"MIRLET7G",-0.27028984855201
"OPRD1",-0.27028984855201
"RPL24P4",-0.27028984855201
"RPS2P32",-0.27028984855201
"SNORD116-11",-0.27028984855201
"SNORD92",-0.27028984855201
"SOX9-AS1",-0.27028984855201
"AAK1",-0.27036775490109
"LOC124905202",-0.270570064052439
"ABCA1",-0.27087700880447
"RHBDL2",-0.2709221834948
"CSF3R",-0.271278259257797
"TIMM50",-0.272582577715626
"WDR59",-0.27289045026078
"PTGER4",-0.274297372319114
"RAMP3",-0.274659106204054
"ANKRD27",-0.275678140081442
"LOC100131289",-0.2758621047743
"LOC105377489",-0.2758621047743
"NDST4",-0.2758621047743
"OSTCP2",-0.2758621047743
"RN7SL118P",-0.2758621047743
"RPL21P18",-0.2758621047743
"KHDRBS1",-0.276562289574027
"PPP1R36",-0.27691007883166
"SRSF3",-0.276956449545053
"RPS16",-0.277061425934641
"IL19",-0.27783164598329
"RTN1",-0.278339565443785
"SLC24A3",-0.279182663643426
"DDX11L16",-0.279363306243638
"DDX11L9",-0.279363306243638
"ZNF76",-0.279681167894833
"AP1B1",-0.279844969098251
"RRAGA",-0.280202953156985
"GRAMD2A",-0.280490326050822
"CKMT2",-0.281194588118949
"LINC02125",-0.281354625901716
"MKRN7P",-0.281354625901716
"RPS3P3",-0.281354625901716
"SPMIP3P1",-0.281354625901716
"NEK10",-0.281952227675068
"GALNT17",-0.282057936954853
"TMEM242",-0.282621182760742
"OSBPL3",-0.282696193643726
"GOT2",-0.282862535829495
"TCF20",-0.283399131185899
"XPO6",-0.283797229406791
"GBF1",-0.283956072101556
"ANP32A",-0.284234193496747
"OSCP1",-0.284278545012085
"KCNE3",-0.284367831837493
"OIP5",-0.284429559802517
"RAC2",-0.284612906381347
"MYOM1",-0.284646647236261
"TMEM64",-0.285162327261003
"LPAR3",-0.2852264181377
"HGSNAT",-0.285779791010829
"NAB1",-0.285981336152967
"ATF7-AS1",-0.286776099254324
"LOC100132172",-0.286776099254324
"NRG3",-0.287150288639073
"FOXO3",-0.287431502361746
"MTARC1",-0.288810787383404
"MRPL43",-0.289598034244318
"NEK8",-0.28994247495787
"SEC14L1",-0.290756117184955
"KRTDAP",-0.291672063974263
"POLR3E",-0.291860089592437
"CATSPER1",-0.291885599387493
"SIGLEC10",-0.291938395197032
"FAM3C",-0.292965136222189
"ASNSD1",-0.293172487652718
"FAM210B",-0.293850056436832
"FAM20B",-0.294086019781819
"NSMCE1",-0.294113488986949
"NENF",-0.294192380553698
"ZSCAN32",-0.295469855246195
"TRIM4",-0.295905094942322
"SRSF4",-0.296908889925339
"IRX2",-0.297106665612546
"OFD1P17",-0.297965678318848
"TSPYL5",-0.297975258091786
"AXIN2",-0.298000234551312
"GAL3ST1",-0.298385758269415
"IGKV2D-26",-0.298385758269415
"SCARNA20",-0.298385758269415
"EMG1",-0.298631265754973
"MCM4",-0.299724765022145
"PGM5P2",-0.299735256881782
"HNRNPA1",-0.300499800274284
"LAMC1",-0.30084833282621
"NRDE2",-0.30118883131557
"SYNC",-0.301527535791507
"MARS1",-0.301658925442525
"KDM5C",-0.30192047183558
"CTDNEP1",-0.302240436973575
"RPL17P26",-0.302995917037053
"CLDN15",-0.303028691178735
"PHTF1",-0.30403827087926
"SLC20A1",-0.304915493085891
"GABRG3",-0.30540687849413
"ALDOA",-0.305666675373374
"SMARCA4",-0.306230581657427
"RNF114",-0.307001975762628
"TDRD1",-0.307764522908855
"TRAJ27",-0.307808459847244
"ELMOD3",-0.307809011485993
"LOC107985694",-0.308740139907599
"NXT1",-0.30882300981462
"ATP5MC2",-0.309893793053012
"LRSAM1",-0.309953325077302
"ATP9A",-0.311324272688505
"FNBP4",-0.311426720241733
"UTP14A",-0.31210366784542
"ZFYVE19",-0.312341322113014
"ADARB2-AS1",-0.312457643470134
"OR6T1",-0.312457643470134
"RPS17P13",-0.312457643470134
"RPS26P12",-0.312457643470134
"TTC7B-AS1",-0.312457643470134
"ME3",-0.312710571177153
"MAP3K3",-0.313335628797558
"SYNJ1",-0.313343710420296
"FNDC3B",-0.313431153656828
"IL20RA",-0.313461100600389
"TNS2-AS1",-0.314012687157435
"CIB1",-0.314430034633124
"DLX5",-0.314471476555931
"DKK4",-0.314901949602089
"CD40",-0.315586539020768
"TMCC3",-0.315683522690812
"OXCT2",-0.316257123031213
"SRP72P2",-0.316443075319366
"H2BC20P",-0.317173568587691
"NDUFV1-DT",-0.317173568587691
"STARD4-AS1",-0.317173568587691
"TRAJ2",-0.317173568587691
"LDLRAD4",-0.31722381760724
"MYL11",-0.317395532836771
"SH3D19",-0.31746470970762
"TMBIM1",-0.31813897882582
"OAS1",-0.318199440169735
"CLTA",-0.318289104397552
"CCBE1",-0.318704208834889
"TNNT1",-0.318888205949825
"TMEM131L",-0.320253391234398
"C2orf74-AS1",-0.321755429692079
"C2orf74-DT",-0.321755429692079
"MRFAP1L2",-0.321755429692079
"H3-3B",-0.321983371978357
"ZNF672",-0.322797578376831
"TM9SF4",-0.323144173492431
"XYLB",-0.323255804649044
"CLEC6A",-0.323375217859516
"CPVL-AS2",-0.323375217859516
"LINC01537",-0.323375217859516
"LNC-LBCS",-0.323375217859516
"MIR193BHG",-0.323375217859516
"SNORD115-33",-0.323375217859516
"RBM22",-0.323526080628304
"ZCWPW1",-0.324417262880552
"OVCH2",-0.324560031317121
"EPDR1",-0.325303126444026
"TAS2R10",-0.326481735887247
"POLR2G",-0.327297311933418
"PFKP",-0.327713414699448
"REXO2",-0.328773820266724
"FZD4",-0.328881822669817
"PI4KB",-0.32915070983445
"NR2F2",-0.329575358440635
"VWF",-0.329886625796364
"SOD2",-0.330210497667388
"MBP",-0.330338868592978
"CBFA2T2",-0.33073529782746
"CCNB2P1",-0.330955234813276
"HMGB1P39",-0.330955234813276
"LINC01284",-0.330955234813276
"LINC03146",-0.330955234813276
"RPL26P35",-0.330955234813276
"RPL37P9",-0.330955234813276
"RPS10P14",-0.330955234813276
"MARCHF6",-0.331152875869427
"GCC1",-0.331967621058637
"ASS1P10",-0.332209703031298
"ATP6V0CP4",-0.332209703031298
"DPYD-AS1",-0.332209703031298
"HAMP",-0.332209703031298
"LOC105379271",-0.332209703031298
"MRPS10P1",-0.332209703031298
"RPL17P29",-0.332209703031298
"SH3PXD2A-AS1",-0.332209703031298
"USF1P1",-0.332209703031298
"VSX1",-0.332209703031298
"LRRCC1",-0.332514817932719
"OLR1",-0.332600844969813
"LMLN",-0.332608470228635
"CDKN2B",-0.333055360896129
"CD79A",-0.333487572630605
"LPA",-0.334211877291879
"CIBAR1",-0.334344762613767
"SORCS1",-0.334424570056146
"KLF11",-0.334629156592901
"ZNF767P",-0.335088907744085
"TLE4",-0.33518941030563
"PCGF3",-0.335214380162033
"KRTAP5-7",-0.335945086031441
"FAM120A",-0.336174206277038
"CCL19",-0.336467214882824
"SIK3",-0.336567810026657
"TRIM16",-0.336870416813272
"PSMB7",-0.33713996761742
"FAM177A1",-0.337194211040524
"LOC101927178",-0.337194211040524
"LETMD1",-0.337818353128095
"TIFAB",-0.338492243602624
"PGM5",-0.338586550252508
"FBXO33",-0.339021097969161
"CX3CR1",-0.339154510532648
"LGI2",-0.339225754203601
"LINC01611",-0.339296942978688
"RBM22P4",-0.339296942978688
"TCAF1P1",-0.339296942978688
"ZFAT",-0.339307480117037
"HNRNPR",-0.33975003457171
"C1QTNF7-AS1",-0.340090841758026
"LOC105373017",-0.340090841758026
"MIRLET7IHG",-0.340090841758026
"RPS6P9",-0.340090841758026
"GABARAPL3",-0.341856155646977
"LOC101929718",-0.341856155646977
"MSANTD1",-0.341856155646977
"FAP",-0.34200115448129
"ASB11",-0.342498460190283
"IGF1R",-0.342603180270671
"MAPK1IP1L",-0.342930733902232
"PARVG",-0.343262694445952
"NECAP2",-0.343307091926192
"DPCD",-0.343603153308239
"GABRB3",-0.343633497404516
"IDH2",-0.344052964087005
"MTARC2",-0.344409127480717
"RNASEH1P2",-0.344929616601812
"PLXNA2",-0.344930738373704
"STXBP2",-0.344969078866342
"LMAN2",-0.344969430514408
"SLC43A3",-0.346332480551615
"RHEX",-0.346819423507977
"AMACR",-0.347375942654813
"CCDC71",-0.347422220558757
"METTL24",-0.347866799598196
"ZNF786",-0.348076753982969
"GANAB",-0.348294866813826
"FLJ40194",-0.348591805054136
"MIR924HG",-0.348609603361895
"ATP6V0D2",-0.348739557390322
"MYOF",-0.34905779458848
"KLF9-DT",-0.349195014191603
"LOC103344931",-0.349195014191603
"MIR765",-0.349195014191603
"OR1N2",-0.349195014191603
"PPP2R5CP",-0.349195014191603
"RPL7AP5",-0.349195014191603
"CDH13",-0.349199311492267
"PRKCH",-0.349350191353381
"TAF7L",-0.349635850093793
"UCK2",-0.350884395048255
"CCDC169-SOHLH2",-0.351021419314363
"CTAGE11P",-0.351021419314363
"LILRA4",-0.351021419314363
"LINC02506",-0.351021419314363
"C2orf69",-0.351326520603586
"SPATA6L",-0.351592856049697
"WNT2B",-0.35168552347458
"DSC1",-0.351713320360713
"MCF2L2",-0.352152505127645
"PTGER3",-0.352313189130558
"BHMT2",-0.35269533915521
"GABRB1",-0.352776794029161
"SGTA",-0.353417429490278
"DNAJC5G",-0.353499828927685
"EP300-AS1",-0.353499828927685
"LMO7DN",-0.353499828927685
"LMO7DN-IT1",-0.353499828927685
"OMP",-0.353499828927685
"RPL23AP57",-0.353499828927685
"RPL7P23",-0.353499828927685
"SPINK4",-0.353499828927685
"NDUFB4P1",-0.35406838977319
"NRDC",-0.354549639247839
"PLPP2",-0.354817363957227
"SLC6A8",-0.35541612920103
"CHTF8",-0.355818896599843
"C9orf43",-0.356026440590916
"MAP3K8",-0.356041098504347
"GAS2",-0.356092582586928
"GFRA3",-0.356109003957308
"ZNF609",-0.356543397746442
"HERPUD2-AS1",-0.358357006278454
"IGFL2-AS1",-0.358357006278454
"RPL7P19",-0.358357006278454
"TP63",-0.359267363380789
"IL32",-0.359548630729366
"STX11",-0.359793668148319
"PHPT1",-0.359806867192689
"ANKH",-0.36023482498928
"TRAJ34",-0.361535318888885
"ST8SIA1",-0.362669900683202
"LOC101927018",-0.363156417554426
"TMEM253",-0.363649624051857
"MAPK13",-0.364588619914499
"AKAP10",-0.366453035358423
"RNU5B-1",-0.366501597299875
"PDK2",-0.366901766773091
"GLIPR2",-0.366927940134197
"OXGR1",-0.36741269760907
"TIMM8A",-0.370299768130514
"TNPO1P2",-0.370305749032879
"SCN1B",-0.371110929509852
"MOK",-0.371627583042375
"EXT1",-0.371690458068683
"MAN2B1",-0.372291059773067
"ACSL1",-0.372937033286585
"ADA2",-0.373077401441168
"SDCBP2",-0.373248211759374
"KIR3DX1",-0.37350205506961
"TRIM51BP",-0.37350205506961
"CA3",-0.373576301303234
"LARP1",-0.373669627541617
"KCNJ5",-0.373834006344997
"LRRC37A17P",-0.373871327945479
"ICE1",-0.374049679863686
"PLEKHA2",-0.374865076125991
"SPATS2L",-0.375743548896137
"GJA9",-0.37621548615294
"KDM8",-0.377008570558907
"FAN1",-0.377336533116003
"FOXI1",-0.377552727024329
"PIGC",-0.377759685203056
"TMEM169",-0.378704471846411
"NME2",-0.379165861230536
"LDAF1",-0.379171854885363
"EIF4EBP1",-0.380022269339519
"DERL1",-0.380028064041485
"ANKRD30B",-0.380160702675
"WDR86-AS1",-0.380160702675
"ACP4",-0.380208874676526
"UROD",-0.380552404848908
"SLAMF7",-0.380559353581069
"LOC105378842",-0.381717908878162
"OR2L3",-0.381717908878162
"RNF34",-0.382569589314007
"IFI27L2",-0.382845712013319
"VMA12",-0.382978872795617
"RPL8",-0.384672309840143
"C2orf42",-0.385027143001239
"TAF10",-0.385167028383215
"SGIP1",-0.385559838949331
"CES2",-0.385667973096728
"MAMDC2",-0.38568271218273
"VPS25",-0.385716535895963
"L1CAM",-0.385849072401121
"VRK3",-0.386486030204282
"TRDMT1",-0.387002948475417
"TBC1D12",-0.38707510533498
"H1-2",-0.388143806782256
"KLK13",-0.388295018917385
"ASCC2",-0.388682517362749
"TRPM1",-0.388738642582803
"B3GNT5",-0.388961550689732
"HMGB1P33",-0.389096015588681
"HSPA8P4",-0.389096015588681
"MIR650",-0.389096015588681
"CTSV",-0.389187481985993
"DDA1",-0.389196682614201
"SUFU",-0.389298699477473
"SIDT1",-0.389698654110193
"PINK1",-0.390254626168921
"KRT18P52",-0.390341298290524
"LINC02774",-0.390341298290524
"LINC02882",-0.390341298290524
"SNORD83B",-0.390341298290524
"IDNK",-0.39102600280516
"ELN",-0.391703813904418
"NFIX",-0.392019444182461
"ARIH2OS",-0.393258053893286
"COCH",-0.393460782427177
"TRHDE",-0.393470219274958
"BTG3",-0.394778455818304
"STX5",-0.394956997858477
"CDH5",-0.395307035087775
"CCDC174",-0.395318655866228
"OS9",-0.395469829038588
"GTF2A1L",-0.39583800904008
"RPL31P22",-0.39583800904008
"RALBP1",-0.396395966412569
"UTP23",-0.396609138372706
"ZNF337",-0.397171656491744
"NDEL1",-0.397237237099895
"RBMS2",-0.397469941257151
"KMT2E-AS1",-0.397596302701454
"LHFPL3-AS2",-0.397596302701454
"CARD6",-0.397657127514789
"CRIPTO",-0.397881721412952
"H2BW3P",-0.397881721412952
"LINC01905",-0.397881721412952
"LL0XNC01-250H12.3",-0.397881721412952
"LOC112268239",-0.397881721412952
"MANEALP1",-0.397881721412952
"RBP3",-0.397881721412952
"SNORD113-2",-0.397881721412952
"HEPHL1",-0.398023067292692
"PID1",-0.398121669282434
"RMDN1",-0.398533006491229
"AGAP2-AS1",-0.398993447830333
"CFHR4",-0.399070432701233
"ELOA-AS1",-0.399070432701233
"MIR938",-0.399070432701233
"RPL14P4",-0.399070432701233
"RPL21P40",-0.399070432701233
"MGAM",-0.399723474750573
"TFAP2A-AS2",-0.40031265811991
"PLCH1",-0.400744992197011
"TAF12",-0.400838798694557
"SPDYE5",-0.401191118376022
"ZNF571-AS1",-0.401767774530868
"GEMIN5",-0.402785020865436
"FDPS",-0.402875037978921
"C14orf39",-0.404015063470845
"SPINT2",-0.404065848585572
"SMIM7",-0.404195647595918
"SCARA3",-0.404489126121968
"CFAP221",-0.405021468896703
"HMGCLL1",-0.405713050595301
"MSRB2",-0.406081152055667
"GDF3",-0.40645267257774
"HOXA11",-0.40645267257774
"RPL7AP76",-0.40645267257774
"SNORA36A",-0.40645267257774
"SPDYE17",-0.40645267257774
"TRAV16",-0.40645267257774
"TRAV39",-0.40645267257774
"KRTAP10-12",-0.406534269089821
"LOC105374998",-0.406534269089821
"BMS1P14",-0.406636011906761
"FANCE",-0.407368292320034
"CD8B2",-0.407899027637213
"GOT2P7",-0.407899027637213
"HMGB3P28",-0.407899027637213
"LOC102723324",-0.407899027637213
"LOC102723690",-0.407899027637213
"RPL31P62",-0.407899027637213
"RPS27AP11",-0.407899027637213
"SLC25A5P1",-0.407899027637213
"ACVR1C",-0.409134409483933
"OR7E7P",-0.40919901643315
"MCM3",-0.409473127450823
"ZNF587B",-0.409755638430838
"SLC7A5",-0.410148494596947
"ZFYVE1",-0.410506132552619
"ZNF829",-0.410512213055499
"PROX1-AS1",-0.41058017037638
"RPS3AP44",-0.41058017037638
"SNORA22B",-0.41058017037638
"TENM1",-0.410848511425101
"WASH9P",-0.410984829384351
"ST3GAL6",-0.412515516355027
"ECSIT",-0.412635709642978
"SEC23IP",-0.412748106292219
"SNX1",-0.412867062024704
"SEPTIN2",-0.41369873246401
"NCOA5",-0.413983488693795
"CERS2",-0.414139843067073
"SNRPA",-0.414408889083705
"EDIL3",-0.414416183189631
"TG",-0.414417270654768
"NAA60",-0.414686847131012
"MT1P3",-0.415049660027403
"RPL7AP31",-0.415049660027403
"SALL4P5",-0.415209246229665
"TRAJ12",-0.415209246229665
"ABCB6",-0.415238605861887
"CTDSP2",-0.41563408691416
"MEIOSIN",-0.415690398589483
"PHACTR3",-0.415920886116601
"HPN",-0.415927867605563
"SMAD3",-0.415938363242514
"SPAG1",-0.416224406062089
"EFHB",-0.416922895436029
"KLK4",-0.416922895436029
"LINC02072",-0.416922895436029
"LINC02073",-0.416922895436029
"LOC105370174",-0.416922895436029
"LRP4-AS1",-0.416922895436029
"RPL34P10",-0.416922895436029
"RPL34P5",-0.416922895436029
"RPL6P13",-0.416922895436029
"RPS15AP6",-0.416922895436029
"RPS3AP37",-0.416922895436029
"SNHG27",-0.416922895436029
"ASB15",-0.416996090270648
"SPRYD7",-0.417155826201507
"ACOT13",-0.417219483162549
"NANOG",-0.41803110878926
"TBC1D3F",-0.41803110878926
"UGT2B15",-0.41803110878926
"TPM3",-0.418265559235348
"RNPC3",-0.418794548165331
"ACOX2",-0.4190904861907
"CHDH",-0.419281587482576
"SELENOS",-0.419407940059275
"CASTOR2",-0.419773783639992
"ZNF394",-0.420105788252341
"IFT172",-0.420198773470287
"MED27",-0.420601851997861
"ERRFI1",-0.421040594656265
"LAMTOR5",-0.421362764855916
"CCDC85A",-0.421476134904392
"HMBS",-0.422015915940508
"RCBTB1",-0.422239909759113
"LOC102724497",-0.42243915178077
"RPL26P32",-0.42243915178077
"SHANK2-AS3",-0.42243915178077
"WASH3P",-0.422985526736795
"EXOSC3",-0.423221474956677
"GPT2",-0.423493926882295
"BUD31",-0.423673857628154
"LOC102724135",-0.423912211225197
"GBP7",-0.423921019399719
"PNMA3",-0.423921019399719
"SH3KBP1",-0.424555141193783
"SFMBT2",-0.424663355834282
"TTN",-0.42467046550454
"PRKAB1",-0.425378218848126
"DDX55",-0.425708620519575
"METTL6",-0.426136387692978
"RNF185",-0.426338115407338
"DNAJB6",-0.42636774744565
"LOC107985380",-0.426806245695603
"MALSU1",-0.42689228312336
"PGA3",-0.427042307784311
"SRPK2",-0.427135563669422
"REM2",-0.427157088042142
"LARP4B",-0.427287057037353
"PMS2CL",-0.427338673435904
"PHLPP1",-0.427370352554769
"RAB24",-0.427601929507814
"COX4I1",-0.427757799126428
"TMED4",-0.427885949017016
"RNF10",-0.428259220352153
"TRAV36DV7",-0.428282417496526
"RABEPK",-0.428688690983775
"HCAR3",-0.430087685563382
"STAC3",-0.430187918746693
"CTPS1",-0.430364888281737
"TGFB2",-0.430570529590418
"LRP5L",-0.4307489165949
"KIAA0408",-0.430898565202185
"IFNGR2",-0.431484299719319
"ALAS1",-0.431661126001263
"GIPC2",-0.432540809059404
"PLTP",-0.432548132293487
"TMEM244",-0.432580014045917
"TRAJ14",-0.432580014045917
"TAF5L",-0.432599214920737
"C5orf15",-0.432807147663426
"MYL1",-0.433070890830621
"MTMR3",-0.433894404060537
"NUDT19",-0.434132708294917
"PRF1",-0.435082857719515
"SH3RF1",-0.435613450975132
"IFT43",-0.436212409675797
"DCPS",-0.436344868624694
"TEX264",-0.437495331066254
"SPRY3",-0.437545440068266
"STK31",-0.437589852898949
"HHLA2",-0.437654195038535
"RPL5P17",-0.437654195038535
"SCARNA14",-0.437654195038535
"SNORA11B",-0.437654195038535
"SNORA41",-0.437654195038535
"SNX17",-0.437658264031304
"ERCC6L",-0.43772263367032
"WSB1",-0.43779380116004
"GASK1B",-0.438368057876393
"SLCO6A1",-0.439406927454392
"PLK2",-0.439514831182336
"PCYT1B",-0.439879785483704
"FYB1",-0.440636540839737
"DUSP5",-0.441059355800071
"LTA",-0.441189890668088
"PTPRR",-0.441189890668088
"RPL36AP11",-0.441189890668088
"BUB1",-0.442559539889274
"PRKN",-0.442640771868353
"TMEM231",-0.443391663156155
"DAAM1",-0.44344267203931
"NCBP3",-0.443960450081099
"KAT6A",-0.444287340667403
"TRAPPC10",-0.445295776855716
"ZDHHC9",-0.445607008823483
"CYP3A43",-0.445634564902879
"FLNB",-0.445682068265845
"BAAT",-0.44638398952004
"FAM66B",-0.44638398952004
"THAP7-AS1",-0.44638398952004
"TRAJ37",-0.44638398952004
"ORMDL3",-0.446627728792798
"THRAP3",-0.447965883009655
"LAMTOR3",-0.448122312265577
"CARD8",-0.448308495767164
"TIAM1",-0.44831966406995
"LOC107984948",-0.448936700043161
"FXYD5",-0.450323051472734
"PDCL3",-0.450328257059201
"ENTHD1",-0.450769858744157
"SERPINB7",-0.450902640786628
"H2AC19",-0.451448212752821
"STYK1",-0.451657571714727
"TTC39B",-0.451821615367087
"ZCCHC4",-0.452206773204877
"CLCN5",-0.45251161560327
"RPL18",-0.452525814932176
"MBTPS1",-0.452955272296457
"PRPF4",-0.453028459200125
"PLCXD2",-0.453641838076795
"RUBCN",-0.453912277897163
"MSL1",-0.454843785648906
"TAGAP",-0.454880781834976
"EPIC1",-0.454920146994954
"FAM225B",-0.454920146994954
"OR52K1",-0.454920146994954
"RNVU1-28",-0.454920146994954
"RPL23AP37",-0.454920146994954
"RPL32P7",-0.454920146994954
"RPS26P21",-0.454920146994954
"TFGP1",-0.454920146994954
"MUTYH",-0.455103228735174
"MAN1A1",-0.455149112902842
"CCNI2",-0.455611589336003
"BHLHE40-AS1",-0.455664438321896
"LRRC51",-0.456066960863761
"FUZ",-0.456077899706403
"TRAPPC9",-0.456461102592125
"CCDC39",-0.456474746918362
"COX7BP4",-0.456553666011164
"LOC102723323",-0.456553666011164
"RDUR",-0.456553666011164
"SNORA70I",-0.456553666011164
"TMEM158",-0.456553666011164
"SRPX2",-0.45667683155172
"KIF6",-0.456766135368625
"ATP8B2",-0.45691785073549
"CDC6",-0.457035790823739
"CDK5R1",-0.457243057969807
"PRKAB2",-0.45757545440689
"ITGBL1",-0.45800702486378
"TMEM176B",-0.45820095184635
"CH25H",-0.458228600388965
"BLID",-0.45826501529123
"GSN-AS1",-0.45826501529123
"CDK16",-0.460262712239127
"THSD1",-0.460789749245348
"RASSF5",-0.461155547160014
"GCDH",-0.46156358398328
"POU2F3",-0.462926499355561
"SNX3",-0.463287402892537
"CYCSP23",-0.463337712646665
"GSEC",-0.463337712646665
"HSFY3P",-0.463337712646665
"NMRAL2P",-0.463337712646665
"TAS2R40",-0.463337712646665
"ZNF691-DT",-0.463337712646665
"TAF4B",-0.463845833271796
"BEND6",-0.463867822621113
"EEF1DP7",-0.46451929045597
"LINC02802",-0.46451929045597
"LNCRNA-IUR",-0.46451929045597
"LOC100129203",-0.46451929045597
"LOC100294145",-0.46451929045597
"NEXN-AS1",-0.46451929045597
"RPL26P27",-0.46451929045597
"RPL34P20",-0.46451929045597
"SHH",-0.46451929045597
"MRPL27",-0.464578346536016
"BCL11A",-0.465029983361506
"HVCN1",-0.465052440757154
"ITPRID2",-0.465099044907619
"RYK",-0.465975195223899
"NUTM2A-AS1",-0.46621592818656
"TOX",-0.466442114486496
"MAGOHB",-0.466702896536252
"CYP2A13",-0.466731283842168
"SLC25A32",-0.466808135333113
"ATXN7L1",-0.467037509032489
"GNAI2",-0.467213244983864
"SIPA1L2",-0.468250821436435
"MYL6",-0.468413653981649
"CTLA4",-0.468889028336738
"ENPEP",-0.468913590449276
"NRXN1",-0.469247321754745
"CORO1A",-0.469358342109609
"DPF2",-0.470637777307004
"PSMB3",-0.470742300174954
"FBXO32",-0.470782139650602
"TICRR",-0.47100017745511
"DDX18P3",-0.4716694475967
"RPL5P5",-0.4716694475967
"NOA1",-0.471836451429015
"PSMC5",-0.471915115379085
"ENO3",-0.472045517747128
"ABCA4",-0.472299242270535
"MTCP1",-0.472710937414468
"HS3ST1",-0.472896575173385
"CTXND1",-0.472911222225357
"EMC3",-0.472911222225357
"HSPB8-AS1",-0.472911222225357
"IGF2BP2-AS1",-0.472911222225357
"TECRP2",-0.472911222225357
"THAP9-AS1",-0.472911222225357
"CIAO1",-0.473227046792393
"TMOD1",-0.473454688829021
"RFXANK",-0.47379764684122
"INPP5D",-0.47381669220988
"TRMT9B",-0.473835326551814
"EFCAB7",-0.473963366112245
"SMIM12",-0.474676549349391
"SIGMAR1",-0.474700660026295
"GTF3C4",-0.474983096854757
"RPL27",-0.475753042217446
"CCT3",-0.476181911796286
"LYG2",-0.476770692728309
"OGDHL",-0.476826577674268
"AGGF1P8",-0.477137047979492
"RPL7P28",-0.477137047979492
"HEPACAM",-0.477229132515141
"COA6",-0.477592375378391
"INSR",-0.47766299522938
"CASTOR3P",-0.479333117439097
"DDX19A-DT",-0.479934515804527
"LOC101928016",-0.479934515804527
"RPL23AP81",-0.479934515804527
"RPS2P51",-0.479934515804527
"BMI1",-0.480205227018197
"TRAV38-1",-0.480817786911413
"C5orf24",-0.481402804101864
"LOC100128770",-0.481778108195631
"LOC121627959",-0.481778108195631
"RAB4A-AS1",-0.481778108195631
"TTC29",-0.481778108195631
"VILL",-0.482467531382509
"PITX2",-0.483495660879197
"LOC100287290",-0.483523157523814
"POMT2",-0.483576922800919
"CCL4",-0.483642748562497
"MEA1",-0.48435531676552
"NMNAT3",-0.484381456273737
"TYW1B",-0.484392833808519
"UTP25",-0.484784775973162
"KATNAL2",-0.484860843901197
"STX6",-0.484976926815224
"KMT5A",-0.485013034683113
"PRDX6",-0.485341507920528
"RNF138",-0.486539343456306
"RCBTB2",-0.486693828186725
"ARHGEF7",-0.486781773863695
"BIK",-0.487022276634948
"DFFA",-0.487787044044567
"IYD",-0.488427864306697
"YIPF6",-0.488525234288392
"PWWP2A",-0.488874597979806
"PBLD",-0.489830242729539
"THOC5",-0.490274028676057
"MALL",-0.49048673134237
"SGF29",-0.490530059781655
"KICS2",-0.491298029545558
"PLEKHA3",-0.492102934227594
"LOC124901447",-0.492366186890837
"RACK1P1",-0.492366186890837
"PPP1R12B",-0.492804919053655
"STAU1",-0.492898716453225
"CACYBP",-0.492902056247348
"SIM1",-0.49401195969862
"WDR37",-0.494725230964553
"FKBP4",-0.494872508361435
"IRAK1BP1",-0.49580502511833
"TMEM92",-0.49626809735417
"ASAH2",-0.496476039478195
"ZNF641",-0.496628615203689
"SLC36A4",-0.496663802779536
"GNPDA1",-0.497092447839554
"FNTA",-0.497338770220127
"SLC37A1",-0.49796332342497
"ST20",-0.498465938937434
"CTSF",-0.498678763435335
"RIN2",-0.499130982803213
"DENND2D",-0.499167554475554
"TRAJ38",-0.499511673977727
"CPSF1P1",-0.500132582700853
"KNOP1",-0.500306632221551
"KCNS3",-0.50053991435078
"NAPEPLD",-0.500795672003311
"APBB2",-0.500849150380193
"XPR1",-0.500990397391654
"OR2W3",-0.501891504529759
"NOLC1",-0.502734856601298
"DCAF12",-0.503373446282991
"PPIL2",-0.503703991726619
"SNX27",-0.504220049334874
"DGKA",-0.504864466584961
"HTRA2",-0.505075172494322
"SNX16",-0.50508528277598
"ZNF599",-0.506109647971418
"FABP6",-0.506353789165451
"SLC26A4",-0.506616661808432
"TTTY10",-0.507269307638284
"PAX6",-0.507335964014424
"IDO1",-0.509688757463513
"PPIAP49",-0.509704182396787
"TBX15",-0.510005071920622
"ISY1",-0.510180079638808
"TTC21A",-0.510383013388897
"ISCA2",-0.510422625311581
"CNNM4",-0.510528747915651
"COL17A1",-0.511092622985627
"RPL27A",-0.511198671856013
"STK24",-0.511201019911929
"BMAL1",-0.511262991282977
"MTERF3",-0.511602930861616
"FAU",-0.511663109104463
"DDIT4L",-0.512116583812448
"ZNF367",-0.512143772503612
"LOC112268384",-0.512390878781425
"MTA2",-0.51282163288033
"ALG13",-0.513362645252631
"MBD2",-0.51344656222559
"MDN1",-0.513515172092342
"MED8",-0.51411143833315
"SLCO2A1",-0.515434208259206
"DTD1",-0.515459388580265
"MED28",-0.515764772056843
"RNF135",-0.516008200592809
"PSMG3-AS1",-0.5161664963835
"CRCP",-0.516185831665125
"ZNRF1",-0.51680694233989
"DZIP1",-0.517117309141597
"LOC124900332",-0.517682455486456
"SMANTIS",-0.517682455486456
"TMEM74",-0.517682455486456
"ZNF652-AS1",-0.517682455486456
"CEP89",-0.517887137845833
"AIFM2",-0.518940991595429
"SNX22",-0.519026009050393
"HJV",-0.519774956661481
"HOXD13",-0.520217596467692
"NFE2L3",-0.520285184959767
"RNF20",-0.520865595241283
"LCE1B",-0.521459311739466
"PITRM1",-0.522665620369674
"LOC102546299",-0.52281942290279
"KRT18P62",-0.524260853400757
"LMF1-AS1",-0.524260853400757
"SIGLEC15",-0.524260853400757
"ZNF679",-0.524260853400757
"SLFN12",-0.524675833821875
"TRIM29",-0.524870811920782
"UBE3B",-0.524897173348578
"ACSBG1",-0.52497639802039
"EIF2S3B",-0.525678136135092
"RPS2P47",-0.525678136135092
"PRDM1",-0.52572328194092
"MAU2",-0.52669754315868
"SLC34A2",-0.526817776142269
"RPN1",-0.526948879680011
"PSMB1",-0.527260196260646
"FOS",-0.527611298702969
"PHF8",-0.527925035599372
"AGRP",-0.52806737007918
"OR2T35",-0.52806737007918
"TPSB2",-0.528075807772872
"CCDC138",-0.528778866578403
"BEND5",-0.528830216523867
"ATG12",-0.529449414052137
"SKA3",-0.529521656089941
"ITPRIPL1",-0.529755424681967
"LPCAT3",-0.530692691678974
"DUX4L25",-0.531302224168844
"GOLGA6L26",-0.531302224168844
"RFPL1",-0.531302224168844
"ARPIN-AP3S2",-0.531583163973019
"TWSG1",-0.5316049151391
"FAM32A",-0.531627514187243
"ZNF526",-0.532066863376597
"FXNP2",-0.532235253370284
"LOC105373170",-0.532392976963708
"JAGN1",-0.53249773847763
"PANK1",-0.533032204823864
"LOC105371745",-0.533693142798171
"LOC105374235",-0.533693142798171
"PRANCR",-0.533693142798171
"RPL17P50",-0.533693142798171
"RPL21P99",-0.533693142798171
"RPL35P6",-0.533693142798171
"KIAA1191",-0.534662752936708
"GALNT8",-0.534754868052055
"LAMP1",-0.53512930593913
"TM2D3",-0.535614077558553
"CDC37L1",-0.53563786418702
"LINC00278",-0.535645510139177
"NFIA-AS2",-0.535645510139177
"G6PD",-0.535744876424061
"PROK2",-0.535924327530248
"ZNF280B",-0.536009887670042
"CYTH1",-0.536827440827853
"PSMC4",-0.536886409197464
"LAX1",-0.537169204692832
"RRBP1",-0.537856766746414
"VTI1B",-0.537909993234973
"CC2D2A",-0.538673667973973
"NEXMIF",-0.53878335745444
"PRKDC",-0.539046547888491
"RIPK1",-0.539078592553071
"FKBP9P1",-0.539354569795869
"MXD1",-0.539434345805527
"BBIP1P1",-0.540100722121622
"LOC100310782",-0.540100722121622
"OR2D2",-0.540100722121622
"SON",-0.541042606108998
"ANXA11",-0.541641769945327
"GUSBP11",-0.541664012526336
"GPRIN2",-0.541755294560977
"GXYLT1P5",-0.541755294560977
"PARP4P3",-0.541755294560977
"RPL17P38",-0.541755294560977
"PALLD",-0.542628836278798
"H2AZ1",-0.542681297730928
"C10orf90",-0.542956262611727
"MIA",-0.543073039560902
"ZMYM4-AS1",-0.543599007521296
"GSK3B-DT",-0.544168055198407
"ITGAEP1",-0.544168055198407
"LOC100507336",-0.544168055198407
"NUTM2B-AS1",-0.544168055198407
"RNA5SP429",-0.544168055198407
"ZC3H10",-0.544456825401814
"ZSCAN30",-0.544531156735694
"PCSK6",-0.544773907379793
"CAMSAP1",-0.546150944634958
"ZKSCAN4",-0.546283904788774
"CANX",-0.54644810458399
"IL2",-0.547363681497748
"SFXN2",-0.547626897985652
"LINC02405",-0.547841960838919
"LOC107984450",-0.547841960838919
"PGAM1P5",-0.547841960838919
"RPS18P14",-0.547841960838919
"BARX2",-0.548425233185896
"BPIFB2",-0.548582129963465
"RNGTT",-0.548690236051287
"PRMT5",-0.549216007658186
"PRR14L",-0.549276415482682
"SMPDL3B",-0.549335252919994
"KNOP1P2",-0.549941471510532
"LOC124904546",-0.549941471510532
"MS4A3",-0.549941471510532
"OR52B6",-0.549941471510532
"ZNF587",-0.550156558910446
"PCDHGB7",-0.55020539011738
"LARS2",-0.550481988779747
"FAM240A",-0.551688170660642
"RPS12P17",-0.551688170660642
"MAN1B1",-0.552132168370171
"ASL",-0.552446127458929
"PSTK",-0.552572180055579
"AGO1",-0.554358825369805
"CXCL14",-0.554622043369866
"MMACHC",-0.554931799744877
"MORF4L1P5",-0.555254564870904
"OR7E102P",-0.555254564870904
"PGPEP1L",-0.555613775488554
"CRTC3",-0.557276338568098
"DUSP16",-0.557420809880933
"AK7",-0.557588536598117
"CYB5R2",-0.557626614743513
"HIF1AN",-0.558589649271461
"C1QTNF9B",-0.558788592507545
"MTMR4",-0.559109792984452
"TIMM10",-0.559193600880469
"HDAC8",-0.559341502809482
"PRKCD",-0.559476871235655
"QDPR",-0.559504057293613
"GTPBP8",-0.559723143196467
"LSG1",-0.559923180212053
"NECTIN4",-0.560140986113222
"APOBEC4",-0.56072584246574
"ENKUR",-0.56072584246574
"DNAJC9-AS1",-0.561006699090933
"LRRFIP1",-0.561023015815299
"CEP85",-0.561224160254991
"CRLF3",-0.56150407126361
"SLC25A28",-0.561802133154774
"UBE3C",-0.56185612747932
"SART3",-0.562064777742714
"RPS18P2",-0.562290537413946
"LOC100505915",-0.562748277901233
"KPNA6",-0.564306021276836
"UPK3BL1",-0.56482515028519
"ASB4",-0.565078033382473
"VPS26C",-0.565290720501765
"TRIM6",-0.566149205275885
"ALG1L2",-0.566931047731649
"DDI1",-0.566937656171417
"PRSS8",-0.56706305662986
"DHFR2",-0.568012937654248
"PABIR1",-0.568461384674631
"MIR31HG",-0.568844307388423
"RBBP4P4",-0.568844307388423
"ZNF532",-0.569349498640144
"RWDD2A",-0.570532257459987
"INMT-MINDY4",-0.570580192412628
"MRGBP",-0.570680219445363
"AVL9",-0.571157499056282
"MOB3B",-0.571451280369494
"RFFL",-0.571489468959433
"RPL34P26",-0.572154926793244
"PLCL1",-0.572406294476304
"WDR31",-0.572464604095003
"ACSM3",-0.572618108363602
"MSL3",-0.57406076364821
"COQ8A",-0.574150342462244
"EID3",-0.574406424558255
"PCBP1",-0.574551689562996
"SPRED2",-0.574747891912314
"DENND5B",-0.575378365288704
"ZSWIM5",-0.575540062691492
"RACK1",-0.57597818268312
"WDR5",-0.576633748570392
"CFHR3",-0.576747760679206
"SLC24A4",-0.577239464695305
"ZNF384",-0.577772454426794
"NUF2",-0.578760362396813
"KCNJ10",-0.578988093523088
"PRPF38A",-0.580418827494547
"DNAH8",-0.580578831895247
"IL11RA",-0.580645740127351
"RPA1",-0.580754023988425
"KANK1",-0.581669369434759
"RRAGD",-0.581845286306924
"EBPL",-0.582008787838031
"SREBF2",-0.584316913563006
"IQANK1",-0.58452380469917
"RPLP0P2",-0.58452380469917
"SNORA19",-0.58452380469917
"CAPN2",-0.584715978171184
"ENG",-0.584790256277989
"LOC105375524",-0.585752303013052
"LOC349160",-0.585752303013052
"NDUFB8P2",-0.585752303013052
"NIFK-AS1",-0.585752303013052
"PRSS3P1",-0.585752303013052
"RPL21P75",-0.585752303013052
"RPL9P17",-0.585752303013052
"RPS27AP3",-0.585752303013052
"RPS29P14",-0.585752303013052
"ZSCAN9",-0.585909888292759
"CSTF2T",-0.586713476088109
"ERVV-1",-0.586792006988639
"LINC00499",-0.586792006988639
"LINC01530",-0.586792006988639
"DDI2",-0.586892001255279
"PI16",-0.587115560460223
"DGKG",-0.587532196378082
"NCBP2",-0.587969379094745
"FEZ2",-0.588225965880626
"GSTK1",-0.588267633844262
"METTL9",-0.588641923426846
"KCTD10",-0.588688034547201
"SFMBT1",-0.58977457869832
"HARBI1",-0.589905445787619
"TTC39A",-0.590760941224125
"MYO1B",-0.59078752884624
"ARIH1",-0.591653660072683
"SCD5",-0.591764647668142
"CT83",-0.59220525445531
"LINC01133",-0.59220525445531
"RPS4XP1",-0.59220525445531
"HECW2",-0.592272992661694
"ATXN7",-0.592273385973031
"LMLN-AS1",-0.592366710225877
"CLPTM1",-0.592380579969344
"ZNF608",-0.592978831483971
"CKMT2-AS1",-0.593340882896647
"DDC",-0.593340882896647
"KRT18P26",-0.593340882896647
"OR10A4",-0.593340882896647
"H2AC18",-0.593503347113572
"SEMA6A",-0.593649129092953
"ZMYND12",-0.594127546910783
"TPCN1",-0.594256586586691
"XPNPEP1",-0.594521108795189
"GABRD",-0.594555886046307
"LOC100506076",-0.594555886046307
"LRRC20",-0.595137410036334
"PKD2L2",-0.595411321464326
"STYXL1",-0.596016592838972
"NPTN",-0.596464254158983
"SLC46A1",-0.596666675841494
"AKR1C8",-0.596743142716063
"LINC01090",-0.596743142716063
"RPL21P14",-0.596743142716063
"ZNF597",-0.596842174705655
"RAB15",-0.597071035654061
"FBXL2",-0.597266537262217
"HAVCR2",-0.597586741313731
"CORO7-PAM16",-0.597750088835449
"POMGNT1",-0.597916062504567
"C5orf63",-0.598296562987833
"NONO",-0.598851826922982
"NPR2",-0.599231415896532
"GTF2IRD1P1",-0.599810256758898
"ILF3-DT",-0.599810256758898
"PPM1K-DT",-0.599810256758898
"TIRAP-AS1",-0.599810256758898
"CDH7",-0.599851498494397
"OR51E2",-0.599851498494397
"H2AC16",-0.600084642011848
"DRG1",-0.600288085031958
"SCAF8",-0.60074933706568
"HCRTR1",-0.601134293702008
"EEF1A1P44",-0.601147157950387
"LINC00635",-0.601147157950387
"LINC01317",-0.601147157950387
"LINC01320",-0.601147157950387
"RPL5P34",-0.601147157950387
"SCGB2B2",-0.601147157950387
"TUBB8P6",-0.601147157950387
"C2orf76",-0.6016234790395
"DCC",-0.601689541978217
"PSMB8",-0.601936120318259
"MRO",-0.601956784002835
"ZNF318",-0.602117609753003
"STRADA",-0.602472228344151
"PLIN2",-0.602624498337561
"MUC1",-0.603738373380542
"DHX33",-0.603954765435719
"MIR340",-0.604465746351709
"SNRPGP18",-0.604465746351709
"ITGB8",-0.605689209055045
"BEST1",-0.60592871836631
"CTSH",-0.60595885701484
"MTMR14",-0.60631260653124
"ARHGAP25",-0.606750932994582
"FHIP1A",-0.606758406211966
"LINC01554",-0.60734759449849
"PSEN2",-0.608392754640924
"LOC105370534",-0.608812325769125
"SCARNA23",-0.609279172048831
"TRAV24",-0.609279172048831
"EGILA",-0.609281194512658
"ERVK3-1",-0.609281194512658
"HORMAD2-AS1",-0.609281194512658
"LOC102723654",-0.609281194512658
"COPS7A",-0.609453619187766
"C15orf61",-0.609760134145494
"ANKRD20A18P",-0.60996398642465
"MPPED1",-0.60996398642465
"PROKR2",-0.60996398642465
"MRPL44",-0.610330075989762
"PCDHB9",-0.611372637244267
"THAP12",-0.611578171035793
"PCDHA13",-0.613247826938197
"EXOSC9",-0.613976315846645
"BACE2",-0.614321142780628
"AAAS",-0.614947812076681
"TIGAR",-0.615034503550312
"REXO5",-0.615449008195935
"LINC02079",-0.615667663274524
"LOC105371767",-0.615667663274524
"IFNAR2",-0.61577051165672
"POLA1",-0.615789336233148
"JOSD1",-0.615840467559188
"PRICKLE2",-0.616425724008464
"NLN",-0.616467519386959
"GP9",-0.617425418948103
"LOC107984035",-0.617611628167847
"EPHX3",-0.617693388739403
"MYO1F",-0.618170059350533
"RN7SL3",-0.618479911907469
"B3GNT2",-0.619496381229258
"DYNC1LI2",-0.619671066917677
"PRPSAP2",-0.620150572393722
"MCTS1",-0.620357392278598
"KDM1A",-0.620384900847632
"GLDC",-0.620485561575025
"RPP14",-0.620574719902546
"MAPK3",-0.620764812405245
"NAA10",-0.620899283284045
"RPS28",-0.621087419784557
"STK16",-0.621409144633793
"ALX3",-0.622060869417068
"LINC01644",-0.622060869417068
"RBM47",-0.622184745998732
"IFI27",-0.622757977646324
"FUS",-0.622929719951952
"B4GALNT2",-0.623099192357192
"ZC3H12C",-0.623199161567095
"CAMK2G",-0.624061552167041
"SMURF1",-0.624844856926806
"LOC124906721",-0.625219399875877
"LOC124906751",-0.625219399875877
"LOC124906752",-0.625219399875877
"LOC124906754",-0.625219399875877
"LOC124906756",-0.625219399875877
"LOC124906758",-0.625219399875877
"LOC124906759",-0.625219399875877
"LOC124906760",-0.625219399875877
"LOC124906763",-0.625219399875877
"LOC124906764",-0.625219399875877
"LOC124906767",-0.625219399875877
"LOC128966593",-0.625219399875877
"LOC128966604",-0.625219399875877
"LOC128966605",-0.625219399875877
"LOC130160541",-0.625219399875877
"PYHIN1",-0.625434892395349
"NGRN",-0.626962451001794
"ACTR1A",-0.627209519003168
"LOC100419928",-0.627532401951051
"MOAP1",-0.627548856340454
"AP2M1",-0.62779002592418
"TRIM63",-0.628411814597987
"GLYR1P1",-0.628416813857681
"GRB2",-0.628467098538679
"AIF1L",-0.629513815660134
"FZD6",-0.62970806781778
"VSIG10",-0.631617578516599
"ITGB6",-0.632514807277322
"TRAJ44",-0.632880259007701
"CES1",-0.632896457468309
"FSCN3",-0.634622092031938
"NUFIP1",-0.63482539981746
"TMEM50A",-0.634837039836092
"BST1",-0.635715795623937
"CRPPA",-0.636765295166554
"SPCS3",-0.637198742640499
"OLFM2",-0.638567636608042
"CYP27A1",-0.639489880198613
"KAT5",-0.639630815587851
"GTSF1",-0.640385877687466
"H2AB2",-0.640385877687466
"H2AB3",-0.640385877687466
"LOC105370460",-0.640385877687466
"LOC105376944",-0.640385877687466
"RPL13AP11",-0.640385877687466
"DCLK1",-0.641176314565763
"HYAL4",-0.642028239486373
"LINC02175",-0.642028239486373
"RPL34P30",-0.642028239486373
"AREL1",-0.64310370880799
"ECHS1",-0.643121761793418
"SCYL3",-0.643206615249598
"GRIN2A",-0.643440062390297
"GRK4",-0.643646054002551
"OGFOD1",-0.644241276909417
"TRPC5",-0.644249457661916
"KRTCAP3",-0.644809346505296
"NRCAM",-0.645756653991764
"GNA14",-0.646004357086148
"HBM",-0.646197087852358
"TRBV11-2",-0.646197087852358
"FAM229B",-0.646664032363591
"LINC01504",-0.647244727315105
"C10orf105",-0.647785927107846
"MIR505",-0.647785927107846
"CEACAM8",-0.649411195872007
"MIR4280HG",-0.649411195872007
"MYH16",-0.649411195872007
"XPOTP1",-0.649411195872007
"GTF2I-AS1",-0.650596205062432
"RNF216",-0.651047050958254
"LOC102723752",-0.651106704414769
"OXCT1-AS1",-0.651106704414769
"SNAPC5",-0.651182663774963
"TRPC1",-0.651486170956005
"ZNF445",-0.651560540553547
"DNM2",-0.651838477527945
"CYP4B1",-0.651897207900021
"BRD8",-0.6521188644339
"DNMT1",-0.652193074881277
"BBS1",-0.652344507409054
"DHRS7B",-0.652394002452148
"TTC38",-0.652750014586186
"CYP2U1",-0.653429478411242
"AFP",-0.653648965765759
"KRTAP10-2",-0.653648965765759
"DGKH",-0.654519793658403
"LOC100233156",-0.655047296610831
"LOC124907090",-0.655047296610831
"ARPC4",-0.656311282422135
"NHLH2",-0.656788648613017
"SLC25A1P5",-0.656788648613017
"EIF3K",-0.656940430534456
"EDRF1-AS1",-0.657167207016254
"SYTL3",-0.65720696686228
"PICK1",-0.657444762701768
"SCAMP2",-0.658022529234567
"UBL7",-0.658051081155331
"CATSPERB",-0.658440471077224
"NPAP1",-0.658440471077224
"CGB3",-0.658508023843339
"NUDT16-DT",-0.658508023843339
"OR10AB1P",-0.658508023843339
"OR2A5",-0.658508023843339
"YBX1P4",-0.658508023843339
"FBXW10B",-0.658540183502058
"PEX5",-0.658722939183554
"COLQ",-0.658911148738886
"MAMLD1",-0.659733413349925
"POLR1E",-0.659767386234144
"RNF216P1",-0.659962477193395
"GRHL3",-0.65998805004395
"SNRPN",-0.660497163613928
"IDH3G",-0.660590633813743
"PAX5",-0.661062485508437
"SNORD28",-0.661062485508437
"TRBV4-2",-0.661062485508437
"NCF2",-0.661102543957661
"TSEN15",-0.661302162679759
"CD83",-0.661444966876212
"SERPINB9",-0.661698593703443
"ADAMTS19",-0.662050994844304
"CCNB1",-0.66217983793975
"TAF11",-0.66222161057368
"LOC101928893",-0.662299007619198
"PELI2",-0.662373349086457
"BRD7P5",-0.6631884937494
"MIR186",-0.6631884937494
"ARSK",-0.663834916897026
"LONRF3",-0.664084742733101
"CLUHP3",-0.66418589982679
"SNORA30",-0.66418589982679
"TERB1",-0.66418589982679
"TMPOP2",-0.66418589982679
"SPAG7",-0.665046578586764
"ZNF655",-0.665161891324409
"TGIF1",-0.665656695218106
"MINPP1",-0.665759874018325
"GJB3",-0.665824639320887
"SIK2",-0.665876120421931
"RNF8",-0.66630909915203
"STK3",-0.66644451336536
"ASMER1",-0.666484614095357
"TNKS2-DT",-0.666484614095357
"C12orf57",-0.66674979894097
"PCDHB12",-0.666826526787274
"IFIT3",-0.666829151147455
"CRACR2A",-0.666966137399612
"GNB1",-0.668107104991554
"RNASEK",-0.668238597058854
"FKBP11",-0.668311182919544
"SRPRB",-0.668796379262223
"ARPP21",-0.668883488028066
"TP53RK",-0.669069498103817
"HES1",-0.669350457490347
"GNAT3",-0.669393073400678
"TRIAP1",-0.669434535630493
"MAP7D3",-0.670317393562161
"MIR601",-0.671658226619788
"YAP1P1",-0.671658226619788
"HNRNPF",-0.671871070638231
"UBE2V2",-0.671907548415008
"ODC1",-0.672010781088447
"TFEB",-0.672161051106158
"TOP6BL",-0.673633213949791
"LINC01101",-0.673784529470849
"GPR143",-0.674008242507249
"SNORD65",-0.674051065605779
"KRT3",-0.674546096987019
"AKAP12",-0.67470106494667
"LGALS2",-0.675191693539505
"BRCA1",-0.675214449493985
"SETP11",-0.675786832275676
"UBOX5",-0.675803952031625
"GTF3C3",-0.67653499480571
"MRPL15",-0.676674301002036
"DIO2-AS1",-0.676703391450197
"MTUS1-DT",-0.676703391450197
"NXPH1",-0.676703391450197
"TCERG1",-0.676805652562717
"PSMA7",-0.67714300338415
"SORL1",-0.679134364518292
"CCDC80",-0.679194101289209
"ST13P4",-0.679604721043363
"ECE1",-0.679981584888695
"ETV6",-0.68024870073069
"IL12RB2",-0.680315210262763
"IK",-0.680442230038267
"CGGBP1",-0.680582586297469
"ADGRG2",-0.680707368215367
"RBM23",-0.680831772070994
"TMX1",-0.681092682009326
"HEBP1",-0.681267267836655
"PLAC1",-0.681647027887765
"CASP14",-0.681777383227947
"H2AC12",-0.681806808995484
"NPR3",-0.681884059334707
"CMSS1",-0.682482140443413
"LOC105374010",-0.682482140443413
"NAGK",-0.683332493415278
"MAPKAPK2",-0.683422294129251
"SFTPD",-0.683699203316209
"KIAA0319L",-0.684607699085165
"EIF3C",-0.68466852975428
"EIF3CL",-0.68466852975428
"ZFP41",-0.684672993346956
"CYSTM1",-0.684787312571165
"MED31",-0.686054376429691
"PTTG1",-0.686226901212379
"PPIH",-0.686259730229333
"RAP2A",-0.686493763854518
"TMEM97",-0.687258388428643
"TSTD2",-0.687258491278352
"PYM1",-0.688537850768145
"MED12",-0.688846956421384
"C3orf36",-0.689014723311084
"MGARP",-0.689014723311084
"TRGV9",-0.689014723311084
"FLRT3",-0.689116626984209
"DNAJC9",-0.689290331670818
"SAA1",-0.689615599720946
"RPL15P16",-0.690367530318235
"SND1",-0.690444769694568
"ADGRA3P1",-0.692844876452686
"SYN2",-0.693094467799177
"REC114",-0.693330009501088
"GTF2IP1",-0.693530529685662
"ARF5",-0.693799323106233
"PPIL1",-0.693932576588962
"GABARAPL2",-0.694765790238914
"TLCD1",-0.694937389412588
"CD74",-0.695894866438806
"HDGFL3",-0.695961728276205
"LOH12CR2",-0.696252733860166
"OR1Q1",-0.697563365401758
"MPHOSPH10",-0.697593782011583
"KHDRBS2",-0.697605388675461
"HPF1",-0.697729094656373
"SLPI",-0.698189013500175
"LIF",-0.698662275061262
"IL17RA",-0.69886972927773
"RBPJ",-0.699652129742806
"BTBD7",-0.699659844787024
"RBM10",-0.700186277847202
"ELOVL5",-0.700298154292482
"TULP3",-0.700442232406312
"ADA",-0.70251659909366
"RUNX2",-0.702752144331992
"DCXR",-0.703255969277036
"DPRXP4",-0.703391812121657
"DSCR9",-0.703391812121657
"RBM17",-0.703423493222989
"SMARCA2",-0.703673011882678
"MRPL9",-0.70406173053308
"KPNA4P1",-0.704554645764033
"LOC730183",-0.704554645764033
"RPL23AP1",-0.704554645764033
"LOC102723553",-0.704673689639681
"SMIM11",-0.704673689639681
"CARD18",-0.704808677575116
"CDH3-AS1",-0.704808677575116
"RDM1P5",-0.704808677575116
"CGRRF1",-0.704816565246482
"COIL",-0.704859963818186
"G3BP2",-0.704863155347499
"MTFR1",-0.705388221218733
"AP3B2",-0.705476693285088
"POU2F1",-0.705817482863075
"DIAPH1",-0.706466520158622
"LDHAL6B",-0.706588489934363
"MBOAT1",-0.706605143818962
"ZNF197",-0.706608587771857
"ZNF660-ZNF197",-0.706608587771857
"MTURN",-0.706635397656565
"CASP7",-0.707136197658349
"ZMAT2",-0.707180008786689
"NUB1",-0.70766670193519
"NAA30",-0.707786101467778
"ETFB",-0.708022483389153
"PMF1-BGLAP",-0.708097635440679
"HNRNPA1L2",-0.708672959811502
"ATP6V0D1",-0.709140680162679
"AP3M2",-0.709560281108949
"TRBV5-1",-0.709780609005312
"KRT40",-0.710174109175247
"KRTAP5-1",-0.710450864749859
"LOC101928764",-0.710450864749859
"RBM20",-0.710536796012031
"PTPN21",-0.710929813700896
"SSR3",-0.711322256670018
"LINC01410",-0.711658606724287
"PTGER4P2-CDK2AP2P2",-0.711658606724287
"RPL26P23",-0.711658606724287
"PGAM1",-0.711842585033175
"POLR2I",-0.712394636568603
"SGMS1",-0.712881801169857
"ARL6IP6",-0.713099817200036
"PPP3CB-AS1",-0.71354984622138
"TEDC2-AS1",-0.714174078826066
"DENND5A",-0.714774221914648
"TTC23",-0.715346159376374
"TRIM45",-0.715543854560371
"NIN",-0.71558860520588
"RSRP1",-0.7160605033573
"BLOC1S2",-0.716121002388327
"NUTM2D",-0.716278857413404
"EHD3",-0.716974515362829
"DUSP9",-0.717440309716467
"ADGRV1",-0.717896232441133
"FAM185A",-0.71848049078728
"COX5A",-0.718604462009722
"LINC01265",-0.718896837418581
"LOC124903064",-0.718896837418581
"MTMR9-AS1",-0.718896837418581
"OSMR-DT",-0.718896837418581
"PTGES2-DT",-0.718896837418581
"SUCLG2-DT",-0.718896837418581
"UCP1",-0.719112373301025
"CFAP70",-0.719609820764598
"SEC13",-0.720308808455158
"UFD1",-0.720602028732187
"NUP50",-0.720797959347674
"PAK3",-0.721128151302483
"TFDP1",-0.721284452221239
"ARMCX2",-0.721481073670166
"TMEM205",-0.721486285713905
"LINC02259",-0.721815932968183
"SSH2",-0.722092127262921
"AIDA",-0.722344347615184
"MT1X",-0.722432160869994
"OR9A2",-0.722593880441758
"DHPS",-0.722651756380606
"MCM6",-0.722781863478851
"FBXO40",-0.723618039143225
"DDX50",-0.723878164612825
"LOC105376387",-0.72408791261811
"SEPTIN7P12",-0.724363426584887
"SPACA5",-0.724363426584887
"DTHD1",-0.725655331035977
"ZNF391",-0.726043056153646
"EEF1A1P16",-0.726375112577879
"LOC119746555",-0.726375112577879
"OR7E59P",-0.726376847959076
"MX1",-0.72638029489948
"TAP1",-0.726394605196251
"ECSCR",-0.726704565461919
"TSSK1B",-0.726766239555761
"DCTPP1",-0.727096183358559
"MOCS1",-0.727431313321309
"PKNOX1",-0.727511274077842
"TSPYL6",-0.72776126582845
"RNASEL",-0.728426996256505
"PCNX2",-0.729292012625725
"PRDX4",-0.729729608340271
"LAP3",-0.729800471732539
"NASP",-0.730313799131383
"GET3",-0.73034345315384
"GPBP1L1",-0.730921164009261
"TCEAL7",-0.731128548792954
"OR1L8",-0.731200421140729
"IGKV2-26",-0.732422572071831
"OR52D1",-0.732422572071831
"PPOX",-0.732923625654503
"PFKFB2",-0.733217554199523
"OR5P2",-0.733282957075615
"MAP3K5",-0.733416816784851
"E2F7",-0.733544735135152
"LOC101927825",-0.733674017898594
"TRAJ18",-0.733674017898594
"TXN2",-0.734141191928134
"SCGB2A1",-0.734284529483021
"KIF13A",-0.734616445744961
"PER2",-0.734876445337399
"LOC112268419",-0.735072242547529
"NOX5",-0.735072242547529
"EAF1",-0.735606502877945
"ASS1P13",-0.735727892602988
"CALB2",-0.73616542714475
"HAUS8",-0.73650081669035
"DIAPH3",-0.738348410366321
"HMGA1",-0.73936940487712
"KCNA2",-0.739498295680337
"KDM3A",-0.739544738918424
"AVPR1A",-0.739879056076384
"RPL23AP25",-0.740318228854381
"FAM135B",-0.740800681408597
"NDUFA9P1",-0.740908994867076
"EWSR1P2",-0.742725159631693
"FGF9",-0.742792147906743
"GMEB1",-0.742961987820716
"PSMC3",-0.743022844963311
"GBA1LP",-0.743596903494181
"DPYSL2",-0.743804559866975
"DHCR24",-0.743863925044498
"BTC",-0.745863007061534
"JADE3",-0.746058353932423
"IFI44",-0.746171400550531
"MPI",-0.74638048024465
"LINC01665",-0.747806042565452
"EIF1",-0.748408927075857
"CSTF3",-0.748501801513223
"PHF5A",-0.749013513291552
"H3C13",-0.749075431396101
"C1orf54",-0.749359659480502
"SMIM10L3",-0.749642070099816
"HDAC9",-0.749771868135887
"PRKX",-0.749918729847646
"CCDST",-0.750420268557778
"ATP5MC1",-0.750513818059753
"PLOD2",-0.75067455613786
"TERF1",-0.751038184383175
"FCRL1",-0.75115730280864
"TTLL4",-0.751644115140008
"ARSH",-0.751754257665565
"HPCAL1",-0.752045681623006
"TPM1",-0.752207411646366
"SLC35D2-HSD17B3",-0.752610184791759
"SPATA3",-0.752610184791759
"TRAV3",-0.752610184791759
"LASP1",-0.752652388215329
"SLC25A27",-0.753696851979475
"MTHFS",-0.754342093410777
"RIOK1",-0.75440822870428
"TAF8",-0.755020165656716
"TBCCD1",-0.756016677267383
"FCN2",-0.756509163873441
"HSPB9",-0.756509163873441
"PDE7B-AS1",-0.756509163873441
"RPL32P32",-0.756509163873441
"ELP6",-0.75652331698621
"CDC42SE1",-0.756790848708565
"FAM88C",-0.758094087126258
"CSRP2",-0.75841259748345
"MMP27",-0.758740308047581
"DKC1",-0.75875321778643
"ADHFE1",-0.759365111564301
"GCLM",-0.759368369057127
"SYNRG",-0.759440954831422
"AHSP",-0.759544967395087
"TTF2",-0.759823281708023
"TBXAS1",-0.760082459489641
"TLR2",-0.760114780918404
"EGFR",-0.760124171768911
"ZNF274",-0.760532731745216
"USP39",-0.761175508957818
"C11orf42",-0.761530617155307
"RNF149",-0.762640733341535
"CLDN7",-0.762892628398797
"CDH13-AS2",-0.763344175233858
"CT75",-0.763344175233858
"KTN1-AS1",-0.763344175233858
"LOC124903285",-0.763344175233858
"PRMT5-AS1",-0.763344175233858
"POP4",-0.763810139030802
"DAP3",-0.764045104539005
"SUPV3L1",-0.764121923257488
"ZNF565",-0.764163819786391
"CYP4Z2P",-0.764196256034092
"PMCH",-0.764234003052313
"MIR623",-0.764800223761186
"LIMS3-LOC440895",-0.765450087951057
"TRAJ1",-0.766444602438024
"OLFM1",-0.766457508687894
"TAF1",-0.766825689432684
"TIMMDC1",-0.766921226057153
"POGLUT2",-0.766959557664032
"TNNT3",-0.767492940861791
"HNRNPA1P27",-0.76749507683295
"LRIG2",-0.767588737568554
"ID4",-0.767980189443563
"CDK5",-0.768016214467543
"TAF3",-0.768375684679657
"BLTP2",-0.768984009304388
"FNBP1",-0.769100424261661
"CAVIN2",-0.770024412508923
"CAMP",-0.770162798393183
"LCMT1-AS2",-0.770162798393183
"RPS26P22",-0.770162798393183
"ABRACL",-0.770186020473018
"CCT7",-0.770545046294674
"SH3BGR",-0.770692406474283
"FGF23",-0.770847516860898
"PNP",-0.770986670475312
"PRSS27",-0.77133983249984
"AQP4",-0.771416910087145
"NSUN7",-0.771674538815185
"FAM217B",-0.771748873726239
"AK3P3",-0.771805325205098
"LOC101928008",-0.771805325205098
"MYLK4",-0.771991995548571
"MKRN2",-0.772182383018036
"GLS2",-0.77228964266454
"UBE2L3",-0.772590965271424
"TRAV10",-0.773318701658986
"KY",-0.773500555534124
"TMEM245",-0.774036452368089
"CCDC87",-0.774915999444968
"HAS2",-0.775876844244674
"WEE1",-0.776116119378242
"ANGPT2",-0.776797160361627
"DMRT3",-0.776984154008218
"LOC105376193",-0.776984154008218
"SMC2-DT",-0.776984154008218
"UBA5",-0.777217386559087
"CYP4F26P",-0.779227932081178
"GS1-24F4.2",-0.779227932081178
"LINC01100",-0.779227932081178
"NPM1P17",-0.779227932081178
"UHRF2",-0.779831110676764
"ALOX12",-0.780094755491878
"ZNF740",-0.780150245745553
"RPSAP63",-0.781461494555664
"TMEM63A",-0.78247637408042
"NRF1",-0.783739363966422
"GNAO1-DT",-0.783844879798517
"PDLIM1P4",-0.783844879798517
"PPIAP76",-0.783844879798517
"MAPRE1",-0.784071786246124
"TACR2",-0.7842234565381
"HNRNPA1P6",-0.786175374092297
"WFDC21P",-0.786175374092297
"TMEM269",-0.78620824970536
"SPDL1",-0.78636804634923
"SPIN3",-0.786769315727875
"CIRBP-AS1",-0.786969416761315
"LOC101929148",-0.786969416761315
"LOC102725532",-0.786969416761315
"PPIAL4E",-0.786969416761315
"PRY",-0.786969416761315
"SLC9A4",-0.787448361515693
"SLC30A8",-0.787830016717744
"CTSL",-0.788177834606192
"UCHL1",-0.788251534088241
"FTLP10",-0.788599351910706
"LINC00652",-0.788599351910706
"LOC124906033",-0.788599351910706
"LOC124906037",-0.788599351910706
"RBM17P1",-0.788599351910706
"SCAMP5",-0.788739054917714
"IFNA1",-0.788954622285804
"NAP1L2",-0.789162022124729
"LILRA5",-0.789348099214115
"WDR38",-0.791009771283074
"LIMS1",-0.791088313915737
"CHKB",-0.791833260408937
"ZMPSTE24",-0.791960647686233
"RBM5",-0.792224936278912
"CLIP1",-0.792242474740671
"VPS41",-0.792472582249127
"POLDIP2",-0.793091607758299
"PRSS35",-0.793116519687072
"CERK",-0.793300121068985
"KRT18P59",-0.793405048864487
"GGH",-0.793441208915532
"GSN",-0.793643556893601
"TRAJ16",-0.793748347663029
"CLEC5A",-0.794239330909317
"TBC1D1",-0.794304868777007
"NFKBIZ",-0.794375789701272
"ZBTB5",-0.794956902507331
"NEK11",-0.795063876704378
"HIKESHI",-0.79537057725692
"RGS6",-0.796292425595128
"EPHB1",-0.796664757117329
"ARPC2",-0.796995457667025
"NCOA6",-0.799519814098353
"SGPL1",-0.79973366918834
"RPL7AP62",-0.799891695490787
"TRAJ40",-0.799891695490787
"CDC25A",-0.800201128538531
"UBE2Q1",-0.8002786823686
"COX5B",-0.80046465314107
"ABCB10",-0.800721382032531
"CYTOR",-0.80129087294383
"ZC2HC1B",-0.80129087294383
"ZNF584",-0.801870882668483
"ARHGEF26",-0.802098332447239
"RNLS",-0.8021902350352
"ALDH1L1",-0.802381326117291
"RBM6",-0.802904656803868
"PDLIM1",-0.804330991936656
"EPHX1",-0.804747911263215
"KDM3B",-0.805138576958263
"P2RY10",-0.805160883581016
"STAP2",-0.805561692207636
"SNF8",-0.806550436776127
"RPL26P11",-0.806929827230017
"ECRG4",-0.807031552004777
"ARMC3",-0.807805397120088
"VHRT",-0.807805397120088
"DOK5",-0.808484247506846
"ZRSR2P1",-0.809185089454731
"IMPDH1P10",-0.8092074615695
"GOLGA6L9",-0.809291037673757
"ATG16L1",-0.810637288336023
"TUB",-0.81093959944547
"ATG13",-0.811039696794972
"GRB10",-0.811213841563997
"CPEB4",-0.811279107230495
"TRMU",-0.81145427325934
"NECAP1",-0.811692133857628
"ACSF3",-0.811848379905077
"SPRR2E",-0.81211039818267
"ITGB7",-0.812271249516883
"ALDH1A3",-0.813142694060222
"DYNC2LI1",-0.813568796712555
"MAP2K6",-0.813861059683793
"ARL9",-0.813903591328503
"MT1F",-0.814073978787438
"FAR2-AS1",-0.814374823351046
"LINC01844",-0.814374823351046
"SERPINA6",-0.814374823351046
"DANT2",-0.814892353654712
"NCAM1",-0.814988118990795
"DUSP12",-0.815817157465046
"LIPE-AS1",-0.81592508157774
"LOC101930071",-0.81592508157774
"LY9",-0.816056835509297
"IPPK",-0.816525793209655
"GCAWKR",-0.816539147674016
"F3",-0.817239582233336
"PPIC",-0.817356529044184
"FZD3",-0.817532027293823
"LRRC8D",-0.817712114090954
"H2AJ",-0.817817880372057
"IL36B",-0.817856308921031
"SHLD2",-0.817939727550416
"FUBP3",-0.818120454899779
"POLQ",-0.819372660462926
"SCO1",-0.819468565422263
"ATXN8OS",-0.819691027380558
"SLITRK5",-0.819985877688802
"UPF3B",-0.820048526899699
"TRAJ22",-0.820483879491477
"RAB38",-0.820750523275174
"COPS8-DT",-0.821006003786502
"LYSET",-0.821190414527088
"PRPH2",-0.821221909570173
"KHDC1",-0.821455695292133
"CD163",-0.821921842502292
"STX3",-0.821989075922895
"GPRIN3",-0.822045470553715
"CAP1",-0.822089218861397
"P2RX4",-0.822319074520383
"FRMD3",-0.8223931332599
"UBE2Q2P13",-0.822491372341042
"UBE2R2",-0.823130233996752
"ERAP2",-0.823137907851046
"CYB5B",-0.823146083769069
"ZBTB44-DT",-0.82315671977301
"GOLGA6B",-0.824771585932406
"EIPR1",-0.825031615372668
"KRT18P37",-0.826154195848724
"HMCES",-0.826286523025669
"GCM1",-0.827727863771491
"LOC100422382",-0.827727863771491
"ACKR2",-0.827803235887479
"LINC00960",-0.828085183973886
"LMBR1",-0.828185854311904
"SLC29A1",-0.828407119301213
"ZKSCAN5",-0.829050208701134
"LINC03124",-0.829578360245673
"DTX2P1-UPK3BP1-PMS2P11",-0.830058260088803
"PDSS2",-0.830411092768154
"LINC01722",-0.83042307832486
"OR7C1",-0.831367436707981
"ZNF558",-0.831484646822383
"CCT7P1",-0.83168018603669
"SMARCD2",-0.832070266381022
"EIF3FP3",-0.832551926432378
"MIR23B",-0.832551926432378
"SLC4A7",-0.833356827905138
"SLC6A11",-0.833804480587316
"SDHAP4",-0.834278997754248
"FAM157A",-0.834682725750455
"LOC124905354",-0.834682725750455
"GDI2P2",-0.834840260243594
"PDCD6",-0.835019949426972
"ZNF346",-0.835245694501819
"AGAP4",-0.835252037559137
"RPP25",-0.836393605880338
"RNU12",-0.836623310980002
"TMEM17",-0.836921424151712
"TNNC1",-0.83704568209095
"RUNDC3B",-0.837064862080939
"TMEM131",-0.837218390662621
"GRHPR",-0.837455860931268
"ATP5MF-PTCD1",-0.837828798289481
"LOC105379814",-0.83808384212215
"CHAMP1",-0.838812133591244
"SIX4",-0.838921994629852
"DDX52",-0.839115223232236
"SRGAP2",-0.839269669188624
"ACY1",-0.840040302532434
"PPIAP88",-0.840309993167243
"RGPD4-DT",-0.840309993167243
"TIGD4",-0.841163271397038
"SYNGR1",-0.841579238631377
"TPSAB1",-0.842255884212496
"FXYD4",-0.842521777009547
"ZNF554",-0.842714200520505
"LOC100421094",-0.842815297998398
"AGK",-0.842945039279584
"SRPK1",-0.843027177891324
"CCDC190",-0.844720549791604
"YBX1",-0.845557646078153
"DNAJC21",-0.845742133251406
"SLC24A2",-0.845744367364638
"IGLV5-37",-0.846907103792353
"GFRA1",-0.847281588907803
"GNAL",-0.847426391835025
"RALGAPA2",-0.847713182418275
"KRT34",-0.847731278603941
"ARHGAP35",-0.848630153490846
"TBC1D14",-0.848666871305569
"SLC47A2",-0.848681457648364
"AIRIM",-0.848788432490372
"ZNF670",-0.850568603449824
"LIG3",-0.850687702940822
"RNF11",-0.850801610650338
"CHID1",-0.851700700736165
"LCE2A",-0.851708418902114
"CDK13",-0.852118308903275
"ASB14",-0.852711038521196
"CDK2AP1",-0.853321781495347
"EMX2OS",-0.854207255188355
"LOXL2-AS1",-0.854207255188355
"ROR1-AS1",-0.854207255188355
"LRRC1",-0.855405397259313
"ASAP1",-0.855584567425588
"BFAR",-0.856529513487027
"MARCHF3",-0.857204615681824
"RHEB",-0.857409284767765
"SEC24AP1",-0.857708189797247
"RPL3P4",-0.857745364259702
"ETFRF1",-0.858241262806096
"PSMB2",-0.858396681046683
"CDCA7L",-0.858972145576902
"GATAD2B",-0.859264884731376
"METTL3",-0.860338194397112
"SHLD2P3",-0.860690147250278
"ANKRD37",-0.861066006260108
"RAB21",-0.861163463089085
"VCPIP1",-0.861530823094654
"RPL10P16",-0.861834328718937
"BCKDHA",-0.86253791359343
"LINC02616",-0.862552554545089
"LOC101928721",-0.862552554545089
"TMEM141",-0.862919958192008
"NR6A1",-0.863609567648431
"ARHGEF26-AS1",-0.863906932628773
"SNORD6",-0.863906932628773
"SNORD83A",-0.863906932628773
"ABCA6",-0.864204641272507
"ATF7IP2",-0.864290100493822
"TM6SF1",-0.864418216921065
"GLRA3",-0.864556125276652
"TMEFF1",-0.864556125276652
"LOC254896",-0.864650239914005
"RNF14",-0.864811094145197
"HNRNPH3",-0.865101392348728
"ZNF385D",-0.865289956468519
"ZDHHC23",-0.866222098504248
"PCDH11X",-0.866984540616509
"DHTKD1",-0.867247881723335
"ERAL1",-0.867512869140792
"TCEAL8",-0.86784740467099
"ERVW-1",-0.868264151904061
"ACTG1P12",-0.868904220494066
"C1orf53",-0.868904220494066
"LINC00641",-0.868904220494066
"PPIE",-0.869402642221532
"KCNT2",-0.869412878572538
"H6PD",-0.869759207806507
"BLVRA",-0.870184155475377
"ANKRD42-DT",-0.870286629999963
"CCDC15-DT",-0.870286629999963
"IGHV4-39",-0.870304900942433
"NIF3L1",-0.870924250168942
"EIF4G3",-0.870971452251047
"MCHR1",-0.87107793660036
"RPL36",-0.871393414719356
"BATF",-0.872193864889823
"GLI3",-0.872681350206094
"DCAF16",-0.872935992410386
"SORD",-0.873089846997766
"TMEM72-AS1",-0.8731745582764
"HERPUD1",-0.87318361158992
"ESR2",-0.873331101312721
"RIPOR2",-0.874132589373354
"UBA1",-0.874341664522281
"LOC105370921",-0.875233711666659
"PHOX2B-AS1",-0.875233711666659
"ZDHHC4",-0.875637296152565
"TRIM38",-0.87571796317164
"BRINP3",-0.875921608730235
"TBC1D3B",-0.876295903997304
"TBC1D3G",-0.876295903997304
"CEACAMP1",-0.876867963691211
"LOC102723413",-0.876867963691211
"HSP90AA1",-0.877148776845892
"ASPA",-0.87725626840659
"PIGX",-0.877335944358813
"LHFPL2",-0.877464526534032
"PIK3CD-AS1",-0.877480969129153
"MUC20",-0.8775076205904
"CALR",-0.877916040913551
"GALNT4",-0.878376164334868
"GPR108",-0.880525350882077
"RTF1",-0.880983856873537
"ATPSCKMT",-0.881079863237188
"PPP2R3A",-0.881490273053603
"TCF12-DT",-0.881554003096311
"ADAT1",-0.881781937465924
"HAL",-0.881882089893388
"ADIPOR1",-0.882576719760192
"S100A1",-0.882795056249092
"KCTD18",-0.882905271797306
"HNRNPA3P11",-0.883024411616979
"POP5",-0.883031536366406
"WWC2",-0.883296381040558
"ZNF620",-0.883352326171462
"SLC25A48-AS1",-0.883651731948191
"TRAV22",-0.883651731948191
"IGHV3-52",-0.883767562604428
"LINC00964",-0.883767562604428
"NDUFB4P2",-0.883767562604428
"PKLR",-0.883856156481673
"ARL6IP1",-0.88434560920378
"VASH2",-0.884516544990917
"NCAPD3",-0.884738034786204
"EEF1E1",-0.884777928036195
"CD68",-0.884950334216811
"LRRC2",-0.885418688137001
"INSIG1",-0.886276774312507
"BLMH",-0.886463749128036
"BOLA2P2",-0.887887555293306
"ITPKA",-0.887887555293306
"SSBP3",-0.888542733845479
"SLC2A3",-0.888754173953698
"CDYL",-0.888769414261438
"ZNF79",-0.888960756800204
"LOC100287944",-0.888973922367311
"LOC100505978",-0.888973922367311
"SELE",-0.889010742035819
"PLCL2",-0.889765014150757
"KBTBD12",-0.890057161847533
"YBX2",-0.890182663875623
"SH3GL1P1",-0.890204192435525
"VIM-AS1",-0.890204192435525
"TMEM41B",-0.890346153691309
"AQP5",-0.890545114293952
"MFAP4",-0.891395278650221
"AFF3",-0.891948612404601
"SBSPON",-0.891966230040071
"MIR1262",-0.892350310831377
"RPS17P3",-0.892350310831377
"CHD6",-0.892849075324472
"CIRBP",-0.893209884641546
"PDE3B",-0.893302957268302
"NFKB1",-0.894898276770919
"CFP",-0.896040655340771
"ANP32D",-0.896300410818151
"DCDC2C",-0.896532504549292
"RPL17P24",-0.896532504549292
"CRTAM",-0.896543173020777
"XDH",-0.896568199529102
"C11orf24",-0.896634648884164
"ACTA1",-0.896918964406718
"NUGGC",-0.897451869192529
"GPR52",-0.899082348592919
"INTU",-0.8996350235258
"LRRC37B",-0.900494362731425
"PON1",-0.901782921133308
"KNSTRN",-0.902333377157718
"UBAP2L",-0.902655965167473
"PTOV1P1",-0.902807692688223
"ZNF239",-0.903022251837789
"PSMC1P9",-0.90316088923368
"FLVCR1",-0.903255378325835
"STIM1",-0.903943248212123
"GTF2IP5",-0.904134543802511
"LOC105374524",-0.904134543802511
"TNFRSF10D",-0.90422919305025
"JHY",-0.904413623227554
"PPP1R8",-0.904720306575209
"HLF",-0.904947342426392
"PDZD11",-0.905303824187287
"MAD2L1",-0.905968090186818
"ARMC10",-0.906239352147749
"CTBS",-0.90652237580389
"ZNF826P",-0.906871308153515
"TAF1A",-0.907157912335542
"MYCN",-0.9074037576339
"FAM234B",-0.907457264395666
"CASQ2",-0.907543706215354
"LOC102724159",-0.908562403369506
"RAB3D",-0.90905336977971
"CMYA5",-0.909520553440084
"PSMC1",-0.909747251431188
"DPY19L2P3",-0.910271614731736
"LINC02388",-0.910271614731736
"MRPS30-DT",-0.910271614731736
"RPL7AP82",-0.910271614731736
"SNORD110",-0.910271614731736
"TMEFF2",-0.910568950132257
"PLAAT3",-0.911425821122526
"TMA16",-0.911512394204423
"GPR3",-0.9122423205584
"ZNF684",-0.91227083809027
"C1QA",-0.91231596155404
"FHIT",-0.912604313446634
"MEDAG",-0.913403585237901
"MNAT1",-0.913572277448747
"BRINP1",-0.913721477216828
"UQCRH",-0.913976603070829
"SMIM22",-0.914067129021487
"MARK1",-0.914184994526269
"CYP3A7",-0.914191849212888
"SLC13A2",-0.914221904560595
"RNF41",-0.914305457448828
"CCL4L1",-0.914502013140027
"CCL4L2",-0.914502013140027
"TXNDC5",-0.914630233915766
"CD34",-0.915106346089537
"DAB1",-0.915135074943153
"LYPLA1-TCEA1",-0.915230194120172
"TCEA1",-0.915230194120172
"HINT2",-0.915531375053129
"FCN1",-0.915729562052349
"ESYT1",-0.916014074963793
"LINC00458",-0.916431850692776
"LINC00670",-0.916431850692776
"RNF213-AS1",-0.917233151093483
"SRL",-0.917621622522139
"MAP3K20",-0.917668254640879
"TRG-AS1",-0.918245205543858
"SMC1A",-0.919396338341962
"SOCS2",-0.919719656282754
"HIPK2",-0.919993806554924
"ACKR1",-0.920721942669433
"LOC124901016",-0.921203313188893
"N4BP2L2-IT2",-0.921203313188893
"GEMIN2",-0.921525226342267
"TUBB4B",-0.921564313490132
"ERI3",-0.92185410839974
"SLC71A2",-0.921869369127841
"MFAP3",-0.922080221417893
"TRAJ33",-0.92221999237683
"RPL36AP51",-0.922407103242824
"STPG4",-0.922407103242824
"LMCD1-AS1",-0.922630240584055
"LOC101927394",-0.922630240584055
"LOC107986009",-0.922630240584055
"MIR181B2",-0.922630240584055
"ATP1A3",-0.922811216227791
"IPO9",-0.922943527733086
"BMP7",-0.923214858864329
"SPATA31H1",-0.923327736869166
"ATF3",-0.923346127743187
"LCOR",-0.924651916257371
"EPHA5",-0.925345853424191
"DRAM1",-0.926246551234836
"H4C1",-0.926350350719997
"SLC27A2",-0.926476417825012
"DDX46",-0.926497301180905
"WFDC12",-0.926698519964849
"DONSONP1",-0.927210964840355
"GAPDHS",-0.927210964840355
"GDPD3",-0.928063372463817
"BOD1L1",-0.928407708202602
"TRAJ21",-0.928668131814493
"LINC02076",-0.928886570902358
"PPIAP52",-0.928886570902358
"PDGFRL",-0.928954481189887
"TNFSF13",-0.929700566645229
"NOVA1",-0.930582616022519
"ROPN1L",-0.930872406314738
"CFAP69",-0.931449000501742
"AHSA1",-0.932665028471069
"AP1M2",-0.932745534739577
"RCC1L",-0.93311049437645
"COXFA4P3",-0.933154115049304
"NXF1",-0.933916984817807
"ZNF235",-0.934037466408392
"TMIE",-0.934267538025684
"CD80",-0.934424572847653
"SMOC1",-0.93478373078668
"PLPP3",-0.935186787670077
"PRDM4-AS1",-0.935274756770161
"SLC66A1LP",-0.935274756770161
"LNP1",-0.935623320401641
"S100A9",-0.935644707938255
"P2RX7",-0.935741157963986
"ABCF2-H2BK1",-0.936260596917304
"KCND3",-0.936279713388221
"ZBTB16",-0.936486959709502
"SLC29A3",-0.936604493572256
"PTGIS",-0.936934062288947
"LDHAL6A",-0.938039990081914
"NAPB",-0.938075660509995
"SNORA74C-1",-0.938727371946765
"TRIM60P14",-0.938885761366385
"SCYL2P1",-0.939574311339263
"FAT3",-0.94004300610307
"DAZAP2",-0.940355082482669
"NCAPD2",-0.940542918032088
"LINC02900",-0.940596387609575
"SRARP",-0.940596387609575
"PNMA2",-0.941143476274068
"RPS7P7",-0.941143476274068
"TRAJ19",-0.941143476274068
"DCTD",-0.941354004415529
"NRIP1",-0.942256328620894
"ULK4P1",-0.942459715693076
"ZIM2-AS1",-0.942459715693076
"UNC5CL",-0.942821550904776
"VAMP4",-0.942840295252626
"RPL12",-0.943160539853454
"SLC25A2",-0.944071946524766
"LCE2D",-0.944433195580436
"TRBV10-3",-0.944433195580436
"TSBP1",-0.944433195580436
"RPSAP36",-0.944542971884439
"ITSN1",-0.945125681535771
"FCHSD2",-0.945250734402504
"MRPS15",-0.945776134681306
"CD40LG",-0.946182157736577
"LNX2",-0.946308670360563
"WDR33",-0.947724587440441
"SPIDR",-0.947768317604066
"ZBTB2",-0.94817213437933
"ENTPD7",-0.948623629654342
"MGME1",-0.948936190243478
"PET117",-0.949062799291246
"POP7",-0.949096209750483
"RCC2P4",-0.949343150814341
"IL1B",-0.949859322549273
"TNRC6B",-0.950271215285646
"MAST4",-0.95138959282927
"SNAPC3",-0.951481760596916
"YAF2",-0.951642275455422
"GSTZ1",-0.952327819954493
"CDC26",-0.952930204433866
"FCGR2B",-0.953262997439148
"IWS1",-0.953278285084632
"CCEPR",-0.954135408505136
"SLC4A11",-0.954288923721416
"APCDD1",-0.954309195386414
"SMAP1",-0.95449019153788
"ISM1",-0.954906812263396
"NMNAT1",-0.955177131714497
"PRKCH-AS1",-0.955347387570676
"KLF12",-0.956109323019303
"TSPAN14",-0.956800115360315
"BDP1",-0.95680880120523
"ALKAL2",-0.957075001340817
"LIX1L",-0.957318646633318
"PHLPP2",-0.957531504894035
"GSTO1",-0.957570888298634
"C1orf74",-0.957974608507916
"EXD2",-0.958314994938382
"LRFN5",-0.958950516648899
"TAPT1",-0.959018750045591
"ZCRB1",-0.959026100623084
"TUBA1B",-0.960582669166401
"CKAP5",-0.96073093363385
"TRAJ4",-0.960836437903753
"MACO1",-0.960862260307778
"P4HB",-0.961369492730982
"LINC02987",-0.962580549348378
"TYW1",-0.962914567362928
"PSMD1",-0.963185418249284
"MFAP1",-0.963616192200881
"MRPS31",-0.963754989836337
"SRPRA",-0.964590720811604
"PTPRQ",-0.965036290834551
"SLC12A2-DT",-0.965123578938095
"PHF21A",-0.965247005016948
"ALG12",-0.965345498815617
"ITGB3",-0.965380202967861
"RPRD2",-0.9657443239178
"RFXAP",-0.966708704640859
"ARMCX5",-0.967022080870025
"NRBF2",-0.967100657928263
"DHX32",-0.967930202895832
"ACSM4",-0.968609752487139
"CPNE4",-0.968609752487139
"SIAH3",-0.968609752487139
"BORCS6",-0.968644120911842
"KRTAP10-8",-0.968644120911842
"ARL6IP5",-0.970539117781903
"PGK1",-0.970542499361639
"RPS21",-0.970628084585815
"PSMB4",-0.970683475613572
"C1orf216",-0.970969602057771
"AFDN",-0.97105842656667
"RPL23AP16",-0.971108197756977
"EPM2AIP1",-0.971769073018654
"ACYP1",-0.971977815443056
"TADA1",-0.972582606219843
"SANBR",-0.972737800654038
"IL10RB",-0.97287855793445
"EDIL3-DT",-0.97313255851845
"DTL",-0.973203527449366
"SIKE1",-0.973554244803701
"NCKAP1L",-0.973727037318256
"FANK1",-0.973731087384693
"PEX5L",-0.974637081051673
"COPS6",-0.974839733574665
"MYO3A",-0.975018676316553
"VPS72",-0.975024733029573
"PDPK1",-0.975107850284829
"WIF1",-0.975806530852126
"CLEC9A",-0.976014017006034
"C17orf75",-0.97616376973886
"BNIPL",-0.976214853106097
"GPRC5B",-0.97670895609073
"ERICH2",-0.978472082015871
"SLC23A2",-0.978607029615225
"CHMP3",-0.979028515332159
"DNAH7",-0.979665464095806
"HLA-DPA1",-0.979722011800159
"REST",-0.980070592409336
"PNO1",-0.980950971145807
"SSR1",-0.981013810926715
"SNORA74C-2",-0.981039848850838
"CHIC2",-0.981080486380975
"HPS4",-0.981156437102979
"CSTBP1",-0.981208122052826
"LOC100131496",-0.981208122052826
"PPIAP67",-0.981208122052826
"RPS3P7",-0.981208122052826
"SPDYE2B",-0.982083021213536
"TUBB2BP1",-0.982374145483557
"LDLRAP1",-0.982387599954962
"IFIT2",-0.982428836152487
"LOC650226",-0.982825212771326
"TKT",-0.983052018190088
"IFT122",-0.983150609362395
"DOCK5",-0.984602662111783
"KLK3",-0.984890439950253
"CYP3A51P",-0.98562340569791
"JAG1",-0.985763062248942
"NAGA",-0.985968255636859
"TMEM59L",-0.987061534174307
"ALKAL1",-0.987352876607231
"RPL6P19",-0.987352876607231
"NQO2",-0.988017154668684
"PHF14",-0.988441459831517
"RFC4",-0.988577020130447
"SNORD104",-0.988617232598919
"PRPF8",-0.98959888735854
"CACUL1",-0.990099249658626
"ZNF8",-0.990289288115728
"CCN6",-0.990608671848561
"STIP1",-0.990921374414308
"ATP11A",-0.991078403796622
"MARK3",-0.991167284674175
"ZNF462",-0.991911685782675
"RPS6KA2",-0.992824531909676
"DNAJC7",-0.992825980773149
"NKAPP1",-0.992987920857815
"RPS4XP16",-0.993295770044527
"DTX3L",-0.9933408120111
"SEC61B",-0.994372622784496
"MTHFD2",-0.995444940155974
"UCP2",-0.995921533527961
"MAP4",-0.99594055996031
"CDH1",-0.995995968076998
"LOC105376244",-0.996795848293784
"SMARCE1P5",-0.996795848293784
"ZNF80",-0.996890589166023
"IMMP2L",-0.997379016906075
"PEAK1",-0.997628768478878
"PSMD6",-0.997973840048
"NXPE1",-0.998370082570116
"SLC22A5",-0.999052111823696
"ZBTB14",-0.999084010145478
"FAM199X",-0.999291373950908
"SLC6A1",-0.999770892932285
"DNASE1",-0.999868302222492
"PSMC2",-1.00008952124999
"C1RL-AS1",-1.00017618101437
"TMEM47",-1.00119327018151
"ANKHD1",-1.00165022697381
"BNC1",-1.00195224993125
"SRGAP2C",-1.00198012313525
"AHI1-DT",-1.00202520584923
"SPTBN1",-1.00215115943036
"CRLS1",-1.00242424291946
"ADAMTS6",-1.00270468715264
"AHCYL1",-1.00288830961856
"MRPS18B",-1.00293572113582
"DIS3L2",-1.00298392682162
"SELENOF",-1.00355986431149
"TMEM50B",-1.00396366551346
"LINC02503",-1.00424480376787
"WDFY1",-1.00454043131609
"LINC01821",-1.00461833203345
"BAZ2A",-1.00499611602696
"RPL23AP67",-1.00595041363083
"RPL26L1-AS1",-1.00595041363083
"TMSB4XP4",-1.00595041363083
"MRPL57",-1.00611743929004
"LONP2",-1.00805212861346
"LIN7A",-1.00811079294259
"ATP10D",-1.00822097889075
"MATN2",-1.00847459219633
"SETD3",-1.00861930305748
"TIPRL",-1.00886375938337
"TUFM",-1.00899359578616
"PUM1",-1.00991562511204
"CEP78",-1.010283087428
"EIF4E2P1",-1.01034127343922
"TCF4",-1.01050127355485
"IGBP1",-1.01064670355172
"CLCA1",-1.01173297739172
"FAM217A",-1.01173297739172
"GUCY2D",-1.01173297739172
"RIGI",-1.01255146098921
"PLXNC1",-1.0126795007423
"SRP14P2",-1.01337578277425
"ZNF34",-1.01403653631728
"MCUB",-1.01460872448982
"C3AR1",-1.01494743945946
"STXBP6",-1.01520058314923
"USP38",-1.01522710965301
"ZC3H11A",-1.01544289870855
"PPIAP10",-1.01600627260098
"TMEM37",-1.01602466835556
"PITPNM3",-1.01633276965252
"RPL22P3",-1.0175365045256
"CATSPERE",-1.01803417374547
"SLC9A7",-1.018336690598
"WDR83OS",-1.01950146748583
"RBM41",-1.02110402870301
"ZNF550",-1.02132049771371
"PRELID2",-1.02138321730998
"SDHAP3",-1.02150704341438
"DFFBP1",-1.02161838270245
"DGKZP1",-1.02161838270245
"RTCB",-1.02208110213965
"JAKMIP2",-1.02232270710129
"ZNF410",-1.02259186603152
"CEP57L1",-1.02284871364115
"KDM7A-DT",-1.02293081553048
"ABCC2",-1.023255032319
"LINC00298",-1.02338062996709
"LINC00299",-1.02338062996709
"LINC01814",-1.02338062996709
"LOC101927179",-1.02338062996709
"MIR1284",-1.02338062996709
"ZBTB43",-1.02362690714932
"SLC25A24",-1.024751861209
"RPS6P16",-1.02582993643275
"CSTF2",-1.02597998327292
"RASGRF2",-1.02644974164543
"ZNF507",-1.02651962379692
"TENT5A",-1.02684589740935
"SIGLEC6",-1.02695123798541
"METTL16",-1.02708795460188
"AAMDC",-1.02725695988937
"SLC26A5",-1.02745308820083
"MTNR1A",-1.02751677795985
"PCF11",-1.0276384635749
"SIRT1",-1.02796774048708
"CAV1",-1.02822471265195
"PTRHD1",-1.02852774379541
"SLC37A2",-1.02865274645019
"TRAJ6",-1.02884146881015
"C1GALT1C1L",-1.02931928363374
"DPYS",-1.02931928363374
"IGKV1-22",-1.02931928363374
"RPL7AP26",-1.02931928363374
"BTN3A3",-1.03022205475972
"HEATR4",-1.03049549982396
"MED7",-1.0311710131852
"PF4V1",-1.03155499586939
"RBM8A",-1.03165225334045
"SLC39A2",-1.03266960103391
"TRBV29OR9-2",-1.03270570939
"HSP90B2P",-1.03319363662063
"LOC105376070",-1.03429262976702
"EEF2KMT",-1.03456737143275
"TFF3",-1.0354088796103
"SLC9B2",-1.03579120082158
"FSTL1",-1.03659338244903
"ECE1-AS1",-1.03682660244113
"RNF14P4",-1.03682660244113
"ZNF566-AS1",-1.03682660244113
"RPS8",-1.037394565512
"LOC101928882",-1.03744972335856
"HEATR1",-1.03769804099632
"TBX3",-1.03794519796165
"DPPA4",-1.03835384921545
"MANSC4",-1.03835384921545
"C12orf43",-1.03864889466144
"SLC7A1",-1.03951418531872
"PSMD10",-1.03998431351439
"UBE2A",-1.04005039716353
"COQ2",-1.04038541962047
"POLR3G",-1.04039232184257
"SLC16A10",-1.04101705106141
"KAT14",-1.041543772292
"STEEP1",-1.04219006948157
"OSBPL10",-1.04240340100067
"ANXA4",-1.04240347478811
"SVOPL",-1.04240461164545
"CHST5",-1.04250049749371
"FERP1",-1.04250049749371
"SERGEF",-1.04299841018901
"LCE2C",-1.04301373903613
"SNX10-AS1",-1.04301373903613
"PAK1",-1.0444087831229
"THSD7A",-1.04467868437823
"GORASP2",-1.04486575196507
"MED18",-1.04520487681037
"CAPN5",-1.04530170495513
"LOC105378289",-1.04593204359374
"RSF1",-1.04607704566755
"ACE",-1.04612256985701
"SYT9",-1.04672885166099
"ZNF735",-1.04716985387251
"ANXA6",-1.04793413168041
"ILDR2",-1.04812398206543
"BUD13",-1.04881584926188
"ADPRH",-1.04899222893887
"ERCC3",-1.04899597614001
"ZNF454",-1.0493528033354
"RFC3",-1.04961973191477
"GJA3",-1.05010197035369
"KIF13B",-1.05038354224648
"SUSD3",-1.05049656832737
"GUSB",-1.05086402296573
"TMEM45A",-1.05110313833936
"C1QTNF7",-1.05148379010191
"ERLIN1",-1.0514987714636
"SNORD82",-1.05166523249567
"TJP2",-1.05223376476524
"PEBP4",-1.05312354472312
"ZC3H15",-1.05325715163138
"H3C10",-1.0535292344872
"LINC01085",-1.05370624846235
"LINC01182",-1.05370624846235
"LAMA3",-1.05462689233139
"SLC7A9",-1.05471581285383
"CAP2",-1.05487407817313
"LINC00665",-1.05496903793275
"SNORD71",-1.05496903793275
"TYW5",-1.0563317921352
"DNAJA1",-1.05645075752253
"GRM8",-1.05723823927883
"TRIM21",-1.05735917715184
"SLC25A17",-1.05752061621634
"RNF168",-1.0575791257507
"RNA5S9",-1.05893373951068
"NOL12",-1.0590331792759
"DIXDC1",-1.05912077318635
"KRT83",-1.05925451191326
"RPL21P21",-1.05925451191326
"FAM225A",-1.06003697110078
"SNORD114-21",-1.06003697110078
"RPL32P27",-1.06065712628029
"ALG2",-1.0615348249214
"M6PR",-1.06207341187753
"SAT1",-1.06232260004259
"VN1R103P",-1.06248810232747
"DHDDS",-1.06257840263195
"LONRF1",-1.06324362081379
"ANKRD29",-1.06452828683045
"UBIAD1",-1.06493780770688
"TXNDC11",-1.06508576514882
"BAZ1A",-1.06525216819196
"FRRS1L",-1.065463892156
"TBC1D7",-1.06565624217622
"TBC1D7-LOC100130357",-1.06565624217622
"FAM138B",-1.06566931599738
"LOC124906933",-1.06566931599738
"ERGIC3",-1.06571642129385
"SKIL",-1.06613326655475
"PLP2",-1.06620355131638
"PIERCE1",-1.06645326045431
"RPL21P4",-1.06645326045431
"RPL21P90",-1.06645326045431
"SLC7A14-AS1",-1.06645326045431
"IFIT1B",-1.06649753951909
"CD81",-1.06698486350977
"DIP2B",-1.06737712633322
"ITPR1",-1.06742634910771
"INPP5A",-1.06776965060112
"ANKRD10",-1.06841937745106
"NFRKB",-1.06843846663042
"GRK3",-1.06851161945009
"FANCF",-1.06851544971398
"EBF1",-1.0688936436433
"ADGRF4",-1.06902878235804
"GLRX5P3",-1.06925679355643
"LOC100422493",-1.06925679355643
"RPS3AP5",-1.06925679355643
"LAMP5",-1.06928244187116
"TCN2",-1.06929479648493
"ZFP1",-1.06958350834122
"G2E3P1",-1.07027338436263
"CLASP1",-1.0703937132872
"SAMM50",-1.07050920235043
"PPM1L",-1.0706517105447
"GPR19",-1.07128031565284
"GPR141",-1.07128255559082
"EPG5",-1.07169197821312
"SNX30",-1.07219643046777
"SCN3B",-1.07255148868779
"PSMB5",-1.07262650735013
"DOCK4",-1.07416382507463
"TMPRSS4",-1.07451881855478
"AP4B1",-1.07512975923396
"TBC1D8B",-1.0758159445591
"RRAGC",-1.07588476568634
"HK1",-1.07612558290119
"METTL2A",-1.0761460670995
"INTS9",-1.07619892645215
"ARID4A",-1.07778949529443
"RSPH3",-1.07807097548287
"HSD17B7P2",-1.07818594836029
"LOC100129456",-1.07819921826231
"SUPT20HL2",-1.07819921826231
"LOC102724624",-1.07834850311132
"HCAR2",-1.07851367672236
"CASP4LP",-1.07859663301995
"SERHL2",-1.07930632116008
"ARMC12",-1.07931659466816
"IFIT1",-1.07953379539216
"TDRKH",-1.07988179942602
"GGCX",-1.08059997960394
"GMFG",-1.08065815093414
"MIR302CHG",-1.08088688120426
"MCMDC2",-1.08092363796133
"PLPPR4",-1.08103971910465
"SASH1",-1.08228927107606
"RWDD3",-1.08241707077197
"HDHD2",-1.08276803348981
"ATP1A4",-1.08336362345396
"DUXAP9",-1.08336362345396
"LSP1P5",-1.08336362345396
"NME6",-1.08409762341229
"COLGALT2",-1.08433521020922
"PZP",-1.08437609448153
"CYP2C19",-1.08499069869454
"ERCC5",-1.08508913484731
"IFT22",-1.08552884709684
"SUDS3",-1.08567118323369
"FXYD3",-1.08569424228967
"CHMP2A",-1.08578455213924
"ZNF589",-1.08615482622049
"PRXL2C",-1.08756215209611
"IFT70A",-1.08840173781698
"PSME3",-1.08846292704529
"PRND",-1.08847796024292
"LINC00937",-1.08883948033446
"RPS10P23",-1.08883948033446
"APLP2",-1.08952777636212
"ATP5PD",-1.0896333512356
"MAP3K7",-1.08964888456102
"LINC01801",-1.09023045803748
"LINC03049",-1.09023045803748
"RPL18P10",-1.09023045803748
"XKR9",-1.09023045803748
"TRMT1L",-1.09136206014071
"CREBBP",-1.09142597348186
"KRT18P4",-1.09153320419201
"TEX29",-1.09176113652159
"ASXL1",-1.09247121784122
"PLAG1",-1.09250854807892
"INTS4",-1.09292625560026
"LOC101929583",-1.09335551511646
"GARIN4",-1.09351501047792
"LEPROTL1",-1.09365612680082
"RYR2",-1.09374545498278
"NNT",-1.09400677771121
"CINP",-1.09409827340635
"AGBL2",-1.09430836540736
"ATIC",-1.09502154481463
"PAX9",-1.09512423112897
"LOC124902825",-1.09566953982339
"LOC124905273",-1.09566953982339
"PRORSD1P",-1.09566953982339
"DUS2",-1.0956698252923
"BICC1",-1.09594247678975
"NIPAL3",-1.09597372454746
"TRUB1",-1.09605160968957
"HTR3A",-1.09659322738723
"HTR3B",-1.09713493848595
"NDUFB5",-1.09797116635732
"PIWIL4",-1.09824594943906
"DNAI4",-1.09915954582963
"PIP4K2C",-1.09976955191532
"KL",-1.09987711780801
"SRP68",-1.10051822142772
"LINC02984",-1.10110834737509
"RPS2P50",-1.10110834737509
"USP54",-1.10124764420935
"SLC35G1",-1.10149434699495
"DYNC1H1",-1.10161598932881
"TMEM25",-1.10161940784612
"IFT27",-1.10185306162452
"RNFT1",-1.10209049130518
"CEL",-1.10225522122518
"USP34-DT",-1.10266478384154
"COX11",-1.10325997886199
"H2AC11",-1.10361972731736
"NEK9",-1.10453561963684
"CHEK2",-1.1045596577035
"XPO5",-1.10484758822165
"LINC02851",-1.10493746481657
"ZNF189",-1.1055079665089
"EPAS1",-1.10558020663166
"ARMC2",-1.10572318347248
"NOTCH2NLA",-1.10652035072483
"INSL3",-1.10655725291744
"LOC100421122",-1.10655725291744
"OR5AS1",-1.10655725291744
"DCUN1D2",-1.10658409220626
"UQCR10",-1.10661499505691
"PPM1K",-1.10661755403624
"HAPSTR1",-1.10669005835115
"LAPTM4B",-1.10686239757866
"RFC5",-1.10689310025506
"TUBB2A",-1.10750626290974
"WASH2P",-1.10752542959266
"THAP2",-1.10782897826125
"CALM1",-1.10809568280769
"HELQ",-1.10819597394784
"RNY4",-1.10827998102794
"FBXL19-AS1",-1.10837899520553
"IGHV7-56",-1.10837899520553
"PCGF1",-1.10851208118796
"RAD51AP1",-1.10932893905185
"ZSCAN2",-1.10953205846081
"LRRTM2",-1.10955812309617
"TMEM232",-1.11005433992266
"TMEM198",-1.11020000844511
"BTRC",-1.11031217374942
"ZBTB34",-1.11121904419923
"UBE2H",-1.11133747878996
"IGHV2-70D",-1.11158698431751
"SLC25A46",-1.11175408070199
"CASP8AP2",-1.11177251702979
"PRKAR1AP1",-1.11203230331203
"RPL21P27",-1.11203230331203
"MORF4L2",-1.11276932971086
"IGHV1-46",-1.11371238979796
"TRAV13-2",-1.11371238979796
"TTC4P1",-1.11371238979796
"EZH1",-1.11387674709446
"ARHGEF38",-1.11412910075183
"PRKCQ",-1.11435162549642
"LOC101928283",-1.11440290227537
"POT1-AS1",-1.11440290227537
"CENPL",-1.11500833058684
"WDPCP",-1.11547430122037
"SLFN11",-1.11549015414559
"VSIG4",-1.11579580260248
"KCNMA1",-1.11660417797621
"RRAGB",-1.11897800036939
"TRAV17",-1.11914176712628
"MBD4",-1.11929685796061
"WDR89",-1.11975948707866
"LPL",-1.11989253161524
"RAET1G",-1.12035099633925
"PBDC1",-1.12043516354056
"MORC2-AS1",-1.12086300530052
"UXS1",-1.12104286979726
"SLC25A36",-1.12121802551803
"BTBD8",-1.12136815158955
"RPL3",-1.12137388810581
"NIBAN1",-1.12138803408312
"ATXN2",-1.12149255133889
"RPP40",-1.12214825733431
"CCNYL7",-1.12221891661952
"LOC107986763",-1.12221891661952
"USP17L4",-1.12221891661952
"USP17L8",-1.12221891661952
"PER3",-1.12232346397115
"CA4",-1.12324198686395
"DCAF1",-1.12382640780345
"PPL",-1.12397866556348
"RAB32",-1.12461560825866
"IGLV5-48",-1.12491769622498
"CHCHD3",-1.12622694522783
"ATP8B3",-1.12641503351767
"NLRP2",-1.12649818981629
"SPAG9",-1.12731967332185
"R3HCC1L",-1.1276449910455
"MICOS10",-1.12765736775192
"CD200",-1.12834941788824
"AQP1",-1.12865098028555
"ZNF2",-1.12877182138456
"H2AC8",-1.12918428862828
"KIF20A",-1.1293649684508
"LRAT",-1.12998484890571
"WHAMM",-1.13070169017626
"STAMBP",-1.13113885483484
"FCER1G",-1.13136470537397
"C16orf89",-1.13274935167201
"LOC100420214",-1.13336089981181
"INTS6L",-1.13378798385857
"UBL5",-1.13429171818923
"S100B",-1.13466202049886
"U2SURP",-1.13519596947444
"KCTD8",-1.1352696012855
"IL20",-1.13530696777659
"COMMD2",-1.13548711794006
"PLAAT4",-1.13556102620121
"PNMT",-1.13579658870281
"TRAJ31",-1.13579658870281
"TAF1B",-1.13579821759049
"RACGAP1",-1.13626670242346
"LINC01140",-1.1364893037833
"ZNF200",-1.1367610710725
"RPL13AP6",-1.13736391743356
"RWDD2B",-1.13810565893089
"AKAP13",-1.13879222643779
"CPSF6",-1.13946232597836
"PIGW",-1.13953907070752
"FANCD2OS",-1.14051602146458
"MGAT4C",-1.14051602146458
"SKA1",-1.14051602146458
"GNAT2",-1.14094769706354
"RUBCNL",-1.14146192210146
"GARIN2",-1.14180153013709
"MTMR8",-1.1430289534528
"LCE5A",-1.14339930935903
"TRAPPC4",-1.14340242091893
"LINC03007",-1.14369616104664
"MINDY1",-1.14472174496199
"YAE1",-1.14486722375036
"TSGA10",-1.14526973046222
"H2AC15",-1.1453715317986
"H1-1",-1.14559311802879
"FUCA2",-1.14567346726149
"ZEB2-AS1",-1.14572965242426
"B4GALT6",-1.14588554012547
"B9D1",-1.14589391520145
"FAM171B",-1.14592421046237
"ZFPM2",-1.14715360575282
"TMEM218",-1.14759337657103
"NKAIN3",-1.14803410822059
"ID2",-1.14845297230729
"ASH2L",-1.14877448790579
"RPUSD4",-1.14888034946305
"PAQR9",-1.14894376766254
"HCG25",-1.14927429622409
"RPL13AP2",-1.14927429622409
"MFSD11",-1.14936088030771
"PODXL",-1.14978240689468
"LOC124906959",-1.14979257692314
"LOC128966586",-1.14979257692314
"PGA4",-1.14979257692314
"UVRAG",-1.14980801895347
"PTPN9",-1.15018214155061
"SNRNP40",-1.15020477076252
"IGIP",-1.15091449833297
"BTN2A2",-1.15139832563036
"IQCK",-1.15190760282195
"HMGXB4",-1.15203892081185
"RBMS3-AS2",-1.15257349336082
"BASP1-AS1",-1.15294938587029
"SAA4",-1.15294938587029
"SLC19A2",-1.15330233154173
"TTC17",-1.15333360740452
"SNX7",-1.15340508596511
"CLEC3B",-1.15347507813913
"DNAAF11",-1.15424873845699
"ZNF674",-1.1559188774744
"ZNF512",-1.15592535673817
"PPCS",-1.1560131934684
"ETS1",-1.15656851811536
"DAD1",-1.15799069265155
"IPO8P1",-1.1580878355564
"LACTB",-1.15820830245688
"YTHDC1",-1.15887330478636
"ASXL3",-1.15979727225085
"CENPP",-1.15981387752333
"USP10",-1.16056807912348
"BCAP31P2",-1.16108265967625
"OR6V1",-1.16108265967625
"BUB3",-1.16136213133419
"CHD1L",-1.16188068468533
"RPL5P8",-1.1623451795477
"SLC22A24",-1.1623451795477
"PCMT1",-1.16256281676834
"MX2",-1.16284677502273
"POLR1F",-1.16336159799998
"RBM34",-1.16435487877872
"PMS2P7",-1.16440925254249
"MGAT2",-1.1645686118792
"SLC12A1",-1.16467370545307
"SLC66A3",-1.16475339611705
"PON3",-1.16583991839141
"PSMD11",-1.16604220835905
"GLTP",-1.16613080316445
"SNORA47",-1.16638264041929
"LYRM7",-1.16691371236709
"RAB31",-1.16729044812493
"SKP2",-1.16780791481193
"BTBD3",-1.16786962400333
"FEM1B",-1.16793627793526
"TMEM128",-1.1680572813044
"CD177",-1.16816021344396
"LRRC39",-1.16824495881317
"LOC283038",-1.16838173152393
"ANGEL2",-1.16877083978851
"DSTN",-1.16963922956915
"PIK3CA",-1.16981582253736
"PRR13",-1.16995604406593
"ZKSCAN1",-1.1701780794503
"PEG10",-1.17085385830852
"HTR4",-1.17131080782567
"MEST",-1.17131775977681
"RSL1D1",-1.17179258040598
"TBK1",-1.17212845477365
"AKR1C2",-1.17217680632147
"KIAA1958",-1.17234505879727
"RAD52",-1.17260937439165
"LYSMD2",-1.17273791916275
"ACTN4",-1.17283007095489
"PCBD2",-1.17284288551818
"SEPTIN6",-1.17483183172081
"RPS26P31",-1.17498680776706
"PGLYRP3",-1.17532433909375
"GBP5",-1.17541366260981
"LIN52",-1.17564898613598
"SLC10A6",-1.17582952496819
"PDZD8",-1.17611712906908
"LRCH1",-1.17614680738866
"RPL31",-1.17626012203121
"DYNLT5",-1.17635450837415
"SPRR2F",-1.17663015556271
"COPA",-1.1768509352212
"ZNF70",-1.17693205780918
"RCAN2",-1.17694902986997
"PFKM",-1.17738253537536
"PPIAP46",-1.17862599626648
"TGDS",-1.17914180334208
"LINC03009",-1.17950031718341
"POU5F1P3",-1.17961429880667
"IRF6",-1.17982687016709
"ZNF223",-1.18024402741853
"RFX5",-1.18069085628808
"PRRC1",-1.18087537257482
"ORAI1",-1.18094711902855
"BEX2",-1.18116046873294
"CYP2U1-AS1",-1.18150211097886
"LOC107986298",-1.18150211097886
"DNAJC8",-1.18208326923631
"ATOX1",-1.18355829108079
"LINC00683",-1.18388126977234
"LINC00908",-1.18388126977234
"LINC01879",-1.18388126977234
"APOBEC3G",-1.18508719349232
"LOC124905312",-1.18524739045515
"LOC124905468",-1.18524739045515
"LOC653653",-1.18524739045515
"NR2E3",-1.18524739045515
"PABPC4-AS1",-1.18524739045515
"TUBB6",-1.18537744267827
"APEX1",-1.18600843331487
"SLC26A9",-1.18624105378632
"ZSCAN16-AS1",-1.18674250724156
"TBC1D9",-1.18687175425669
"EBP",-1.18701260293578
"SYT17",-1.18714200635546
"PDE9A",-1.18791082020813
"ERI1",-1.18821317457343
"RPL23AP50",-1.18867913672739
"EXOSC10",-1.18881725051315
"TARS2",-1.18903801979774
"MED10",-1.1896771807392
"CHMP7",-1.19013684299409
"PFN4",-1.19037721081003
"RAMACL",-1.19037721081003
"MAPRE3",-1.19122424057171
"IGSF22",-1.19158447355341
"MRPL16",-1.19189085584633
"RPL10A",-1.19263713523743
"H4C9",-1.19349750634211
"BRD7P2",-1.19363319887504
"LINC00923",-1.19363319887504
"LINC02254",-1.19363319887504
"LOC101927310",-1.19363319887504
"SLC4A1",-1.193848490999
"TMEM181",-1.19431734897619
"RIC8B",-1.19464159750424
"EDEM1",-1.19467937894171
"TRIOBP",-1.19511491316239
"LAMTOR5-AS1",-1.19515555856091
"CABCOCO1",-1.19552142699305
"LINC02877",-1.19552142699305
"USP4",-1.19610476722247
"RINT1",-1.19646754091175
"ARL13B",-1.19661430038427
"MTF1",-1.19720664565178
"GABPB1-IT1",-1.19722489020278
"TOR1AIP1",-1.19729418345108
"RNF144B",-1.19729497383084
"NIFK",-1.19746600359729
"HEATR6",-1.19767855609966
"NOL11P1",-1.19782786082627
"NPM1P39",-1.19782786082627
"RPL7AP66",-1.19782786082627
"LOC105370777",-1.19852469297517
"HMSD",-1.19876709869021
"UST",-1.19934958237926
"KHK",-1.19954814325854
"ARL8A",-1.19982570297968
"TOPBP1",-1.20013999911799
"SPTLC1P5",-1.20070851977629
"RNF169",-1.20122987497409
"TMEM233",-1.20172344742703
"TRAV8-1",-1.20172344742703
"LPIN1",-1.20183825248615
"TRAF5",-1.20282703644426
"DCPH1",-1.20286076512231
"ZNF32",-1.20337688287087
"CCDC198",-1.20371381102918
"TRAJ11",-1.20371381102918
"LOC100289230",-1.20388528453908
"RPS11P5",-1.20394709949318
"VMA21",-1.20542807724148
"B4GALT3",-1.20604994162848
"OR4F7P",-1.20621205525359
"PRC1-AS1",-1.20621205525359
"TNNI3K",-1.20626842710363
"HM13",-1.20665386732287
"FOXD4L1",-1.20736993088606
"DIRC3",-1.20742152388477
"COPS5",-1.20843681226171
"FGF18",-1.20867796057305
"RGS13",-1.2093537791007
"GPR82",-1.20950421457055
"TRNAU1AP",-1.20983992748842
"FBXO34",-1.20997920121379
"LRRC8C",-1.20998579614115
"ARMH4",-1.21046106401308
"UBE2K",-1.21075644949878
"OTULINL",-1.21094308069428
"KREMEN1",-1.21114509269285
"AKAP7",-1.21173963008574
"CPSF3",-1.21187952887081
"ARHGAP26",-1.21189543274965
"PYGM",-1.21216904596963
"ZNF503-AS2",-1.21244461737496
"KDM1B",-1.21290186877125
"FAM117B",-1.21295627071514
"ARL15",-1.21324278663539
"NBEAP2",-1.21365941742033
"PLCXD3",-1.21365941742033
"ZBTB20",-1.21382005853214
"KATNAL1",-1.21432946690309
"ACTA2",-1.21472342029065
"SMARCC1",-1.21492780386309
"INO80",-1.21493171593329
"LINC02848",-1.21506259582621
"KLF8",-1.21673189687428
"PARD3B",-1.21700140540231
"KRT18P34",-1.21700897427795
"NARS2",-1.21722593591679
"SOCS6",-1.21780501040838
"CDC25C",-1.21787381577185
"SERPINB2",-1.21817096421249
"LINC00276",-1.21866321754052
"NAP1L4",-1.21908301596561
"ARHGAP28",-1.21916227819288
"SNRNP200",-1.21949751347272
"DDX42",-1.21954328913425
"FAM149B1",-1.21983900143462
"GAPLINC",-1.22034694660343
"HNRNPA3P12",-1.22034694660343
"NAAA",-1.22041655112849
"ITGA2B",-1.22053246389397
"PPP4R1",-1.22176459132278
"MLC1",-1.22199900311169
"SNHG20",-1.22237300282129
"CSTF1",-1.22297361474756
"SBSN",-1.22299833858944
"LINC01206",-1.22369808448523
"RPL10AP1",-1.22369808448523
"SUGT1P4-STRA6LP-CCDC180",-1.2237050791231
"PTP4A2",-1.22373297935651
"TPTEP1",-1.22431595438596
"PSENEN",-1.22525487482013
"RAB39B",-1.22529233719021
"PSG10P",-1.22545168200003
"FERMT1",-1.22588219376048
"PPP1R26P1",-1.22625486561574
"ZNF704",-1.22655748966704
"SSR4",-1.22683938150068
"GJC3",-1.2269408702968
"LYSMD4",-1.22745644906469
"NPM1P23",-1.22839649038035
"COL25A1",-1.22850305301339
"RPL7AP42",-1.22867037339769
"RPS25P3",-1.22877179963764
"PIP5K1A",-1.22886410199547
"KCNQ5",-1.22912583920299
"ATP5MF",-1.22937719146673
"OTUD6B",-1.230393628088
"PRR11",-1.2305663519487
"GUCY1B1",-1.23066174289811
"B4GALT1",-1.23075449978532
"RPL34P6",-1.23077411422064
"APPBP2",-1.23113001310761
"ZNF549",-1.23139045178306
"AMZ2P2",-1.23217340495833
"DDB1",-1.23217872695936
"TOMM6",-1.23283556365192
"AHSA2P",-1.2333976685461
"ATP8A2P2",-1.23390833868149
"DUX4L27",-1.23390833868149
"ABHD3",-1.23411626443125
"MTMR1",-1.23433173525136
"ZFC3H1",-1.23451261250413
"RAB33B",-1.234882016648
"IVL",-1.23612273074062
"ELP4",-1.23617533287868
"HTT-AS",-1.23702825536554
"ILF2",-1.23703121932917
"BPNT2",-1.23719687717506
"NTAN1",-1.23819290615601
"KIT",-1.23848678400407
"UTY",-1.23850105428255
"SURF1",-1.23854968727636
"ACER1",-1.23877364033326
"ZNF488",-1.23916989956188
"ATAD5",-1.23932115427672
"LIMA1",-1.23955087561175
"MSRA",-1.23970639872556
"TXNL4A",-1.23984234454373
"CNKSR2",-1.24020366647333
"CITED2",-1.24041659584322
"GCH1",-1.24077577558192
"CLBA1",-1.24118033812468
"PAFAH1B2",-1.24167114553533
"ENOSF1",-1.24185682991494
"LOC100129603",-1.24202004089985
"LOC105375130",-1.24202004089985
"LGALSL",-1.24204179485476
"SNX29",-1.24239652296662
"PRKG1",-1.24281321969176
"MRPS25",-1.24281595488781
"CZIB",-1.2429718320696
"TBC1D23",-1.24337761958669
"SPRR1B",-1.24375295468319
"NDUFB8",-1.2438715000758
"AGAP1",-1.24406293787265
"REL",-1.24438938232896
"PDP1",-1.24468889446052
"YWHAQ",-1.24570911182
"GPRASP1",-1.24611985165053
"VANGL1",-1.24613598348161
"BCS1L",-1.24654022031954
"SLC22A1",-1.24669991400338
"PPP1R7",-1.24720325579276
"AQP9",-1.24734884090143
"FBXO22",-1.24796863574814
"SULT1A4",-1.24839837850858
"KCNRG",-1.24898041005394
"SLCO5A1",-1.24921114350645
"BMP4",-1.24923022722225
"GOSR2",-1.24934645073661
"SEPHS1",-1.24982184126248
"APIP",-1.24988856122783
"EEIG2",-1.2498902747929
"ERCC1",-1.25007711406118
"LOC100419679",-1.25015686126
"ZRANB1",-1.25074862107027
"IL18R1",-1.25113867210828
"LIMCH1",-1.25129241839263
"SERHL",-1.25261849314952
"WASH6P",-1.25287221900875
"DSTYK",-1.25328777519437
"SPATA7",-1.25388455388031
"PCDHGB6",-1.25409716794426
"DRG2",-1.25414734265397
"CD84",-1.25428192420084
"TMEM69",-1.25492592807388
"LOC645405",-1.25502683187997
"CORO1C",-1.25508961308309
"SNORD14B",-1.25589931267772
"MROH8",-1.25628709543001
"KLHL38",-1.25671678264407
"GLG1",-1.25746058968178
"TUBAP11",-1.25831177795868
"MEFV",-1.25844568895316
"RARRES1",-1.25918699910388
"HOXA2",-1.25953807440711
"KRT9",-1.25976339969141
"IP6K1",-1.26090367749802
"HOGA1",-1.26110748141765
"FBXW11",-1.26140850342815
"GALE",-1.26192865751917
"EIF5A",-1.26246714111417
"CUTALP",-1.2630803763904
"LOC105370705",-1.26333898274864
"TAFA2",-1.26333898274864
"ZNF140",-1.26395261069761
"ST3GAL4",-1.26409791310854
"DUOX2",-1.26414789504704
"GAPT",-1.26416141806931
"SELENOT",-1.2644092445005
"HDX",-1.26470482849546
"IGHV1-12",-1.26472637518394
"TMCC1-DT",-1.26472637518394
"LRRC57",-1.26509764152152
"DAZL",-1.26519825077909
"TXNRD1",-1.26528290522783
"CNTRL",-1.26555699720369
"ATP2A2",-1.26582580185331
"HACD1",-1.26591281230225
"CTSA",-1.26607503020299
"NPPA",-1.26622918206912
"RPL34P28",-1.2685248811893
"AHCY",-1.26854621561404
"INTS10",-1.2694547588623
"ZMYND8",-1.26971809051135
"ITGAV",-1.27100244941214
"DISC1",-1.27136078433336
"SCPEP1",-1.27147628161541
"SUSD4",-1.27197645333477
"FBLN1",-1.27201419082923
"OLFM4",-1.27228848906803
"RPS6P25",-1.27228848906803
"DSTNP2",-1.2724849451616
"UPF2",-1.27260291288121
"CD274",-1.27274468082181
"SPTAN1",-1.27274823975315
"PIGA",-1.27286038558643
"CNTLN",-1.27307136562106
"FLI1",-1.27369837472903
"PNPO",-1.27464047430114
"DLST",-1.27473651546569
"MCMBP",-1.27486629604426
"C1QTNF9",-1.27497510336737
"BPTF",-1.27514828610788
"TMEM248",-1.2756124072874
"GIGYF2",-1.27599134835025
"GMNN",-1.27620429519195
"TBC1D3P2",-1.27666797143673
"GUSBP5",-1.27713100471455
"LOC101927636",-1.27713100471455
"AKR1C1",-1.27757642419953
"CNOT9",-1.27817916274331
"FAM88B",-1.27843028669183
"LOC124907501",-1.27883072137922
"CCDC25",-1.27896029576273
"EIF4ENIF1",-1.27940420749764
"BRMS1L",-1.27945118653285
"RPS20",-1.27954288325702
"LOC107985688",-1.27985048625195
"YTHDF2",-1.2799547323681
"TNFRSF10A",-1.28097812789787
"DLGAP5",-1.28171568750922
"NABP1",-1.28201487998696
"RBPMS",-1.28210182761241
"ZNF623",-1.28235603647872
"AKR1E2",-1.28266755479587
"RPGRIP1",-1.28317440689352
"GLYATL1-AS1",-1.28334875643299
"TNFRSF10B",-1.28398829422417
"SMAD9",-1.28485525676158
"SNW1",-1.28495406343589
"PRPF18",-1.2849823127438
"LMX1A",-1.28567606777055
"TIMM8B",-1.2857673832983
"DBNDD2",-1.28590990707907
"SLC15A4",-1.28621788883118
"RPL23AP49",-1.28634929615086
"ANKRD13C",-1.28675524670736
"CEP43",-1.28719892613409
"NXPE3",-1.28738698442682
"UBP1",-1.2880369723739
"ABLIM3",-1.28815847665762
"C10orf88",-1.28851290325178
"COPG2",-1.28861091145407
"L3MBTL3",-1.28895548882043
"PCDH18",-1.28960522590547
"KPNA2",-1.28974214324221
"PDXDC1",-1.28987038721296
"RHOQ",-1.29003272050335
"CHURC1",-1.29066018925462
"MYPN",-1.29104471200981
"ENTPD5",-1.29104778546916
"METTL23",-1.29168635782729
"TEX101",-1.29202309551931
"RPL7AP45",-1.29237194860731
"IST1",-1.29239378267329
"KRABD4",-1.29245752088644
"C7",-1.29268009619379
"SLC22A14",-1.29319391377127
"CSNK1D",-1.29362817815209
"HNRNPA2B1",-1.2940479868435
"SNORA4",-1.29433632837956
"EPB41L3",-1.29462748062523
"SNRNP27",-1.29467486362873
"EIF1B",-1.29615939477338
"MIB1",-1.29698754936973
"PPME1",-1.29701797979708
"APP",-1.29748787157627
"MAOB",-1.29774622296537
"TRPC6",-1.29775718636004
"LOC100129215",-1.29795171266032
"RPL13AP25",-1.29795171266032
"ZNF586",-1.29828436012173
"TOP2A",-1.29869810167572
"ACTR3B",-1.29884439166199
"ETHE1",-1.2990282630624
"HULC",-1.2998121757913
"LACTB2-AS1",-1.2998121757913
"LOC100506207",-1.2998121757913
"SLC2A1-DT",-1.2998121757913
"SPDYE3",-1.30029836234915
"VWC2L",-1.30052434653449
"PHB2",-1.30063529856466
"KIF15",-1.30110383941827
"RAB30-DT",-1.30118012284479
"SLC25A5",-1.30122856432418
"SELPLG",-1.30176561221144
"VIPR1",-1.30188802476882
"METTL14",-1.30213358103399
"EML1",-1.30268048481339
"IFITM1",-1.30312475354718
"SF3A3",-1.30315313695367
"RAET1L",-1.30367715900125
"THRAP3P3",-1.30392504705291
"TMEM191A",-1.30493227300546
"MAL2",-1.30566153971268
"EFCAB13-DT",-1.30592686557682
"MRPL45P2",-1.30592686557682
"LOC100420880",-1.30598510801384
"PI4K2B",-1.30612183016234
"FGF13",-1.30627804210698
"AARS1",-1.30650341966208
"ALDH3A1",-1.30673282259194
"HOMER2",-1.30712284345351
"IRF2",-1.30734006987057
"ZNF317",-1.30851178487131
"RUNX1T1",-1.30897318307818
"COPG1",-1.30902659522662
"SAXO2",-1.30907622667399
"TLL1",-1.30922753977366
"PHYHD1",-1.30985516983369
"ST3GAL3",-1.31061651172627
"LINC01590",-1.31075709142143
"SMIM8",-1.31075709142143
"EPCAM-DT",-1.31083436740402
"LOC107985882",-1.31083436740402
"IGHV1-67",-1.31104007453754
"BCL7A",-1.31118453243316
"HUWE1",-1.31151966913564
"LOC101928143",-1.31163932763946
"NUMB",-1.31163932763946
"GSAP",-1.3116752176228
"HARS1",-1.31321945141029
"LOC392266",-1.31327378072094
"NDUFB4P6",-1.31327378072094
"TRBV19",-1.31426904306264
"EIF3F",-1.31499705640034
"NBR1",-1.31524760904869
"FLNB-AS1",-1.31532598458492
"STEAP2",-1.31602304099464
"ZSCAN23",-1.31725615056496
"LEP",-1.31765779505268
"OR4F2P",-1.31765779505268
"CDCP1",-1.31788413620174
"LOC100134368",-1.31833320377594
"SH2D1B",-1.31833320377594
"NPPC",-1.31848705004005
"S100A10",-1.31889916853162
"C12orf76",-1.31936441326267
"PSMC3IP",-1.31992450662537
"PAQR5",-1.32011401685896
"DAB2",-1.32097919288807
"ZNF300P1",-1.32107566580819
"NLRP2B",-1.32112272990239
"ALPL",-1.3211900618804
"C11orf65",-1.32140525993533
"RPL9P25",-1.3214162973808
"LINC01235",-1.32158602262628
"DYNC1LI1",-1.32173885772822
"CCDC26",-1.32227439094917
"LINC00976",-1.32227439094917
"LINC00977",-1.32227439094917
"RPL17P27",-1.32234823641792
"DANCR",-1.32324937618088
"ACTB",-1.32422468836917
"GNG5",-1.32431659296487
"PRR19",-1.3246506084086
"SAP30",-1.32480323095049
"RSU1",-1.32591486169034
"ACTG1P14",-1.325958682084
"TUBB8P2",-1.32622582530201
"TLE6",-1.32657946410254
"CDADC1",-1.32676069853632
"CD70",-1.32681726697491
"TPD52",-1.32694294143449
"TPD52-MRPS28",-1.32694294143449
"GOLPH3",-1.32703422421328
"HINT1",-1.32778623101281
"DHRS7",-1.32807187238919
"DIS3",-1.32829637323691
"USP38-DT",-1.32942892079377
"ARL17A",-1.32943052718577
"ARL17B",-1.32943052718577
"TANC1",-1.32970238776135
"SP110",-1.33028865759593
"CADM3",-1.33064250175223
"IPMK",-1.33065778492924
"FAUP4",-1.33084365197909
"LOC651337",-1.33084365197909
"MIR27B",-1.33084365197909
"SRSF6",-1.33158141964126
"NARF-AS2",-1.33209201282067
"MYO5BP2",-1.3323221692799
"HSPE1",-1.33303271889596
"CCT5",-1.33362072858042
"REV1",-1.3336544493074
"KDM4E",-1.3338063164423
"MED28P3",-1.3338063164423
"PAPOLB",-1.3338063164423
"MRPL46",-1.33458554090701
"SNORD96B",-1.3354446344708
"HDC",-1.33582270569679
"AFF1",-1.33604949567369
"PCDH20",-1.3361743150332
"ENTPD3",-1.33619724896043
"ESRP1",-1.33639069318631
"HMOX1",-1.33663107488629
"RPL7P25",-1.33677921595194
"TBC1D29P",-1.33677921595194
"PSMD13",-1.33683680528366
"TGOLN2",-1.33693690896259
"AKR1A1",-1.3371536916065
"DOCK8",-1.33779052001476
"RPL29",-1.33790336771663
"PTK2",-1.33838513238134
"DUXAP8",-1.33844459609826
"PSMD9",-1.33877795031439
"GIMAP2",-1.33903747005897
"HPSE",-1.33967717346932
"FNIP2",-1.33995461175243
"DBX2",-1.34002946304483
"FAT4",-1.3406767602749
"KLHL5",-1.3410850101824
"ARID5B",-1.34131245855235
"LSMEM1",-1.34300569815896
"NEDD9",-1.34302445330162
"ACP1",-1.34317859425365
"PCDHB2",-1.34326084954668
"PPFIBP2",-1.34333707501459
"HTR2A",-1.34361385170087
"PACRG",-1.3436993942387
"ICMT",-1.34415180790922
"RPL21P63",-1.344616172871
"TRAV6",-1.34468521662676
"KDELR2",-1.34516193280074
"GLT8D2",-1.34539261085762
"RPL21P72",-1.34638088880038
"KLRB1",-1.34644725076419
"SNORD69",-1.34714929428486
"KATNA1",-1.34727120626584
"ZFP28",-1.34772982811311
"STX16-NPEPL1",-1.34837889013404
"TRBV6-1",-1.34844111207043
"NFATC2IP-AS1",-1.34891298249307
"H1-0",-1.34899987470331
"ABRAXAS1P1",-1.34905603893661
"TYR",-1.34911705549247
"FAM13A",-1.34959438322394
"SAMD8",-1.34973690847021
"SETD9",-1.35021976378309
"UBAP2",-1.35066133179905
"FAAP24",-1.350668329309
"RNF181",-1.35179233010746
"TTC12",-1.35179991916155
"HIGD1B",-1.35208249356768
"AHNAK2",-1.35220072823094
"LIPK",-1.35260931249481
"UNC5A",-1.35261558589588
"PPP3CC",-1.35386230732594
"AOC1",-1.35394569000043
"TMED2",-1.35412667100345
"DDX18",-1.35420566648485
"BCORP1",-1.35504370337445
"LOC105377223",-1.35504370337445
"TRAPPC2L",-1.35576186389167
"NUTM1",-1.35584005844741
"ZNF236",-1.35612636329168
"PGBD1",-1.35632945310444
"RGS9",-1.35648687057745
"PRPH",-1.35660393511199
"SLC14A2",-1.35660393511199
"GRB14",-1.35670807423845
"RPL10P1",-1.35671676039804
"KIF20B",-1.35725542031644
"EEF1A1P24",-1.35758811969106
"IGLC7",-1.35794734658447
"RPL4P1",-1.35855822328231
"HSF2BP",-1.35988292414925
"TAS2R20",-1.36112082748719
"MRPS35",-1.36205110443336
"HNRNPLL",-1.36205199663263
"TGFBR2",-1.36277385430433
"KBTBD6",-1.36308953368542
"FAM240C",-1.36315122749783
"CDK4",-1.36411480203236
"GPR146",-1.36419918521169
"KDM5A",-1.36455466363539
"KANSL2",-1.3647560245734
"CUL4A",-1.36491987968829
"IGHV3-60",-1.36515243764852
"CFAP206",-1.36563828303527
"ZNF8-ERVK3-1",-1.36563828303527
"SPIRE1",-1.3664126215289
"RPLP0P6",-1.36705082432359
"PDE7A",-1.36710126379952
"ST8SIA6",-1.36728861099349
"FYCO1",-1.3674901475106
"CASP2",-1.36767840662531
"SLC22A15",-1.36773825403023
"PRDX3",-1.36778901575189
"PARP14",-1.36856952937683
"LRRC63",-1.36885046924511
"RPS6KB1",-1.3688834166637
"FAIM2",-1.36891766922042
"FILIP1L",-1.36932035546544
"JPT2",-1.36934668010083
"MRPL52",-1.36935284782074
"PPAT",-1.36947445471086
"PCDHB14",-1.36948004857915
"KRT33B",-1.3697208923248
"TUT4",-1.36972136758508
"DNALI1",-1.36997507683044
"NUP107",-1.37015232849261
"SNORA71E",-1.37148743601123
"L3MBTL4-AS1",-1.37162643897981
"LINC01547",-1.37162643897981
"SPMIP6",-1.37162643897981
"SLC44A2",-1.37210476215627
"MOCOS",-1.37309506075181
"KMT5B",-1.37337825540776
"NANS",-1.37378283769243
"SAP30L-AS1",-1.37469763734852
"MYH8",-1.37501921290947
"TRBV5-6",-1.37562502857013
"CHSY1",-1.37610432206695
"NRBP1",-1.37665234597271
"RPSAP61",-1.37751723243493
"H3-4",-1.37769104433772
"LINC01278",-1.3787607242581
"LAMA2",-1.37928111493697
"AKT2",-1.38079632408829
"MGAT5",-1.38095327268886
"RPS2P46",-1.38113396786813
"KMT5AP3",-1.38206725510607
"RPS27AP5",-1.38225529597982
"PNPLA3",-1.38249036089433
"PRPF19",-1.38251740172885
"NT5E",-1.38260689497793
"CYP4F12",-1.38279775358761
"ASXL2",-1.38316920515758
"ZFAND2A",-1.38371337859624
"LOC105377329",-1.38384409291811
"PCYOX1",-1.38390638902889
"THADA",-1.38422178137532
"TLK2P2",-1.38436592999921
"PDE2A",-1.38453859430014
"SLC71A1",-1.38460597668714
"THEM4",-1.38560585524358
"IFIH1",-1.38592894326412
"R3HDM1",-1.38600619895213
"CLDN20",-1.3860900104113
"LINC00473",-1.3863175883616
"PDE10A",-1.3863175883616
"SMIM15",-1.38648211233827
"CDKL3",-1.38666730298313
"SYTL4",-1.38714640306619
"RASL11B",-1.38716200015369
"UMPS",-1.38727722878721
"ST7L",-1.38788145402004
"MYO1D",-1.38792955541644
"H3C7",-1.38814647900224
"COXFA4L2",-1.38825220687058
"MDM4",-1.38840303558827
"PIP4K2B",-1.39012865446183
"ASNS",-1.39025295457608
"VCL",-1.39066672887451
"TFF2",-1.39068854310995
"GAPDHP47",-1.39089895057072
"HEMGN",-1.39112611435067
"ATF7",-1.39216041660269
"ICA1L",-1.39257417545689
"NPIPA5",-1.39301561379049
"RNF32-DT",-1.39301561379049
"TACO1",-1.39313161315942
"LOC105372522",-1.39315014493404
"PLCB1",-1.39315014493404
"RPL4",-1.39414691641393
"C2CD3",-1.39459918619747
"CD63",-1.39471495097804
"PRIM1",-1.39486623329988
"LRRC23",-1.39487203911846
"CCDC6",-1.39566622553921
"SLC6A14",-1.39567215072979
"NUDC",-1.39590939505644
"NDUFA9",-1.39636010055589
"ENOPH1",-1.39656146133606
"SMG7",-1.39661084878181
"CACNA2D3",-1.39669507919696
"RYBP",-1.39672572617608
"SMIM27",-1.39704275448484
"TMEM138",-1.39736449612686
"NT5DC1",-1.39832141928268
"DNASE2",-1.39870018602287
"PYGL",-1.39884562625761
"AKR1B10",-1.39889006845104
"RGS7",-1.39914771885546
"TACC1",-1.39970680891392
"TGM5",-1.40046613441557
"SPTSSA",-1.4004924266939
"ZBTB10",-1.40056656311983
"MRPS17",-1.40164270799107
"TRDV1",-1.40227499747426
"TP53BP1",-1.4023770545843
"BMPR1B",-1.40256511966022
"FBXO43",-1.40285816916156
"DZIP3",-1.40296548451101
"COG8",-1.40299492443822
"TCP1",-1.40320061459292
"SMN1",-1.40321551524866
"SMN2",-1.40321551524866
"PPP3CA",-1.4033987134928
"CDKN2B-AS1",-1.40355870424691
"HHIPL2",-1.40388696454577
"TRAJ36",-1.40388911682804
"LINC00662",-1.40409554941459
"LOC124902324",-1.40409554941459
"POLR1C",-1.40443523322326
"CLYBL",-1.40480809315486
"RHOT1",-1.4054614222634
"RPL7L1P9",-1.40552981362512
"ABCC6P2",-1.40580569970962
"DDX31",-1.40677580694741
"NUP214",-1.40749022919883
"LNX1",-1.40834321163972
"OCM",-1.40845419079407
"RPL7AP48",-1.4085673616668
"OR2A7",-1.40868514220489
"CMAS",-1.40928664523448
"RPL7P9",-1.41038643863046
"AGO3",-1.41081886366706
"AKR7A2",-1.41157641384183
"MIR22HG",-1.4130921478027
"RPL7P17",-1.4130921478027
"ST13P15",-1.41364441689005
"SLC25A23",-1.41366685071278
"SLC25A33",-1.41391040471952
"F8",-1.41391833457758
"PPID",-1.41422371005177
"SLC7A5-AS1",-1.41439149973652
"SNORD12B",-1.41482125596186
"SNORD32A",-1.41483889474427
"URGCP-MRPS24",-1.41483889474427
"DMC1",-1.4155178968579
"NRK",-1.4160379762764
"CDA",-1.4163308888964
"TSC1",-1.41635427398458
"SIGLEC17P",-1.41667014282175
"MYL3",-1.41676642528131
"SRSF10",-1.41695976149446
"POLR1D",-1.41701497011617
"CWC15",-1.4179455642548
"ZPR1",-1.41836478466024
"FOXN3-AS1",-1.41874165336617
"TXLNG",-1.41928842924864
"SCARNA9",-1.4200687031547
"SCARNA9L",-1.4200687031547
"SENP2",-1.42024543815563
"CIROP",-1.42024741017748
"SLC22A13",-1.42024741017748
"CRYL1",-1.42046117854793
"PPM1E",-1.42051582114035
"ARF6",-1.42148330515985
"HERC2P5",-1.42163733843519
"RAB5IF",-1.42213914671228
"TLCD5",-1.42242675958382
"L2HGDH",-1.4225420946771
"CMC1",-1.42265652877544
"UBN2",-1.4230493220051
"CFLAR-AS1",-1.42307345792172
"CRYBB1",-1.42307345792172
"RNA5SP149",-1.42307345792172
"MYRIP",-1.42348531623852
"GH1",-1.42357733169879
"TTC39C",-1.42401524074485
"GEMIN7",-1.42498736297366
"CDH12P2",-1.42512459576958
"IGLV5-45",-1.42512459576958
"RAI14",-1.42521835408891
"EEF1B2P7",-1.42539905649686
"CYLD-AS1",-1.42613099805522
"SSTR1",-1.42615175892359
"SNAP29",-1.42715090634402
"MORN3",-1.42739217220516
"EIF4BP2",-1.42749390161992
"RNF182",-1.42758720924257
"TNR",-1.42758720924257
"KRT7",-1.42769280330143
"KRTAP5-9",-1.42883375338035
"KNL1",-1.42901956500568
"SLC2A12",-1.42976916923206
"PARP9",-1.42983730529178
"YAP1",-1.42985677669149
"ZC3H6",-1.43057034553183
"KCTD9",-1.43058548771767
"ACAD8",-1.43090173999007
"PCDHGA1",-1.43222448866092
"SMAGP",-1.43267127457562
"MPEG1",-1.4329195774881
"FRMD6",-1.43365811564662
"VPS13D",-1.43367965444055
"DUT",-1.43401868055651
"CDC123",-1.43435849185233
"H2BC11",-1.43441809663253
"FAM162B",-1.43518014501694
"PLEKHM3",-1.43564736965792
"SNORA70G",-1.43600991864286
"SRXN1",-1.4371315577775
"PADI1",-1.43719178739265
"TMEM163",-1.43734328329671
"CCNJ",-1.43752896496775
"TFCP2",-1.43834473874009
"RPL17P18",-1.43860709598763
"CBLL1",-1.43887823457549
"RNASEH2A",-1.4390379650102
"LOC100420423",-1.43939364111698
"PPP1R8P1",-1.43939364111698
"CYP3A7-CYP3A51P",-1.44024886888344
"CSE1L-DT",-1.44031901170271
"LOC100130691",-1.44031901170271
"GNA13",-1.44041064518555
"COX15",-1.44045190932872
"TRGV5P",-1.44067777181926
"RPL7P7",-1.4410482465086
"SLC26A8",-1.44135753333454
"FRMD7",-1.44158902059729
"NPM1P40",-1.44158902059729
"RAB39A",-1.44158902059729
"FHL1",-1.44220350642823
"OSBPL6",-1.44242087187605
"FAM241B",-1.44317964131395
"ANKRD18A",-1.44322718673112
"FAM95C",-1.44322718673112
"MTF2",-1.44346923517071
"PRDM4",-1.4435970205922
"ENTPD8",-1.44374301834734
"APOF",-1.44382794608332
"C2orf74",-1.44483041380757
"ENO1",-1.44490781493235
"MIR553",-1.44621186694346
"ZNF436-AS1",-1.44621186694346
"NKAP",-1.44648501885726
"NAPG",-1.4467806308271
"IGKV1-13",-1.44698176129279
"DDX47",-1.44713709478516
"PHAF1",-1.44748455194151
"CT45A11P",-1.44858830608785
"KCNJ3",-1.44858830608785
"STXBP1",-1.45020386533064
"RNASE1",-1.45043946769205
"TTTY14",-1.45080367149786
"TUBB4BP2",-1.45080367149786
"CLECL1",-1.45168930066512
"PLEKHF2",-1.45220800965145
"DHX57",-1.45293781452195
"SLC26A7",-1.45331649598481
"POLD3",-1.45345402271681
"CIMAP3",-1.45358571904258
"DOCK3",-1.45369282519422
"NEK3",-1.45374802463593
"PSMA5",-1.45429544389395
"TRAF3",-1.45445984394109
"MCM9",-1.45497210374248
"HTRA1",-1.45506636746402
"ZNF792",-1.45518087308264
"PARP2",-1.4556133566731
"ALS2",-1.45565619282729
"NKAIN2",-1.45585165657863
"SCCPDH",-1.45603640557519
"RFT1",-1.45639505343441
"LEMD3",-1.45652417137812
"CHST14",-1.45665465682464
"NR5A2",-1.45687238474517
"FAM114A1",-1.4572596273383
"NDUFAF3",-1.45758681419982
"TARID",-1.45786714840561
"MT1M",-1.45799703268532
"HSD3B2",-1.45883289145282
"NIPA2",-1.45900732887406
"RASGRP1",-1.4591391464188
"ARNT",-1.46083985654426
"ATP8A2",-1.46113846029384
"PTPRK",-1.46117393201099
"USP14",-1.4613562807681
"RNF141",-1.46180330781809
"SSR2",-1.46195987007944
"NANOGP8",-1.46319688088417
"RAE1",-1.46372484327857
"RAP2C-AS1",-1.46422114947564
"PABPC1",-1.46425744101171
"DGKI",-1.46455646730822
"KMT2C",-1.46491956823719
"ST6GALNAC5",-1.46556958684913
"DTWD1P1",-1.46582805871168
"PTPRN2",-1.46600909684264
"FILIP1",-1.46660093172577
"HINFP",-1.46695846246596
"SPDYE10",-1.46725533267082
"CNMD",-1.46742992212373
"LOC100996660",-1.46843471446327
"SNORD101",-1.46855573714323
"ATP2B1",-1.4690934862753
"TMEM170B",-1.4698340111016
"THG1L",-1.47077774365896
"TUBAP12",-1.47143187944535
"ZNF16",-1.47146106934749
"RAB19",-1.47147060181775
"OLFML1",-1.47165140542009
"ELAC2",-1.47187341678345
"PRC1",-1.47224487174074
"MIR17HG",-1.47267438924988
"RPL7P11",-1.47275152707061
"F2RL2",-1.47292929132276
"FIP1L1",-1.47301130583278
"ERP27",-1.47379324936847
"TRAJ23",-1.47403047249911
"FUBP1",-1.47421546264548
"LINC00887",-1.47427216578985
"LINC02036",-1.47427216578985
"POLR3DP1",-1.47427216578985
"IDI2",-1.47450878719764
"DYRK4",-1.47548377706365
"AGAP6",-1.47581398675424
"CCDC178",-1.47598828498047
"RALGAPB",-1.47617453400476
"KRT8P36",-1.47678623851322
"OXA1L",-1.47690379108104
"CCNY",-1.47711830973958
"MAML3",-1.47739851064944
"PPHLN1",-1.47741332184174
"CHURC1-FNTB",-1.47773018582718
"VPS35L",-1.47796921658672
"NGDN",-1.47819761634605
"GYPA",-1.47830817597421
"RPL21P83",-1.47854039541638
"SLC5A3",-1.47931759516566
"ACVR1B",-1.479440337113
"LINC01361",-1.4797365950757
"LOC100421465",-1.4797365950757
"CFLAR",-1.47991508954085
"TMED7",-1.47999355811035
"NOP58",-1.48000399320446
"KIAA1586",-1.48007489329281
"ZSCAN26",-1.48106284680655
"CDH12",-1.48127738911931
"RMP64",-1.48131296188607
"ATF7IP",-1.48135465248521
"INO80C",-1.48204956229319
"CD101",-1.48213030462574
"GPR84",-1.48266342115974
"H2AC13",-1.4826762499196
"ATRAID",-1.48296097504462
"RPL21P86",-1.48324318658275
"SLC9A8",-1.48351157921274
"UBE4A",-1.48352016696412
"NFYA",-1.48377283124631
"RPS10P9",-1.48386939753294
"MAPKAPK5",-1.48414084347204
"KDELR1",-1.48506548165237
"MYH2",-1.48518795728866
"N4BP2",-1.48555117805266
"MRPS33",-1.48703738669753
"WASF1",-1.48734037469559
"PRP4K",-1.48771067988955
"STX18",-1.48772512658375
"HSPD1P5",-1.48809135172419
"CST3",-1.48880679353956
"BUB1B",-1.48918413065077
"ANAPC16",-1.48932170444439
"ETF1",-1.48950932972312
"USP17L14P",-1.48994128521187
"PPIP5K1",-1.49011751677528
"NPIPB8",-1.49026503782347
"NOPCHAP1",-1.49034034249471
"ARHGAP29",-1.49054154918374
"LOC105378858",-1.49054154918374
"ZFAND2B",-1.49112997814134
"HS3ST2",-1.49113246315824
"ST13",-1.4916419254492
"TDRD15",-1.49165149212845
"GNAO1",-1.49189235660261
"CD247",-1.49191966233433
"CKS1B",-1.49261265706683
"PRELID1",-1.49389721648325
"GOLIM4",-1.49411564698144
"ADNP-AS1",-1.49411714588892
"RPS3AP28",-1.49411714588892
"UPK2",-1.49411714588892
"ECPAS",-1.49424168775893
"NLRP3",-1.49473671187566
"OCIAD1",-1.49495354190017
"IGLC6",-1.49512157232085
"NVL",-1.49533406163388
"HSPH1",-1.49574523610305
"ZNF287",-1.49587623314806
"HLCS",-1.49619554506433
"GBP1",-1.49643637577392
"TIPIN",-1.49645727111939
"FOCAD",-1.49681279216008
"HNRNPH1",-1.49698125911036
"SLC25A14",-1.49708850284877
"STS",-1.49709127409243
"ABHD4",-1.49721227294034
"IGKV1OR-2",-1.49741565258684
"HELLS",-1.49760232053727
"KLHL2",-1.49826443649155
"LCORL",-1.49837377956201
"NOTCH2NLR",-1.49854772051515
"ABCA3",-1.49855651421155
"ACO1",-1.49859669134771
"BMP2KL",-1.4987177255497
"PCDHA7",-1.49921292234574
"DHX36",-1.5005392168303
"CUTC",-1.50063942031603
"PRICKLE1",-1.50102633121354
"TP53BP2",-1.50173935445156
"RORA",-1.50187021378749
"SPRR2D",-1.50249020261833
"TOMM70",-1.50273455716417
"RBM48",-1.50352884753658
"NDUFS6",-1.5041368826976
"RABGEF1",-1.50517411794847
"TLE5",-1.50532536331427
"SEC22C",-1.50548351829529
"NPIPB6",-1.50564148820728
"USP6NL",-1.5057277050921
"LBR",-1.50595911879734
"CACHD1",-1.50644765354748
"STOML2",-1.50656340472725
"ABCC4",-1.50657225931497
"ANAPC5",-1.50701626752448
"ANAPC7",-1.50707929186489
"CNIH2",-1.50720805695741
"LINC01239",-1.50720805695741
"GATA3",-1.50748382798671
"ECD",-1.50763932047355
"CHRNB2",-1.50768659914061
"SAAL1",-1.50853845065584
"RPL23AP65",-1.50859592147465
"RPL7L1P2",-1.50859592147465
"TFEC",-1.50900345181746
"LOC105374088",-1.50906025769629
"POLI",-1.50910248203688
"NRAS",-1.51008149142995
"TTC3-AS1",-1.51054924565535
"SNORD114-15",-1.51084227933308
"PTPRC",-1.51097750779322
"APPL2",-1.51120854346029
"RPL9P16",-1.51132088106941
"CA2",-1.5116390434698
"UIMC1",-1.51213759233949
"G3BP1",-1.51234972062441
"PLLP",-1.51257068574001
"DHRS4L2",-1.5126006573647
"SNHG28",-1.51269785414454
"TOX4P1",-1.51287580803028
"PCDHA14",-1.51341086001505
"MLH1",-1.51412384860847
"TRAPPC6B",-1.51429581095405
"HAVCR1",-1.51436918647611
"SLC35D1",-1.51448380613365
"MRPS23",-1.51476369354864
"CTR9",-1.51498010631641
"ESF1",-1.51515872625579
"GHRLOS",-1.51544115711159
"GABRA3",-1.51591273134937
"LOC100887080",-1.51725022295821
"MPDU1",-1.51748706136275
"ANKRD42",-1.51766136540926
"ABCA9",-1.51785258903181
"TDRD12",-1.51907987172265
"PCBP2-OT1",-1.51945150929671
"TMEM65",-1.52027568178909
"ARHGAP11B",-1.52093404234951
"PBX1",-1.52132685714572
"SLFN13",-1.52291733152111
"LINC03033",-1.52314091190393
"RND2",-1.52314091190393
"PSMD5",-1.52315626166132
"RLIG1",-1.52320596344638
"GKAP1",-1.52329624287046
"IGLL5",-1.52470181188627
"UBXN2A",-1.52482491630897
"LOC101926907",-1.5248598888881
"TREX1",-1.52491376143151
"SSPN",-1.52516464259114
"SNORD66",-1.52601564019419
"SRSF7",-1.52607053065328
"SWAP70",-1.52610493027764
"RPL34P4",-1.52638256237033
"RAD17P1",-1.52676603137702
"TMEM45B",-1.52830478457645
"CAB39L",-1.52877618845779
"ANXA8L1",-1.52880033002615
"ADAMTS3",-1.5288876108987
"ROPN1",-1.52906564305616
"ALG14-AS1",-1.53004002098623
"CNN3-DT",-1.53004002098623
"HESX1",-1.53004002098623
"LOC100533629",-1.53004002098623
"DHRS9",-1.53051857669274
"MINAR1",-1.5316738926173
"ECM1",-1.53173433559445
"RPL7P57",-1.53289345968603
"FAF2",-1.53333477830925
"EMC4",-1.53405592985044
"RN7SKP23",-1.53407837030379
"NCOA3",-1.5344969163383
"GARIN5A",-1.53512176362203
"NPM1P50",-1.53552675364163
"RPL6P24",-1.53552675364163
"DAG1",-1.53588150972443
"CD99",-1.53643256868793
"CNBP",-1.53765538883361
"FAM25BP",-1.53769310297959
"TMPRSS11BNL",-1.53771413296243
"SNX25P1",-1.53813500240869
"FOXF1",-1.53862373449983
"MFN2",-1.53884994604288
"GPATCH1",-1.53923877409898
"WDR5B-DT",-1.53965572014905
"RPS26",-1.53976470508944
"TOR1B",-1.53985180277942
"NIPAL2",-1.54010411652519
"RPRD1A",-1.54065283765612
"CYP51A1",-1.54093990883032
"GPRC6A",-1.54098471522233
"EIF2S2",-1.54100917524169
"EDAR",-1.54121747485714
"RPL23AP97",-1.54187358101745
"HSP90AB1",-1.54208020305126
"EIF1B-AS1",-1.54221478989134
"ENTPD3-AS1",-1.54221478989134
"G6PC3",-1.54223466886871
"ADSS2",-1.5423807884405
"SPOP",-1.54240892511654
"NIPSNAP2",-1.54270479182296
"ZKSCAN7",-1.54287595162046
"ABCG4",-1.54342220703366
"COQ5",-1.54376042674347
"FRMPD2B",-1.54398533093756
"MTPN",-1.54465055950587
"MYCBP",-1.54613495574703
"CRB3",-1.54704456908103
"JAK1",-1.54748076798114
"AMDHD1",-1.5480673570528
"RPL36AP37",-1.54867547907354
"MIR600HG",-1.54873470325036
"LAMA4",-1.54876864242823
"GRSF1",-1.5488123423169
"RPS6KC1",-1.54903740124063
"MTAP",-1.55012707595546
"RAB28",-1.55017185858671
"NDUFAF2",-1.55024156683231
"KRT35",-1.55048173871297
"PTCH1",-1.55073527012074
"EFL1",-1.55162497255089
"SEC61A1",-1.55164974290982
"TRMT2B",-1.55284232230741
"EEF1A1P14",-1.55284947910745
"EDC3",-1.55453185707976
"INPP5B",-1.55548500649944
"AHCTF1",-1.55581693664622
"SESN3",-1.55615902522221
"WDR26",-1.55627097966273
"RPL38",-1.55763570368926
"SH3BGRL",-1.55814146315377
"PYCR1",-1.55865987050717
"MCPH1",-1.55939633423948
"CLN6",-1.55981552294729
"SDHAP2",-1.56029022546197
"NUP133",-1.56032867387536
"PTMAP5",-1.56051699499239
"LOC124901165",-1.56120594428934
"CYP21A2",-1.56193418398215
"SLC5A4-AS1",-1.56218019980058
"BANK1",-1.56241223260433
"NFXL1",-1.56247383598007
"PACC1",-1.56350246921575
"NSD3",-1.56371323259704
"HCP5",-1.56389597072678
"MRPS7",-1.56458057385154
"UBFD1",-1.56512588652457
"EDF1",-1.56675659777674
"HERC1",-1.5679219063196
"SIL1",-1.56865534781204
"ADAMTSL3",-1.56909238718835
"EGR2",-1.56928943432367
"RPS15AP24",-1.56968311229433
"DARS2",-1.56976034118861
"SYT1",-1.56981646500326
"H2BC19P",-1.57003674839412
"PPP1R3C",-1.57007044457781
"SDE2",-1.57081251614438
"NRAP",-1.57122464945751
"MAP1LC3B",-1.57143895328144
"CENPH",-1.57169366421242
"MIR5689HG",-1.57249290348344
"UGGT1",-1.57365545011458
"QTMAN",-1.57392379096454
"MBNL2",-1.57401502129514
"FSIP2",-1.57412977368269
"ALDH1L1-AS1",-1.5743418177899
"DIPK2A",-1.5751736906746
"TNIP3",-1.57529807893976
"SETD4",-1.57584089508888
"PDE4D",-1.57603744883664
"CA12",-1.57605181837243
"DYNC1I2",-1.57608268137053
"PITRM1-AS1",-1.57658557084482
"NTN4",-1.576620868768
"ZNF749",-1.57680462184271
"MPZL1",-1.57691017262305
"FAM182A",-1.57755883136303
"ZSWIM6",-1.57759089068269
"DTNB",-1.57820500196634
"LOC105370109",-1.57860133651704
"CHD8",-1.57876395555742
"SF3B5",-1.57889798438034
"RPS3A",-1.57943514856753
"HSPA8",-1.58086646519924
"THOC3",-1.58094614999979
"RPL21P23",-1.58110722100057
"IGHV3-75",-1.58141010550222
"CAPZB",-1.58157203052092
"C19orf18",-1.58264164243954
"ZNF26",-1.58312306621314
"PARP16",-1.58319388705682
"ATAD2B",-1.58354798968732
"HYPK",-1.58358015504324
"AFF2",-1.58361824741313
"SMAD5",-1.58398759847779
"KRABD1",-1.58410856608142
"TRBV29-1",-1.58424393742449
"LMOD3",-1.58469684641433
"NDUFB4",-1.58487595858528
"EIF2B5",-1.5856699148608
"PPP2R2D",-1.58599612736165
"SSBP1",-1.58651638474728
"EIF3I",-1.58729116354632
"MAGED2",-1.587747302146
"DERL2",-1.58794444309215
"UBE2V1",-1.58821577958352
"MAGI2-AS3",-1.58912532526307
"ZNF333",-1.58925554836953
"PKD1L3",-1.589435264288
"PLPBP",-1.59000004428377
"BRD7",-1.59036075804462
"DEDD",-1.59045337600218
"ANKRD17",-1.59050715939427
"CFAP300",-1.59237635057022
"DAPK1",-1.59254265790784
"POLR3F",-1.59257005604893
"ACTN2",-1.59261546304893
"DMAC2L",-1.59309222586568
"XPNPEP3",-1.59343961380789
"RDH14",-1.59364386529995
"EFNB2",-1.59369752569273
"RBMXL3",-1.59387155560693
"KIF3A",-1.59404247718055
"CDKN2AIP",-1.59456634647648
"RBBP5",-1.5946975915972
"DMRTA1",-1.59476031451416
"C6",-1.5960015758624
"ALKBH1",-1.59610127402112
"ANKS1B",-1.59618845676597
"REDIC1",-1.59631110566813
"METAP1D",-1.596861724106
"LYN",-1.59735784633587
"HAAO",-1.59747498916403
"VIM",-1.59749674048897
"KCNN2",-1.5976195959745
"CDKAL1",-1.59762937091587
"CLDN22",-1.59780354837645
"KIFBP",-1.59808867735555
"ARHGAP20",-1.59886474329033
"MPP1",-1.59912610164068
"PSME3IP1",-1.59937392895039
"RBBP4",-1.59974445751515
"SCN3A",-1.60049413099586
"MSANTD4",-1.60084082579963
"TUBGCP3",-1.60095608872244
"KBTBD2",-1.6011564060809
"CCDC69",-1.60126425865511
"MORN4",-1.60129421721215
"SKAP1",-1.60136457956665
"SGO2",-1.60153254602973
"NDFIP2",-1.60167619933912
"MTUS2",-1.60175673447762
"IL10RA",-1.6018435983956
"RASSF9",-1.6024180721835
"EPHA3",-1.60260509917383
"ZNF257",-1.60287869520636
"COG2",-1.60297756220514
"MOB1B",-1.60301115444173
"PDP2",-1.60356647033601
"IL5RA",-1.60438047195262
"PREP",-1.60446777660149
"KCTD5",-1.604491610576
"VSIG1",-1.60548962258001
"C11orf58",-1.605900859301
"TMEM216",-1.60605207886156
"GNAI1",-1.60608248428911
"ARGLU1",-1.60624016951993
"LOC100421387",-1.60627641606138
"KPNB1",-1.60680170196603
"LOC401312",-1.60703461667426
"PLD5",-1.60703461667426
"STEAP1B",-1.60703461667426
"STAT5B",-1.60721943507236
"DNAJC18",-1.60799296159103
"FYTTD1",-1.60815425189439
"GGNBP2",-1.60838810195155
"H2BC15",-1.60855784185962
"HIVEP2",-1.60861607805155
"HECTD2",-1.60947588270717
"TMEM35B",-1.60961567992889
"TTLL5",-1.60972982455529
"GABARAPL1",-1.60978203603153
"NUFIP2",-1.61016293284412
"LINC00667",-1.6120973702881
"ZNF839P1",-1.61253519823182
"MRPS9",-1.61269141554021
"SLC35D4",-1.61335326402091
"NUP160",-1.61359814847378
"LOC105379443",-1.61482388661125
"PPP1R13B",-1.61500894677663
"THRB",-1.61502769374477
"COX6A1",-1.61511182982589
"RPL7AP39",-1.61590240052538
"TTPA",-1.61657233091118
"SNU13",-1.61750047711846
"LOC101927896",-1.61838948016417
"H2AC20",-1.61853121390848
"DPAGT1",-1.61872554322597
"NUDT6",-1.61878297064488
"OVCH1",-1.61996791201486
"SRSF12",-1.62101599909248
"GDAP1",-1.62124899298713
"PCNP",-1.62146648661223
"NOTCH2",-1.62168977833728
"RIOX2",-1.62201331095582
"DCTN5",-1.6232875631543
"FRRS1",-1.62335429655593
"RPL7AP3",-1.62342081998695
"SLC4A10",-1.62342081998695
"MED1",-1.62344007156389
"MOSMO",-1.62399769209229
"ZNF793",-1.62402627550789
"MIER1",-1.62417148083409
"PTPRJ",-1.62506698667422
"FAM151B",-1.62571773664464
"CDC5L",-1.62601891099818
"RAD1",-1.62692215390009
"GLYR1",-1.6270885043849
"NUP205",-1.62776616307723
"KRT18P60",-1.62778160804171
"ATP10B",-1.62828205439732
"TASOR",-1.62881072265413
"UBE2D1",-1.62913836676122
"PITPNA",-1.62933548448588
"FKTN",-1.63018862680334
"CNOT10",-1.63050309020345
"MPV17",-1.6320263415697
"CHEK1",-1.63216345496287
"LOC122526780",-1.63230534615727
"LUC7L2",-1.63245155613461
"RAD51D",-1.63259978887563
"SLC6A4",-1.63280047583018
"FERMT2",-1.63312581251281
"C12orf75",-1.63336000525888
"RPS3AP29",-1.63367165745325
"MDP1",-1.63428011615603
"TMEM230",-1.63460861425366
"BCYRN1",-1.63473250834967
"GTF2IRD2B",-1.63502327754716
"RPL6",-1.63566720465221
"HAND2-AS1",-1.6360586104415
"CTSC",-1.63637002217575
"RHOU",-1.63641295222352
"LOC101927829",-1.63651806154285
"SGO1-AS1",-1.63651806154285
"ATE1",-1.63659934799483
"GPI",-1.63747963015668
"EIF4A3",-1.63748469292385
"PAXIP1",-1.63817748631826
"RBM33-DT",-1.63845649559175
"SNORA24B",-1.63845649559175
"BTNL8",-1.63853806252252
"TMTC2",-1.63873442819337
"YES1",-1.63880861362898
"FLVCR2",-1.63916346567492
"RHOA",-1.63927778194527
"CCNQ",-1.63954964564555
"NSF",-1.63956514906979
"CD209",-1.639910207335
"MYDGF",-1.64043240834077
"RELN",-1.64052065720528
"TRIM32",-1.64115878641311
"RPL19P6",-1.64157208430828
"CTAGE12P",-1.64285652369876
"RAP1GAP",-1.64523543446229
"CTPS2",-1.64543303394982
"RCN2",-1.64558619057496
"CRYZL2P",-1.64567806292864
"PBOV1",-1.64567806292864
"HORMAD1",-1.6457573507433
"ACTBP14",-1.64588284597143
"CCDC102B",-1.6462525725709
"IL22",-1.64640670752002
"PRELID3A",-1.64647471353165
"FREM1",-1.64660727193962
"NCKAP5",-1.64707577273484
"CHAF1B",-1.64717496447756
"FARS2",-1.64751630018921
"POMGNT2",-1.64804163090036
"TTF1",-1.64812832317388
"TRAJ5",-1.6489375018565
"GUCY1A1",-1.64899082431028
"LINS1",-1.64995551777382
"CPM",-1.65010938509292
"FBXO39",-1.65033296134323
"VRK2",-1.65064174266633
"OTOA",-1.65071556663406
"DSG2-AS1",-1.65075929969261
"TCTA",-1.65076145036578
"RPL7AP22",-1.650856050461
"NBPF26",-1.65096233555555
"ZNG1E",-1.65098159874337
"ALPK1",-1.65120911493906
"KRT6B",-1.65158091787925
"BRD10",-1.6517201615633
"MKS1",-1.65203736445269
"LINC00294",-1.65213461823767
"RPL7AP47",-1.65261471745093
"FOLR2",-1.65272081631138
"MYCBP2-AS1",-1.65330231082816
"NCEH1",-1.65339034686327
"ATP8B4",-1.65421294399029
"WDR44",-1.65549194311946
"RPL9P30",-1.65579903959221
"SNX10",-1.65600537006105
"DENND1B",-1.65610299141622
"LOC124904135",-1.65663780475127
"LOC124904136",-1.65663780475127
"LOC124904137",-1.65663780475127
"LOC124904138",-1.65663780475127
"LOC124904139",-1.65663780475127
"LOC124904140",-1.65663780475127
"LOC124904141",-1.65663780475127
"LOC124904142",-1.65663780475127
"LOC124904143",-1.65663780475127
"LOC124904144",-1.65663780475127
"LOC124907963",-1.65663780475127
"LOC124907964",-1.65663780475127
"LOC124907965",-1.65663780475127
"ASB7",-1.65689051829867
"BCL2L15",-1.65701829238035
"ZFP69",-1.65750499714189
"NCF1",-1.65804386312421
"TAF7",-1.65818562849598
"ANXA8",-1.65840336793963
"EP300",-1.65845705074041
"SNORD116-25",-1.65930554763061
"SNAI2",-1.65939816960571
"PIP4K2A",-1.65945094274338
"MEOX2",-1.65951730644911
"KRT18P61",-1.66074182994175
"IL17RD",-1.66102059838884
"DNAAF10",-1.66106055355976
"PHEX",-1.66154933005252
"OGT",-1.66204569276148
"TTC23L",-1.66217212535854
"SUSD1",-1.66223223405872
"TBC1D32",-1.66258402187736
"CCNO-DT",-1.66277455427005
"EIF4A2",-1.66438835838642
"WFDC1",-1.66442045400938
"ILDR1",-1.66455656923874
"CCDC93",-1.6648233896968
"PSME2",-1.66488241169123
"CD1D",-1.66517383631488
"GJB6",-1.66543365828357
"POLR2J3-UPK3BL2",-1.66569779575795
"INTS4P2",-1.66607268896198
"PDHA1P1",-1.66607268896198
"GPR15LG",-1.66633726447641
"PGAP1",-1.66648114603487
"KLHL10",-1.66667165000474
"GPATCH8",-1.66687462111862
"EHBP1",-1.66696513801046
"LRRC37A3",-1.66770803874992
"RPL21P100",-1.66823214789355
"KERA",-1.66885319177632
"RPL21P28",-1.66923295191828
"DUSP22",-1.66951340532899
"LOC124907782",-1.66951340532899
"TFAP2B",-1.66975958909393
"ZBTB38",-1.6699532013199
"NDUFV3",-1.6703998331653
"GOLGA8A",-1.67073784699157
"GOLGA8B",-1.67073784699157
"OST4",-1.67080292446896
"ZDHHC3",-1.6714283433221
"HSF5",-1.67153781772805
"TTK",-1.67171647761717
"DENND6A",-1.67178348448406
"SNHG19",-1.67201491145638
"CHRNA6",-1.67327470639367
"NSRP1",-1.67344762655341
"GAB1",-1.67348427337295
"S100A4",-1.67425497233844
"AP3S2",-1.67435370259416
"ZBED6",-1.67457952991283
"LOC343052",-1.67461763459449
"UTP6",-1.67507411745592
"LUCAT1",-1.67511570891144
"TXNDC17",-1.67521302878639
"BRCC3P1",-1.67554093094838
"MRPL35",-1.67666892243286
"TRAJ13",-1.67715221611304
"OSBP",-1.67744092429293
"MEIS3P2",-1.67765066098901
"TRMT5",-1.67791858825679
"SYT10",-1.67796183291053
"CCNYL1",-1.67806904040264
"GSS",-1.67816084099997
"ZNF479",-1.67878904922024
"C12orf54",-1.67879382405778
"ACOT1",-1.67913432592265
"TTC32",-1.67948318772287
"DDX60",-1.67984493293549
"DCLRE1A",-1.68024611508641
"ARID3B",-1.68025173997328
"IGHJ2",-1.680623914549
"PLEKHA8P1",-1.68128992884858
"LOC653513",-1.68143541285818
"DUX4L7",-1.6815044020872
"BNIP2",-1.68168237162224
"DEPDC5",-1.6820624552499
"NUP62",-1.68247554291186
"CLGN",-1.68247839833525
"EEF1G",-1.68261145920216
"DNAJC22",-1.68273808275839
"UBQLNL",-1.68273808275839
"SYT14",-1.68349651228203
"PDGFRA",-1.68545345635385
"CLUAP1",-1.68569504088168
"GLE1",-1.68584364712096
"PLEK",-1.68588996611817
"SH2D4A",-1.68646981720919
"RNU5A-1",-1.68651444814443
"DNAH14",-1.68721732042517
"GVQW3",-1.68738983190021
"CDYL2",-1.68783813849231
"MRPS6",-1.68798870338239
"ZFP37",-1.68839572290201
"PXN-AS1",-1.68841454670221
"WDR19",-1.68855709280748
"RPL21P134",-1.688637706095
"RASSF2",-1.68886583204618
"RAB12",-1.6897346204755
"OR13D1",-1.69019459955424
"LOC101929104",-1.69098863735982
"TBC1D22B",-1.69205388180467
"TJP3",-1.69328215200116
"CR1",-1.69334415632728
"HMGN1P8",-1.69406250536585
"NPM1",-1.69485853313393
"H3C11",-1.69541587200989
"ACTRT3",-1.69572459230374
"RPS10P6",-1.69582101269472
"CDK5RAP2",-1.6959484986876
"LOC124900638",-1.69640985677073
"SMAP2",-1.69668338319434
"TRAV23DV6",-1.69690582859204
"THSD8",-1.69693337858008
"ITGB1BP1",-1.69701935822989
"HMGN2",-1.69770103050757
"ANKRD19P",-1.6981747044329
"LOC389765",-1.69840314334723
"ATG4A",-1.69895924296551
"ANAPC13",-1.69915576613618
"HEATR9",-1.69933243079175
"CLCNKA",-1.69940546716305
"XRCC6",-1.69970727274159
"PLAC8L1",-1.69991382955761
"SP4",-1.7003570208346
"RN7SKP70",-1.70048533383731
"AIFM1",-1.70131701140801
"FANCC",-1.70154892430722
"LOC105376156",-1.70154892430722
"CYP2J2",-1.70170953401633
"ABHD17B",-1.70204366205789
"PEX12",-1.70224060037248
"ATP5F1A",-1.70248579307548
"ECI2",-1.70268446251187
"LOC105372733",-1.70291319931563
"LOC124902167",-1.70291319931563
"ZNF891",-1.7035167145425
"MVB12B",-1.70372420411317
"TMA7",-1.70376034539504
"HMGB1P31",-1.7040562506068
"LIAS",-1.70419604173058
"TNPO3",-1.70460060153667
"KRT73-AS1",-1.70526531843713
"KRT86",-1.70575501588142
"PTPRZ1",-1.7065274362073
"DYRK3",-1.70672385596678
"MED19",-1.70677693547199
"NEDD4L",-1.70695025566822
"IGLV3-12",-1.70698992441109
"IL12B-AS1",-1.70698992441109
"LOC105377683",-1.70698992441109
"RPL7",-1.707126739692
"PRR5-ARHGAP8",-1.70733465825543
"TNFSF18",-1.70762345446424
"ZKSCAN3",-1.70790260334145
"TRAJ17",-1.70851165536716
"PATL1-DT",-1.7088176018893
"APOBEC3D",-1.70925443204318
"MYLIP",-1.70975130098802
"HDLBP",-1.71005258352922
"HYCC2",-1.71061026193939
"UFL1",-1.71077800974816
"XKR4",-1.71146286926593
"MPO",-1.71163882885405
"ARL14EP",-1.71226241192006
"ZDHHC15",-1.71264738449788
"RUFY3",-1.71265430616265
"HSD17B2",-1.71324241519552
"SLC4A8",-1.7136502980376
"SLAMF6",-1.7141323404789
"APOBEC3B",-1.71436698419647
"MLPH",-1.71465760447409
"USP28",-1.71498510059317
"LOC100421775",-1.71515685836601
"UBXN10",-1.71533129926573
"GOLGA6A",-1.71533912428845
"RPL15P18",-1.71604907501958
"TRPM6",-1.71623195384974
"TCTN1",-1.71784446746728
"CYB5A",-1.71879368973108
"TMEM147",-1.71887413364947
"CEP20",-1.71908509452977
"METTL15",-1.71913329003167
"FANCB",-1.7192684984362
"RNF133",-1.7197361181915
"ZNF35",-1.72074972740647
"NT5C3B",-1.72140619157554
"ARHGAP21",-1.72184713315884
"MKLN1-AS",-1.72191368372495
"FAXDC2",-1.72206492747578
"SERPINC1",-1.72294003512345
"NOC3L",-1.7230556863396
"RASSF3",-1.72359940253206
"H2AC17",-1.72401747102435
"RPL24P5",-1.72412983108018
"SETD5",-1.72421860968562
"ACP6",-1.72469570860875
"MGAM2",-1.72542679992308
"CCDC169",-1.72550883449724
"C18orf54",-1.72660649962577
"PDE8A",-1.72689964355047
"KLHL3",-1.72693693240345
"PTN",-1.72695473479031
"SETBP1",-1.72728252080627
"DHRS12",-1.72734863623148
"NUP42",-1.72739693860684
"LCE3D",-1.72770889693993
"LINC02652",-1.72911179555622
"LOC100288175",-1.72980636495243
"PLEKHA8",-1.73028275341679
"ACAD9-DT",-1.73082354199219
"USP32P1",-1.73082354199219
"RPS29",-1.73183947236567
"CLK2",-1.73194094392829
"RPL23AP5",-1.7324958993014
"CATSPER2",-1.73283903005688
"SHMT1",-1.73288618395166
"EGLN1",-1.73340839087716
"DBR1",-1.73341437493876
"SPC25",-1.7334956902952
"EIF4B",-1.7336138241337
"FREM2",-1.73393666515968
"TRIM13",-1.73505211534146
"UCHL5",-1.73574825470259
"CEP44",-1.73594222866836
"ATP5MC3",-1.73596049832986
"EDA",-1.73624965082255
"GUSBP1",-1.73625825038786
"NKTR",-1.73676510276527
"MAPKAPK3",-1.73732944454994
"TUBE1",-1.73794681615413
"RPL21P3",-1.73809341338142
"RPS25",-1.73822679014518
"GLRX2",-1.7383627357167
"TSFM",-1.7384955999949
"ATP23",-1.73907246958572
"CCNDBP1",-1.73916748971419
"BBS10",-1.73980787779933
"COX6B1",-1.74016054714277
"TMOD4",-1.74030850141731
"ELAVL1",-1.74049122413429
"LRRC8B",-1.74159288647034
"LNPK",-1.74190750066949
"RNF145",-1.74326365734489
"PIK3CB",-1.74327950980796
"C14orf132",-1.74402352365874
"TBX19",-1.74441699350862
"SLFN12L",-1.74443893406634
"STN1",-1.74457189115392
"LINC00513",-1.74516407019922
"SPRY1",-1.74607564095628
"ZNF75A",-1.74629527156511
"NUTM2G",-1.74647971954289
"S1PR1",-1.74705176360721
"POPDC1",-1.74725398367745
"TOX4",-1.74729518876674
"CXCL12",-1.74865362131346
"PKP4-AS1",-1.74873298257358
"MXI1",-1.74908890855427
"C21orf91",-1.74921379948876
"IGKV2-38",-1.74927664016022
"FAM86B2",-1.74927854387109
"LOC128966622",-1.74927854387109
"IMMP1L",-1.74935300528303
"TRBV5-4",-1.74936256976726
"MAK",-1.7495466377288
"PTP4A1",-1.74978736566179
"ITGB1",-1.75007979368144
"DMGDH",-1.75029797484076
"COPZ1",-1.75151109802163
"ARID4B",-1.75176559170324
"MYL2",-1.75180651160615
"UTP15",-1.75182836295252
"CHD2",-1.75224082578195
"ZC3H8",-1.75238610101561
"REP15",-1.75308773405818
"LYPLA1",-1.75324655927981
"VCAM1",-1.75325635157157
"FAM25C",-1.75375951993429
"FAM25G",-1.75375951993429
"TPP2",-1.7541959577648
"PDE4B",-1.75475045846264
"IDI2-AS1",-1.75538316619052
"TRAJ26",-1.75556545298485
"PSAP",-1.75563752490891
"CDK14",-1.75571853465144
"ERH",-1.7557654634661
"ROBO1",-1.75670021556689
"APOL3",-1.75719021739569
"TTC9",-1.75727102864155
"KLRK1-AS1",-1.75748571706532
"UBE2I",-1.75762490450936
"LOC442041",-1.7576947911604
"EVI2A",-1.75796963839973
"TMEM100",-1.7588204863348
"ADGRA3",-1.75893936040617
"PSMD12",-1.75935030632827
"TRAV19",-1.75943905343191
"DDHD1",-1.76081635057174
"NFIA",-1.76085822187364
"ARNT2",-1.76102541719686
"SDAD1",-1.76106502771869
"ZNF561-AS1",-1.76130170281005
"PTDSS1",-1.76136148403216
"ALDH1L2",-1.76169499647176
"ASF1A",-1.76410081083357
"PADI4",-1.76427056424799
"CYRIA",-1.76449319600144
"C2orf49",-1.76450588582021
"PTPRM",-1.76551773827143
"FGGY",-1.7658753487419
"BTN3A2",-1.76593122006223
"KHDRBS3",-1.76617386856607
"FOXD3",-1.7667831783221
"RRN3P3",-1.76683679082553
"HSD17B10",-1.76734191850681
"RNU4-1",-1.76743381643218
"NEDD1",-1.76758835992646
"KIF11",-1.76775323604381
"RBM26",-1.76824880769388
"ZCCHC8",-1.76890591554412
"E2F8",-1.76899644733317
"GJB7",-1.76900160410416
"MBNL3",-1.76913390180332
"KLHDC9",-1.76918268360823
"FBN1",-1.76979028555994
"CDK19",-1.76979904228239
"PRR15L",-1.7700571049894
"CBLB",-1.7701419806762
"XCL1",-1.77020249552848
"SLN",-1.77050994903609
"UGT2B7",-1.77140285717506
"AADACL2",-1.77147810451027
"TOR1A",-1.77268174241219
"MARCHF5",-1.77276275198187
"LRRC31",-1.77287984797194
"DYNLRB2",-1.77370031627402
"GCC2-AS1",-1.77370031627402
"ITIH5",-1.77400026556274
"COX7A2",-1.77478444748859
"APRG1",-1.77508625263301
"TTC16",-1.77508625263301
"CNOT4",-1.77572980083097
"CPNE8",-1.77580187862203
"AP4S1",-1.7760931608534
"CLU",-1.7765045904031
"C15orf40",-1.7766982677586
"CEP135",-1.77674493022692
"MAK16",-1.77720493447658
"PRKCB",-1.77792942521267
"RAB33B-AS1",-1.77868464170318
"HPS3",-1.77878003738153
"RANBP3L",-1.77943986517643
"SYTL5",-1.77947243294287
"FBXO9",-1.78127621929318
"GPAT3",-1.78212887483914
"SUGT1P1",-1.78261367176704
"EPSTI1",-1.78289608661297
"FLJ20712",-1.78350328693416
"GTF2A1",-1.78370163640293
"PSG6",-1.78408038631053
"PHF20L1",-1.78426507461313
"MIR205HG",-1.78467041143476
"R3HDM2",-1.78512490590854
"RAP1GDS1",-1.78535736645633
"PLAAT1",-1.78582235539879
"CTDSPL",-1.78611963237083
"SIAH1",-1.78670585965853
"ATP1A1",-1.78684862238539
"ABCE1",-1.78702005714614
"PCID2",-1.78734799401754
"PTER",-1.78736428329956
"PAAF1",-1.78803690768112
"VPS39",-1.78820121891257
"PCDHB18P",-1.78827880941233
"GOLT1B",-1.78859974411371
"NR2C2",-1.78866024451561
"COA7",-1.78939996103624
"VEZT",-1.78995471059822
"CEBPZ",-1.78997188308923
"RPS6P15",-1.79031721408525
"COL14A1",-1.79088717497861
"LINC01619",-1.79220120502228
"TALAM1",-1.79235368314097
"RFC2",-1.79329299200048
"PTEN",-1.79492294137358
"SCGB3A2",-1.79496471504331
"HSD17B1P1",-1.79496615882829
"SNUPN",-1.79511407273282
"OPTN",-1.79547255731177
"ZNF805",-1.79611804171864
"CCDC59",-1.79627120459798
"ZNF654",-1.79629957693972
"GRIA3",-1.79820665260254
"TUBB1",-1.79846902746658
"ACSL3",-1.79847560894578
"ZNF24",-1.79890574375298
"VPS26A",-1.79940535774658
"NPRL2",-1.79986365299724
"ROCK1P1",-1.79993474344482
"RSC1A1",-1.80033530984459
"ZNF544",-1.80038469902366
"THUMPD3",-1.80120655082245
"MCM8",-1.80158773093061
"DOCK1",-1.80316668418862
"RBM3",-1.80323996390248
"PTBP2",-1.80334859605348
"TRAJ10",-1.80346706990498
"TRIM5",-1.80364643425416
"ARHGAP10",-1.80393635179184
"MYB",-1.80404849991807
"CERKL",-1.80410616845206
"LINC01357",-1.80410616845206
"SLC16A1-AS1",-1.80410616845206
"C9orf85",-1.80434026108576
"LINC02324",-1.8046001719993
"ARR3",-1.80463801400802
"FHIP2A",-1.805816057546
"CEACAM21",-1.8060458629749
"ACTR3",-1.80619351008078
"LOC107984156",-1.80657441391055
"POC5",-1.80707030794018
"SLC35D2",-1.80722935784004
"PRIM2",-1.80740814226906
"CHMP4C",-1.80918930968789
"CSNK2A2",-1.80936980093264
"CCRL2",-1.80951258334918
"CYP7B1",-1.80998523182318
"NAV3",-1.81012885237944
"LRRC40",-1.81174975953583
"PSMD8P1",-1.81263064231669
"HSD17B13",-1.81302937375901
"LOC107984643",-1.81309462063204
"OR7E100P",-1.81379866595638
"CTAGE3P",-1.81411965190732
"SLC25A48",-1.81508086768584
"FRS2",-1.81546432210321
"CCDC28A",-1.81546546578495
"COG1",-1.81768603908118
"PKD2",-1.81788477299613
"SMC5",-1.8180988121268
"BAG5",-1.81829500040907
"AGFG1",-1.81834275789316
"IFI16",-1.8189769078608
"RPS19",-1.81914684203105
"LOC128966670",-1.81926517729225
"SMAD1",-1.81932179332585
"ATP6V0A2",-1.81952041691322
"BCAS3-AS1",-1.8215793892485
"RORA-AS1",-1.8215793892485
"KLHL41",-1.82158648138623
"SPDYE6",-1.82170886183029
"PARP1",-1.82226083898801
"SIN3A",-1.82254994438064
"NME1",-1.82257938761236
"GPR155",-1.82305826146555
"BBX",-1.82457850698164
"CBX5",-1.82471709818802
"KDM4C",-1.82521818189009
"SRSF11",-1.82548451061957
"RORB",-1.8256507598262
"TRBV28",-1.82611090077024
"CES3",-1.82625883908625
"TEX41",-1.82654214258013
"NUP88",-1.82672365363176
"ANKMY2",-1.82754561447197
"DNAJA3",-1.82791794764342
"FAM8A1",-1.8279797330931
"TBC1D3P5",-1.82798412466959
"PCDHB4",-1.82808971453493
"PRKAA2",-1.82830214184403
"EPM2A",-1.82840187373085
"GPX8",-1.82842807044869
"CPLANE1",-1.829306434633
"ADAMTS17",-1.8301584708116
"RIT1",-1.83062937080155
"TNKS",-1.83076706657521
"LYPD6",-1.83127925965663
"SERAC1",-1.83152531231879
"ASTE1",-1.83163834453111
"F2R",-1.83172434246532
"RGL1",-1.83260358357856
"ANAPC1P2",-1.83305100463512
"DOLK",-1.83328422256191
"TSC22D1",-1.8335315143135
"INTS13",-1.83353970466129
"SERPINB8",-1.83375415297364
"GHITM",-1.83428473913786
"ZNF264",-1.83523940091846
"USP30",-1.8352997257805
"SEPTIN7P10",-1.83536035618445
"SNHG31",-1.83536035618445
"AKAP6",-1.8355709508005
"H4C2",-1.83665784304329
"RNFT1-DT",-1.83694785856689
"HERC6",-1.83706858202702
"RPS15AP26",-1.83768023535333
"RGN",-1.83778223157818
"COQ6",-1.83799492490651
"UTP20",-1.83808952626238
"CBLIF",-1.83833089108675
"RIOK2",-1.83835754237844
"TRAV8-3",-1.83837506719004
"CASP10",-1.83850238029778
"FMO5",-1.83863245831538
"CPO",-1.83886663077071
"ZNF557",-1.83891748510826
"SNORD45A",-1.83972163466502
"RDH11",-1.83974652466551
"SNORA16B",-1.84006623629182
"AOAH",-1.84018793218485
"MKRN1",-1.84028101242418
"UNC50",-1.84068827342728
"LHFPL1",-1.84104859158684
"LINC00472",-1.84104859158684
"NKAPL",-1.84104859158684
"RPL13AP26",-1.84104859158684
"SLC9A2",-1.84107370487273
"WEE2P1",-1.84175426934065
"AKR1B1",-1.84222608496359
"NFX1",-1.84284453048232
"UGT2B28",-1.84414656214648
"MUC22",-1.84473923883999
"SLC6A15",-1.84475434004234
"GABARAP",-1.84477018283382
"CMKLR1",-1.84505354397703
"MIR663B",-1.84610257797469
"UGDH-AS1",-1.84632379737531
"LOC107984970",-1.84663288699371
"PCDHA6",-1.84663288699371
"PEG3",-1.84745920796642
"ATP6V1A",-1.84846096796459
"OR52N4",-1.84854086878102
"GPR85",-1.84866713863741
"CENPBD2P",-1.84898470681998
"MZF1-AS1",-1.84898470681998
"PLEKHG1",-1.84923198737753
"AMD1",-1.85057426300175
"CELF2",-1.85108153264031
"SLC60A1",-1.85117882227057
"SYNE1",-1.85180936220706
"TAS2R13",-1.85195358559
"TH2LCRR",-1.85211711935662
"EXOSC1",-1.85226852120004
"FPR3",-1.8522725012997
"NEDD4",-1.85242356321819
"MRNIP-DT",-1.85283614097974
"MTREX",-1.85283676776445
"TADA2A",-1.85302986325564
"KRT8P52",-1.85387875283724
"KPNA1",-1.85458275729454
"BACH1",-1.85496877543327
"GRIK1-AS2",-1.85496877543327
"PIGM",-1.85507121726728
"SNRPD3",-1.85540178645927
"ZNF471",-1.85568878390301
"RAB10",-1.85572504159798
"CPE",-1.85704990373601
"CELF1",-1.85751601430558
"C5orf46",-1.85766864335438
"CCDC181",-1.85766864335438
"POLE2",-1.85779452445159
"KLHL15",-1.85785691706945
"SPRR1A",-1.85855122886062
"POLR3A",-1.85857531321567
"MRPS16",-1.85985805881549
"N4BP2L1",-1.8602103794958
"RSPRY1",-1.86030559337658
"LPIN2",-1.86035565146598
"SPDYA",-1.86037452730703
"ATP11C",-1.86049307440946
"SENP5",-1.86094991687792
"EIF2B2",-1.86179318687455
"GLB1L",-1.86237493926741
"CAAP1",-1.86261081678869
"RELL1",-1.86328759224682
"EXOC6",-1.86329950308718
"PRELID3B",-1.86414711903352
"RAB13",-1.86416782514283
"RBL2",-1.86467343663474
"TFG",-1.86476325516867
"NPIPB4",-1.86496883578634
"PGM2",-1.86556260598739
"FAM90A15",-1.86568964078811
"C3",-1.86584183704184
"CD47",-1.86603646597087
"TSR1",-1.8663155267396
"RAB8B",-1.8665292122185
"LOC100419572",-1.86674859723995
"KIN",-1.86694020858671
"TSN",-1.86760458761915
"FAM124B",-1.86800283150905
"HNRNPA3P2",-1.86820113645714
"RER1",-1.86925180530305
"EIF2AK4",-1.87036669511872
"GIT2",-1.87115758435412
"LTO1",-1.87143188281509
"MED14",-1.87189509896342
"ZNF3",-1.87208559237162
"CAPS2",-1.87443350169183
"ANKRD50",-1.87474691982789
"PRRG1",-1.87493690449779
"SLC2A13",-1.87511132671803
"COG4",-1.87545449166001
"FOXJ3",-1.87557068484613
"HAUS6",-1.87617449819842
"ETAA1",-1.87733128980439
"EMC1-AS1",-1.87800429180832
"RPL24",-1.87814691703711
"CTNNAL1",-1.87822272074008
"B4GALT4",-1.87823345404086
"RIMOC1",-1.87846895650715
"BNIP3L",-1.87864123408899
"XPA",-1.87929527029264
"ZCCHC17",-1.87934034458476
"SYP",-1.87935720472233
"SERINC3",-1.87938529673573
"SGK1",-1.88002728384566
"GPRC5D-AS1",-1.88012861900605
"LOC105376121",-1.88043933855908
"TXLNB",-1.88078635798145
"SOX2",-1.88145223114203
"SLC38A1",-1.8818940698978
"LCP1",-1.88226533667551
"CLN5",-1.8825781325635
"LOC124904362",-1.88363788404358
"PARP15",-1.88422142403154
"VIT",-1.88446732999391
"DPY19L4",-1.88463382530455
"FAM88E",-1.88569056836046
"TOB1",-1.88570737477819
"ELK4",-1.88593580622298
"PATJ",-1.88620435268678
"RPL6P2",-1.88659520662546
"EPHX2",-1.88663529082973
"DTWD2",-1.88731992688675
"PCLO",-1.88746585879789
"CCKAR",-1.8874715051514
"UBE3D",-1.88758561983477
"EXOC4",-1.88761264449364
"NIT2",-1.88783720647595
"DGKE",-1.88842949158316
"RAPGEF2",-1.88845750529653
"CDKN1B",-1.88995068023697
"TCTN3",-1.89007184619199
"SUMO1",-1.89019726633509
"ZNF763",-1.89043173909143
"LINC00471",-1.89047351475022
"KRT18P7",-1.89101822287592
"CSRP3",-1.89117940222651
"RPS15AP13",-1.89256036984152
"TPD52L1",-1.89285020581005
"KLHDC3",-1.89305769428396
"ZNF285",-1.89328740849599
"CIMIP2C",-1.89341646006936
"CYP4F30P",-1.89365561208523
"ATPAF1",-1.89368873165811
"CSNK1G1",-1.89447916519275
"SP2-AS1",-1.89470746918464
"SP2-DT",-1.89470746918464
"RSRC2",-1.89538237177575
"YKT6",-1.89571369474787
"DPPA2P1",-1.89571638496627
"HNRNPA3P9",-1.89571638496627
"LINC02043",-1.89581590689789
"TCAF1",-1.89638548916688
"SNRNP48",-1.89664182322227
"SNX9",-1.89700287015459
"OR5P1P",-1.89739012375681
"CCDC117",-1.8976085905339
"PBRM1",-1.89773056704057
"SDHA",-1.89845898575333
"HNRNPC",-1.89850332709308
"PSAT1P3",-1.89860295173066
"ACOXL",-1.89895353233224
"SNORA79",-1.89895353233224
"COMMD9",-1.89914578940878
"STK26",-1.89920373332201
"ARHGEF28",-1.89933818271916
"IQUB",-1.89934297933467
"ANKRD49",-1.89978811269627
"LINC00958",-1.90123416069703
"TSPO2",-1.90140061448198
"PCCB",-1.90151501072304
"B3GALT1",-1.90214577198737
"RPL23AP51",-1.90227664413114
"PROZ",-1.90251067883476
"YARS2",-1.90358419741333
"LRCH3",-1.90420614536703
"SUPT16HP1",-1.90490814913852
"TDG",-1.9052360900762
"PXMP4",-1.90525312803283
"TMC2",-1.90569520177037
"FAM98A",-1.90588575532522
"RASGRP3-AS1",-1.90588575532522
"MROH9",-1.90658864005727
"CCT6A",-1.90677715326574
"SERP1",-1.90747962092935
"RGS10",-1.90753785142906
"DOCK10",-1.90806953158557
"H4C5",-1.90818840889436
"LIPM",-1.9085474427475
"TBC1D4",-1.90932847967226
"LOC100421246",-1.90958120500694
"COP1",-1.91089661002235
"USP15",-1.91105314825214
"PLAAT2",-1.91110468377094
"SLC9B1P5",-1.91110468377094
"EPC1",-1.91133103306595
"UBA3",-1.91194667276683
"GABRA2",-1.9126280284603
"LOC374443",-1.91267457608631
"GTF2IRD2P1",-1.91314077796659
"FAAH2",-1.91315914174906
"ARL3",-1.91323193407096
"SLC9A6",-1.91384920514105
"LAYN",-1.91392081580789
"GMDS-DT",-1.91536998482454
"CCL23",-1.91774034206884
"SNORA9",-1.91774034206884
"MPZL3",-1.91782509039163
"HPX",-1.91807730596316
"SORBS2-AS1",-1.91824263248993
"DDX59",-1.9184057591126
"TCTN2",-1.91850569968409
"CXCL5",-1.91858551224595
"RARS1",-1.9188627369746
"MED4",-1.92001535267583
"PCSK1",-1.92112868749479
"DOCK2",-1.92256224535143
"RPA2",-1.92418564056669
"DNAJC5",-1.92550094833357
"TMEM126B",-1.92556981589624
"DAZ4",-1.92560564256353
"DDX11L1",-1.92560564256353
"DDX11L12",-1.92560564256353
"CHD1",-1.92566419251058
"WDHD1",-1.92596195142782
"SERINC5",-1.92624414346223
"RCOR3",-1.92674336709591
"CCT4",-1.92679916929452
"LINC01128",-1.92696097975401
"ZCCHC18",-1.92718346371041
"PIGV",-1.92754800265031
"CATSPERH",-1.92769494950316
"CREBL2",-1.92897172877406
"IFI44L",-1.92993251327786
"SNORA51",-1.93049776138838
"AGAP9",-1.93053115491075
"HPD",-1.93063271041163
"PPP1R2",-1.93141934842227
"LOC102724808",-1.93151284410383
"ERP44",-1.93168583155544
"RDH12",-1.93190770770888
"C1orf105",-1.93206138564291
"CCDC60",-1.93259766951025
"IGKV3D-7",-1.93274986992635
"WDR70",-1.93300300934612
"CFAP161",-1.93355190605351
"PARN",-1.93375813061864
"OSER1-DT",-1.9341728863434
"ATP5MG",-1.93482396576345
"SHROOM4",-1.93509140203409
"CDC27",-1.93558731544142
"FBXL20",-1.9360864074829
"RBP7",-1.93618334732142
"SLC31A2",-1.93780224606984
"TCEAL9",-1.93791705560641
"MIR616",-1.93808927705382
"GUF1",-1.93854979979406
"RBM11",-1.93865346693525
"PVT1",-1.93908981890617
"LOC124907726",-1.93915170246711
"LSP1P4",-1.93915170246711
"CYP4F22",-1.93973920576448
"RP9P",-1.9399296026633
"NETO2",-1.94000284682885
"SMARCA5",-1.94025863164036
"HEATR5A",-1.94094552888764
"RRN3P1",-1.94128884235287
"GOLGA6L25",-1.94149583508051
"TRBV7-2",-1.94149583508051
"CSDE1",-1.94167212868052
"EPCIP-AS1",-1.94219557026131
"UTP4",-1.94272908869134
"CHRND",-1.94276053848609
"TXNDC12",-1.94400108259808
"COG3",-1.94429468321217
"TALDO1",-1.94432779801927
"LINC01359",-1.94475911643266
"RPS3AP34",-1.94475911643266
"KAT7",-1.94498852051023
"ZW10",-1.94504408259857
"GMPS",-1.94520738687014
"RALGPS2",-1.94569783975835
"CCNI",-1.94627827765397
"SWT1",-1.94691890369309
"KLHL13",-1.94772899168623
"KRT8P41",-1.947914320616
"POGLUT1",-1.94801417199994
"RPSAP14",-1.94829144074454
"CADPS2",-1.94889603059191
"MVK",-1.94944490692169
"RUFY2",-1.94969605066864
"BMP6",-1.9507646942802
"IFNE",-1.95119780877057
"PLEKHM1P1",-1.95196719889944
"H3C8",-1.95212515744376
"GON4L",-1.95232447179813
"COG7",-1.9526534881679
"LCMT1",-1.95387026929663
"TGM3",-1.95387148391535
"JTB",-1.95418155646885
"CS",-1.95444061778474
"KBTBD3",-1.95455481680457
"ACAD9",-1.95468402663957
"PSMD7",-1.95499797822234
"PLGRKT",-1.95579983835134
"ZNF304",-1.95589126178036
"EEF1AKMT1",-1.95743157837054
"CREB1",-1.95756640084166
"GFM2",-1.95766640484632
"COLEC12",-1.95798874550617
"C1orf174",-1.95807543146321
"CD99P1",-1.95817965540533
"AFG3L2",-1.95842534867326
"LEF1",-1.95904293163801
"KRT12",-1.95921231448265
"YY1AP1",-1.95947759816793
"RAET1E",-1.95985816341544
"PBK",-1.96017481883085
"AIMP1P1",-1.96046653015284
"NTRK3",-1.96246035249261
"SNORA36B",-1.96304663081708
"PSMD4",-1.96354338695944
"FAAH",-1.96407511546969
"CNNM1",-1.96533909479157
"EMD",-1.96557904287785
"CAMSAP2",-1.96560542855213
"HOXA1",-1.96598912362065
"EIF2S1",-1.96620407960756
"LOC100420981",-1.9666391646676
"BMAL2",-1.9674395968313
"NDUFS2",-1.96769494797751
"NSL1",-1.96796415464698
"PPARA",-1.96805745154305
"RALGAPA1",-1.96814785160864
"XXYLT1",-1.96823367117305
"GRIN1",-1.9684735434815
"AHCYL2",-1.96864683867174
"FUT7",-1.96867328736847
"CCL21",-1.9687476050906
"RIC1",-1.97001394010475
"MS4A1",-1.97007571885806
"LINC00511",-1.97008129585466
"LINC00673",-1.97008129585466
"ORC3",-1.97017315455048
"CIART",-1.97034235500885
"SLC12A2",-1.97078534519543
"GSPT1",-1.97085365763585
"PMP22",-1.97086944134822
"BABAM2-AS2",-1.97123797094389
"EXT2",-1.97125109558692
"METAP1",-1.97186958433876
"PTPN3",-1.97230540896173
"DNAJB14",-1.97238718029991
"H2AC14",-1.97242486003458
"LINC03082",-1.97428527814299
"FGF1",-1.9753975081559
"CNGA3",-1.97572930958779
"DEFB130C",-1.97612106675283
"TFDP2",-1.97639630244216
"UBE2J1",-1.97698351530662
"RPL21P65",-1.97756072755849
"APOBEC3H",-1.97822763057579
"NEMP1",-1.97864382260521
"SRBD1",-1.97898977933984
"KRTAP3-2",-1.97922509310526
"UTRN",-1.97989602494574
"TIGD1",-1.98013824325391
"PRPF3",-1.98099088135719
"SHPRH",-1.98112115708854
"MORC4",-1.98153705626612
"SPIN2B",-1.98214053510812
"MTIF2",-1.98221053250736
"BCAS3",-1.98230549116884
"CNOT7",-1.9831720556331
"OR2L1P",-1.98333626756189
"FASTKD3",-1.98343070584735
"ABHD12",-1.98350113134953
"NUP98",-1.98360932404161
"SLC30A5",-1.98384179053005
"ZNF773",-1.98393137676386
"TSPYL1",-1.98412004258378
"BTD",-1.9842509856175
"NDRG2",-1.98485501957331
"USP48",-1.98504246403059
"MYO6",-1.98505097977709
"MAGI1",-1.98516339513027
"PHAX",-1.98521681478534
"TECRL",-1.98579926380906
"GYG1",-1.98659642396243
"RPL7P32",-1.98713522453225
"SP100",-1.98909782841814
"NOXRED1",-1.98973436537303
"DNAJB3",-1.98983507645741
"DRD2",-1.99020708106851
"HIBADH",-1.9902916829188
"FAM161A",-1.99030613066204
"USP17L1",-1.99051954787779
"USP17L3",-1.99051954787779
"EFCAB14",-1.99086479284423
"NHLRC3",-1.99091417122463
"AP4B1-AS1",-1.9909874547226
"TMEM26",-1.99225944062601
"MYLK2",-1.99238271563279
"EXOC6B",-1.99309886074923
"RAB17",-1.9937735226296
"ATG7",-1.99384155127065
"DSPP",-1.99420744555626
"TIMM21",-1.99504215693212
"PANK3",-1.9959561004555
"DNM3",-1.9961790626667
"KLF6",-1.99618577242386
"ZNF669",-1.99628699029226
"SMNP",-1.9964430713924
"NEIL3",-1.99690125164738
"TGM6",-1.99717594127892
"SDCCAG8",-1.99735632511247
"RBM43",-1.99789110272341
"SRGAP1",-1.99849584200091
"PUS7",-1.99864185345555
"PRLR",-1.99905997307775
"NEK2",-2.00170821209694
"CNTNAP3B",-2.00195147339838
"SAMD5",-2.00212520561711
"ULK4P2",-2.0022176628034
"GJA1",-2.00239579089091
"SNRPD2",-2.00262645602691
"DERA",-2.00277155666281
"PPP2R5A",-2.00290030113162
"MTFMT",-2.00293322986167
"RETREG1",-2.00354641882476
"RPL9P3",-2.00449862615261
"RPL17P47",-2.00518783778661
"ANKRD18B",-2.00520790328231
"LGALS8",-2.00576667864665
"MAP1LC3C",-2.00605424485396
"SLC7A7",-2.00613182917724
"ST3GAL5",-2.00614287260342
"KDSR",-2.00653716824646
"KLK12",-2.00669378602142
"EIF2B1",-2.0074219550077
"SNORA10",-2.0076329200095
"RPAIN",-2.00792845963471
"ANKRD20A3P",-2.00844242695768
"LOC102724431",-2.00844242695768
"LOC642929",-2.00844242695768
"TASOR2",-2.00857605670143
"KIDINS220",-2.00887704493571
"SPDYE11",-2.00947424923355
"SPDYE9",-2.00947424923355
"GINS1",-2.00964513229426
"DIS3L",-2.00988536879079
"BCL2L14",-2.00989338140793
"IL1A",-2.01032737631873
"PRR33",-2.01033809556269
"PCDHB13",-2.01064687984139
"MAP2K1",-2.01079755878767
"C21orf140",-2.01199602914698
"LOC102723451",-2.01199602914698
"FGF2",-2.0120400484403
"WASHC2A",-2.01212850930626
"WASHC2C",-2.01212850930626
"COA1",-2.01276474802646
"GOLGA6D",-2.01277314403182
"CYP4F29P",-2.01287394831123
"ELL3",-2.01291739252872
"ANOS1",-2.01326153511731
"RPS3AP38",-2.01382837882704
"KCMF1",-2.01383099710668
"SNORD12",-2.01431152556144
"GARS1",-2.01453835754559
"RASAL2",-2.01463856790663
"TRD-AS1",-2.01467285627614
"SRRM2-AS1",-2.01664321052734
"RPL7AP43",-2.01669299749878
"RNF38",-2.01719359008029
"CYFIP2",-2.01725430363411
"CPED1",-2.0176173054198
"KAT2B",-2.01787689852075
"OPN1SW",-2.01792414073653
"RPL21P29",-2.01819147914569
"DDAH1",-2.0182916402155
"TRMT13",-2.01849922994433
"TOGARAM1",-2.018946778568
"ADAR",-2.01934287327937
"DCP1A",-2.01994673499516
"TINF2",-2.02044982485569
"TRAV21",-2.02047233479282
"ZNF664",-2.02133458543853
"MTO1",-2.02145517961264
"MDM2",-2.02158122680708
"ZNF101",-2.02176019643549
"GPATCH2",-2.0217935628538
"LINC02210",-2.02221253812132
"TRAV38-2DV8",-2.0231914655231
"SLC25A20",-2.0233034866241
"CAPN3",-2.02340055841009
"KIAA0753",-2.02362098799284
"CD302",-2.02378386570232
"TTLL13",-2.02433673266862
"BORA",-2.024851875002
"TVP23B",-2.02521066806304
"MAPK14",-2.02646698075161
"SLC15A1",-2.02655802786697
"C1S",-2.02671909440409
"KIFAP3",-2.02683458374106
"VDAC2",-2.0285748497638
"FAM184A",-2.02861168590936
"ALKBH3",-2.02965297388345
"PDE4DIPP6",-2.0312379908915
"TMEM70",-2.03140800265094
"COL6A6",-2.03172371328398
"ARHGAP24",-2.03211857521025
"PWWP3B",-2.03259208297267
"ETFBKMT",-2.03297218848967
"ATG5",-2.03344436518094
"IMMT",-2.03384014610077
"SPCS2",-2.03431967133551
"CSRP1-AS1",-2.03462803246579
"PAIP1",-2.03467723134246
"RPS10P1",-2.03547546392131
"DNAJC16",-2.0360477573673
"LOC100286922",-2.03638245435272
"GAPVD1",-2.03673501260831
"TEX52",-2.03742843266975
"SNORA32",-2.03754174619819
"OR1L6",-2.03815044875528
"MIR100HG",-2.03859865915133
"DEPDC4",-2.0390469581604
"BOD1",-2.03961835777272
"KRT6A",-2.04048171331622
"RPL11P3",-2.04113798732933
"GALNTL6",-2.04120649062125
"SNHG26",-2.04144778363598
"ATG10",-2.04168764083917
"RPS10-NUDT3",-2.04213173937944
"NUBP1",-2.04236829159159
"SNORD53",-2.04269114355272
"PIK3CG",-2.04314520776791
"KRT222",-2.04349842149453
"TEX10",-2.04410735649191
"TLR6",-2.04436845688194
"LHX8",-2.0445381723847
"CTNND1",-2.04511543267913
"LOC105379272",-2.04565331709329
"TARS3",-2.04596960792914
"CDON",-2.04660612533451
"TMEM106B",-2.04672454613807
"RFTN2",-2.04683591130062
"RAB3IP",-2.04737723164387
"RFWD3",-2.04776289025936
"SLC30A7",-2.04890783054037
"ASB3",-2.04894227604857
"GPR75-ASB3",-2.04894227604857
"INPP1",-2.04931136186271
"SLC25A21",-2.05096825562898
"TEX261",-2.05118054982819
"PCSK2",-2.05140825308002
"ZBTB40",-2.05200007589879
"WWOX",-2.05244271268733
"BZW2",-2.05252311917534
"STAT3",-2.05298049721038
"SPAG16",-2.05427744620556
"COQ10A",-2.05437011791247
"C6orf89",-2.05453007668253
"NPY",-2.05490788891446
"HS2ST1",-2.05496364097963
"PRKG2",-2.05539293325108
"ANAPC4",-2.05545787333306
"NFYC",-2.05610614400416
"ABCA12",-2.05673773675221
"GDE1",-2.05684077172022
"HMMR",-2.05765350901427
"NCAM2",-2.05771361714
"CD24",-2.05786057968132
"TMEM30A",-2.0579103902781
"ATP2B2",-2.05863883495692
"RPL7AP60",-2.05886176993023
"ZNF180",-2.05928119430899
"ZNF131",-2.0593375343786
"TTLL7",-2.05979910181614
"TESPA1",-2.06050775608095
"CENPE",-2.0621673772627
"CTNNA1",-2.06248004288276
"MTHFD2L",-2.0642583679851
"PET100",-2.06426271070798
"PWP1",-2.06439655049164
"LOC105372960",-2.06473191318365
"LPAR1",-2.06489411240599
"GTF2E2",-2.0653421980862
"RTTN",-2.06539494989717
"LOC101929555",-2.06586068378718
"PPP4R3B",-2.06591871572581
"CEP126",-2.06623149713923
"HACD3",-2.06647819722163
"GNGT2",-2.06689927157364
"CCDC68",-2.06719406416845
"CEP290",-2.06774247351338
"NPIPA6",-2.06794913317934
"STAG1",-2.06810894071
"CEP192",-2.06817753677337
"TCP10L",-2.06822925255031
"ZNF606-AS1",-2.06822925255031
"UPP2",-2.06871116924134
"GLO1",-2.06992911725503
"USP12",-2.0709006441044
"RBL1",-2.07093752789414
"CGNL1",-2.07132618957772
"PTPN6",-2.07210618931865
"NBEAL1",-2.0722956728223
"NKX3-1",-2.07232389197496
"RBISP5",-2.07302766778158
"MRPL1",-2.07314752849291
"LOC101927708",-2.0732997967607
"TSPAN5",-2.0736171261751
"MAT2A",-2.07371130133193
"TES",-2.07479068788198
"TMEM260",-2.07575408135675
"AGA",-2.0766427077762
"ARFGEF3",-2.07709252709732
"MMAB",-2.07752025529085
"CDKL4",-2.07765051516787
"OR7E91P",-2.07801843159369
"DIO3OS",-2.07836779090926
"RBBP9",-2.0785971969967
"EIF2AK1",-2.07914177414567
"CACNA1D",-2.0792156370751
"PLCD1",-2.07924507328127
"PCED1B-AS1",-2.0793856241351
"BCLAF1",-2.07966734612936
"NDUFAF6",-2.07974871014747
"PPM1B",-2.07978590652208
"NSUN6",-2.0798694263068
"TXNIP",-2.08030389175243
"GPR18",-2.08113515304397
"GABPB2",-2.08127513243479
"SOS2",-2.08158043490999
"CDK7",-2.0817714503181
"PALS2",-2.08259014827875
"ACER3",-2.08341695770069
"ENOX2",-2.08348978709357
"SPPL3",-2.08428546637708
"CCNT1",-2.08459293882546
"SYDE2",-2.08473890009485
"CCT8P1",-2.08498561013973
"VLDLR",-2.08580338220172
"HFM1",-2.08617984324251
"RNASE6",-2.08720705359647
"SNORA69",-2.08780908651453
"CNGB3",-2.08861018993785
"CAP1P1",-2.09034005479795
"TRAV26-1",-2.09044099397309
"IGHJ1",-2.09100405939403
"SNORA13",-2.09134013644367
"C11orf52",-2.09162637080059
"ZEB2",-2.09162869648362
"VPS8",-2.09175361073935
"DUS4L-BCAP29",-2.09210681678522
"TMEM19",-2.09233746342809
"INTS8",-2.09262041616322
"TRIT1",-2.09287056990298
"PRKAG2",-2.09311611292579
"CUL1",-2.09362692456998
"SLC35F2",-2.09372736103731
"LINC00239",-2.09374136827672
"KCNA5",-2.09386405932302
"KRT8P12",-2.09435905206801
"RANBP6",-2.09483594731912
"EDN1",-2.09506389673696
"SH3BP5-AS1",-2.09537418770395
"NLGN4X",-2.09543595469239
"OXR1",-2.09559243573238
"HERC2P2",-2.09585661576728
"LMO1",-2.09588123028429
"SDAD1P1",-2.09658750827236
"SERPINB5",-2.09711330191747
"DHX9",-2.09726902471297
"DEFA3",-2.09737480352568
"CHORDC1",-2.09743375751424
"PIGH",-2.09779190617903
"CAPNS1",-2.09785782558306
"ABCB4",-2.09880284568492
"HPRT1",-2.09958277390851
"PPP1R1B",-2.09993339733219
"NPIPA1",-2.10035445370486
"NPIPA9",-2.10035445370486
"SLF1",-2.10086388383678
"RASA2",-2.10157253201868
"APOC2",-2.10159740347109
"DNAJC13",-2.10189881347261
"PLA2G7",-2.10230410270799
"PIAS2",-2.10236377439922
"YTHDC2",-2.10242891617732
"PAX8-AS1",-2.1029216506452
"LINC01605",-2.10310105746979
"SLITRK2",-2.10315523690025
"SSUH2",-2.10439849682246
"RPF2",-2.10446296788562
"CLIC4",-2.10456595645003
"AHNAK",-2.10514715711948
"NSMCE4A",-2.1066225218837
"RPS7P1",-2.10663165374134
"EDEM3",-2.10679385621836
"LRMDA",-2.10700788710652
"UNC13B",-2.1079303452918
"RNF14P3",-2.10803397363177
"RNFT2",-2.10860676390066
"NDUFAF5",-2.10967734015011
"MIPEP",-2.10979266174574
"MET",-2.11062465070126
"OR10A2",-2.1106484186151
"C1orf220",-2.11090043177493
"PSD3",-2.11139065818688
"CHRNA9",-2.11147187134003
"BTN3A1",-2.11202197693215
"GRIP1",-2.11203086989579
"GUCY1B2",-2.11209515903744
"PHACTR2",-2.1123136080998
"EIF2AK1P1",-2.11284763557843
"FAM24B",-2.11286121822238
"ARL8B",-2.11296694097396
"HOMER1",-2.1136098846311
"RPL5P24",-2.11464547208196
"RPS27",-2.11465062255744
"RCAN1",-2.1149812041957
"FXR1",-2.11505318675122
"LAMTOR2",-2.11537828094631
"LOC124900275",-2.11554925379038
"NCMAP",-2.11554925379038
"DCK",-2.11574753832393
"LOC100506869",-2.11659379755707
"HERC3",-2.11709453573712
"RPL23AP42",-2.11711569304845
"LYG1",-2.11714264959659
"SEPTIN7P1",-2.11763547600296
"SLC44A1",-2.11782482593855
"RAD23B",-2.11799171171383
"SCARB2",-2.11959700505085
"PCDHB15",-2.11981639588991
"VIRMA",-2.12021486694787
"STARD3NL",-2.12049811358688
"SMYD3",-2.12069483747898
"HNRNPK",-2.12075253130791
"PDCL",-2.12134285033803
"KMT2A",-2.12166512614013
"AIM2",-2.12182898024968
"ZNF738",-2.12191523792149
"GOT2P6",-2.12310225080039
"ZFP2",-2.12321617795247
"CNOT6",-2.12371777310317
"CRYBG1",-2.12410226837405
"CEP95",-2.1245061887338
"MTFR2",-2.12525931771818
"CLIP4",-2.12552640994452
"TRGV10",-2.12556156214709
"TPM3P9",-2.12594818623311
"LOC729732",-2.12667163385435
"GNAI3",-2.12667570769257
"SOX5",-2.12711372765654
"SNORD11",-2.12739575256725
"TTC6",-2.12961602353461
"LINC00987",-2.12968568488413
"EPB41L2",-2.13018665612836
"ANO10",-2.13025363330734
"SCML1",-2.13155989925883
"RPS4XP22",-2.13162582752744
"PPP4R3A",-2.13168357536447
"HACD2",-2.13203959463574
"APOD",-2.1322705735266
"SSTR5",-2.13268671556199
"RPS10P26",-2.13292568815049
"WDR87BP",-2.13292568815049
"TMEM258",-2.13351061294903
"ABRAXAS2",-2.13357206131206
"UQCRQ",-2.13422937444641
"PUS10",-2.13437240592829
"VKORC1",-2.13442150090769
"PUS3",-2.13448010506466
"VPS4B",-2.13473287681291
"LEMD1",-2.1347987449477
"POTEM",-2.13485965374816
"TEX56P",-2.13485965374816
"SLTM",-2.13527109962474
"DYNLL2",-2.13566366967663
"PMS2P14",-2.13595240932642
"CEP170",-2.13762022137811
"ZNF776",-2.13828344103818
"TARS1",-2.13835929343534
"HIPK1",-2.13845077260377
"BPGM",-2.13887717057561
"IARS1",-2.13913600066088
"GOLGA8M",-2.1391397898501
"ANKRD13A",-2.13933399468942
"DOCK9",-2.13969614039262
"CEP97",-2.14007332378343
"PLAA",-2.14068700654115
"AP1AR",-2.14086432188346
"POP1",-2.14154463835489
"SRP19",-2.14279243187521
"HCG17",-2.14392421798483
"HCG18",-2.14392421798483
"SV2C",-2.14457495717508
"FAM174A-DT",-2.14463365952278
"GPR12",-2.14471049733069
"ARHGAP11A-SCG5",-2.14565308317864
"WBP2NL",-2.14633181595341
"PKD1P6-NPIPP1",-2.14635952349891
"ZNF417",-2.14654577404006
"ZNF354B",-2.14694274424575
"NIPSNAP1",-2.14703292707097
"DECR1",-2.14710922106051
"LCE3A",-2.14760399749926
"SYPL1",-2.14766487792703
"SEMA3A",-2.14772563080594
"MIR604",-2.14774280891412
"CIRSR",-2.14780528251266
"MGA",-2.14830721986357
"PDGFC",-2.14871981386673
"PARK7",-2.14900004119012
"LOC100422441",-2.14913230985428
"POC1B",-2.14946869409811
"POC1B-DUSP6",-2.14946869409811
"PMS2P4",-2.14970589477274
"GOLM1",-2.14984162217034
"MPHOSPH10P1",-2.15023691844105
"CD9",-2.15046925115658
"IGKJ3",-2.15049511577248
"SLC46A2",-2.15049511577248
"TMEM254",-2.15121589042108
"FBXL5",-2.15191618904603
"ZNF662",-2.15198296747687
"H2BC5",-2.15202011650183
"SLIT3",-2.15254659886699
"CTSG",-2.15260598215953
"CLHC1",-2.15265940469334
"OSER1",-2.15347850422715
"PIR",-2.15390195025472
"USP24",-2.15420824245008
"ZNF397",-2.15482948349027
"NHS",-2.15493944458362
"URI1",-2.15534791920565
"ZNF606",-2.15543290349385
"ZNF337-AS1",-2.15609138697038
"SETD2",-2.15679883806939
"CCL17",-2.15694714269668
"ESYT2",-2.1570438211549
"SETP6",-2.15716820788444
"BNIP3",-2.15756135518242
"UBXN4",-2.15761657605854
"GNPNAT1",-2.15965325629817
"NUDT2",-2.1597034233507
"TBX10",-2.1602134388957
"KDM7A",-2.16088444976245
"GLIPR1",-2.16134474294699
"PGM3",-2.16171127524756
"NOTCH2NLB",-2.16223549835084
"NCSTN",-2.16228869665551
"BLOC1S6",-2.16231178351188
"PHC1",-2.16272469300797
"SLC25A40",-2.1628768001396
"COA5",-2.16431837569176
"PM20D1",-2.16466451121462
"CAVIN4",-2.16486310629132
"KLHL7",-2.16489817687895
"WDR87",-2.16536275897504
"SVEP1",-2.16549152876037
"LIMS3",-2.16673088047474
"AK3",-2.16699515510419
"HSBP1L1",-2.16723598259878
"SPRR2A",-2.16823108993482
"MAP3K13",-2.16831275625282
"SLC47A1",-2.16863085102321
"OTUD4",-2.16924544134756
"PCDHB11",-2.1693470694922
"ROCK2",-2.16964534903385
"MATCAP2",-2.16985240351918
"SP1",-2.17046127539732
"ZBTB1",-2.17095407038771
"ADAM22",-2.17134652209465
"VPS29",-2.17147870916762
"RPL3P1",-2.17196274538608
"VAX2",-2.17235079499341
"QARS1",-2.17240861597483
"RAPGEF6",-2.17264703368932
"ACTG1",-2.1729255995486
"SLC36A3",-2.17294722052314
"C12orf60",-2.17332515692274
"CFAP69P1",-2.17341158745553
"RIMKLA",-2.17406819745031
"H4C15",-2.17452869359783
"ZNF722",-2.17465011744823
"RPL19",-2.1754346597656
"NCOA7",-2.1762978864704
"AQR",-2.17650134514976
"DMBT1",-2.17687516863203
"KLK1",-2.17712968209804
"LSM5",-2.17826634521505
"TNFRSF10C",-2.17871135776623
"AGMAT",-2.17951083963614
"UBR5",-2.17951371254666
"DNAJC2",-2.17990242385976
"H4C14",-2.18071912044044
"DSCC1",-2.18083669909084
"SNCAIP",-2.18099691347742
"TDRD6",-2.18105676326642
"ACBD5",-2.18119503094116
"MAL",-2.18285404673538
"RPSAP72",-2.18287842302933
"NPC2",-2.18313572727456
"TMED10",-2.18336266584754
"VWA5A",-2.18392109109399
"LDB2",-2.18392850809441
"TPI1",-2.18505002606601
"UHMK1",-2.18561639732431
"IGHV3-35",-2.18635049576622
"SHC3",-2.18652509672343
"TMEM154",-2.18714903678792
"ITGA6",-2.18723598437545
"INPP5F",-2.18746757108833
"DRC12",-2.18752316114919
"WNK1",-2.18755438017659
"ERG",-2.18815498612431
"RNASE4",-2.18827671484929
"HAO2",-2.18854083269952
"SNAPIN",-2.18932686271414
"NDUFAB1",-2.18952359736266
"LRRC37A15P",-2.19149354746643
"ACBD7",-2.19173764914758
"RPL19P3",-2.19184239961053
"RNF130",-2.19184811738005
"GPALPP1",-2.19273362018078
"SVIP",-2.1928243115135
"KANSL1L",-2.19347542224386
"FBXO25",-2.19353727033634
"PRKAA1",-2.19361919759279
"CYTIP",-2.19393890384204
"ASH1L",-2.19401313327643
"TMEM267",-2.19434830007391
"DHX40P1",-2.19442998733475
"PCDHB7",-2.19472586652244
"SEMA3F-AS1",-2.19496545857678
"B3GALT5-AS1",-2.19537173662238
"OR5K2",-2.19544531340604
"SCN4B",-2.19555930909971
"MECOM",-2.19574392975058
"LAMP3",-2.19653683205165
"TRAV1-2",-2.19669798288389
"PPP1R21",-2.19757571716303
"DIAPH2",-2.19764174613508
"IGKV1OR2-1",-2.19768470202498
"PRORP",-2.19784068921292
"RNF148",-2.1981952776936
"TRIM24",-2.19830720537503
"CDH6",-2.19843766333548
"JPX",-2.19846745003595
"TBC1D30",-2.19890037043881
"DHX40",-2.19934340497418
"WDFY3",-2.20027693345533
"BKGD",-2.20064204804461
"SP140L",-2.20117631933672
"HIVEP1",-2.20162132884565
"NDUFA13",-2.20175011416517
"CSPP1",-2.20181558553841
"AGAP11",-2.20186652233087
"ZCCHC2",-2.20259048706208
"ZNG1B",-2.20275793753029
"ZNG1C",-2.20275793753029
"ZNG1F",-2.20275793753029
"GYPE",-2.20295460460815
"RAMP2-AS1",-2.20334570398123
"NUDCD1",-2.20363125438972
"TSIX",-2.20382868839514
"PSMD8",-2.20428745123666
"EPS8",-2.20433176782156
"PPM1D",-2.20465993262196
"SLFN5",-2.20516104739789
"STX17",-2.20526128262318
"CDC42BPA",-2.20555623800754
"ZNF135",-2.20569174697873
"SMARCE1",-2.20573984822869
"MIR663A",-2.20581280713029
"DNAJB7",-2.20634230716336
"HSD11B2",-2.20705549779696
"ARHGAP11A",-2.20730354213268
"CAMK1D",-2.20777729948694
"ABHD18",-2.20815471457482
"OR2L5",-2.20817820596927
"SCNN1A",-2.20820155177549
"AFG1L",-2.20831320040976
"RPL21P95",-2.2085976262589
"GALT",-2.20921657113306
"FBXW7",-2.20925701581153
"ERMP1",-2.21052400387036
"CYB5RL",-2.21102368041774
"FOXG1",-2.21158298958074
"HSDL1",-2.21168660401555
"NSD1",-2.21176364688165
"OCA2",-2.2118825358664
"BOLL",-2.21224503415206
"IGLV3-16",-2.21258955862735
"CASP3",-2.21275826754039
"RAB37",-2.21347033647795
"PTPN12",-2.21355689428946
"ELL2",-2.21385726631984
"PDCL3P6",-2.21395844443535
"ZNF879",-2.214247288114
"ZZZ3",-2.21520105007555
"USPL1",-2.2154621137088
"CERT1",-2.21563056362227
"FDX1",-2.2156657149739
"WTAP",-2.21583946414726
"KRTCAP2",-2.21601513212532
"ZNF790",-2.21756429617133
"TRIM22",-2.21759011720541
"GOLGA8R",-2.21769378546571
"HERC4",-2.21782395455699
"GAPDHP62",-2.21807762276548
"STMN2",-2.21839699944083
"TSPAN33",-2.21851852078369
"MFF",-2.21884854577775
"GYPC",-2.21916406710964
"UBE2D4",-2.2193228243961
"MUC16",-2.22011166200996
"ERG28",-2.2211633502315
"C1D",-2.22158090643274
"FAM162A",-2.2217409758597
"EFCAB6",-2.22177897096874
"LRIG3",-2.22194111144401
"EMSY",-2.22201675811255
"H2BC18",-2.22213143966334
"FAM221B",-2.22269588497717
"TMPRSS3",-2.22302588279267
"CPT1A",-2.22340527602567
"SNORA11F",-2.2237748910142
"HMGN1",-2.22426914445193
"LOC100130207",-2.22527891474741
"SUMF1",-2.22527891474741
"ZNF530",-2.22556173704095
"SAA2-SAA4",-2.22558865556613
"MRPL3",-2.22652025185596
"MTRR",-2.22654610247062
"PRR32",-2.22655061505825
"SMIM3",-2.22682087796067
"MIR573",-2.22790014476151
"DSP",-2.22792817291048
"IGSF5",-2.22804578260442
"SBNO1",-2.22818404605813
"FRMD4B",-2.22849025778778
"RMND1",-2.22851537451037
"CLEC4C",-2.22857075978567
"DBET",-2.22935528526777
"POFUT3",-2.22937623629538
"VSIG2",-2.22993020262151
"MIA3",-2.23042188005154
"KRT18",-2.23132681745373
"MAP4K3",-2.23165762833655
"TOP1",-2.23173209183112
"ZNF449",-2.23310143134293
"TCEAL5",-2.23315120182167
"CIPC",-2.23332014538099
"PKP4",-2.23376477938224
"ACAP2",-2.23398812171407
"GOLGA6L24",-2.23413340800757
"UBR2",-2.23441632854769
"SLAIN1",-2.23485772731323
"FRY",-2.23533426388839
"PITPNB",-2.23606496894535
"GYG2P1",-2.2361971260592
"B3GLCT",-2.23632385498577
"LOC100996709",-2.23676159339427
"ISCU",-2.23683682790548
"LOC124902005",-2.23687306696242
"TMEM125",-2.23707460043672
"LOC124906209",-2.2371103329766
"BCAS2",-2.23734112378478
"AMY1B",-2.23793352696669
"LOC124905666",-2.23793352696669
"LOC124905668",-2.23793352696669
"LOC128966568",-2.23793352696669
"LOC128966570",-2.23793352696669
"SPTY2D1",-2.23827716831916
"SEC11A",-2.23842209780238
"ZNF774",-2.23882966550545
"CXCL3",-2.23933774622483
"RHCG",-2.2397751625732
"NUDT11",-2.24005513068183
"TRNT1",-2.24055508532183
"ANXA5",-2.24060696698694
"ST6GAL1",-2.24061887145861
"RPL32P24",-2.24081600112753
"SLC44A4",-2.24163874053134
"RPL17P11",-2.24171605968
"LINC00680",-2.24237233609851
"PLA2R1",-2.24317240496993
"RFKP3",-2.2434211187675
"MANBA",-2.24372780976562
"CCDC66",-2.2440127062397
"MPC1",-2.24412259356492
"KBTBD7",-2.24498014735933
"ZNF485",-2.24516821423872
"KDM4D",-2.24519794590695
"GSTA2",-2.24539338871881
"SNORA15B-1",-2.24544055833348
"SNORA15B-2",-2.24544055833348
"OR2L6P",-2.24554270345331
"ABHD6",-2.2455845958937
"NPNT",-2.24578049104032
"FOXA3",-2.24582510107885
"ANKIB1",-2.24584827590561
"CTSLP2",-2.24600190697717
"FAM245B",-2.24600190697717
"CC2D2B",-2.24600562722827
"SRPX",-2.24606342387544
"COX10",-2.24618596161917
"NOL10",-2.24623914420386
"RSPH1",-2.2469888398052
"AKAP3",-2.24707563307917
"SYF2",-2.24749867397742
"LINC01138",-2.24793426252192
"LINC01731",-2.24793426252192
"LOC105371225",-2.24793426252192
"FBLN5",-2.2480083013321
"ANK2",-2.24828999569729
"ANP32AP1",-2.24911886331261
"LACTB2",-2.24918842143524
"NPY6R",-2.24942620411483
"DNAJA4",-2.24966610511574
"NOL11",-2.24975959553243
"LINC01123",-2.25082906837256
"DCAF13",-2.25100071930173
"TPI1P2",-2.25102340278263
"DGAT2",-2.25118238997855
"YWHAE",-2.25124838875079
"ATP6V0E1",-2.25131000704646
"TM4SF1",-2.25236775538624
"LOC105374971",-2.25256157699893
"TTC1",-2.25283339348565
"STOM",-2.25287371534496
"GLS",-2.25395242496314
"CYP11A1",-2.2543718696836
"PRICKLE2-AS3",-2.25462268254538
"TMEM217",-2.25518314717815
"RAB3C",-2.25518407675588
"SH3TC2",-2.25519185307029
"GSTM2",-2.25533931135881
"RAB9A",-2.25561280162928
"SBDSP1",-2.25574114081935
"SYT9-AS1",-2.255910472473
"TUT7",-2.25648996299011
"H2BC17",-2.25667636529765
"SCAPER",-2.25800232096324
"NPAS3",-2.25810647314395
"CCT5P1",-2.25836800975638
"BSND",-2.25950036565289
"PPP6R3",-2.26049006083716
"HSBP1",-2.26053842622573
"SEL1L3",-2.26112743628927
"CDS1",-2.26189227091691
"FUNDC2",-2.26254698739167
"WBP4",-2.2631335529365
"GCSH",-2.26366137997331
"UXT",-2.26410423129947
"SMC4",-2.26450964096066
"ENY2",-2.26457411353716
"LOC124905413",-2.2647953295467
"CYYR1-AS1",-2.2649521466835
"AZGP1P1",-2.26498779983718
"TRAV5",-2.26557528429066
"STK38",-2.26570309375133
"TENT4B",-2.26677111389002
"THUMPD3-AS1",-2.26701986255965
"ADAD2-AS1",-2.267081483926
"CHMP4B",-2.26754040021878
"ZNF723",-2.2678359028342
"SINHCAF",-2.26793793864655
"KPRP",-2.26828429675012
"ZBTB44",-2.26869080827395
"LOC100422317",-2.2696041975959
"PTBP3",-2.26971768111988
"TMEM87B",-2.27116384045541
"CBR4",-2.27226417148583
"ZNF521",-2.27244015914946
"TRAV12-1",-2.27295076089028
"RPS3AP12",-2.27330036454841
"ACVR1",-2.27336833223357
"THAP5",-2.27347894337809
"CLPX",-2.27388240359579
"NOMO1",-2.27494399988836
"ITGA2-AS1",-2.27597407256818
"ABLIM1",-2.27679114445535
"CSGALNACT2P1",-2.27692993029494
"PJA2",-2.27737166855491
"SCAI",-2.27793658481873
"IGKV1D-43",-2.27810840007455
"LOC124907012",-2.27810840007455
"LOC124908455",-2.27810840007455
"SMARCAL1",-2.27838988257472
"EIF2B4",-2.27974383682262
"PAK2",-2.27978242477091
"INTS6-AS1",-2.28091327897715
"PSME4",-2.28160114762492
"RPL4P6",-2.28167886352533
"NUMA1-AS1",-2.28221720690943
"POLR2J3",-2.28241919104339
"VDAC1",-2.2830714747288
"ZNF621",-2.28314568209123
"SNRPA1",-2.28368923522297
"PEX13",-2.28407464773597
"AMELX",-2.2841378847364
"RBBP6",-2.2852474931874
"TENT5C",-2.28621706408804
"CCDC163",-2.2862371695579
"NOX4",-2.28660528386892
"SLF2",-2.28676708147229
"PPFIBP1",-2.28772284333784
"SNORD116-26",-2.28775430183316
"CYSLTR1",-2.28797897367362
"KRT76",-2.28807026334828
"OR13D3P",-2.28816722007375
"ITM2B",-2.28840151238446
"UBTD2",-2.28846684917822
"RNF19A",-2.28931740334897
"SECISBP2",-2.29035341922719
"TNPO1",-2.29062570843845
"COL19A1",-2.29093871570434
"LCE3C",-2.29173108434693
"MIATNB",-2.2925200174214
"TGM1",-2.29347004971336
"DHX35",-2.2951465951848
"IBTK",-2.2953167554603
"SERPINB10",-2.29545936851392
"PIK3AP1",-2.29548512673082
"SP5",-2.29562732772445
"EIF2AK2",-2.29597557692938
"MRTFB",-2.29658264441982
"SMIM26",-2.29666923208837
"MAP2",-2.29707566851646
"TEX14",-2.29730872786303
"ZWILCH",-2.29793059885291
"RECK",-2.29805930446543
"CCNL1",-2.29818970781037
"TMEM186",-2.29862362100346
"MRPL22",-2.2995442122156
"PTTG3P",-2.29967762285044
"HBA1",-2.30013415157859
"EME1",-2.30023097392201
"ANKRD20A1",-2.30023467155877
"LOC128966611",-2.30023467155877
"VCP",-2.30029415149608
"C5orf22",-2.30058347564076
"PGD",-2.30099032558704
"NUS1",-2.30219286960202
"TRPS1",-2.30219729372091
"RHOH",-2.30348154676807
"LINC00654",-2.30350972981254
"GLB1",-2.3037976969965
"ZNF276-AS1",-2.30391957760885
"ARG2",-2.3040853111263
"RASA1",-2.3043633243549
"ANKRD55",-2.30583124446437
"GDF9",-2.30587322176008
"PARD3",-2.30591683734425
"P3H2",-2.3062333123784
"CYP21A1P",-2.30709323887278
"YME1L1",-2.30800561440217
"SNX25",-2.30889641575583
"LCN6",-2.30908232911922
"LOC646870",-2.30910939254596
"RHPN2",-2.3094185152423
"TTI2",-2.31042505134655
"GPR55",-2.31059792369108
"THOC2",-2.31062085038459
"ZNG1A",-2.31090955231886
"GOLGA1",-2.31096113771858
"RPL21P5",-2.31126180183363
"TRA2B",-2.31150762072878
"RPL21P119",-2.31179428840019
"NUDT9",-2.31221422450539
"PDLIM5",-2.3122472586551
"FTO",-2.31238052153169
"SHTN1",-2.31285972363529
"TRIP4",-2.31286628524837
"SESN1",-2.31317233716614
"HCAR1",-2.31330595454217
"TRPC6P10",-2.31381622128814
"VCF2",-2.31428109431262
"AARSD1P1",-2.31587373952617
"LINC01303",-2.31587373952617
"GTF2H2",-2.31600545837277
"GTF2H2C",-2.31600545837277
"NADK2",-2.31611361161617
"RC3H1",-2.31779646674766
"ZHX1-C8orf76",-2.31815742740117
"EIF1AX",-2.31871203372846
"LOC124905557",-2.31871203372846
"KIAA0586",-2.31902151670889
"WDR82",-2.32048127395219
"GOLGA7",-2.32101010178481
"LOC128966702",-2.3215081923607
"PNMA6A",-2.3215081923607
"ZNF365",-2.32182679652333
"THSD4",-2.32197813834753
"MAN1A2",-2.32318004559457
"MIR34AHG",-2.32447656950936
"EAPP",-2.32452010534529
"TBCA",-2.32462311825082
"CDC42P1",-2.32469923958282
"FRYL",-2.32525863278753
"ARCN1",-2.32528183051605
"ARHGAP42",-2.32588865273516
"KCNN3",-2.32605482798705
"SYNJ2BP-COX16",-2.32688706487946
"SUMO2",-2.32757200889641
"PQBP1",-2.32779303722352
"PUS7L",-2.32812218979185
"FOXD4L5",-2.32884499020521
"DSG3",-2.33137986715091
"MAPKAP1",-2.33152097714776
"ARHGAP27P1-BPTFP1-KPNA2P3",-2.33168395848084
"LOC442028",-2.3318539910818
"PCDHB8",-2.33202553049106
"FUT6",-2.33232566255732
"ACAD11",-2.33236506217509
"CMBL",-2.33265933473476
"GMDS",-2.33280208731005
"CPAP",-2.33300438481131
"FOXD4L6",-2.3330129566215
"BACE1-AS",-2.33336032925417
"POTEG",-2.33390784343655
"ATRN",-2.33422131764626
"RPL32P18",-2.33443999843581
"TGS1",-2.33451592582414
"ELP3",-2.33504443267938
"RPL19P9",-2.33560722585697
"FCGR3A",-2.33637513134432
"RPS6KA5",-2.33651533276121
"H4C12",-2.33693975125344
"PDHB",-2.33718123001422
"SPESP1",-2.33720007213094
"C6orf163",-2.33734931791978
"ETNK1",-2.33752693314796
"TTBK2",-2.33793142292469
"RPL22",-2.33883103109429
"ALDH18A1",-2.33927322241329
"ARHGEF9",-2.33943012208221
"ZNF432",-2.33969398122802
"REG4",-2.33972616944
"ARK2N",-2.34044253743464
"CLNS1A",-2.34070501376437
"BMP2K",-2.34127977498749
"DMD",-2.34132333510571
"RAD21",-2.34182389003423
"HERC5",-2.34257660920059
"ERBB3",-2.34261426901294
"TFB2M",-2.34288270675287
"CYRIB",-2.34306177406291
"MIR635",-2.343414601405
"UBA2",-2.34365609078187
"PEPD",-2.34403458017443
"CKLF",-2.34475133877313
"HDDC3",-2.34475955700335
"LYPD6B",-2.34575582925726
"TAS2R19",-2.34577811928902
"NEK4",-2.34624108031974
"NR2F1-AS1",-2.34637050019581
"LOC647132",-2.34698433172224
"MRPL45",-2.34832794513108
"NPHP3",-2.34938056074578
"IPO7",-2.34940174676976
"ATR",-2.34941020773674
"LPO",-2.35031063018407
"AMPD1",-2.35050610366584
"RPL30",-2.35072909687639
"VMP1",-2.35281192198715
"PTPRD",-2.35286842021195
"ARSB",-2.35294661940163
"OR10A5",-2.3529820958564
"MBNL1",-2.35352343862289
"MRPL19",-2.35389333036616
"ATG2B",-2.35421258603101
"SNRNP25",-2.3545615235757
"GTF2F2",-2.35490850033777
"TESC",-2.35525414593768
"ST20-MTHFS",-2.35549417859906
"GAP43",-2.35586504521253
"TMEM14C",-2.35607415333674
"TMPO",-2.35637676527762
"MAML2",-2.35723710014037
"RPL7AP70",-2.35742917597405
"MMP16",-2.3577377523067
"RAD51",-2.35775135330941
"HRNR",-2.35782245962263
"VCX3A",-2.35802555233741
"SLC35B1",-2.35888559117732
"RPS24P5",-2.35945687536132
"RC3H2",-2.35983907685703
"CREBRF",-2.36007113068054
"B3GALNT1",-2.36044234856759
"GBE1",-2.36073664837605
"COBLL1",-2.36088536881903
"PHTF2",-2.36149112523834
"CTBP1-DT",-2.36196643631893
"SPTLC1P1",-2.36311034543192
"RAMAC",-2.36312952723635
"XRN2",-2.36316736107428
"MIRLET7A1HG",-2.36333991239836
"RPL21P52",-2.36338149798411
"SLC40A1",-2.36379972503975
"MCM3AP-AS1",-2.36494918031532
"P4HA1",-2.36497955360375
"RABGAP1",-2.36688573226467
"WDR7",-2.36702324990706
"NCOR1",-2.36726132190401
"RPL36AP41",-2.36728137836895
"CPS1",-2.36764906374103
"SERINC1",-2.36784295752951
"KARS1",-2.36795048256306
"PRTFDC1",-2.36825182792826
"LOC100289333",-2.36843626357002
"U2SURPP1",-2.36903634976076
"TIGD7",-2.36952903286656
"RPN2",-2.36977890240808
"PNISR",-2.37014081011317
"ASS1P2",-2.37036076060858
"HNF4G",-2.37065405451127
"NUDT5",-2.37231486800387
"SGCD",-2.37271123881596
"MRAP2",-2.37298322134636
"MR1",-2.37325309385941
"TTC27",-2.3734795057064
"HPS5",-2.37433517465828
"TOR1AIP2",-2.37447108164274
"RASGRP3",-2.37479986297225
"SERPINB6",-2.37561524976607
"BCL10",-2.37561772997767
"NSMAF",-2.37562341375268
"HNRNPA1P34",-2.37568566672864
"TMED3",-2.37575637448969
"CNPY2",-2.37594707499003
"KRT5",-2.37647437198633
"MAPK9",-2.37679133897974
"IL13RA2",-2.37729595480689
"MYLK-AS1",-2.37792309264643
"MYLK-AS2",-2.37792309264643
"LEO1",-2.37824423994006
"STARD7",-2.37856728675836
"PSG1",-2.37868917693049
"PSG4",-2.37868917693049
"SACS",-2.37876781744821
"ZNF816-ZNF321P",-2.37881331424304
"FARSB",-2.37938318064091
"SLC25A26",-2.38011058394425
"IL36A",-2.38126252440944
"RPL7P18",-2.3816562746182
"RMP24",-2.38188547871683
"KRT19",-2.38218551862787
"MAN2A1",-2.38291717420683
"QRICH1",-2.38354868530804
"SNORA5C",-2.38378052252624
"DPH5",-2.38381668942667
"RNASET2",-2.38435833807178
"MOSPD2",-2.38569328311368
"ATPAF2",-2.38583738231918
"MAGI3",-2.38669953703689
"NIPSNAP3A",-2.38721339043877
"NDUFA8",-2.3884502656603
"ARHGAP18",-2.38848403708326
"RIMKLB",-2.38867967903304
"LRRC19",-2.38986417319591
"RTKN2",-2.39016497028783
"SMG1",-2.39087772651148
"TCF12",-2.39158550140136
"CLK4",-2.3917013769913
"PGGT1B",-2.39188070853454
"CAPRIN1",-2.39288117713239
"LHFPL7",-2.39370441348795
"RABL2A",-2.39450855770817
"RABL2B",-2.39450855770817
"OTC",-2.39474779723493
"ENTPD4",-2.39560894014374
"MED23",-2.39564650222198
"GPD1L",-2.39608902757141
"HNRNPH1P1",-2.39786732186561
"ARFGEF2",-2.39795915424862
"SYNCRIP",-2.3989547228911
"LOC105379829",-2.39917528737681
"MCU",-2.3997523586168
"ZNF57",-2.40010300985221
"SHOX",-2.40056753865412
"OR2A2",-2.40062436877774
"RPS17P16",-2.40062436877774
"CCNA2",-2.40077406494657
"LOC285097",-2.40135362480371
"VAPA",-2.40188257402363
"PMP2",-2.40211689612343
"CLCA4-AS1",-2.40225933007238
"C1QTNF3-AMACR",-2.40230266515157
"ZNF185",-2.40259475642257
"PINLYP",-2.40412995727408
"ADNP",-2.40440494020203
"PLS3",-2.4050324532127
"SEC24D",-2.40557374050451
"HOPX",-2.40662131555476
"AIDAP2",-2.4068014235962
"LOC101928198",-2.40682936942875
"MFAP3L",-2.40682936942875
"PPP2R5C",-2.40689973242589
"ZRSR2",-2.40745081966839
"RPSAP18",-2.40806442104307
"USP32",-2.40881033260947
"HDAC2",-2.4089471942721
"XRCC4",-2.40927472700387
"UBE2D2",-2.40967980938453
"PBX3",-2.41008108325288
"CCDC121",-2.41074099701397
"IFITM9P",-2.41103109431817
"EEF1A1P25",-2.41136427601376
"AFTPH",-2.41194405923037
"SERPINB12",-2.41223355666586
"RPIA",-2.41225612144732
"DEPDC1",-2.41286423355086
"ATL3",-2.41295620575047
"LCE3E",-2.41309258751366
"CLDN16",-2.41381422117308
"TBC1D19",-2.41563580016414
"RSBN1L",-2.41672973969495
"CEBPZOS",-2.41675374070552
"RPL21P32",-2.41734881059226
"PPP1CB",-2.41760564326418
"ST13P20",-2.41768779414426
"CD3E",-2.41786094946961
"CCL11",-2.41846331662972
"MANSC1",-2.41870320976974
"ERO1B",-2.41886088148632
"CNR1",-2.41893878282507
"RAB7A",-2.4195283512167
"CASP8",-2.41964679767487
"OXNAD1",-2.42107831641189
"LINC02912",-2.42138195603935
"CKS2",-2.42177806417409
"PDHA1",-2.42205165130713
"PARGP1",-2.4224749519678
"TRIM37",-2.42352517489352
"ATP5PO",-2.4235471077091
"RPLP0",-2.42409351307717
"RHOBTB3",-2.42416706577016
"A2M",-2.42446540710034
"C3orf49",-2.42482508873999
"SCRG1",-2.42482508873999
"MERTK",-2.42545483034091
"IL2RG",-2.42559588161302
"CDIN1",-2.42666023749141
"DKK1",-2.42738069710465
"ZMYND11",-2.42768903139372
"TSPAN1",-2.42828541754404
"CUBN",-2.42854917066124
"FAM90A17",-2.42862289342552
"RPL21P57",-2.42870902735694
"FCGBP",-2.42921298852472
"CEP55",-2.43180499596355
"NET1",-2.43197701415681
"OSTC",-2.4328345801244
"TRBV6-6",-2.43314932036342
"SNX4",-2.43479997909017
"CATSPER2P1",-2.43569535392223
"TAF1D",-2.43603712146117
"RPL23AP79",-2.43666358547605
"SERPINB13",-2.43733504250214
"IQCB1",-2.43771711646341
"KIF1B",-2.43873383797975
"RBAK-RBAKDN",-2.43895451243268
"FPR1",-2.43929981722084
"TTC13",-2.44016743345312
"FLJ42393",-2.44045673367454
"ILK",-2.4406919186727
"IGKV1-37",-2.44103922563736
"BDNF",-2.44106937796518
"LOC729654",-2.44135169061299
"FAM30A",-2.44140738377644
"LOC155060",-2.44263031853525
"TRBV7-6",-2.44311341909813
"UBXN7",-2.44345916668355
"UBE2E2",-2.44350359492402
"MAPDA",-2.44390032278398
"ALDOC",-2.44413628191572
"PPIL6",-2.44454851155258
"ITGA8",-2.44488146464407
"AP2B1",-2.4449377181523
"ENTPD1-AS1",-2.44530665307994
"CCZ1B",-2.44540693066948
"SLC5A8",-2.4454673123313
"SMURF2",-2.44566870239345
"OR2T3",-2.44574673348965
"STK4",-2.44576275904989
"L1TD1",-2.44586173335812
"TMEM67",-2.44608783197717
"GNL2",-2.44689198805365
"MIPEPP3",-2.44779006016006
"RLF",-2.44794822687982
"PARP6",-2.44822793649328
"TRIM16L",-2.44872487680666
"GYPB",-2.44874584640419
"PTGES3",-2.44907860499682
"FXN",-2.44964756744622
"LOC402329",-2.44980695646278
"NINJ2",-2.44985961035021
"LINC01558",-2.45035822950187
"LINC02910",-2.45035822950187
"LOC729296",-2.45035822950187
"MIR646HG",-2.45035822950187
"TAS2R5",-2.4513542225111
"PDPK2P",-2.45243016841799
"CCNYL2",-2.45252529538549
"SVBP",-2.45301670576195
"RPS6",-2.4532941616309
"RPL21P19",-2.45335972864692
"PHF10",-2.45349778784603
"FBXO4",-2.45461553359495
"CCDC77",-2.45471322582031
"DCP2",-2.45504224814642
"PCNX1",-2.45581785299317
"RMDN2",-2.45583166219514
"TMF1",-2.45619090119111
"ATP5F1B",-2.45657597450713
"PHACTR4",-2.45771435490799
"MS4A7",-2.4578208984771
"RFX7",-2.45820007189742
"BMS1P4",-2.45820889958425
"SNORD14A",-2.45820889958425
"PARD6B",-2.45867669177658
"MRPS21",-2.45910534752482
"SIX2",-2.45922685479049
"TRAFD1",-2.46003434536899
"OR10AD1",-2.46019573826838
"PDHX",-2.46090867749236
"ZNF418",-2.46163399701101
"KMT2E",-2.46205742618823
"SERPING1",-2.46217110302476
"EPB41L1",-2.46226938607413
"RPL3P6",-2.46240800695814
"SLC30A9",-2.46246520974569
"MS4A8",-2.46277269388322
"LRRC4C",-2.46287153658035
"BDNF-AS",-2.4636877055094
"SSX2IP",-2.46472881429199
"NAA20",-2.46519381400236
"CTSK",-2.46541356748213
"MIR320C1",-2.46554853490428
"CMC4",-2.46556170682871
"ARHGAP19",-2.46585463889236
"RFX3",-2.46589506018875
"LOC646804",-2.4674166533072
"VCF1",-2.46756061260423
"MPDZ",-2.46770983363316
"LOC100130283",-2.46773520943897
"PMM2",-2.46773520943897
"AZI2",-2.46799729913634
"KDM5D",-2.46847471900592
"CLEC2D",-2.4685943114968
"SORBS2",-2.46863040968484
"PIP5K1B",-2.46943847997748
"HNMT",-2.46948726410009
"NXF3",-2.46950933715675
"HFE",-2.47047545494363
"FAM111A",-2.47062857660318
"SYNE2",-2.47078037551808
"ZFR",-2.47102565336046
"DENND2C",-2.47208578409161
"BNC2",-2.4724992906767
"PLPP1",-2.47317190074185
"XIRP2",-2.47530715697119
"WDR41",-2.47571464180033
"NT5DC3",-2.47606300935047
"YPEL5",-2.47652224408914
"MTMR6",-2.47662952699099
"LOC124904273",-2.47707737071154
"FAM106C",-2.47727419200156
"IREB2",-2.47776057026645
"KNTC1",-2.47821731374938
"TMED6",-2.47850661666506
"TUBAL3",-2.47897757125392
"CEP15",-2.47921928988935
"IVNS1ABP",-2.47947004623012
"GTF2H1",-2.48031899350456
"PPT1",-2.48097024486697
"INVS",-2.48102049110601
"NQO1",-2.48110317741485
"ATP6V1D",-2.48169053309014
"PAPSS1",-2.48190122254614
"AK8",-2.48224964345317
"CHODL",-2.48333259475016
"FPGT",-2.48417140631698
"ST6GALNAC1",-2.48445271215629
"TXNRD3",-2.48449820973225
"CSF2RA",-2.48509007202238
"RPS7P3",-2.48523132961608
"RPS4XP14",-2.48529588586501
"PRSS3",-2.48549894315616
"UQCC1",-2.48551054196163
"TMEM41A-DT",-2.48565386620191
"RMC1",-2.48584265954451
"HNRNPH2",-2.48666632327919
"POLB",-2.48878724804062
"TUBGCP4",-2.48929261743107
"RPS6KA6",-2.4894656937477
"RIMS1",-2.48977322950051
"ZNF23",-2.48989141891821
"RASL11A",-2.49001103036222
"LZIC",-2.49173572979887
"BBOX1",-2.49177986401241
"GABRQ",-2.49230639670545
"ASB5",-2.49287756898725
"SLAIN2",-2.49339891697044
"CRYZ",-2.49347045226259
"STPG2",-2.4945088061786
"RBMS3",-2.49451000377229
"SRSF5",-2.49466272418961
"EEF1B2",-2.49482542003091
"REEP6",-2.49508969992932
"C5orf58",-2.49528364456235
"SLC24A1",-2.49597607411543
"FAM149A",-2.49616141645915
"CFAP44",-2.497363261481
"ZNF232",-2.49767467092235
"ALG11",-2.49912309116019
"TRAV8-6",-2.49954570841097
"MAGT1",-2.50022831522611
"ERCC6",-2.50057845405872
"IGHV3-54",-2.50172898994843
"CEP128",-2.5021774130978
"FBXO7",-2.50233361907695
"TUSC3",-2.50335201157218
"ST7",-2.50372236229462
"ST7-OT3",-2.50372236229462
"ILF2P1",-2.50401470812602
"PARAIL",-2.50401470812602
"PTPRA",-2.50470551545412
"BRK1",-2.50503855389799
"GPC3",-2.50508162240535
"TRAV2",-2.50536983086578
"RPL26P6",-2.50573924433682
"PCM1",-2.50575903640503
"HSD17B12",-2.50636014616036
"RPL35",-2.50652789935817
"INTS7",-2.50731669470776
"FAM107A",-2.50751812540094
"MTPAP",-2.50824821463688
"NPC1",-2.5085865747641
"SUZ12",-2.50929273092796
"WDR3",-2.51116662221507
"LOC124906262",-2.51140064002444
"KLRF1",-2.51189842368201
"SNORA38",-2.51448454927724
"GZMB",-2.51450771219758
"SNX2",-2.51488211950883
"TMEM150C",-2.51500714077515
"ARHGAP32",-2.51519774028272
"H2AC6",-2.51530445074754
"VCAN",-2.51542980389915
"HDAC3",-2.51558226398671
"ACTR10",-2.51596397826039
"ELMO1",-2.5166735466699
"LOC124900217",-2.51675648302105
"CCDC141",-2.51726059053461
"INTS6",-2.51735142864385
"RPL23AP55",-2.51764709836477
"CSPG4P10",-2.51800595909008
"RPF1",-2.51824423097414
"TAC1",-2.51851497049174
"EPM2A-DT",-2.52077423531278
"RPL21P123",-2.5208862258425
"LCLAT1",-2.52107612161465
"TTLL1",-2.52142390883882
"MAPRE2",-2.52202233796503
"ADGRE3",-2.52208859374615
"DCTN4",-2.52288521150943
"SUGT1",-2.52346175605656
"KIF27",-2.52374305717247
"CLEC10A",-2.52403079247136
"GLRX3",-2.52415406406266
"PALB2",-2.52426176561647
"SCGB3A1",-2.52525305113755
"TLCD3B",-2.52545544443924
"ERGIC1",-2.52602744437698
"FASTKD5",-2.52603390056541
"AUH",-2.526094287344
"LMNB1",-2.52730817443583
"PEF1",-2.52750848419704
"CRYBG3",-2.52763475687796
"GLIPR1L1",-2.52832903634769
"DCP1B",-2.52835839807086
"CPEB3",-2.52883591065502
"CKMT1A",-2.52965955274975
"CKMT1B",-2.52965955274975
"OGA",-2.53012975327286
"VIPAS39",-2.53028170364277
"TAF5LP1",-2.5315957787693
"FAM83D",-2.53163658871965
"DNASE2B",-2.53200472621775
"LMAN1",-2.5325380796588
"KRR1",-2.53309317457784
"BIVM",-2.53332040834014
"LOC100288637",-2.53352095885924
"SDHD",-2.53419130012119
"RPL7P52",-2.53434246579463
"ME1",-2.53463639298082
"MEF2C",-2.53484754777945
"ANAPC15",-2.53512827941374
"MTX2",-2.53593831914257
"CDH2",-2.53620634189757
"PHKA2",-2.53673709245452
"FAM76A",-2.53699373740978
"F10",-2.53717351525472
"MOSPD1",-2.53762924090588
"EXOSC8",-2.53819534329306
"CAMK2D",-2.53826477452582
"DRC9",-2.53891886265401
"ADH1B",-2.53904713924867
"SPCS1",-2.53913743750305
"STK39",-2.5397474696921
"BLK",-2.53995894491485
"NAA25",-2.54088782239985
"VPS33B",-2.54107958332777
"PEA15",-2.54146472110384
"LLPH",-2.5421280261879
"SERPINB1",-2.54219774629889
"KRT8P44",-2.54257032294153
"MID2",-2.54259580079062
"GSTA3",-2.543115092297
"SERPINA11",-2.54311622172285
"MTHFD1",-2.54334786890486
"ROCK1",-2.54339963322289
"TRBV2",-2.54352994418381
"LINC03078",-2.54362681180698
"LOC124907539",-2.54375993655943
"NDUFA10",-2.54385529817566
"SLC1A1",-2.54401096345788
"LOC102724058",-2.54417323827287
"SCN1A-AS1",-2.54417323827287
"ADIPOQ-AS1",-2.54429904778017
"WDR75",-2.54502827850609
"HERPUD2",-2.54510201923128
"FCGR1CP",-2.54607562945793
"SMC6",-2.54673303815409
"SLC38A6",-2.54683322543095
"SNRK",-2.54689126105717
"OSMR",-2.54705308411675
"STRN",-2.54712884068433
"ELMO2",-2.54849117924753
"HMGN3",-2.54851383696128
"PA2G4",-2.54875919485465
"SP140",-2.54928470338521
"BZW1",-2.55001110832014
"MDM1",-2.55014323167459
"BCL2A1",-2.55114269150676
"MYO1E",-2.55120310305835
"GBP2",-2.55149754022302
"SNRPB2",-2.55208842993407
"SPINK8",-2.55222116993672
"NWD1",-2.55277605140663
"PSG9",-2.55288206473239
"CEP112",-2.55315527747645
"OSBPL9",-2.55337281001491
"LRRC37A14P",-2.55339748389744
"DDX60L",-2.55490010664531
"NRXN3",-2.55503327414479
"NGLY1",-2.5557003125309
"ZBTB25",-2.55613339401658
"FMR1",-2.55619125529603
"ST7-OT4",-2.55732843199707
"LINC02980",-2.55796010026845
"GBP4",-2.55819072031909
"ACOT4",-2.55893700012428
"ABCA8",-2.5590675416516
"OR7A5",-2.55974039441143
"TTLL10-AS1",-2.55989718924772
"EML4",-2.56003697087758
"ACACA",-2.56013846234696
"GRIK1",-2.56022952717604
"BIRC6",-2.56062770590198
"STT3B",-2.56063496661985
"PAPSS2",-2.56067829686935
"CLMN",-2.5608089325776
"SATB2",-2.56112541993191
"MUC5B",-2.56148842629197
"C2orf15",-2.56190858634891
"CTH",-2.56354218102996
"ARMCX3",-2.56401336699666
"SEL1L",-2.56436338744884
"PRIMPOL",-2.56452842697333
"C2CD5",-2.56511347565967
"PCLAF",-2.56514693686325
"KRT8",-2.56660975740311
"AK2",-2.56666424372984
"GFI1B",-2.56669338014701
"LDAH",-2.5667993727621
"PCDHB6",-2.56680742830948
"RPL23AP52",-2.56772083753151
"CPB2-AS1",-2.56849317764245
"ESD",-2.56962859676258
"PDGFD",-2.57009528263637
"VGLL1",-2.57041826563311
"CBL",-2.57116528020849
"FECH",-2.57126287913665
"PRCP",-2.57164457862274
"FAM91A1",-2.57289242199537
"SNORD59A",-2.57351287380235
"DOCK11",-2.57354260139569
"ZNF136",-2.57501009960316
"CAPN14",-2.57509191483885
"LINC00910",-2.57517985680464
"SMARCA1",-2.57548016971166
"BRIP1",-2.57556723498148
"TTC14",-2.57560756205974
"MAPK6",-2.57625103560563
"TRIM68",-2.57737063476322
"KCNJ1",-2.57737500200591
"TRGV5",-2.57737500200591
"HSP90B1",-2.57837761898158
"GNE",-2.57839780080164
"E2F5",-2.57889970950824
"PSME1",-2.57952069269385
"ZNF750",-2.57953463838901
"IFNG",-2.58025804771376
"S100A16",-2.5803061245258
"KIAA0040",-2.58040360660003
"ZNF343",-2.580507514729
"PRPF38B",-2.58063760428103
"MSH6",-2.58083281954223
"PDE1C",-2.58104366447318
"ACSL4",-2.58159121656928
"LINC01347",-2.58187003587343
"UNG",-2.58212285840232
"PTPN4",-2.5823459526456
"BEX4",-2.58390047518124
"PCDHAC2",-2.58432903501366
"ZNF215",-2.58498617961222
"FABP4",-2.58507087143279
"ADAM23",-2.58544594855465
"NDUFA2",-2.58546092736406
"LPCAT2",-2.58607800664743
"EFR3A",-2.58609963354061
"LDLRAD1",-2.58614182499528
"ANGPT1",-2.586560657201
"RBM17P2",-2.58719147153062
"PSMC2P1",-2.58762676310304
"BRCA2",-2.58862505891391
"PXK",-2.5890119392782
"CAPZA2",-2.58948244050536
"MCFD2-AS1",-2.59148889660665
"PRPS1",-2.5915784671045
"BCOR",-2.59193448022802
"RPS2P5",-2.59209407821026
"IDH3B",-2.59225185062538
"ZBTB11",-2.59297319134808
"NOP10",-2.59320805977067
"ATP6V1B2",-2.593664999011
"CDKN2C",-2.59384527206177
"AIG1",-2.5938956136112
"PUM3",-2.59458778598676
"GOLGA5",-2.59495322674412
"SNORD116-5",-2.59508094786838
"SNORD116-7",-2.59508094786838
"ACAT2",-2.59548099650133
"IQCJ-SCHIP1",-2.5957556857904
"COMMD8",-2.59580593878662
"NCOA4",-2.59592425530596
"EDARADD",-2.5959542322382
"RPL34P24",-2.59598515239912
"SMIM19",-2.59763545220667
"CADM2",-2.59774991410164
"LOC101928669",-2.59838397897562
"GJB2",-2.5985714320607
"SPACA5B",-2.59876081857166
"CAPRIN2",-2.59893205683826
"ATP1B1",-2.59962101292106
"TBL1X",-2.59971275274657
"TPK1",-2.60059257354913
"NOSTRIN",-2.60104648591106
"HSPA14",-2.60164163804684
"QPCT",-2.60214931056431
"KPNA4",-2.60239768322896
"USP45",-2.60283148712568
"DPYD",-2.6032482673848
"MBTD1",-2.60340876986823
"ZYG11B",-2.60409696312325
"ASB12",-2.60482084407295
"POLR1B",-2.60491628030069
"FBXO3",-2.60596843337587
"OR7E47P",-2.60607813833628
"KRT13",-2.60621360970499
"PHLDA1-AS1",-2.60720492655321
"KLHL12",-2.60776873666941
"STAG3L3",-2.60778181542338
"IFT20",-2.60817493514183
"MTM1",-2.60877646625901
"MGLL",-2.6088180808064
"LANCL1",-2.61063740389074
"TMSB4Y",-2.61291260160323
"PHF11",-2.61338679964733
"ARHGAP11B-DT",-2.61409306277844
"PPIP5K2",-2.61528032750652
"TBC1D3L",-2.61540049069594
"LOC100130861",-2.61602265345002
"SNORA14A",-2.61646250480167
"LMO7",-2.61663071537233
"CCL22",-2.61680443985821
"TMEM184C",-2.61750210047243
"RPL23AP83",-2.61765796731389
"SIRPG",-2.61794236316135
"WDR49",-2.61975209112654
"FBXO38",-2.62011685153491
"RABEP1",-2.62070595946197
"LRRC18",-2.62078587715777
"IGHJ3",-2.62182533761943
"MICU1",-2.62189440238435
"LYST",-2.62189709951799
"CYP2C18",-2.6225180347087
"RASGEF1B",-2.62311503622053
"PTPN2",-2.6231253253716
"TNRC6A",-2.62493247062471
"KRT6C",-2.62522006044723
"PCDH19",-2.62603892690097
"RPL17P17",-2.62737587417445
"PLEKHA1",-2.62750842958989
"IGKV2D-24",-2.62889235235388
"GCSAML",-2.6290023153038
"ACP3",-2.62906598884957
"SUV39H2",-2.62978206767756
"EIF3M",-2.63003566059811
"HMGB1P5",-2.63138186317295
"KMO",-2.63207698208346
"SLC1A3",-2.63217219765703
"EPS15",-2.63244766420015
"TRA2A",-2.63298217553919
"ZNF490",-2.63468889973758
"FRA10AC1",-2.6347254231868
"BCAT1",-2.63487010246989
"TCEAL1",-2.6348715602916
"TBL1XR1",-2.63510406252077
"ABCC9",-2.635136237687
"ZNF730",-2.63528141066609
"RNF212",-2.63649047616568
"DDB2",-2.636541490244
"SNORA25",-2.63688935489585
"TARDBP",-2.6370358566719
"RGS22",-2.63817316484113
"ZNF559",-2.63945375433338
"PSAT1",-2.63984673134928
"C8orf34",-2.6401830747106
"RIOK3",-2.64076352406594
"PLAAT5",-2.64084343712781
"MID1",-2.64116478443776
"ERCC6L2",-2.64119921571632
"LATS1",-2.64216110654356
"LOC124907807",-2.64297465937484
"LOC124907808",-2.64297465937484
"NPIPB15",-2.64297465937484
"CEP295",-2.64350667026003
"CLEC12B",-2.64351376171317
"PLA2G2A",-2.64392569209605
"HEATR5B",-2.64397522475896
"CSGALNACT1",-2.64433417099075
"TRAV14DV4",-2.64454707929288
"TLX1",-2.6445784947282
"PPIAP36",-2.64567619547715
"RPL7L1P12",-2.64580196074867
"NPIPB3",-2.64612540748324
"FAR2",-2.64618052341734
"RPL21P10",-2.64664962891418
"DOP1A",-2.64703091382665
"TAB3",-2.64897458152697
"RGPD5",-2.64903419694206
"RGPD8",-2.64903419694206
"RPS3AP20",-2.64979151231191
"UCHL3",-2.65014770162013
"PDK4",-2.65088635192423
"PLEKHB2",-2.65099423641259
"UGT1A13P",-2.65112193752656
"GLMN",-2.65157044045004
"RNF4",-2.65231835067158
"MFAP5",-2.65294916039201
"LAPTM4A",-2.65311646432904
"MRPL58",-2.65467571267291
"SNORD21",-2.65473897799779
"CASP6",-2.65524004848853
"MTRES1",-2.65547768720591
"FBXO8",-2.65589061689262
"SMYD2",-2.6559830294334
"ATP6V1H",-2.65618537294898
"RPS3AP26",-2.65702662001529
"RPL13AP5",-2.65752375152305
"SLIT2",-2.65805646100495
"KCTD3",-2.65891631461652
"PRKAR1A",-2.65894634465668
"OR7E128P",-2.65994440654332
"ZNF460",-2.66006761435292
"COPB2",-2.66086429199238
"NCOA1",-2.66170733297295
"FEM1C",-2.66190289539391
"A2M-AS1",-2.66208074053731
"MKI67",-2.66211865885793
"ZSWIM8-AS1",-2.66215490650034
"TIA1",-2.66340808865477
"UBE2T",-2.66342874489887
"TMIGD3",-2.66388159816267
"DLG2",-2.66495188623015
"BMX",-2.66521725636568
"TUBAP9",-2.66631545202752
"PPP2CB",-2.66702512644704
"DBI",-2.6671755922721
"TRGC2",-2.66756239227581
"LYSMD3",-2.66764451547425
"EOLA2-DT",-2.66769138046658
"SRGAP3",-2.66828503145503
"FAM169A",-2.66964405007399
"ZNF695",-2.66964568479802
"PLEKHH2",-2.67017102057475
"FAM83B",-2.67090563773088
"SRSF8",-2.67098815646783
"TRAF3IP2-AS1",-2.67129861990668
"CA14",-2.6733179797017
"IGSF11",-2.67379622064551
"ANXA2",-2.67499156845513
"LINC01372",-2.67499353673221
"STAG3L4",-2.67499353673221
"CPQ",-2.67536174113822
"SLC22A4",-2.67583525245749
"HLA-DRB4",-2.67598131044516
"RPS15",-2.67630110035187
"LOC652276",-2.67644599947235
"SERP2",-2.67745054472327
"PIBF1",-2.67834810316792
"LRRC37A11P",-2.67849824368046
"RASSF8",-2.68000614724064
"DNTTIP2",-2.68099216740085
"RGS5",-2.68123212806007
"PIERCE2",-2.68156106561736
"IL7R",-2.68321445025732
"PCDH11Y",-2.6841981617106
"PLSCR1",-2.6846574680962
"ZNF649",-2.68494963493528
"MLX",-2.68710773975736
"CHROMR",-2.68731971748628
"SFT2D1",-2.68814507548189
"NAE1",-2.68836154607839
"PIK3R4",-2.68907405687701
"ANKRD61",-2.68912428014311
"PRNCR1",-2.68925370436669
"ZDHHC6",-2.68946085643722
"CNST",-2.6900748295651
"TYW3",-2.69080401281569
"BRAFP1",-2.69092797086413
"SRFBP1",-2.69155818364306
"PPIB",-2.69171541238694
"ODR4",-2.69174431325479
"SPICE1",-2.69220062647654
"SERPINA3",-2.69264999278738
"PSMC1P1",-2.69272502362089
"FSAF1",-2.69294921039992
"RPP30",-2.69328335261329
"GTF2I",-2.69331896552072
"WHAMMP4",-2.69375334440154
"TRMT6",-2.69380913136
"LINC00869",-2.69416477353702
"LINC02591",-2.69416477353702
"LINC01409",-2.69469283777874
"RPGRIP1L",-2.69490060077109
"RND3",-2.69590731730146
"FTH1",-2.69658875161327
"RHCE",-2.69767015937597
"PDZK1P1",-2.69874618605163
"PMEL",-2.69877609378812
"CNPY3-GNMT",-2.69939560998523
"GNMT",-2.69939560998523
"IGHV4-80",-2.69956035747766
"LRRK2",-2.69974608913345
"MIR644A",-2.70028247707123
"SNORA40B",-2.70087064855177
"VWA8",-2.70094358535761
"SULT1C4",-2.70150652385735
"CXCL17",-2.70153014627255
"NECTIN3",-2.70164726624001
"VEZTP1",-2.7019932182067
"SCART1",-2.70204751971257
"ZDBF2",-2.70269346384835
"LIN9",-2.70293415663085
"LOC124901995",-2.70324243809716
"RPS12",-2.70366728180297
"MCCC2",-2.70399350113739
"TULP1",-2.70567733491817
"TUG1",-2.70585242456158
"ATP1B2",-2.70647860049134
"GANC",-2.7070317670973
"BRCC3",-2.70877564654272
"PPP3R1",-2.70933465363661
"EPC2",-2.71089482837815
"ZNF106",-2.71093436210942
"TRAM1",-2.71100733923305
"MACC1",-2.7110338865425
"ARAP2",-2.71114781255171
"TEN1-CDK3",-2.7112828681169
"ARMC1",-2.71131791862212
"MRPL48",-2.71170818901123
"RALA",-2.71177295264649
"HNRNPCP6",-2.71219791359208
"STEAP4",-2.71226275092813
"SLC33A1",-2.71231241750451
"FAM204A",-2.71306000952371
"H4C4",-2.71344782539678
"TEC",-2.71529418615611
"PPDPFL",-2.71654500651205
"PGA5",-2.71724967885037
"COMMD1",-2.71760245967682
"GOLGB1",-2.71821398998727
"LSM8",-2.71833796049914
"TSHR",-2.71901163012564
"ZNF778",-2.71919664512593
"LOC124900989",-2.71938804547186
"NUDT4",-2.71996624023397
"GMCL1",-2.72003995662398
"ZFAND4",-2.72055180032178
"ZMYM4",-2.72151040135613
"MYO5A",-2.72158799478794
"TEKT2",-2.72188454335272
"ZFYVE9",-2.72242291879944
"SNORA2A",-2.72276733403356
"ELOVL1",-2.72296134581609
"SYAP1",-2.72308837424875
"SARAF",-2.72345996707968
"CLDND1",-2.72377816571758
"PALMD",-2.72388394591213
"ALG1",-2.72514031767205
"TIMM23B-AGAP6",-2.72537805311002
"LRIF1",-2.72622491842496
"ENPP2",-2.72622518745456
"PLCG1-AS1",-2.72663743349046
"SLC25A30",-2.72774964953335
"SLAMF1",-2.72861524151311
"PTTG2",-2.72904811644268
"SHROOM3",-2.7292905564304
"LYRM2",-2.72991625082682
"CCDC125",-2.73131238827893
"TET1",-2.73159471917365
"ITGA4",-2.73176229043232
"IGLV2-28",-2.73233023619454
"CCNG2",-2.73247896670895
"RAB5B",-2.7331025804178
"RAB33A",-2.73400070897292
"CCAR1",-2.73430609596231
"REEP3",-2.73442062323138
"ATP5PB",-2.7347150657094
"BROX",-2.73471648022844
"HNRNPDL",-2.73481582023375
"PSEN1",-2.73487233412451
"SF3B1",-2.73595051228467
"NUP155",-2.73605541720956
"TLK1",-2.7360697197363
"ITSN2",-2.73726994453184
"ZC3H11C",-2.73860262210099
"RPL37",-2.73988320047705
"MYEF2",-2.74054467441392
"BMPR1AP1",-2.74062947661876
"PRSS21",-2.74107797354811
"IL15",-2.74111948886183
"CD1C",-2.74132323347365
"KIF17",-2.74169474809172
"SUPT20H",-2.74208093441831
"DAPP1",-2.7421746585127
"FAM118B",-2.74252521574484
"DYNC2H1",-2.74315291777995
"TCP11L2",-2.74330575715183
"SETDB2",-2.74533531185649
"ENDOU",-2.74555792380193
"AOX1",-2.74663779115641
"FGF12",-2.74692490022704
"STXBP3",-2.74704942714696
"LOC100289495",-2.74755909657875
"CPSF2",-2.74770918141415
"MAP2K5",-2.74814790486328
"API5",-2.74820006191867
"RBMX",-2.74889922499192
"DDR2",-2.7489537869748
"GIN1",-2.74949007153634
"C19orf12",-2.7499061421262
"GGACT",-2.75011002184377
"REV3L",-2.75130581555698
"KLF5",-2.75132035118949
"PRSS33",-2.75138007156798
"RPL36AL",-2.75202679144328
"ASS1P12",-2.75313247622423
"SKA2",-2.7535658812252
"KLHDC10",-2.75357903612759
"FKBP5",-2.75400032600251
"UBLCP1",-2.75446168128114
"TOMM20",-2.75520612517042
"ABI1",-2.75521191680665
"MOB1A",-2.75599426378213
"RPS4X",-2.75604405750735
"LOC107987009",-2.75752497623381
"CD109",-2.75873758791585
"KCNK2",-2.75924507163981
"CKAP2",-2.76012366399825
"FRG1BP",-2.76080129250726
"FXYD2",-2.76082350332799
"SNRPG",-2.76186132962512
"LARP1B",-2.76188741982724
"KIF14",-2.76264080302938
"EDNRA",-2.76296336795428
"NSUN3",-2.76331528560597
"CYP4V2",-2.76352429343602
"ZNF548",-2.76359076063004
"SEM1",-2.76394417283818
"TM4SF19",-2.76405665798812
"GPN1",-2.76415589969756
"SEC61G",-2.76436659019007
"H3C1",-2.76440089493265
"CHD9",-2.76449229627106
"MME",-2.76462777246155
"TRIP12",-2.76464967936115
"ARFGEF1",-2.76485572728988
"SNORD67",-2.76570841558981
"SNX24",-2.76589652020643
"FBXO11",-2.76598732442999
"FABP5",-2.76642991378485
"HERC2P3",-2.76668341302362
"GABRP",-2.76676797360789
"HEG1",-2.76707849921805
"PRKD1",-2.7674079287022
"CD8A",-2.76749792855002
"RAB11A",-2.76791892883415
"ADD3",-2.76801939686703
"EXOC1",-2.76816167556661
"TRAV13-1",-2.76834647971046
"ZHX1",-2.76894631085964
"ARL2BP",-2.76985624223546
"KAT6B",-2.77035684123028
"GTF3A",-2.77036081702672
"TNFSF10",-2.77036188119191
"ANKRD31",-2.77069553051847
"LINC01572",-2.77141769417299
"SYBU",-2.77184288418702
"GNG11",-2.77204069290083
"EEF1A1P10",-2.77206815036817
"PCBP1-AS1",-2.77214965715755
"CILK1",-2.77223311534178
"NUP58",-2.77281495804473
"MRAP-AS1",-2.77292732766642
"SLC16A12",-2.77310797241037
"SNORD113-3",-2.77363808063988
"GTF2B",-2.77490633002233
"TAS2R4",-2.77494368805021
"LOC124902904",-2.77551679928597
"UFSP2",-2.77663218703219
"SNX5",-2.77686619742566
"ZNF615",-2.77786411699834
"MCTP2",-2.77793120507374
"LOC124905559",-2.77800944585198
"ZNF211",-2.77895180105181
"ZC2HC1A",-2.78016567974453
"ZNF438",-2.78049112485047
"NSRP1P1",-2.78059812469324
"TUBD1",-2.78121482693686
"LSM12",-2.78146079084994
"RDH10-AS1",-2.78193828515844
"HLTF",-2.78195510336633
"PHB1",-2.78240935328669
"ZNF204P",-2.78247687788107
"KCTD20",-2.78332244638657
"ZNF529-AS1",-2.78342187597605
"KCTD6",-2.78376443020917
"CIAO2A",-2.78386568622267
"KRT32",-2.78477139864128
"DNAJC12",-2.78519633439374
"ASPH",-2.7857160002509
"ELOVL7",-2.78713201655282
"HPR",-2.78715005686031
"GALNT5",-2.78724695418465
"RNF103",-2.78847855592896
"CDC42",-2.7892838022247
"RTN3",-2.79053018883467
"CFAP68",-2.79068797577702
"EXOC2",-2.79107748604
"TMEM39A",-2.79174099356747
"RPL37A",-2.79198619234353
"MAP2K4",-2.79203584399164
"TNFSF11",-2.79286200509207
"HEBP2",-2.79298921800028
"CD2",-2.7940021462406
"SGK3",-2.79409450320585
"TMEM178A",-2.79481746168251
"MIR4435-2HG",-2.79549657699813
"ATL2",-2.79567454393756
"ZNF433",-2.79611438072574
"KLHDC1",-2.79753522021213
"FIG4",-2.79806725601135
"RNY1",-2.79873313076503
"NAF1",-2.79999311862277
"GRHL2-DT",-2.80000507743997
"STYX",-2.8000167519832
"PLCZ1",-2.80058540217906
"PNPT1",-2.80080179377273
"EXO5",-2.8012618428878
"ABCA15P",-2.80204151628402
"ARHGAP31",-2.80217656023321
"VWFP1",-2.8022223339404
"TBC1D22A-AS1",-2.80331415994151
"ADGRL4",-2.80395482697301
"DENR",-2.8044905649002
"CCT2",-2.80558722656678
"LOC105370887",-2.80597867831422
"GCA",-2.80605510306681
"OGN",-2.80613219086661
"GCFC2",-2.80753615468436
"PDCD4",-2.81032316755794
"SCN9A",-2.81159284227845
"MRPS27",-2.81258049751346
"RPL13AP16",-2.81268974923262
"CTAGE8",-2.81360221480999
"BTAF1",-2.81372803278002
"TAS2R64P",-2.81450049764005
"NUP37",-2.81450723633453
"USO1",-2.81510288354426
"KRT8P33",-2.8153191973635
"SLC15A2",-2.81572211091993
"LRBA-AS1",-2.8161505148016
"TASL",-2.81674404273527
"BPNT1",-2.82265443009033
"NPHP1",-2.82267845428656
"LONRF2",-2.82277366797446
"DPH6",-2.8227887427376
"ABRA",-2.82313980158556
"TUBB2B",-2.82320940208805
"PPIAL4H",-2.82414645064045
"ERLIN2",-2.82415193985794
"TLR7",-2.82417257119115
"SARNP",-2.82478099403911
"TIPARP",-2.82508397902212
"VPS36",-2.82533791717892
"C16orf96",-2.82543751526577
"USP50",-2.82543751526577
"RBBP7",-2.82572057797921
"WDR11",-2.82640790269675
"DLEU2",-2.826651748953
"UBXN2B",-2.82687016108375
"FOXC1",-2.82808997782496
"GNS",-2.82817884194955
"PAK1IP1",-2.82881619650893
"ANKRD13C-DT",-2.82894472770756
"DDX20",-2.82935639903526
"GFPT1",-2.83076422501345
"CLTC",-2.83124074728698
"AP4E1",-2.83250080269789
"PAIP2B",-2.83263979137398
"RABGGTB",-2.83269862800949
"RGPD1",-2.83424089189491
"ZFP69B",-2.83450590272508
"MAGOH",-2.83486440070354
"PSMA1",-2.83654957293279
"SORT1",-2.83717054114029
"CROT",-2.83762583011543
"THYN1",-2.83792027026804
"HNRNPA3P15",-2.8381054271936
"SNX13",-2.83860222398396
"SPTLC2",-2.8386529087716
"LOC107986346",-2.83876289517052
"TOMM7",-2.83876289517052
"SPATA33",-2.83893140390338
"TAOK3",-2.83967048986446
"LOC644169",-2.83995904710369
"PPP1R12A",-2.83998970066915
"CARMIL1",-2.84042153141655
"TCIM",-2.84057869904885
"GLUL",-2.8419537773228
"NOL8",-2.84235483201459
"ANO5",-2.84289801556227
"LOC102723370",-2.84289801556227
"ZNF483",-2.8429495261704
"TDP1",-2.84349760892497
"TRAM1L1",-2.84389093647658
"CPPED1",-2.84398759411163
"TMOD3",-2.84418611663056
"PRSS48",-2.84448867048347
"CENPU",-2.84493228250219
"ADGRF5",-2.8454636123187
"TSPAN13",-2.84600267499564
"MEF2A",-2.84649936601621
"RRAS2",-2.84650786977532
"CTSO",-2.84697816700562
"MPZL2",-2.8473585226047
"GIMAP4",-2.84747817411992
"EED",-2.84765172692978
"ITFG1",-2.84766245839234
"UBQLN1",-2.84781751881531
"NPL",-2.84784383642388
"SPDEF",-2.84892294965359
"PPM1H",-2.84922368336178
"FAM107B",-2.84957679414828
"COX16",-2.85006849016839
"BAG2",-2.8500797054214
"DUSP11",-2.85042807638278
"ERLEC1",-2.85160921579552
"PABPC5",-2.8520245090167
"BRWD1",-2.85207595359597
"CPVL",-2.85262999837849
"FAM133FP",-2.85272490630543
"PTCD3",-2.8528396217235
"SNRPE",-2.85383285568005
"PPP2R1B",-2.85426905975366
"RARB",-2.85449607209122
"HMGB1P11",-2.85452666012359
"FUCA1",-2.855334001313
"NDUFV2",-2.85542562214999
"OXSR1",-2.85718065962114
"COQ9",-2.8576620038101
"HEXA",-2.85777104164383
"MRPS11",-2.85797524628523
"SMC2",-2.85872547797757
"TMEM168",-2.85996791803672
"PRECSIT",-2.86002618579422
"GOLGA2P7",-2.86051508378686
"IQGAP1",-2.86061536173971
"NDNF",-2.86095484621028
"HBS1L",-2.86130343242985
"ANKRD62",-2.86234733056302
"ERCC4",-2.86243536870768
"NLRP14",-2.86309166277454
"HSD17B8",-2.86401744160885
"CRNKL1",-2.86492054225161
"NPIPB9",-2.86596297319038
"TPRG1",-2.86663915489118
"NUP153",-2.86683528041516
"BCDIN3D-AS1",-2.86703772173553
"RPS10P15",-2.86787819777969
"ATP5PF",-2.86881499436203
"KLHL28",-2.86934381760323
"IGLV9-49",-2.86936170673681
"ACE2",-2.86938359071485
"DEGS1",-2.86972876148537
"LOC124900276",-2.86990336514223
"SNHG7",-2.86990336514223
"CEP152",-2.87033075952526
"H4C8",-2.87081775136998
"ZMYM1",-2.87100982863635
"ZEB1",-2.87104501357503
"ASB16-AS1",-2.87148691023092
"AGMO",-2.8717590579502
"ST6GAL2",-2.87253365176389
"MKRN2OS",-2.87456752466925
"SDR42E1",-2.87480345530964
"VPS45",-2.87507326714378
"ALDH1A2",-2.87580401739148
"SNORA55",-2.87594454234156
"RPL5P23",-2.87597912264183
"CASP1P2",-2.8773353862022
"EPRS1",-2.87804009686585
"SLC2A10",-2.87814396757677
"CTNNA3",-2.8782223135726
"ATL1",-2.87931810351934
"LOC124900583",-2.87950456496118
"MTNAP1",-2.8799022328599
"DRC8",-2.88017821418194
"LGR5",-2.88041382940378
"LOC101929270",-2.88071866211178
"BAIAP2-DT",-2.88094712561549
"RPS10",-2.88145600513804
"LANCL3",-2.88180623567239
"SUCLG2",-2.88221409970886
"TSG101",-2.8826658877293
"ANGPTL3",-2.88359251375932
"NEO1",-2.88394721187859
"RPS5",-2.88446607071739
"PHF3",-2.88577287775197
"ETNK2",-2.88607749913918
"IGHV3OR16-17",-2.88673269998219
"CCSER2",-2.8868443813094
"RAB1A",-2.88700631107957
"HACL1",-2.88719680200801
"HADHB",-2.88768687696785
"PCAT2",-2.88786835309965
"TYROBP",-2.88795217621741
"DCAF6",-2.88869082388703
"PEX19",-2.88952257996568
"ACBD6",-2.89006193607108
"LHX4-AS1",-2.89006193607108
"RABGAP1L",-2.89187934645122
"IL1R1",-2.89285617253704
"SFXN1",-2.89288996183233
"PDC",-2.89314236829268
"SULT1A1",-2.89334145894082
"FAM114A2",-2.89345402430291
"TMEM116",-2.893940573661
"RBM7",-2.89432193710705
"MGST1",-2.89477101637008
"OCRL",-2.89485314651047
"LARP7",-2.89485745855642
"MILR1",-2.89630582593069
"UBE2F-SCLY",-2.89716749778606
"LINC02256",-2.8973057379854
"HPSE2",-2.89759147661174
"ELF5",-2.89784163246415
"DNAAF9",-2.89834720645308
"ATP7B",-2.89887712736546
"ZNF229",-2.89918370135791
"MALT1",-2.89978401389533
"GALK2",-2.90028945408488
"EOLA1-DT",-2.90057592739503
"CKAP2L",-2.90148192366717
"PRKAG1",-2.90198839955215
"SPRY2",-2.9024566208572
"CCT8",-2.90250073929781
"ZNF638",-2.90297589854124
"NKRF",-2.90359743439935
"TPR",-2.90380216175187
"THAP6",-2.90426107048024
"FKBP3",-2.90426259724084
"SEPTIN10",-2.90490005674733
"TRIM33",-2.90536536870477
"MARCHF1",-2.9063200109947
"CEP162",-2.90678828358753
"TNFSF8",-2.90711617483054
"EXPH5",-2.907150842886
"CARNMT1",-2.90758346859304
"SULT1C2",-2.90775866336406
"UGCG",-2.90887273542565
"CD53",-2.90891956144058
"PCDHA11",-2.91092374957175
"KRT8P39",-2.91155817584021
"RPL21P1",-2.9116163635428
"YWHAB",-2.91173844129681
"ALG10",-2.91186945948062
"GXYLT1",-2.91193584476595
"TMBIM6",-2.91193621477688
"ABITRAM",-2.91305694286324
"ZNF230",-2.91393041071105
"NRG4",-2.91452790775857
"PRPF40A",-2.91502751416805
"CENPCP1",-2.91553846626146
"SLC35B4",-2.91609260550725
"SUPT4H1",-2.91746210991022
"MYCBP2",-2.9174942300402
"CTAGE4",-2.91866898279005
"TRGV7",-2.918987103797
"SNORD114-20",-2.91905725800394
"RPL23AP21",-2.91905754011548
"SLCO1B3-SLCO1B7",-2.91919816229585
"ANK3",-2.91969970439899
"DNAJA2",-2.9220029425919
"LOC728715",-2.9222506272593
"EYS",-2.92241790321924
"TMEM59",-2.92254685642815
"ALX1",-2.9227203917117
"SMAD2",-2.92336531449918
"ECT2",-2.92339552629313
"ATG4C",-2.92345747822992
"CTTNBP2",-2.92420770421407
"ALG1L9P",-2.92424325623012
"SPIN4",-2.92428062986811
"PANK2",-2.92445804530857
"RPL17P7",-2.92531329590607
"CCDC50",-2.9261005484822
"WDR76",-2.9265822030919
"NUP62CL",-2.92802021866706
"POLR3B",-2.92809933839424
"ZNF271P",-2.92940562609118
"CD44",-2.92979599900167
"RELCH",-2.92999532366057
"USP8",-2.93029679721114
"CASD1",-2.93051987798063
"FRG1JP",-2.93075221775656
"ZNF502",-2.93116654109287
"MIR133A1HG",-2.93225639074809
"UGGT2",-2.93389514050543
"PRSS12",-2.93429207089572
"ABHD12B",-2.9344684880837
"PDIA3",-2.93480857106356
"ZFP90",-2.93483838872325
"ATP13A3",-2.9362813847742
"MRPL20-AS1",-2.93681913278674
"CAND1",-2.93781442156865
"IRF8",-2.93804147406849
"EDRF1",-2.93806743425168
"MED13",-2.93865115938355
"GABRA4",-2.93888620878948
"LACC1",-2.93981156226996
"SNORA77",-2.93990407330762
"GNL3",-2.94055925773895
"TECR",-2.94059118144563
"NUP54",-2.94073559120557
"CCDC144A",-2.94197798666829
"LOC100420226",-2.94227734291704
"TLK2",-2.94309395547859
"LOC646665",-2.94349035352769
"AZIN1",-2.94487235012254
"STK38L",-2.94516073183558
"GRHL1",-2.94688520561692
"AKT3",-2.9474374395831
"KDR",-2.94804298318407
"CDC23",-2.94843846128885
"TMEM14A",-2.94879167787109
"SLC25A3",-2.94992551359607
"GNPAT",-2.95036501020508
"GFM1",-2.95059161130074
"SCG3",-2.95130910302464
"RAB3GAP1",-2.95137001117971
"CCZ1",-2.95328584879435
"PARLP1",-2.953878446857
"SNX14",-2.95396927242153
"SUCLG1",-2.95404094056521
"SMCHD1",-2.95479073989548
"CLC",-2.95549346015763
"CYCSP52",-2.95605919299448
"CCDC91",-2.95610834437
"SLC16A9",-2.95622513903335
"ANXA7",-2.95714251672916
"NUP43",-2.95730397839119
"RNF128",-2.9573663173211
"PSG3",-2.96116851963143
"MFSD6",-2.96148061455553
"RPL39L",-2.96212366059677
"CCDC14",-2.96312277207717
"TNFAIP8",-2.96383218946679
"RPL32P3",-2.96482242516424
"PMS2P1",-2.96532063601298
"BDKRB1",-2.96535579398516
"NR1D2",-2.96538083269804
"TERF1P7",-2.96539361708673
"EIF5",-2.96579155631373
"COL21A1",-2.96670486790633
"PDCD5",-2.96711059048067
"DGUOK",-2.96786370190028
"CMTM2",-2.96812811795284
"SEC63P1",-2.96826719808236
"RPL17P6",-2.96916491936755
"SEMA3C",-2.96981776013582
"ZNF789",-2.97049368423843
"PEBP1",-2.97058517760851
"PPP2R3C",-2.97132984988347
"ARHGEF12",-2.97150100732153
"DHX29",-2.97259002046554
"IGLC1",-2.97271870689522
"ZNF124",-2.97412621884711
"MNDA",-2.97543026992169
"CYP2T1P",-2.97549787011248
"SGCB",-2.97563559493905
"CTSS",-2.97616144660093
"FANCM",-2.9765643445492
"ANKRD44",-2.97693883694841
"UBE2Q2P1",-2.97773768393015
"SCP2",-2.97820132165643
"HSD11B1",-2.9783455661081
"GPATCH2L",-2.97842983148957
"SNORA58B",-2.97878232202544
"ZCCHC7",-2.97891554278431
"CACNA2D1-AS1",-2.97921893681787
"ASB8",-2.97991253108561
"KLHL11",-2.98160586887426
"DDX11L17",-2.98177762335321
"DDX11L2",-2.98177762335321
"SLC25A38",-2.98226554728894
"ILRUN",-2.98241993371348
"SFT2D2",-2.98248398362471
"RPL14",-2.98479434933724
"C19orf38",-2.98517482119963
"PHGDH",-2.98569125479041
"MED6",-2.98597906013789
"CYSLTR2",-2.98652729593712
"EIF4G2",-2.98769665253275
"PITX1",-2.98801324311761
"CAST",-2.98876011075523
"KRCC1",-2.98907869758397
"LRRC34",-2.99000147950607
"RIF1",-2.99115896503337
"LOC392187",-2.99126874738383
"FRG2C",-2.99155317871652
"ATXN10",-2.99210898513515
"DCUN1D1",-2.99220393280543
"CASP5",-2.9931893487786
"ADGRF1",-2.9935869812726
"USF3",-2.99396837568114
"CHRNA5",-2.99470063668113
"SEC61A2",-2.99568329505327
"ASCC1",-2.99592868555252
"ERMARD",-2.99761081684388
"FMO4",-2.99814215013137
"EEF1A1",-2.99830258931645
"TC2N",-2.9986242392089
"ZNF732",-2.99924501176923
"HCFC2",-3.00044308707668
"MYBPC1",-3.0008463333084
"NUBPL",-3.00085502543477
"RNF17",-3.00209351580584
"HSPA5P1",-3.00236461504747
"GNAS",-3.00272640451109
"PRPF39",-3.00307011933475
"LOC100422497",-3.00340459280807
"NMRK1",-3.00351741861088
"DLG3",-3.00392811272684
"NDUFS3",-3.00419346033321
"SUCO",-3.00513143826146
"PPWD1",-3.00531110987205
"GLCCI1",-3.00616601371571
"ESCO2",-3.00844226270409
"C5",-3.00893616851086
"HSFX2",-3.00949286582972
"FAM227B",-3.01057060461882
"SLC30A4",-3.01065135737981
"CMPK1",-3.01124640946252
"MTA3",-3.01147939352755
"RNF150",-3.01156743835475
"EPB41L4A-DT",-3.01166852745467
"SQOR",-3.01193138285323
"PGAM1P6",-3.01217020953655
"H4C3",-3.01232824457224
"SNORA16A",-3.0124959050082
"LMO4",-3.01322702882093
"STRAP",-3.01330634994532
"STAG2",-3.01366076323205
"NBAS",-3.01397034267646
"FAM86HP",-3.01464625912256
"STX1B",-3.0147436505274
"FAM3D",-3.01524436241213
"DDX19B",-3.01635351478316
"LUZP2",-3.01645145546825
"MORF4L1",-3.01656458101217
"SCRN3",-3.01708142768561
"FXYD6",-3.01875725433218
"FAM135A",-3.01896137462088
"TAS2R15P",-3.01901942970604
"CTAGE9",-3.01906482237516
"KIAA0232",-3.01989834978859
"FCHO2",-3.02111543217247
"CRIPT",-3.02122621181766
"LRP2BP",-3.02144690242459
"EIF2D",-3.0215791462357
"MAFIP",-3.02166049709437
"UQCRB",-3.0246091852263
"MSH2",-3.02542224858713
"RPL15",-3.0255878538635
"SNHG15",-3.02636511769155
"VTI1A",-3.02641965986093
"TMEM62",-3.02642310447392
"LOC107985911",-3.02643482544759
"TAS2R50",-3.02746216924028
"TSNAX",-3.02755452602366
"LCA5L",-3.02847890368532
"MSI2",-3.02880266423963
"STK32A",-3.02985385410452
"B3GNT4",-3.02999736646264
"ALCAM",-3.0305193348702
"PDCD6IP",-3.03067163584681
"PURPL",-3.03067382644964
"NHP2",-3.03105600885852
"XNDC1N-ZNF705EP-ALG1L9P",-3.0320355301664
"PTGR1",-3.03208963677497
"KRT78",-3.0332028022279
"DICER1",-3.03345185294472
"CWC22",-3.03397892265996
"TOP2B",-3.03405072962162
"TCEANC",-3.03485604819962
"MCUR1",-3.03563918357609
"PRKAR2B",-3.03584204351737
"CD46",-3.03660441354631
"COQ7",-3.0366341556199
"OGFRL1",-3.03696838559137
"SLC10A5",-3.03719632514503
"CDS2",-3.03722676580078
"JRKL",-3.03803932801426
"THUMPD1",-3.03806739550336
"RMND5A",-3.03807193148202
"SAMHD1",-3.03856178533706
"RPL10",-3.03863892359834
"CHI3L2",-3.03917217308835
"SLMAP",-3.03932030789055
"AHI1",-3.04015456725833
"LIG4",-3.04069548843956
"UGDH",-3.04074720041999
"HAVCR1P1",-3.04158639909284
"RNF175",-3.04163486237475
"DMTF1",-3.04201643486689
"DST",-3.04219983637663
"CEP350",-3.04250235183895
"CDCA8",-3.04278312415453
"TMPRSS11D",-3.04366544865002
"RPL7AP16",-3.04372829003268
"ZNF157",-3.04390338138353
"KIAA0825",-3.04400657202884
"SERPINI2",-3.04424380236339
"ODF2L",-3.04462001945777
"EFCAB13",-3.04501896224199
"ERI2",-3.04538190905825
"FUT8",-3.04558821550961
"CTAGE14P",-3.04569668136134
"PFDN4",-3.04756215731941
"STX18-AS1",-3.04809808918831
"POLR3GL",-3.04817449472361
"HLA-J",-3.04843473061233
"CDK1",-3.04903672556811
"FAM200B",-3.0490736280917
"MTRFR",-3.04930596344434
"NME7",-3.04999962724561
"GALNT7",-3.05030821069725
"MIOS",-3.05048463050765
"TNKS2",-3.05169372047751
"MPV17L",-3.05182604311698
"PCBD1",-3.05219797702546
"UQCRC2",-3.05225926744361
"CCDC126",-3.05278820540192
"TMEM182",-3.05382488334081
"KRT18P63",-3.05383514016641
"ORC2",-3.05424688552118
"DDHD2",-3.05469661320542
"RICTOR",-3.05588296347979
"CSRNP3",-3.05595808521593
"PAQR7",-3.0567270801419
"AP3B1",-3.05780116531416
"FASTKD1",-3.05808646596194
"MAX",-3.05889764636496
"TM7SF3",-3.05899492987653
"RPE",-3.05909039039098
"ZFP82",-3.06092171735042
"FANCI",-3.06100446405145
"LOC732229",-3.06114703112657
"SREK1IP1",-3.06232519471173
"SCARNA11",-3.06263355043516
"PABPC1L2A",-3.06267915725739
"IDH1",-3.06268967307325
"ZNF451",-3.06285181460126
"PREPL",-3.06347093494479
"DNAJC1",-3.06353674719983
"SAMD9L",-3.06366078979575
"GCC2",-3.06611949164521
"CWC27",-3.06614121705589
"CR1L",-3.06748525824075
"OLMALINC",-3.06755348522647
"GOLGA8J",-3.06895868297387
"POLN",-3.06968000597237
"IGHV3-71",-3.07003146674818
"BTF3",-3.07034384508051
"MAP3K1",-3.07085189125323
"TTC3",-3.0708636725987
"RP2",-3.07121879579192
"LRTOMT",-3.07177328727326
"SENP1",-3.07213183292505
"DNASE1L3",-3.07283399341015
"USP46",-3.07523990247899
"SNORA2B",-3.07529478895789
"GNG7",-3.07604258434555
"CD36",-3.07607491182692
"MEIS2",-3.07614168312075
"ALKBH8",-3.07651369510807
"NBPF17P",-3.07696493915176
"SDHC",-3.07767252241667
"TMEM68",-3.0779215788548
"RBM18",-3.07835976613462
"PTGS2",-3.0785289672607
"NUDT4B",-3.07862731264655
"TLR3",-3.07925405626039
"ARHGEF3",-3.07955946047662
"GPRC5D",-3.08039781998489
"GK5",-3.08090590912464
"GLIPR1L2",-3.08101946846689
"WLS",-3.0811859657968
"RAB8A",-3.0822342708762
"NBEA",-3.08239141944518
"BCO2",-3.08472569573947
"CELF2-AS1",-3.08508421244159
"CMKLR2",-3.08555329459388
"TMEM170A",-3.08594730135095
"HADH",-3.08797529006094
"LINC00886",-3.08845344258195
"FAM120B",-3.08884055549264
"CD3G",-3.0902005749173
"HIPK3",-3.0907974133488
"BLOC1S1",-3.09106161560255
"KTN1",-3.0913228772542
"PARP4",-3.09264393134067
"TRBV6-5",-3.09271033283479
"SMNDC1",-3.09293038433706
"MTFP1",-3.09296647818201
"DDX11L10",-3.09331798130671
"RHD",-3.09347337837177
"SPRED1",-3.09360034552467
"SLC39A9",-3.09370415956068
"NUTF2",-3.09394688250584
"MIPOL1",-3.09470635198099
"NAIP",-3.09481662815285
"DARS1",-3.09482839854875
"GRAMD2B",-3.09563445685578
"MDH1",-3.09589884739355
"LOC124901944",-3.09688095046143
"PCMTD1-DT",-3.09688095046143
"GPCPD1",-3.09793638109926
"RPL21P8",-3.09824815729386
"IGF1",-3.09904829721608
"BABAM2",-3.09979696812205
"SKAP2",-3.10024164730255
"MYCT1",-3.1005947234485
"BTBD1",-3.10071582318904
"ADSL",-3.10106905047444
"CDH17",-3.10167593705293
"WDR20",-3.10179234256188
"CWF19L1",-3.10191643377661
"RPL13A",-3.10205969781459
"CLCA2",-3.10250317002041
"ALMS1",-3.10276666748099
"NR4A2",-3.10351229603638
"FKBP7",-3.10417021528858
"SLC38A11",-3.10514676984296
"SLITRK4",-3.10526136067555
"H2BC12",-3.10622915325273
"DSC2",-3.10642152952762
"SLC35B3",-3.10644295390428
"SATB1",-3.10710286090233
"CSN3",-3.10832375192183
"GJB1",-3.1094339683926
"ZFP14",-3.11054520353975
"GINM1",-3.11246570983829
"FBP1",-3.11304931629623
"PAXBP1-AS1",-3.1141636257791
"LOC124903135",-3.11417961967076
"KRT18P5",-3.11424541157759
"RB1CC1",-3.11453681556707
"RAB27A",-3.11581571326596
"HSD17B4",-3.11664631359059
"ABCA10",-3.11706522713293
"PPIAP30",-3.11903516469294
"FCGR2A",-3.11950534463628
"PRMT3",-3.1198869762503
"BCKDHB",-3.12044469607096
"CHMP5",-3.12179714775424
"SLC18B1",-3.12301654648501
"ROPN1B",-3.12328914391069
"ERBIN",-3.12335954609489
"ERAP1",-3.12360093797803
"MAX-AS1",-3.12373244297574
"ACTL6A",-3.12464451943479
"ITGA6-AS1",-3.12489388671637
"PDK1-AS1",-3.12489388671637
"ZNF10",-3.12517335587143
"PPIAP51",-3.12593233660079
"ROR1",-3.12697194696156
"HIF1A",-3.12885300746983
"PDS5A",-3.12936104839578
"ANAPC1",-3.12948870793183
"TRAV12-3",-3.13014641452053
"GOLGA8N",-3.13017147760246
"ZNF267",-3.13063630233187
"NPM1P30",-3.13190866268122
"RPL31P8",-3.13217143719405
"PAFAH1B1",-3.13279818237245
"TBP",-3.13288161252035
"DNAJB4",-3.13291692019912
"PNPLA8",-3.13524490701306
"ADH5",-3.13644838253584
"SNORD100",-3.13716156971948
"LOC105372503",-3.13755677045606
"FLG2",-3.13774291915331
"RPL17P8",-3.13859276040563
"IGKV5-2",-3.13932820917723
"TSPAN6",-3.1394772033555
"LGR4",-3.13948031089233
"ITPR2",-3.13951756697833
"RND1",-3.1395526424592
"AGAP12P",-3.14049053256545
"AKAP11",-3.14068574959808
"ETV1",-3.1407981856129
"EIF2S3",-3.14092264065595
"CEP120",-3.14096469550451
"RERGL",-3.14154166307193
"ING2",-3.14169972270368
"IPO8",-3.14193490385652
"OARD1",-3.14308332695914
"ECHDC1",-3.14382482456431
"KLRC3",-3.14391992771404
"RAD9B",-3.14403563753121
"RNF115",-3.14405884270763
"ALOX5AP",-3.14432015701129
"KRT8P15",-3.14460887667125
"SPX",-3.14523059697918
"ARPC1A",-3.14588026928396
"FOLR1",-3.14593732884636
"PRMT9",-3.14598793923781
"ZNF345",-3.14646828110245
"MTR",-3.14658358474898
"UMAD1",-3.14772653827911
"SEC24B",-3.14834727832748
"GPR65",-3.14837718330484
"CAMLG",-3.14886017914585
"F13A1",-3.14992771693056
"SCML2",-3.15059955843414
"PLEKHA5",-3.15114461802328
"MRPS22",-3.15124709799307
"BMP3",-3.15132919839769
"RPL21P137",-3.15169691484858
"NFAT5",-3.15206296685495
"ADAM17",-3.15225947171213
"PMS2P3",-3.15268960116473
"CEACAM5",-3.15302175832415
"IFNK",-3.153607754365
"TSEN2",-3.15368484912345
"GEN1",-3.15454257104813
"ZNF383",-3.15506721221474
"KRT7-AS",-3.15560362665487
"ZNF875",-3.15565868530913
"RXYLT1",-3.15643119696993
"ABAT",-3.15686233703342
"NHLRC2",-3.15721727163308
"LOC105379252",-3.15804223663201
"EIF4E",-3.15852702196233
"CXCL9",-3.15932805475732
"MED13L",-3.15988849867336
"ZNHIT3",-3.16081087964265
"SEC22A",-3.16101215331018
"ZBTB41",-3.16171096550358
"STAT1",-3.16374073265331
"TJP1",-3.16382188560308
"ZFAND3",-3.16434479549293
"SNORA1",-3.16520343723841
"HELB",-3.16614480993738
"RSRC1",-3.1666148925659
"SLK",-3.1671638173409
"PLGLB2",-3.16755910322323
"ZC3H7A",-3.16856038674642
"ZNF207",-3.16912376182268
"GPR107",-3.1700509297513
"ZCCHC9",-3.17007921319692
"MSS51",-3.17066098898971
"USP33",-3.1708841199315
"NAALADL2",-3.17092481279318
"SPECC1L",-3.17105210762759
"ASH1L-AS1",-3.17129249054252
"PSG8",-3.17174813129059
"ASPM",-3.1734368410816
"IL13RA1",-3.17401995364732
"SCARNA18",-3.17427318962147
"RAB4A",-3.17587418741863
"EDNRB",-3.1758861489736
"SEC31A",-3.17664746311054
"BIVM-ERCC5",-3.17809936673362
"DPY19L1",-3.17838008401503
"PSIP1",-3.18059339308728
"SMIM18",-3.1814490433407
"TGFBR1",-3.18163935934162
"FOXA1",-3.18299270779985
"IMPDH2",-3.18337684772396
"ZNF616",-3.18376708407358
"TRIM61",-3.18410287691046
"WDR12",-3.18427169680938
"OSBPL11",-3.18558497501049
"HOXD8",-3.18602621541815
"STK17B",-3.18646969022498
"C6orf62",-3.1870660732928
"TRAV4",-3.18717043934526
"CAPN7",-3.18738080900755
"SPG11",-3.18765374362109
"BICRAL",-3.18794053852144
"YWHAZ",-3.19073589333144
"KIF21A",-3.19080302164384
"SHLD3",-3.19197075053002
"PMS2",-3.19248636806363
"KRT18P15",-3.19263724073935
"RPL32P29",-3.19265105600872
"HUS1",-3.19265252117266
"ALDH9A1",-3.19278957985841
"G2E3",-3.19371568497484
"STX8",-3.19505777628765
"BRAF",-3.19554406794747
"CYP3A5",-3.19584737722496
"ZNF425",-3.19593461894686
"BCLAF3",-3.19695236071325
"ACVR2A",-3.19696532743878
"TDRD3",-3.19749160764219
"TMEM161B-DT",-3.19858742551383
"DNAJC3",-3.19861218495864
"BBS2",-3.19900911782363
"PLD1",-3.19957587511973
"H2BP1",-3.19979636055056
"H3P4",-3.19979636055056
"LOC100996318",-3.19979636055056
"CLN8",-3.20015809115312
"SPAST",-3.20028939441021
"ZBTB33",-3.20084691330362
"CIMAP2",-3.20132770211373
"NDC1",-3.20279416960575
"RGS2",-3.2034532386455
"SNAP91",-3.20351248713989
"MRPL39",-3.20414333252914
"IGHV3-38",-3.20464704314495
"CYBB",-3.20471533780694
"ARL1",-3.2060003743951
"CCZ1P-OR7E38P",-3.20676796670059
"CLK1",-3.20749894302063
"TMEM14EP",-3.2087168432063
"DDX6",-3.20886969144867
"ATRX",-3.20888121796778
"ZNF702P",-3.20915133502821
"SULT1E1",-3.20944556339711
"AP3S1",-3.20969751243351
"NCOA2",-3.21039241957283
"SNORA66",-3.21085200258513
"CFAP418",-3.21125113644541
"CCNT2",-3.21196375750095
"LRRC66",-3.2131085590668
"AGTR1",-3.21364991153184
"AGAP7P",-3.21422830158294
"FMO6P",-3.21435954134123
"ZBED5",-3.2145779402939
"RBM39",-3.21546649545681
"AASS",-3.2156693689306
"VBP1",-3.21684896503997
"CEBPG",-3.21713560674302
"SELP",-3.21735862853234
"ACTG2",-3.21742520367715
"MSL2",-3.21900294379805
"RFESD",-3.21950369760177
"VSNL1",-3.21989111864838
"PRKACB",-3.22055095580257
"GPBP1",-3.22125163648018
"NUSAP1",-3.22202355957394
"SLC10A7",-3.22306231448347
"RANBP17",-3.22434129229871
"KIZ",-3.22447346546687
"IFIT5",-3.22530736663205
"TET2",-3.22608978455565
"EIF3H",-3.22651836623754
"DNAJC6",-3.22689126484147
"PHKA1",-3.22778218738652
"DR1",-3.22794020978859
"LTA4H",-3.22820242610579
"TMEM237",-3.22910819190668
"LRP6",-3.22948400778362
"CHCHD7",-3.22983267958598
"ZNF556",-3.23064615329793
"ADH6",-3.2309283256652
"FIRRM",-3.23128722892407
"ZNF880",-3.23235622193133
"AGGF1",-3.23311283268741
"PABIR3",-3.23335073560314
"SLC38A2",-3.23408926810731
"CEP19",-3.23417814627041
"FABP3",-3.23505321386155
"CLASP2",-3.23538086864709
"MSL3B",-3.23714391002258
"THSD7B",-3.23777740339833
"GALNT12",-3.23795752436058
"NR3C1P1",-3.24003896776677
"TAPT1-AS1",-3.2410071858445
"NEXN",-3.24116356295373
"CCDC73",-3.2418762485148
"CRTAP",-3.24205217526431
"ZNF101P2",-3.24357156021625
"HYCC1",-3.24378597530654
"GUCA1B",-3.24449859270991
"BLTP3B",-3.24482385847699
"MFSD1",-3.24489603455637
"GCNT7",-3.24539853036071
"LOC100420532",-3.24584799608948
"NSMCE2",-3.24678436771566
"ZNF568",-3.24686490630081
"GORAB",-3.24710767873464
"HP",-3.24744164406512
"RPS13",-3.24751010776557
"UBR3",-3.24768451852005
"ZNF165",-3.2483226203325
"B2M",-3.24838632258472
"PPM1A",-3.24856058102353
"MSANTD3-TMEFF1",-3.24858863580109
"SCOC",-3.24970130788365
"SNHG32",-3.25005391682177
"CASK",-3.2506471161249
"PDE6D",-3.25067931042886
"SNORD62A",-3.25092721243129
"SNORD62B",-3.25092721243129
"EIF4E3",-3.25162117433097
"HNRNPA1P70",-3.25373517442019
"RAB14",-3.25388573212904
"MEMO1",-3.25485003103906
"ARFGAP3",-3.25566899419378
"GOLM2",-3.25591024026325
"DTNBP1",-3.25596531314467
"ATP6AP2",-3.25606073659882
"MANEA",-3.25681939500078
"EI24",-3.25711834070701
"TSPAN31",-3.25794360732366
"BCHE",-3.25807582934527
"ZBTB6",-3.25843670007373
"MTMR10",-3.26109041120386
"LSM6",-3.26245139556659
"RPL41",-3.26261025148446
"CFAP20DC",-3.26378549054707
"C9orf72",-3.2654114971711
"IGLC2",-3.26556252605985
"ZNF614",-3.26628283063678
"GALNT16",-3.26631172341806
"METTL8",-3.26722173625255
"ZNF330",-3.26855141269373
"KRT15",-3.26930959911272
"TLR4",-3.27036975241645
"CLEC1A",-3.27052910610382
"IL1R2",-3.27116497299454
"PHB1P9",-3.27189027458909
"MLLT3",-3.27223781270739
"SLC46A3",-3.27240252716108
"ORC6",-3.27282626783091
"ZNF354A",-3.27305258548016
"PTPN11",-3.27389873181352
"TLR5",-3.27601184042632
"KHDC1-AS1",-3.27613967595288
"PLA2G12A",-3.2770714753307
"ANO6",-3.27800661179652
"RAB22A",-3.27814464758671
"GBP3",-3.27844843153152
"RNF111",-3.27891238134399
"WDR45B",-3.27928647060075
"AMY2B",-3.27985127312986
"GALC",-3.28148803453686
"LSM3",-3.28199491228355
"ZNF492",-3.28203355338516
"IGKJ5",-3.28208602763421
"PYGO1",-3.28211494781127
"ELP1",-3.28296019292933
"IL2RA",-3.28349536794219
"MBTPS2",-3.28415746826534
"LARP4",-3.28457651650321
"SEH1L",-3.28474323966494
"NIPAL1",-3.28499951951734
"P2RY12",-3.28527494040785
"DRICH1",-3.2857355468073
"KCTD4",-3.28772822553169
"NEMP2",-3.28785009008721
"CHPT1",-3.28849246565714
"ALDH1A1",-3.2888837909753
"CPT2",-3.28910260445845
"XPO7",-3.29132245046372
"RPL9P11",-3.29167491917846
"DRC2",-3.29250517486214
"TPST1",-3.29336340297606
"UBE2Q2",-3.29349303341853
"ITGA1",-3.29458124019665
"CUL4B",-3.29462903249986
"RPL9P7",-3.29468727199857
"CCR6",-3.29477474676019
"GPM6A",-3.29491407498344
"IPO5",-3.2957780781738
"KLHDC2",-3.2969790737451
"PSMD14",-3.2971886860064
"RASEF",-3.29747770202697
"SYTL2",-3.29796950446242
"CPD",-3.30032367199479
"POLR2K",-3.3004580252639
"ACAA2",-3.30122283642496
"RAB23",-3.30140535272342
"MORC3",-3.30165263270869
"STXBP5",-3.30198601828518
"SCYL2",-3.30219068153728
"H2BC8",-3.30410811098187
"F5",-3.30554473030388
"SLC44A3",-3.30591512323041
"MRPS10",-3.30627859097544
"DCN",-3.3070545664994
"RPL7AP10",-3.30787924328789
"MT-ND6",-3.30791908895382
"MBOAT2",-3.30811761923397
"SLC39A6",-3.30874170778161
"ALG14",-3.30894735664591
"NPIPB5",-3.30901331172564
"ZFAND6",-3.30934330962451
"ZNF540",-3.31012575565409
"WDR48",-3.3105086670976
"CNOT1",-3.31119530972036
"RRN3",-3.31196543357974
"MGST2",-3.31215133827721
"QSER1",-3.3130300940358
"HARS2",-3.31390322304005
"HADHA",-3.31393241721487
"CAP2P1",-3.31403664170878
"ZNF585A",-3.31543521635923
"RFC1",-3.31772085179809
"LITAF",-3.31819281383224
"HSPD1",-3.31870847251712
"PNPLA4",-3.31973201484167
"RANBP9",-3.3207058659103
"GHR",-3.32075302810971
"SESTD1",-3.32103017533728
"SLC49A4",-3.32126906050833
"IGKV2D-30",-3.3218047680678
"PTS",-3.32230895532896
"DLG1",-3.32338939858911
"RPL23AP34",-3.32341258985477
"ZUP1",-3.32365724293483
"ZNF311",-3.32387090976449
"PPIL4",-3.32393320975709
"SLU7",-3.32453839887042
"PAICS",-3.32471026844222
"H3-7",-3.32546750268295
"USP1",-3.32641545836456
"RPL7AP20",-3.32717440050583
"CLDN8",-3.32760995419499
"TGIF2-RAB5IF",-3.3294673022861
"ZNF564",-3.33080723319398
"CCDC144BP",-3.33103771419133
"FAM106A",-3.33103771419133
"USP32P2",-3.33103771419133
"CCP110",-3.33208458692455
"RAP1A",-3.3329594562496
"LARS1",-3.333784381757
"RGS1",-3.33426676747597
"SAMD13",-3.335326293714
"TNFRSF19",-3.33618780511922
"MPC2",-3.33625025813587
"RRM1",-3.3377274324635
"AFF4",-3.33781754923935
"FOLH1",-3.33800251307029
"FBXO48",-3.33815128031649
"PCNA",-3.33844872403073
"UGP2",-3.33850920910514
"ABCB7",-3.33871730261671
"GOLGA6L3P",-3.3388970116335
"SPA17",-3.33902147546516
"MAP3K2",-3.3397652927394
"ADAM32",-3.34041230831006
"HMGCL",-3.34059662907588
"CLEC4F",-3.34148208404681
"APPL1",-3.3418362312066
"GDI2",-3.34232217245326
"BTN2A3P",-3.34301134421768
"PPP2R5E",-3.34426118420236
"HOOK1",-3.34461741550138
"LRBA",-3.34469054732934
"DNM1L",-3.34514846012329
"CCDC47",-3.34516368553126
"ARL5A",-3.34519794840213
"BRWD3",-3.34542589350011
"LOC124900586",-3.34545527451902
"RNF170",-3.3461463046589
"DLAT",-3.34662479274672
"VAV3",-3.34664783623366
"EIF3L",-3.3469962576234
"ZNF22",-3.34736912961682
"EIF5A2",-3.34754740576043
"POLR3C",-3.34800674849668
"ZNF529",-3.34945385299933
"MS4A2",-3.35016019454615
"ZNF546",-3.35074230468428
"NSDHL",-3.35104758729563
"ATF2",-3.35139579346127
"KLHL8",-3.35201575266872
"FAM221A",-3.35324457685776
"ELOA3DP",-3.35362551726018
"IPO11",-3.35474752918819
"IPO11-LRRC70",-3.35474752918819
"RPS23",-3.35623085074947
"PCMTD1",-3.35668533672693
"APC",-3.35749066942829
"TFRC",-3.35771907513441
"HNRNPA3P7",-3.35799282601904
"ADAM9",-3.36030133474168
"ICA1",-3.36110853750679
"HECTD1",-3.36150153593408
"IGKV1D-17",-3.36197228815783
"UACA",-3.3634279293165
"RPL9P2",-3.36428824937002
"POLH",-3.36509192917483
"SLC5A4",-3.36515448846587
"CALM2",-3.36613546074976
"TFB1M",-3.36758295187724
"ZNF729",-3.36808121795983
"MASTL",-3.3691003343163
"ZFYVE16",-3.3712126356458
"MIER3",-3.37150642092091
"LOC124905135",-3.37152321345331
"MIRLET7BHG",-3.37152321345331
"PRR34-AS1",-3.37152321345331
"QRSL1",-3.37170699873118
"LOC105378944",-3.37180775557859
"POGLUT3",-3.37199367450543
"SGTB",-3.37267808501047
"RPL23",-3.37275552286802
"CFAP97",-3.37330747390301
"ZNF534",-3.37437300493071
"ARL5B",-3.37437379239581
"TOE1",-3.37456946701279
"USP3",-3.37470833323672
"ABCA11P",-3.3768800874229
"CDC73",-3.37717377248682
"MLLT11",-3.3773707739697
"EXOC1-AS1",-3.37755988403147
"TAS2R46",-3.37793378768248
"ZNF155",-3.3800651137453
"XRN1",-3.3804159817515
"P3R3URF-PIK3R3",-3.3804471207756
"PHYH",-3.38090480737864
"GRHL2",-3.38185571071532
"TRBV20-1",-3.38252345778827
"SMG1P5",-3.38303760997497
"USP9X",-3.38376229523739
"RPS14P1",-3.38378221856245
"IGHV7-81",-3.38380287039324
"TMSB4X",-3.38433030282654
"TIAL1",-3.3849407310169
"TRPM7",-3.38653581165782
"PRDM5",-3.38670028651225
"USP25",-3.387707815878
"PROS1",-3.38777285502649
"ZNF567",-3.3883967832963
"MIS18BP1",-3.38864779296753
"PEX2",-3.3890523350317
"MPHOSPH6",-3.38928628041667
"A2ML1",-3.38965244026298
"FAM177B",-3.39432512574668
"JAM2",-3.39447786026853
"XPO4",-3.39553668033271
"PENK",-3.39609410639022
"USP51",-3.39734383063517
"MAPK1",-3.39766930987733
"CHM",-3.4017158260711
"MLLT10",-3.40181144563845
"NTAQ1",-3.40186959861772
"FBXO21",-3.40255835130907
"LINC02491",-3.40352207742208
"MMAA",-3.40352207742208
"MINDY3",-3.40356399784003
"SNHG25",-3.40402684954693
"IGLV1-50",-3.40421682861343
"MAT2B",-3.40479459845875
"USP27X",-3.40501402104007
"EIF1AY",-3.40544125658844
"PAN3",-3.4055737906729
"TRBV4-1",-3.40626393408486
"MKLN1",-3.40648595228311
"GSTCD",-3.40725376645673
"VNN3P",-3.40759306181863
"RPL10P12",-3.40761098447998
"WAPL",-3.40851853232332
"FAF1",-3.40852288049309
"LINC02035",-3.40881835357527
"ZNF619",-3.40979971395958
"CCNB1IP1",-3.40984889975454
"LOC440300",-3.40996435513321
"CETN3",-3.41041394181938
"SLC16A7",-3.41050165761508
"AHR",-3.4108199960798
"SEC24A",-3.41152239053854
"TPH1",-3.41218803777769
"SCAF11",-3.41227297658746
"KCNMB3",-3.41238076165281
"STAP1",-3.41455034762359
"DYNLT1",-3.4147049613632
"LOC105372480",-3.41704069048892
"HSPB3",-3.41715224052198
"LYVE1",-3.41737134007418
"ANKRD36B",-3.41739282873447
"USP47",-3.4180355478426
"ZIK1",-3.41827300649526
"LOC128966624",-3.41877568843349
"LOC105375980",-3.41880005495148
"BRAP",-3.41883131650049
"MITF",-3.41884079112744
"ANKRA2",-3.41885609539235
"TMEM161B",-3.41938509074273
"CLUL1",-3.42046593712845
"NEMF",-3.42061914186926
"ZNF543",-3.42106684617721
"ATP8A1",-3.4219624572833
"XRCC5",-3.42295977228775
"RPL21P53",-3.42335814014535
"RPL36A",-3.42379062671781
"FAM133EP",-3.42505684160894
"PDIK1L",-3.42708248049676
"CHP1",-3.42779157741608
"DUSP19",-3.42827865592323
"ZDHHC11B",-3.42873300739914
"LRRN3",-3.43020677134144
"SRP72",-3.43128513320168
"MRPL47",-3.43183570444084
"CIP2A",-3.43368333307425
"FBXO36",-3.43529004387838
"ARMH3",-3.43601911033117
"C1orf162",-3.436279182726
"DMXL1",-3.4370201441974
"CYP3A4",-3.43713638137745
"GCLC-AS1",-3.4375209524399
"RPL5P30",-3.43881457126482
"ZNF277",-3.44075147594722
"AGKP1",-3.44108557515162
"BBS12",-3.44188560771132
"GPR75",-3.44189870322707
"WDR35",-3.44602019973875
"RALGPS1",-3.44612137316767
"KCNQ1OT1",-3.44626714293543
"RPS15AP29",-3.44671261139559
"GOLGA4",-3.44689771489088
"MTMR9",-3.44796889681267
"SRD5A3",-3.44899096624761
"ZMYM5",-3.44978798480157
"AURKA",-3.45027065134068
"RAD51C",-3.45036883004414
"MIR554",-3.45079003933044
"MFN1",-3.45147657201273
"TM9SF3",-3.45203887763074
"METTL25",-3.45218518746951
"ITM2A",-3.45313419230526
"FAM88D",-3.45357628224497
"OSBPL1A",-3.45421042735259
"TSPAN3",-3.45447282121899
"DIMT1",-3.45478263160799
"ACTR2",-3.45689458382925
"TEAD1",-3.4571399796692
"PTPN13",-3.45735220665954
"ANKHD1-EIF4EBP3",-3.45816604392498
"ARRDC1-AS1",-3.45829407388734
"LRRC15",-3.45893023593274
"GCLC",-3.45919825208721
"RPL23AP11",-3.45921377336902
"SMPDL3A",-3.46009221469129
"FCER1A",-3.46130772197693
"RPL17P25",-3.46205600669098
"IGLVI-70",-3.46212965909262
"NUDT7",-3.4624955274106
"NARS1",-3.46278118710815
"H2BC21",-3.46328246846515
"ITGA9-AS1",-3.46354718907916
"APTX",-3.46368315128073
"MPHOSPH9",-3.46457571517473
"IVD",-3.46552520055448
"MRPS31P5",-3.4660432591252
"PELI1",-3.46672760100877
"PCP4L1",-3.46766512816685
"STT3A",-3.46866064709889
"PTPRB",-3.46877574663628
"ZNF667-AS1",-3.4689761404095
"CSNK1G3",-3.46902012665818
"NPY5R",-3.46904862307594
"PDE6B",-3.4694136461831
"EMB",-3.4702218243678
"NPY2R",-3.47185806354514
"LINC03006",-3.47382317814277
"JAK2",-3.47425020706491
"TRAV8-4",-3.47441877803453
"SOS1",-3.47562076227399
"PDE6A",-3.47624318340809
"SP3",-3.47633717231317
"THAP1",-3.47647059760403
"CYLD",-3.47771907625293
"ZNF436",-3.47826543588262
"KCTD14",-3.47855255373914
"CYBRD1",-3.47914273577353
"ZSCAN12",-3.47953732011996
"LINC01766",-3.47989912769857
"HSPBAP1",-3.48010096648823
"ZNF528",-3.48227477745396
"PTCHD1",-3.48281079938145
"FBXL3",-3.48443541210285
"MTUS1",-3.48472243665215
"JAM3",-3.48593660514233
"PLEKHS1",-3.48695447196711
"ATF1",-3.48768770875747
"TLR1",-3.4884235799162
"LEAP2",-3.48871911470571
"UROS",-3.48908021235419
"RPAP2",-3.48912344426797
"FAM27B",-3.48956622575053
"GNG4",-3.49002024447731
"UTP11",-3.49005712236642
"SCN7A",-3.49018888970058
"LPAR6",-3.49045879841121
"SHQ1",-3.49145300317432
"TFAM",-3.49148466670233
"AGTPBP1",-3.49273454923846
"SAMSN1",-3.49422123949419
"BTK",-3.49573173552526
"NTS",-3.49595351762146
"PTAR1",-3.49668977525743
"SMU1",-3.49732099712412
"OLA1",-3.49782550397694
"SLC12A6",-3.49901365256474
"USP16",-3.49972079962941
"PPARGC1A",-3.50045747133526
"CYP4X1",-3.50142566936042
"OR7E14P",-3.5014885642093
"ZNF234",-3.50294105145534
"CCDC30",-3.50472497553335
"SMG1P7",-3.50521430443168
"FLACC1",-3.50623243726586
"DEPTOR",-3.5065677508741
"HMCN1",-3.51044352597911
"TMEM60",-3.51108488261585
"WDR47",-3.51156046590674
"CAT",-3.51162997137002
"COX18",-3.51224861388061
"LINC02487",-3.5125527421158
"SELENOI",-3.51552587256944
"CD55",-3.51557881971146
"GRIA2",-3.51695679141433
"LOC100129573",-3.51808764954958
"CACNB4",-3.51958748989015
"TUBG1P",-3.52244762611028
"LOC127239154",-3.52255123345119
"COXFA4L3",-3.52395937064124
"DENND10",-3.52469040842025
"NAP1L1",-3.52484898123178
"CALCOCO2",-3.52617197216205
"COPB1",-3.52772206512954
"DNAAF4",-3.5282371293142
"ACSS3",-3.52824631865341
"ZSCAN31",-3.52857594372034
"SGCG",-3.52859194675082
"LRATD2",-3.5286014068871
"POLR2B",-3.52863486152396
"ZNF800",-3.52915001871969
"KRT8P50",-3.52944522219824
"ZNF699",-3.53129943018037
"OPA1",-3.53338362029201
"KRT2",-3.533789457095
"CRYBA1",-3.5345122617754
"PSMA2",-3.5352341809869
"SDHAF4",-3.53550670722898
"NAA35",-3.53551186365644
"C3orf38",-3.53578034677136
"KRT8P31",-3.53642821334297
"RAB2B",-3.53658329062945
"COCH-AS1",-3.53658342170015
"RTRAF",-3.53670713122244
"PITX1-AS1",-3.53729132509989
"PJVK",-3.53780495697619
"PARK7P1",-3.53884775313349
"PIH1D2",-3.53910098863845
"MS4A4A",-3.539297004129
"CYP4Z1",-3.54047353504687
"ADK",-3.54077244802147
"RPL17-C18orf32",-3.54086136824051
"USP7",-3.5414416495589
"EYA4",-3.54202799631954
"GCNT3",-3.54291986175221
"CLCC1",-3.54292738275229
"HMGCS1",-3.54508732085022
"CD2AP",-3.5455707604181
"TRGV8",-3.54654740526348
"RLIMP1",-3.54737872228833
"SS18",-3.54791161810359
"TRGV1",-3.54847192209533
"ATP6V1E1",-3.54910513493504
"IMPA1",-3.54924055633434
"FANCD2",-3.5498413139267
"REPS1",-3.55037066872051
"AMN1",-3.55054105216218
"ADGRL2",-3.55121346340148
"FERRY3",-3.55175757960974
"ZNF461",-3.55189433751105
"LIPA",-3.55240377884122
"LNPEP",-3.55370673145535
"WAC",-3.55462009799264
"SPEF2",-3.5546759953845
"H2BC7",-3.5549685980408
"PFDN5",-3.55572036195215
"ENPP1",-3.5557325448969
"RAPGEF5",-3.55576096078547
"RAB6A",-3.55615640028043
"MIR99AHG",-3.5591090212602
"BBS9",-3.56011667300598
"TBCK",-3.56047488861203
"IGHV1-45",-3.56085975606827
"PAX3",-3.56107060912275
"NSA2",-3.56136812445462
"RPS14",-3.56206368593383
"H2BC6",-3.56260207788318
"BDH2",-3.56315746367605
"NDUFA12",-3.5640031590009
"ZNF883",-3.56570252446218
"GLUD2",-3.56597476524454
"PLBD1",-3.56632152430603
"SDHAF2",-3.56675692050482
"ERVMER34-1",-3.56703791414698
"SEPTIN7",-3.56739691604004
"H2BC9",-3.56771821035718
"SOAT1",-3.5677220159484
"AFG3L1P",-3.56775821852516
"CEPT1",-3.56883217387677
"NDUFB3",-3.56970658208358
"UBR1",-3.56984493036112
"MARCHF7",-3.56985517451688
"MARVELD2",-3.57022894994118
"PPIAP91",-3.57072789597665
"LRRC28",-3.57185160454161
"MCCC1",-3.57185994446181
"TTC9C",-3.57347391633815
"PCNX4",-3.57423608242468
"SPATA17",-3.57429941008575
"SLC25A13",-3.57450145078199
"GAN",-3.57471329323356
"LDHB",-3.57478748842214
"CABS1",-3.57646341656887
"NFATC3",-3.57657683265638
"FSD1L",-3.57899603408312
"SHOC2",-3.57965897263935
"SOX21",-3.58095711969568
"ZNF470",-3.58250107947308
"MTIF3",-3.58278770019754
"RDX",-3.58690078541324
"ZNF433-AS1",-3.58740999853782
"ZNF770",-3.59051480442521
"MBIP",-3.59114768006661
"BAG4",-3.59147058889083
"ZNF174",-3.59151628036694
"CCSER1",-3.59159774612742
"CYP2C8",-3.59182761766065
"CDKL5",-3.59193804739953
"SENP6",-3.59209980632552
"SACM1L",-3.59210615444091
"UTS2R",-3.59302975345897
"RAF1",-3.59329323359545
"PCBP2",-3.59446264982195
"LTV1",-3.59484383969358
"SMCO1",-3.59540224315642
"NKX2-3",-3.59725939642591
"PPIAP64",-3.59786423745591
"SULT1A2",-3.59870386507004
"CLDN24",-3.59873661137518
"NR3C2",-3.59991964765963
"TRAPPC8",-3.60028253221038
"BMPR2",-3.60112432206709
"JMJD1C",-3.60161615740595
"FRK",-3.60219433659531
"CYP19A1",-3.60346213327276
"DYRK1A",-3.60346880896515
"ZNF226",-3.60348888606447
"ZNF781",-3.60403688106061
"NFE2L2",-3.60438094266854
"RNY3",-3.60497862972119
"PAMR1",-3.60525512427507
"DNAJC10",-3.60592303773131
"UBE2W",-3.60594017286322
"SAP30L",-3.60623518042681
"RPL35A",-3.60823567261516
"CHRDL1",-3.60838540392028
"AIMP1",-3.60862160813088
"TFCP2L1",-3.60909719304536
"PIGN",-3.6094695717437
"TMEM40",-3.60976474022542
"FAM133B",-3.60986603793867
"ST8SIA4",-3.61018956831683
"CCL2",-3.61034823999936
"KARS1P1",-3.61217804128279
"ADAM10",-3.61304193171498
"PIK3R3",-3.61311259025592
"HOOK3",-3.61315577752995
"DBF4",-3.61422723487938
"SYNJ2BP",-3.61442912201465
"EIF2AK3-AS1",-3.61541252271696
"SNORD46",-3.61545711247189
"ALG5",-3.6158060063449
"PALS1",-3.61752501815379
"CEP70",-3.61786170908142
"AKR1C3",-3.61793549386297
"AGR3",-3.6184124128523
"TMEM87A",-3.61935177948566
"APAF1",-3.61949343589685
"PRKD3",-3.61955671939274
"ARF4",-3.61957544950098
"RRN3P2",-3.62006655230111
"SNX29P2",-3.62006655230111
"TM9SF2",-3.62056577530187
"KIAA1328",-3.62108352014675
"VPS13B",-3.62222070957438
"PPP2CA",-3.62240998638404
"NDUFS1",-3.62260856103583
"ARSF",-3.623920515048
"NCALD",-3.62438462734618
"GLT1D1",-3.62575421971158
"YTHDF3",-3.62583472785221
"SBF2",-3.62882221115779
"SMARCE1P1",-3.6295053213879
"CDK17",-3.62966315395403
"CDK15",-3.63077691476026
"SPDYE21",-3.63370925356173
"CCDC7",-3.63388855652626
"ICOS",-3.63441514526918
"WIPI1",-3.63489537834583
"FAM25A",-3.63532508492019
"H4C13",-3.63538441709887
"HAUS4",-3.63540252576004
"FGF14",-3.63564060574086
"CD58",-3.63724995975599
"DHFR",-3.63882628382187
"HDAC1P2",-3.63889754743467
"GCOM1",-3.63946273140428
"CLOCK",-3.6405248915733
"SDHAP1",-3.64064821201815
"TMC5",-3.64368959329526
"RPSAP21",-3.64426732970512
"CDKL1",-3.64518879968849
"RAB3GAP2",-3.64584302535233
"SAV1",-3.64590248845691
"ASIC1",-3.64773994893506
"COPS7B",-3.64838758423137
"ZMYM6",-3.64842292109176
"PGBD4",-3.64883442850014
"ZNF81",-3.64911573033013
"TF",-3.64959195939671
"ZNF569",-3.64985055510938
"CUL2",-3.6501425473072
"C14orf119",-3.65019434358721
"MIX23",-3.65148734064994
"TSPAN2",-3.65251001578788
"DPT",-3.65290460018949
"ZNF527",-3.6533081560697
"ZNF292",-3.65387510503597
"PLXDC2",-3.65465437748732
"LINC01588",-3.65474994860605
"LINC01599",-3.65474994860605
"ZBTB24",-3.6556909332265
"CRBN",-3.65702762485608
"FCGR3B",-3.65940889751229
"LOC124905743",-3.65940889751229
"FNTB",-3.66023820819177
"NME8",-3.66074401668778
"IL1RAPL1",-3.66076023863512
"ANKEF1",-3.66218382848328
"QRSL1P3",-3.66261951882989
"CCDC171",-3.66310123013622
"GNPDA2",-3.66366437650617
"USP34",-3.66535430184245
"AGPAT5",-3.66701928483578
"GMFB",-3.66701955326642
"SCAMP1",-3.66728139924865
"MAPK8",-3.66768809842225
"PARLP2",-3.66786713291935
"ZNF772",-3.66803308584366
"TXNL4B",-3.66927661836631
"RPSA",-3.6693216207983
"ATP5F1C",-3.67029228973934
"TMEM177",-3.67070734221893
"HBD",-3.67317643751858
"NEB",-3.67384601571833
"CEP83",-3.67402004575756
"FTOP1",-3.67402534564165
"SSB",-3.67609667398774
"ALG8",-3.67623728456633
"SLC5A1",-3.6771530641843
"DDX3X",-3.67742393783427
"PLCB4",-3.67892982961122
"SUGT1P4-STRA6LP",-3.67919223725502
"H2BC14",-3.67949076671406
"ARSG",-3.6796624453702
"PIGK",-3.68123354201501
"CA5BP1",-3.68136287701162
"CHAC2",-3.68141925978815
"GPR22",-3.68195127187522
"RAB27B",-3.68243404333709
"EEF1B2P3",-3.68309107901001
"PSMG2",-3.68341262685102
"BIRC3",-3.68382957728868
"RPP38",-3.68517877957134
"RPL11",-3.68701776852463
"LINC03129",-3.68716708053621
"SEC14L1P1",-3.68744328310875
"CCDC82",-3.68757398710546
"TIMM23",-3.68817045187446
"ERCC8",-3.68966741920652
"ZNF841",-3.68967471753347
"CRTAC1",-3.68975852033755
"IGHV3-41",-3.68984006202615
"FLT3",-3.69005990672269
"RPPH1",-3.69040080038264
"RBX1",-3.69078752675946
"LINC01550",-3.69190293680439
"ARHGAP5",-3.69260638457797
"ZNF518B",-3.69332798631267
"ATP6V1C1",-3.6935119521222
"SCLT1",-3.69365322455964
"ABHD13",-3.69381754281341
"DENND4C",-3.69469302686033
"UFM1",-3.69591688752795
"ORC5",-3.69706908700339
"CLDN12",-3.69775615338577
"AK9",-3.69805943827745
"ZNF419",-3.69860438979632
"H2BC10",-3.69868350832061
"VPS35",-3.69900974158277
"TAX1BP1",-3.69902001922281
"LSAMP",-3.69960430429178
"PPP1CC",-3.69961824906516
"ATOSA",-3.69984029264562
"WRN",-3.70145504842286
"ZNF75D",-3.70146873058221
"APH1B",-3.7017487270743
"IL12B",-3.70180293910429
"RPL6P10",-3.70235911979696
"HRH2",-3.70299570260363
"MAP4K5",-3.70316267598501
"CLEC4A",-3.70545249024178
"MYO5B",-3.70587578228551
"RIMBP3C",-3.70753450141193
"ZNF717",-3.70772528659122
"CRNN",-3.70819096667753
"SLC38A4",-3.70951459116344
"NEK1",-3.70965174148184
"SEC23B",-3.71060596175969
"AGO4",-3.71075216137541
"PPP1R3B",-3.71090087792209
"GSR",-3.71105309453648
"CEP63",-3.71295627773695
"IGLV4-60",-3.71340717127194
"NR3C1",-3.71489829522537
"BLOC1S5-TXNDC5",-3.71506860756991
"FNIP1",-3.7177870667537
"COQ3",-3.71918465612405
"SELL",-3.71932635906027
"ESRRG",-3.71962816320979
"EEF1A1P19",-3.72028680550156
"EXOC5",-3.72030678833074
"DOCK7",-3.72038105300999
"PHOSPHO2",-3.72128834335077
"OR4F3",-3.72166453400949
"SPATA1",-3.72187454005175
"STAM",-3.72210190740317
"USP37",-3.72261731126948
"AP1G1",-3.72335033931436
"ATF6",-3.72335619300894
"ITK",-3.72336174398646
"OPHN1",-3.72449058239297
"CAMKMT",-3.72595333830678
"WASHC3",-3.72661537023855
"KLKB1",-3.7268777128844
"IL7",-3.73108371055339
"GSKIP",-3.73154473931037
"ZNF426",-3.73177079774835
"STRCP1",-3.73225573529951
"XPOT",-3.7328234705828
"IFT25",-3.73297998696344
"IQGAP2",-3.73447072303614
"NUDT21",-3.73514818079454
"EXOSC2",-3.73612917630546
"GPAM",-3.7362779862101
"PARP8",-3.73759511098868
"RPL17P9",-3.73773814068359
"SLC9A9",-3.73891809723267
"SDR16C5",-3.73914337316498
"RAVER2",-3.74159501573243
"IGKV1ORY-1",-3.74209047798739
"FOXP1",-3.74294891036727
"TENT2",-3.74412448115542
"DPY19L2",-3.74480005409937
"VPS37A",-3.74500958027537
"KPNA5",-3.74716429017625
"RPS27A",-3.75143983660226
"VAMP7",-3.75285312488972
"ELF1",-3.75352537316884
"DDX1",-3.75370758645031
"NDUFA6",-3.75509677869203
"LINC01755",-3.75600859157422
"FNDC3A",-3.75609959177676
"SNORA40",-3.75638019108604
"AP3M1",-3.75668717249502
"ASB9",-3.75795031961616
"ZNF849P",-3.75953852763387
"RPL23AP74",-3.76001465070002
"SELENOK",-3.76016044356797
"SPATA18",-3.76040909877186
"TAS2R31",-3.76059525090277
"RPL24P8",-3.76105167205876
"VAPB",-3.76170574262309
"FOXN2",-3.76200215211331
"PPIG",-3.76236557345818
"GARNL3",-3.76354422862108
"GTF2H5",-3.76379454496444
"SENP7",-3.76395918463468
"CADM1",-3.76496792035735
"MMD",-3.7658403810861
"MICU2",-3.76630071319434
"PHIP",-3.76695499586382
"MAP10",-3.76766590299345
"CISD2",-3.76802541293542
"FPR2",-3.76819493520799
"VPS13A",-3.76880772766644
"CAPNS1P1",-3.770337318776
"CNOT6L",-3.77111490185854
"CALU",-3.77177867379679
"GLA",-3.77269672017029
"NPIPB2",-3.77327678924403
"SUPT3H",-3.77403595331742
"TUBB4A",-3.77419169314716
"ELF2",-3.77603329690953
"GSK3B",-3.77661731664641
"CNTF",-3.78057556831224
"SNORA28",-3.7806020863551
"ACOX1",-3.78152263695892
"NBPF3",-3.78254614999972
"ZNF14",-3.78257392376223
"RBM45",-3.78264698009636
"LOC107986822",-3.78367005290793
"UBQLN1-AS1",-3.78477165606156
"ORMDL2",-3.78500396211113
"SKIC8",-3.78503836259183
"PACRGL",-3.78525299656322
"ZNF56P",-3.78599204407535
"BIRC2",-3.78663786999135
"ZNF677",-3.78717394180189
"ELP2",-3.79058601410613
"GALNT1",-3.79206774110558
"JKAMP",-3.79208986193659
"VWDE",-3.79247968083605
"ZNF112",-3.7927339357803
"GSTM5",-3.79415605620684
"STARD4",-3.7942539560712
"DNAJB9",-3.79428226933083
"FUT2",-3.79460389432175
"SH3GL3",-3.79462876844973
"FAM13B",-3.79473314132018
"RAB11FIP2",-3.79514849905052
"PHC3",-3.7964328591951
"ZFAS1",-3.79648827337715
"ARMC8",-3.79830677313285
"CNTN1",-3.79845795293508
"LPGAT1",-3.79980435277192
"IGKV1D-37",-3.8008462292042
"FAM200C",-3.80119120805377
"FKBP6P2",-3.80262868550912
"CCDC152",-3.80335881512145
"BBS4",-3.80357347406519
"IGKV1D-8",-3.80671164990109
"PCDHB10",-3.80739983342552
"IGHV1-58",-3.80749082432119
"HSPA4",-3.80768601959849
"SEC63",-3.80861266928489
"ZNF627",-3.80873187348726
"SNORA65",-3.80890919821464
"LRRC49",-3.81030851192178
"GDAP2",-3.81110116196945
"DDX18P1",-3.81173225873845
"MYSM1",-3.81278053374167
"DNAJC27",-3.8141000609802
"PSG7",-3.81456411361959
"PTPN22",-3.81508359876893
"FGF7P3",-3.81512832399338
"VPS13C",-3.81576964577783
"CCDC88A",-3.81676277512292
"ARB2A",-3.81686665776521
"RPS11",-3.81720734809257
"CA5B",-3.81770030661612
"ZNF148",-3.81805236809785
"ZNF630",-3.81810017070741
"TRAV9-2",-3.81829584488901
"WDSUB1",-3.81948002433156
"RTEL1P1",-3.82001172147749
"MTX3",-3.82069772106803
"COPS3",-3.82326610947222
"ATP8B1",-3.8233299101388
"NIPBL",-3.82391892202367
"DDX10",-3.82391992300577
"HMGCS2",-3.82392797823324
"ZDHHC20",-3.82394699612093
"ZNF583",-3.82411887355054
"SNORD116-18",-3.8251631679771
"RWDD1",-3.8256343981125
"ADAM28",-3.82674973917574
"GNG2",-3.8267584476401
"NCK1",-3.82766941380057
"HSF2",-3.83071411259851
"IARS2",-3.83086998793905
"DIPK1A",-3.83137149826297
"FAM86B2-DT",-3.83206637193787
"RLIM",-3.8321568598367
"IFNGR1",-3.83365230241919
"LERFS",-3.83369520958998
"PIGB",-3.83448115394885
"ARHGAP12",-3.83456345343746
"LOC441666",-3.8348765267197
"HBG2",-3.83592714626443
"ADGRB3",-3.83752574145632
"CNOT2",-3.83822655230769
"ZNF84",-3.83842728606578
"HELZ",-3.83886705598434
"FAM27C",-3.83970178873755
"SERPINA5",-3.84016289077987
"PIWIL2",-3.84119187444161
"TRAPPC13",-3.84433662536913
"CEP76",-3.84500696087304
"ANKRD36",-3.84514526734851
"TMEM106C",-3.84624836014231
"NODAL",-3.84656859519774
"STC1",-3.84841307173716
"CMC2",-3.84851803507966
"PIK3C2A",-3.84955592130616
"CTNNB1",-3.85010434180055
"ERBB4",-3.85028566353801
"ATP6V1B1",-3.85138295253946
"PKD1P2",-3.85245885295441
"HDDC2",-3.85294737384809
"SNORA44",-3.85423605459443
"BAZ2B",-3.85520670520022
"TEX30",-3.85566571015739
"IGHV3-62",-3.85613412869572
"ANKRD26",-3.85667348323083
"ZNF718",-3.85794001951597
"EPB41L5",-3.85856256352762
"CYCS",-3.86013418315142
"CHMP2B",-3.86354930690019
"ATP6V0A4",-3.86438605282335
"RPS4XP6",-3.86551624423354
"TUBB8P1",-3.86618738003727
"AMY1A",-3.86739576901337
"EFEMP1",-3.86744939832486
"TVP23C",-3.8682789893796
"HTR2B",-3.86836630797227
"HSD17B3",-3.86923671682741
"CCDC122",-3.86939452627497
"KRABD2",-3.87079128206119
"TBC1D5",-3.87115866085188
"ALG10B",-3.87340926992086
"DNAJB6P7",-3.87457408080799
"LGI1",-3.87604634833045
"GUSBP14",-3.87675575130656
"TRMT10B",-3.87836676174429
"PSMC1P10",-3.87840400798253
"PREX2",-3.87854049304656
"DEFB1",-3.87855483305962
"NPAT",-3.87884345175965
"LY75-CD302",-3.87884891675947
"FMO1",-3.88000669192707
"BLNK",-3.88275679013819
"PLRG1",-3.88330542833587
"CPA6",-3.88435046272981
"FBXL4",-3.88617262788504
"PIKFYVE",-3.88729097314688
"ARHGAP15",-3.89006665806243
"PIGR",-3.89032816968151
"GPHN",-3.8911803228586
"ABCA5",-3.89131970290383
"CNIH4",-3.8913715836093
"ZMYM2",-3.89164777787456
"RNF139",-3.89231278773833
"EYA3",-3.89256275977961
"TRDN",-3.89288403642165
"ZNF876P",-3.89309993014149
"MOB4",-3.89404167984731
"LGALS3",-3.8941529122538
"LOC100996643",-3.89492969644131
"UGT1A10",-3.89509270998385
"RPL21P125",-3.89627361601409
"DPY19L3",-3.89809714271838
"GABRG2",-3.89849536991307
"TNFRSF11A",-3.89859194051887
"ABHD5",-3.89860548019843
"TRIM34",-3.8987623847513
"GABRB2",-3.89927936035509
"GATM",-3.89946484217683
"EYA2",-3.9021205941178
"COL6A5",-3.90243728852887
"PRDX1",-3.90246414022376
"SH3BGRL2",-3.90256785081484
"GBP6",-3.90265188674467
"OFD1",-3.9029434308747
"APOL4",-3.90310383573131
"SLC1A2",-3.90338556878088
"ARRDC3",-3.90344131035547
"CMA1",-3.90348574487451
"CLEC7A",-3.90491273809505
"ARLN",-3.90583245216923
"COX20",-3.90593334832512
"TRAV12-2",-3.90738417952837
"FH",-3.90740691652795
"NPIPB13",-3.90797075094708
"RPL34",-3.90835465135448
"SPDYE18",-3.90867539485276
"DTWD1",-3.90956485665815
"GPR63",-3.90962936723935
"BTLA",-3.91072916934471
"TRIP11",-3.91077320021405
"NTAN1P2",-3.91077775746585
"GNG12",-3.91114476690188
"PRKAR2A",-3.91338682339396
"SPATS2",-3.91487609470811
"FAIM",-3.91552762998243
"LOC105369736",-3.91628993935278
"ERMN",-3.91778302486434
"FTX",-3.91786468303713
"NANP",-3.91845415133932
"PAPOLG",-3.92062551391315
"TMEM192",-3.92154799294571
"RPS7",-3.92183145097155
"CDH20",-3.92347708362611
"GNPTAB",-3.92444976786376
"SNHG4",-3.92497108718918
"OR7E28P",-3.92633356131439
"FMC1",-3.9279199627939
"EEF1A1P3",-3.92865608939399
"KRT8P46",-3.92904932391256
"CCNE1",-3.93105214325556
"SLC25A12",-3.9312204974754
"RPL7L1",-3.9316828896671
"SNORD13",-3.9322193271188
"RERG",-3.93274496556459
"MRC1",-3.93353115420718
"KIF5B",-3.93437706011041
"HGD",-3.93445215820101
"ETFDH",-3.93504521699199
"LRPPRC",-3.93537441194332
"CA10",-3.93590963071967
"CLCNKB",-3.93719727960745
"CENPS",-3.93837451130218
"SCARNA3",-3.93851474335998
"TRAF6",-3.94041029783863
"ASAH2B",-3.9404311253501
"C9orf152",-3.94127924681806
"PIN4",-3.94185328301913
"SASS6",-3.94191306331933
"SNORA72",-3.94243521097095
"CAB39",-3.94249811892474
"ABRAXAS1",-3.94350289235279
"PSMC6",-3.9451271929493
"ACTA2-AS1",-3.94529947887914
"CNEP1R1",-3.94573879422169
"UBE2N",-3.94618163152372
"CLEC2B",-3.9465272670031
"TSTD3",-3.94662629669286
"NBPF14",-3.9467460761229
"TIGD6",-3.94756940917843
"XPO1",-3.94854691793265
"NEDD8",-3.94970528463175
"GOSR1",-3.9503805559597
"LOC105376177",-3.95052546682395
"SULT1B1",-3.95063343922087
"DTNA",-3.95089275105092
"TFF1",-3.95141071551458
"GPX2",-3.95145939026571
"MBD5",-3.95230769905804
"CD48",-3.95263398714494
"ZNF644",-3.9536248664941
"MRPL50",-3.95393389771887
"DNAL1",-3.95474106836581
"PECR",-3.95696136157114
"TATDN3",-3.95852611049446
"FAM86JP",-3.95879532363895
"ZNF566",-3.95895945886142
"CCPG1",-3.95957834413762
"SLC35F5",-3.96032409939555
"VRK1",-3.96032962695204
"GOLGA2P5",-3.96051632526855
"TMEM9B",-3.96142826271232
"BIN2",-3.96182561205508
"NME5",-3.96203707617165
"GLIDR",-3.96285977075287
"CXCR4",-3.96438495146422
"PTGES3L-AARSD1",-3.96893958021591
"RPTN",-3.96933183076734
"PPIAP41",-3.96959534042894
"KLRD1",-3.97082334342903
"IDI1",-3.97119973837205
"UEVLD",-3.97158663390031
"DENND4A",-3.97249167050833
"ZCWPW2",-3.97346386772669
"FAM200A",-3.97358304380122
"SUMO4",-3.97463116268111
"FA2H",-3.97522815983619
"SNORD16",-3.97567840382111
"ICE2",-3.97578013559304
"ZNF510",-3.9791523071877
"PDE5A",-3.97932940914612
"IL1RN",-3.98139295337901
"GNG10",-3.98295792745812
"CYB5R4",-3.9831376086827
"RIPPLY2-CYB5R4",-3.9831376086827
"UBB",-3.98315598082634
"VDAC3",-3.98437534260704
"CCDC112",-3.98556266881907
"SPRR3",-3.98565938396196
"MED17",-3.98592865236658
"C9orf78",-3.98594435008329
"NDUFAF7",-3.98598115418509
"PYROXD1",-3.98699994209592
"ARSL",-3.98707178169682
"RECQL",-3.98784411324422
"XG",-3.98807050192214
"EIF4BP5",-3.98895921654429
"RPS27AP12",-3.98903702164448
"HADHAP1",-3.99107799542671
"SNX6",-3.99249887760996
"ZNF284",-3.99294212276139
"SOCS5",-3.99408400616505
"UBE3A",-3.99468213735341
"LRRFIP2",-3.99540022692711
"ZNF514",-3.9957390852924
"NOMO2",-3.99767581860523
"PLK4",-3.99799672468643
"UPRT",-3.99847016249362
"IGHV3-6",-4.00009573474704
"STAT4",-4.00056885360974
"IGSF10",-4.00160351455147
"IFITM2",-4.00169286972903
"MAOA",-4.00177788234369
"THNSL1",-4.00230756176048
"MMUT",-4.00346012063241
"INTS14",-4.00487465227273
"AKAP5",-4.00544588546895
"ATP6V1C2",-4.00649801374706
"ASS1",-4.00687416445837
"CENPQ",-4.00771848597081
"STEAP1",-4.00776578665146
"TMTC3",-4.00809590583298
"ITGA2",-4.00899217467559
"PPIAL4C",-4.01019213975991
"TRGV4",-4.0114225298953
"L3MBTL4",-4.01235567599921
"FAM169BP",-4.01355286142567
"TRAK2",-4.01464643309587
"DDX11L11",-4.01490121131122
"VTRNA2-1",-4.01617773409354
"ASCC3",-4.01627494200671
"RBBP4P2",-4.01699842101297
"RBM12B-AS1",-4.01861482265757
"TGFBR3",-4.02071948244075
"SNORA14B",-4.02704293089289
"RPL26",-4.02738115842612
"RBMS1",-4.02780858793797
"ISL1",-4.02793975491016
"ZNF90",-4.02809857862779
"RNU2-2",-4.02877097474796
"SLC25A15",-4.02967945634621
"GABPA",-4.02998341748925
"SNORA46",-4.02999845547041
"PWAR5",-4.0318404121367
"PRCD",-4.0341851056333
"MSH3",-4.03451178587511
"IGHV2-26",-4.034774833082
"DMXL2",-4.03590278937011
"MSMO1",-4.03617793248851
"DYNLL1",-4.03767401640382
"NLRC4",-4.03778273167519
"IDH3A",-4.03872194930034
"SLC10A1",-4.03912507773886
"CFAP20",-4.03935927571147
"DLGAP1",-4.03954925521988
"MCTS2",-4.04246392604065
"LOC392196",-4.04260059567807
"PCGF5",-4.04303639240197
"AREG",-4.04446112345918
"STON1-GTF2A1L",-4.04500164675003
"LOC105374981",-4.04706156636607
"SEPT5-GP1BB",-4.04758524395529
"PPP1R9A",-4.04888140554315
"RPL5P4",-4.05022276054506
"CRY1",-4.05490597485448
"CCR2",-4.05541730849314
"MYO3B",-4.05570058985271
"ABHD14A-ACY1",-4.05578085389874
"ANKRD20A2P",-4.05661182027827
"FAM95B1",-4.05661182027827
"METTL18",-4.05789673831143
"GCNT1",-4.05898998054593
"GIMAP7",-4.06260956753962
"HMG20A",-4.06376690581748
"HAUS1",-4.06397131376252
"GSTA4",-4.0647085732389
"ANGPTL1",-4.06518405929092
"CHKB-CPT1B",-4.06593559440188
"SLC18A2",-4.0661995508041
"ADAM20",-4.06818258403409
"ZIM2",-4.06943029749299
"RNF6",-4.07091277089471
"GPR34",-4.07165578566513
"ANKRD12",-4.07532651887441
"H3C4",-4.07559093578276
"KLHL23",-4.07844027229591
"PHOSPHO2-KLHL23",-4.07844027229591
"SNORA60",-4.07903842035075
"GLUD1",-4.07946913140116
"RPL23AP7",-4.07961494562872
"LUM",-4.0827134680032
"DPY30",-4.08383139757146
"MEIS1",-4.08455625003529
"ZNF227",-4.08557474322116
"MGAT4A",-4.08605216070703
"TTC19",-4.08710166963169
"BLM",-4.08745522424145
"SETX",-4.08826156382058
"ANKRD20A11P",-4.0890232419058
"IGHV3-64",-4.08903617956852
"SNORA80E",-4.08967712214178
"MAP3K7CL",-4.09003684292764
"MRE11",-4.09358148067468
"ZNF833P",-4.0952103040257
"IGHV3-63",-4.09599890779861
"SNURF",-4.09740466244707
"TLCD4-RWDD3",-4.09896182039614
"IFT80",-4.09993723357285
"GFOD3P",-4.1003305251568
"SPINK9",-4.10033612902024
"PPP6C",-4.1005774187659
"PIK3R1",-4.10067020551103
"KLHL9",-4.10075910577437
"NT5C2",-4.10226524149165
"ADH1C",-4.10246632745292
"FASTKD2",-4.10783198143114
"MTMR7",-4.10873555855125
"OCLN",-4.10904239434803
"ATP13A4",-4.10922018067356
"NAA16",-4.10991108320266
"HYLS1",-4.11014561821312
"TMEM126A",-4.11049499199548
"MED21",-4.11053630425408
"SNORD116-21",-4.11073473397735
"OXCT1",-4.11143052166923
"IER3IP1",-4.11278389190784
"TRGV3",-4.11288338322576
"PAPOLA",-4.11295103850084
"GET1",-4.11351963541121
"GOLPH3L",-4.11546277499611
"HEXB",-4.11623242904794
"BLTP1",-4.11916108176307
"DSG4",-4.11936774630274
"PIK3C3",-4.11970726094505
"KBTBD8",-4.11985025600415
"NBPF15",-4.1199760047887
"TNPO1P1",-4.12016426762376
"FBXO5",-4.12059769896137
"RNASE7",-4.121198451273
"SPECC1L-ADORA2A",-4.122864207247
"TIGIT",-4.12332272167401
"ZNF280C",-4.12349456612712
"PDE6C",-4.12496198877255
"SEC62",-4.12598995300141
"TCEAL2",-4.12659214992076
"ZDHHC2",-4.12720777170589
"SPTSSB",-4.12829337393523
"BSCL2",-4.13020007917337
"ZNF268",-4.13112150198802
"ZRANB2",-4.13117328121663
"KRT18P57",-4.13242988813227
"SDHB",-4.1326118572582
"GNRHR",-4.13262574278244
"GGPS1",-4.13405787808387
"ZNF37A",-4.13533604014
"SUCLA2",-4.13591653113367
"PARM1",-4.13790546035611
"ZNF711",-4.14093562208514
"RNMT",-4.1415097380536
"ZNF33B",-4.14153749137083
"THOC7",-4.14221881872401
"CDC7",-4.14413311491133
"ZFP30",-4.14439178756592
"TXK",-4.14454711129304
"SRP14",-4.14814971673494
"AASDH",-4.1489390462704
"CCDC146",-4.14927840938292
"ZNF892",-4.15017628810264
"TBCEL",-4.15074158318594
"LGI3",-4.15102870573073
"ENTPD1",-4.1512741872737
"DSN1",-4.15150433515756
"NACA",-4.1519820795385
"NEBL",-4.15354836824109
"ZC4H2",-4.1537012532478
"ZNF667",-4.15636889644279
"ANXA3",-4.15654228252572
"RAB5A",-4.15906427957349
"WDR36",-4.15955810269985
"PMPCB",-4.1603253526826
"PDK3",-4.16131653930648
"DCAF17",-4.16181238665738
"COLCA1",-4.16263478581996
"MYO9A",-4.1633028010521
"EFHC1",-4.16485992748922
"TMCO1",-4.16628238800367
"PHF6",-4.16663673674552
"MPP7",-4.16669988104784
"UBA6",-4.16867082160813
"TNFRSF17",-4.17044240988731
"ABCB5",-4.17056917329274
"BAMBI",-4.17072958224711
"SEC23A",-4.17572124846519
"FBXW10",-4.1757767358096
"CDH19",-4.17694980623321
"INTS12",-4.17747761383232
"C18orf32",-4.1775268004874
"LOC112268347",-4.17850087152357
"PDXDC2P-NPIPB14P",-4.1788348688127
"WASHC4",-4.17896349116403
"CCNE2",-4.17924566149026
"TMEM71",-4.17957142114564
"CLEC4E",-4.17982757871107
"LIPH",-4.18005920665195
"IFT81",-4.18029569593032
"C8orf88",-4.18078861048076
"KIF2A",-4.18097957539104
"NDUFS5",-4.18248122271757
"ZKSCAN8",-4.18254942271503
"WFDC2",-4.18281935438193
"SLC16A6",-4.18634067740678
"UPK1A",-4.18653633677063
"DEFA1",-4.18792139376593
"DPP4",-4.1880994910598
"SLC11A2",-4.18940631030863
"PPIAP90",-4.1905015640888
"KLHL20",-4.1913356938701
"MFSD8",-4.19190934416416
"NLGN1",-4.19244004177354
"CAPN9",-4.19299314586146
"OSTF1",-4.19356614921146
"CLEC12A",-4.19610142315355
"KRT18P12",-4.19615686283149
"STIL",-4.1964324827791
"GUSBP3",-4.19656825805362
"SEC11C",-4.19677186206761
"CRYZL1",-4.19781740970715
"CSNK2A3",-4.19794334734137
"H2BC4",-4.19938667762093
"H2BC13",-4.20011924869813
"UBE2F",-4.20024834546161
"PSMA3-AS1",-4.20088065431741
"ATP5ME",-4.20106105395145
"PITHD1",-4.20184144854494
"ZNF665",-4.20243625339209
"SLC35A3",-4.20573729862419
"TBC1D31",-4.20760668962761
"HACE1",-4.20824942435856
"NCAPG",-4.20984166160513
"CFTR",-4.21001974963146
"TBCE",-4.21054942428747
"PON2",-4.21134908185512
"GK3",-4.21237720167952
"TMPRSS11B",-4.21312091897907
"KCNK5",-4.2140947103471
"TDRD5",-4.21497143616406
"NF1",-4.215611502271
"CSNK2A1",-4.21655319306903
"SNORD116-14",-4.21729118766319
"MRPL32",-4.2174823643373
"PPA1",-4.21771310026063
"MGST3",-4.21955667534671
"DPP8",-4.21987332657802
"PDXDC2P",-4.22065058828328
"MON2",-4.22074293898983
"HAND2",-4.22082335398197
"PMS1",-4.22222464438401
"LOC128125822",-4.22324357906547
"WWP1",-4.22333990218418
"ZNF160",-4.22459439614522
"PPBP",-4.22479496266682
"MATR3",-4.22547468535105
"RBM5-AS1",-4.22556103071838
"CYP2R1",-4.22662397840488
"PTPRO",-4.22801503177299
"ATP11B",-4.22853744507562
"SRI",-4.22951192123012
"IDE",-4.23005198471489
"TNFSF15",-4.23169874896311
"SCNN1G",-4.23249415949053
"HENMT1",-4.2325866000912
"ZNF329",-4.23261820269633
"MS4A14",-4.23554383758039
"EIF3EP1",-4.23675719009736
"BOLA3",-4.23994156259224
"PSTPIP2",-4.24065228979355
"RAB29",-4.24117193129397
"KRT87P",-4.24222403840693
"MCTP1",-4.24802143277192
"RBAK",-4.248096410426
"MIGA1",-4.24864186853384
"CDC16",-4.24973251293152
"ANKAR",-4.25071554809023
"LOC124905021",-4.25075889612724
"TMPRSS2",-4.25075889612724
"CEP41",-4.25127587156561
"GUSBP2",-4.25281804927188
"GK",-4.25364104791027
"HSPA13",-4.25438151922246
"NAP1L3",-4.25599140844089
"PICALM",-4.25647634221449
"CEP57",-4.2566569531229
"EIF3E",-4.25917072140563
"PTGFR",-4.26148817461811
"MS4A4E",-4.26155215320768
"CLINT1",-4.26272495022771
"OBI1",-4.26317631276772
"SMC3",-4.26345705921205
"COG6",-4.26392052379489
"AGBL3",-4.26477977673591
"GTF2H3",-4.26609646108098
"RPL22L1",-4.26703526088436
"MRPL40",-4.26756802273968
"UFC1",-4.26790130360959
"FCRL3",-4.27153661501079
"HSPA9",-4.27180663666473
"CD180",-4.27213424541134
"NMU",-4.27221691073209
"TRAPPC11",-4.2725730041303
"ST6GALNAC3",-4.27369159481905
"ECT2L",-4.27400870196438
"CCDC148",-4.27684384546997
"KRABD5",-4.27809259666812
"ZNF518A",-4.27866134365613
"CRYBB2P1",-4.27868811865647
"CCT6B",-4.27914920265335
"DNAAF4-CCPG1",-4.279225288821
"PLSCR4",-4.28342228131477
"SPIN1",-4.28380940501676
"FBXO16",-4.2843634390748
"EMP2",-4.28537899958875
"SCARNA8",-4.28601078748695
"CERS3",-4.28621497876109
"COXFA4",-4.28644731041497
"SEPTIN7P13",-4.28725995693812
"LOC101927055",-4.28882707650925
"TTN-AS1",-4.28882707650925
"SNAP23",-4.28986913064214
"UBE2E1",-4.29007049527749
"NBPF11",-4.29266237123008
"CLCN3",-4.29624004888098
"SAMD12",-4.29800095834072
"RNU4ATAC",-4.29853928552551
"ACADSB",-4.30015747869854
"ZNF266",-4.30184989516637
"BLZF1",-4.30217141561696
"ACKR4",-4.30314577450152
"COX6C",-4.30413213726128
"ASAH1",-4.30611866376581
"TATDN1P1",-4.30688295968601
"KPNA3",-4.30709639000526
"RNU2-1",-4.30776975875344
"IL10",-4.30792036647159
"PABIR2",-4.30792586321551
"RPL21P60",-4.30879903531766
"ZNF283",-4.3095752599188
"KRIT1",-4.31039061930377
"TIMP4",-4.31089448660167
"LOC727751",-4.31154452408187
"TDRD7",-4.31217399144558
"S100A8",-4.31299883244997
"ZNF12",-4.31307071255946
"OSTM1",-4.31528312728554
"KCNH8",-4.31548956020891
"DORIP1",-4.31566096648664
"RMI1",-4.31591085414489
"PSMA3",-4.31627136132722
"IGHV3-64D",-4.31654978904942
"PAQR3",-4.31692291106462
"ZNF613",-4.31703353866503
"SEPTIN7P6",-4.31892486633907
"DCTN6",-4.32039065560018
"TPT1",-4.32040526056226
"SUB1",-4.3213230533867
"LRRC37A6P",-4.32253418770421
"RN7SL4P",-4.32260449766071
"HBB",-4.32277856183037
"FAM3B",-4.32325552365008
"RNF13",-4.3233766283638
"CDC14A",-4.32369905676518
"FASLG",-4.32503527102967
"ZNF182",-4.32548376867577
"CCDC186",-4.32626499824035
"AAGAB",-4.32860424834417
"KANTR",-4.32929468880868
"ENPP4",-4.33066838267652
"ZNF713",-4.33130701279247
"CCDC160",-4.3319346383757
"PUM2",-4.33315982639067
"USP53",-4.33335751749778
"SCIMP",-4.33445926508252
"TIFA",-4.33583463870704
"IQCH-AS1",-4.33670118909069
"ZNF143",-4.33725823356874
"EXTL2",-4.33828608096653
"ALDH7A1P1",-4.33857821668093
"SNHG12",-4.33866468754511
"RGS7BP",-4.34114671626412
"MYNN",-4.34489112408348
"CACNA2D1",-4.34562775385167
"RAB3A",-4.34742450544688
"ACSM1",-4.3494527557571
"TMEM276-ZFTRAF1",-4.3505378222416
"ZNF45",-4.35423077659532
"PPFIA2",-4.3544834587167
"ADORA3",-4.35524942568753
"IGKV1D-42",-4.35593965093848
"CCR8",-4.35603569777526
"OR7E38P",-4.35664941664944
"IL6ST",-4.3573481628258
"CSTB",-4.35824639341702
"PAM",-4.3590604767929
"ZNF542P",-4.36066970265971
"EAF2",-4.36069386077567
"ZNF302",-4.36087327276104
"PDE8B",-4.36230691419556
"LIMS4",-4.36248882989485
"GPSM2",-4.36621122565028
"ZNF791",-4.36665014973136
"MSLN",-4.36761195123795
"MT1A",-4.3682064219775
"REEP1",-4.36827997902956
"EFHC2",-4.3690235357405
"IGHV3OR16-8",-4.37168137118637
"MS4A6A",-4.37236406879576
"CHL1",-4.37248696252432
"IL18",-4.37269886582411
"IGKV3-7",-4.37324384614236
"EXO1",-4.37526319414318
"XIAP",-4.37616737408193
"NAMPT",-4.37696499419116
"FNBP1L",-4.37731520368132
"CFI",-4.37737811592222
"ALG9",-4.37823111510673
"CXADR",-4.37909168432801
"RESF1",-4.37973816417068
"DSG1",-4.38056593951956
"DLEU1",-4.38246732782994
"DLEU7-AS1",-4.38246732782994
"SOD1",-4.38294474170465
"TXNL1",-4.38461441472569
"RP9",-4.38600545079906
"SMPX",-4.38758786294625
"GNB4",-4.38800924887624
"YIPF4",-4.39306086371432
"HNRNPA1P45",-4.39340149752942
"FAM153CP",-4.39385402143581
"TIGD2",-4.39469541595145
"EIF2AK3",-4.39811986657181
"MORN2",-4.39818176432296
"SRY",-4.40135094698293
"TMEM209",-4.40285163636854
"GTF2A2",-4.40411457806373
"SYCP2L",-4.40433013647887
"MT1G",-4.40560583236434
"YPEL2",-4.40617484292277
"ATP2C1",-4.40643438791034
"SLC24A5",-4.40657012081764
"VEZF1",-4.40778730573486
"HMGCR",-4.40794171428182
"RPL5",-4.40802276628328
"FAM153A",-4.40888321152772
"LOC105377134",-4.41006834294553
"IGKJ1",-4.41100720999742
"DPM1",-4.41111263790194
"COPS4",-4.41229131395849
"BCAS1",-4.41253772944525
"LINC01285",-4.41339363801663
"CARF",-4.41403061510116
"TK2",-4.4150648964805
"ELOC",-4.41607512547117
"EPGN",-4.41637094088342
"STRBP",-4.41640964911361
"HGF",-4.41667876490442
"FGFR2",-4.41696058357566
"PCDHGB8P",-4.41706601464014
"PINK1-AS",-4.41892465169253
"GSTM4",-4.41928485570352
"EBAG9",-4.41991090656046
"RAB6B",-4.42150047478938
"SNORA26",-4.42183230954261
"FAM228B",-4.42185822197778
"IGHV4-55",-4.42331710897074
"AK6",-4.42407862429467
"SAMD9",-4.42772988602586
"SF3A3P1",-4.42854111851496
"TAOK1",-4.429536008067
"PDSS1",-4.42994932226972
"GSTT1",-4.43162862150064
"ELMOD2",-4.43238711588043
"ARPP19",-4.43380279788677
"FGFR1OP2",-4.43386043152516
"ALG6",-4.43445710963511
"CUL3",-4.43463155504325
"ROBO2",-4.4355994073733
"DSC3",-4.43583562687872
"DNM1P46",-4.43673603144759
"NAT1",-4.43694787752341
"UGT1A8",-4.44010694869343
"GJA5",-4.44146488981056
"THAP9",-4.44150759151568
"PLCE1",-4.44328760802236
"SRP9",-4.44352803757149
"RPS4Y1",-4.44405463383006
"GBP1P1",-4.44443679309816
"KCTD21-AS1",-4.44522154913989
"BMP5",-4.44788602129919
"EIF2B3",-4.44795922428186
"GZMH",-4.45025898235591
"CHST10",-4.45043674626839
"RNVU1-7",-4.45056315568525
"UBE2D3",-4.4518044888882
"CCN3",-4.45227462979409
"SNORA77B",-4.45304103715364
"PRRG4",-4.45313276944235
"DKK2",-4.4560378551856
"RAB30",-4.45695969141634
"IGLV1-36",-4.45887442571485
"CCNH",-4.4589964644167
"GTF3C2-AS2",-4.46479458954265
"GCNT4",-4.46594255563576
"PARG",-4.46619188607702
"TRGV2",-4.46673445930863
"POLR2J2",-4.47095574127727
"AMZ2",-4.47203752165822
"MT-ND4L",-4.472548707461
"CSNK1A1",-4.47325527084947
"TMEM123",-4.47362059458453
"PROSER1",-4.47515505107126
"UGT8",-4.47540326713379
"IKZF2",-4.47540845568243
"SNORA59A",-4.4763497020599
"SNORA59B",-4.4763497020599
"ZNF675",-4.47673243399536
"ASRGL1",-4.48084370541957
"MEG3",-4.48098990084538
"POMP",-4.48208413040478
"PPP1R3A",-4.48330938069823
"SLC25A45",-4.48341630878021
"SNORA64",-4.48392152419339
"BCL2L11",-4.48450883613885
"ZNF195",-4.48723951241803
"RPSAP16",-4.48759289058305
"TLR8",-4.49085680458313
"EGF",-4.49257047151821
"ASS1P1",-4.49286715702548
"OR2A20P",-4.49501645795225
"PTCD2",-4.4959736258315
"PRR27",-4.49630693600528
"MUC5B-AS1",-4.4963914336517
"CHST9",-4.49704659191177
"NDUFA1",-4.49728755842756
"CD52",-4.49873450330302
"SNORA63C",-4.49914222921366
"TAF2",-4.49982659002927
"BORCS7",-4.50098317268362
"GTPBP10",-4.50137688103874
"LOC101927446",-4.50137688103874
"VTCN1",-4.50185579548596
"SNORD10",-4.5019132080108
"NDFIP1",-4.50238917660641
"ZNF248",-4.50242990267955
"IGHV2-70",-4.50497380120112
"PCDHB5",-4.50734441067421
"STAU2",-4.50831214470558
"ETFA",-4.50837250818657
"TMEM213",-4.51025965734495
"HNRNPCP7",-4.51028071762763
"XNDC1N",-4.51097972600155
"ZNF605",-4.51110002741852
"FMO3",-4.51131959819964
"TRAV8-2",-4.51143923546253
"CATSPER3",-4.51234090646843
"ARPC3",-4.51295790817091
"LTN1",-4.5131772361693
"RNU1-1",-4.51777808556905
"RNU1-27P",-4.51777808556905
"RNU1-28P",-4.51777808556905
"RNU1-3",-4.51777808556905
"RNU1-4",-4.51777808556905
"RNVU1-18",-4.51777808556905
"ARHGEF6",-4.51794126268182
"ELAC1",-4.52540028850886
"LYRM4",-4.52574964664064
"TNFSF12-TNFSF13",-4.52594276199921
"EDN3",-4.52696145217712
"ZNF17",-4.52745224116943
"SYCP2",-4.52762835266075
"ARID2",-4.52856312600688
"MYOZ2",-4.52938578048527
"ZNF354C",-4.53061081988915
"UBQLN2",-4.53065984724354
"NBPF25P",-4.53082164364689
"PSMA6",-4.53558257353357
"PGCKA1",-4.53586361362872
"SNORD8",-4.53724367274475
"COMMD6",-4.54014030466378
"C5orf34",-4.54102908337411
"CYB5D1",-4.54363082301905
"CYP20A1",-4.54524033704974
"NMD3",-4.54539093626315
"ATAD1",-4.54573436278347
"KDM6A",-4.5472668449453
"SFXN4",-4.54738316452962
"ENPP5",-4.5477605228157
"ADGRL3",-4.54908773525069
"CEP85L",-4.55182634387396
"TMX3",-4.55377829178448
"NCBP1",-4.55425492856765
"LIN7C",-4.55602822515064
"OSGEPL1",-4.55664894499178
"AMZ2P1",-4.55806748516458
"UBE2B",-4.55838085177642
"EIF2A",-4.55860653471317
"ZNF273",-4.55947045748268
"MKKS",-4.56532040233154
"POF1B",-4.56550405152511
"SLX1B-SULT1A4",-4.56793087262478
"FAM76B",-4.56823503420446
"CEACAM6",-4.56913690891231
"CPNE3",-4.57244003091394
"UBA52",-4.57632209936384
"MIA2",-4.57798369980325
"OSBPL8",-4.57993902311469
"ZNF799",-4.58184343182075
"PIGP",-4.58197121948459
"LOC124907114",-4.58279505107435
"LOC124907115",-4.58279505107435
"LOC124907116",-4.58279505107435
"LOC124907117",-4.58279505107435
"LOC124907118",-4.58279505107435
"LOC124907119",-4.58279505107435
"LOC124907120",-4.58279505107435
"LOC124907121",-4.58279505107435
"LOC124907122",-4.58279505107435
"LOC124907123",-4.58279505107435
"LOC124907124",-4.58279505107435
"LOC124907125",-4.58279505107435
"LOC124907126",-4.58279505107435
"LOC124907127",-4.58279505107435
"LOC124907128",-4.58279505107435
"LOC124907129",-4.58279505107435
"LOC124907130",-4.58279505107435
"LOC124907131",-4.58279505107435
"LOC124907132",-4.58279505107435
"LOC124907133",-4.58279505107435
"LOC124907134",-4.58279505107435
"LOC124907135",-4.58279505107435
"LOC124907136",-4.58279505107435
"LOC124907137",-4.58279505107435
"LOC124907138",-4.58279505107435
"LOC124907139",-4.58279505107435
"LOC124907140",-4.58279505107435
"LOC124907141",-4.58279505107435
"LOC124907142",-4.58279505107435
"LOC124907143",-4.58279505107435
"LOC124907144",-4.58279505107435
"LOC124907145",-4.58279505107435
"LOC124907146",-4.58279505107435
"LOC124907147",-4.58279505107435
"LOC124907148",-4.58279505107435
"LOC124907149",-4.58279505107435
"LOC124907150",-4.58279505107435
"LOC124907151",-4.58279505107435
"LOC124907152",-4.58279505107435
"LOC124907153",-4.58279505107435
"LOC124907154",-4.58279505107435
"LOC124907155",-4.58279505107435
"LOC124907160",-4.58279505107435
"LOC124907172",-4.58279505107435
"LOC124907183",-4.58279505107435
"LOC124907194",-4.58279505107435
"LOC124907205",-4.58279505107435
"LOC124907216",-4.58279505107435
"LOC124907227",-4.58279505107435
"LOC124907238",-4.58279505107435
"LOC124907248",-4.58279505107435
"LOC124907258",-4.58279505107435
"LOC124907269",-4.58279505107435
"LOC124907280",-4.58279505107435
"LOC124907291",-4.58279505107435
"LOC124907302",-4.58279505107435
"LOC124907313",-4.58279505107435
"LOC124907324",-4.58279505107435
"LOC124907327",-4.58279505107435
"LOC124907328",-4.58279505107435
"LOC124907329",-4.58279505107435
"LOC124907330",-4.58279505107435
"LOC124907331",-4.58279505107435
"LOC124907332",-4.58279505107435
"LOC124907333",-4.58279505107435
"LOC124907334",-4.58279505107435
"LOC124907335",-4.58279505107435
"LOC124907336",-4.58279505107435
"LOC124907337",-4.58279505107435
"LOC124907338",-4.58279505107435
"LOC124907339",-4.58279505107435
"LOC124907340",-4.58279505107435
"LOC124907341",-4.58279505107435
"LOC124907342",-4.58279505107435
"LOC124907343",-4.58279505107435
"LOC124907439",-4.58279505107435
"LOC124907440",-4.58279505107435
"LOC124907450",-4.58279505107435
"LOC124907458",-4.58279505107435
"LOC124907467",-4.58279505107435
"LOC124907475",-4.58279505107435
"LOC124907476",-4.58279505107435
"LOC124907477",-4.58279505107435
"LOC124907478",-4.58279505107435
"LOC124907479",-4.58279505107435
"LOC124907480",-4.58279505107435
"LOC124907481",-4.58279505107435
"LOC124907482",-4.58279505107435
"LOC124907483",-4.58279505107435
"LOC124907484",-4.58279505107435
"LOC124907572",-4.58279505107435
"LOC124907573",-4.58279505107435
"LOC124907574",-4.58279505107435
"LOC124907575",-4.58279505107435
"LOC124907576",-4.58279505107435
"LOC124907577",-4.58279505107435
"LOC124907578",-4.58279505107435
"LOC124907579",-4.58279505107435
"LOC124907580",-4.58279505107435
"LOC124907581",-4.58279505107435
"LOC124907584",-4.58279505107435
"LOC124907585",-4.58279505107435
"LOC124907586",-4.58279505107435
"LOC124907587",-4.58279505107435
"LOC124907588",-4.58279505107435
"LOC124907589",-4.58279505107435
"LOC124907590",-4.58279505107435
"LOC124907591",-4.58279505107435
"LOC124907592",-4.58279505107435
"LOC124907593",-4.58279505107435
"LOC124907594",-4.58279505107435
"LOC124907595",-4.58279505107435
"LOC124907596",-4.58279505107435
"LOC124907597",-4.58279505107435
"LOC124907598",-4.58279505107435
"LOC124907600",-4.58279505107435
"LOC124907611",-4.58279505107435
"LOC124907622",-4.58279505107435
"LOC124907633",-4.58279505107435
"LOC124907644",-4.58279505107435
"LOC124907655",-4.58279505107435
"LOC124907662",-4.58279505107435
"LOC124907673",-4.58279505107435
"LOC124907684",-4.58279505107435
"LOC124907694",-4.58279505107435
"LOC124907705",-4.58279505107435
"LOC124907709",-4.58279505107435
"LOC124907710",-4.58279505107435
"LOC124907711",-4.58279505107435
"LOC124907712",-4.58279505107435
"LOC124907713",-4.58279505107435
"LOC124907714",-4.58279505107435
"LOC124907715",-4.58279505107435
"LOC124907716",-4.58279505107435
"LOC124907717",-4.58279505107435
"LOC124907718",-4.58279505107435
"LOC124907719",-4.58279505107435
"LOC124907720",-4.58279505107435
"LOC124907721",-4.58279505107435
"LOC124908237",-4.58279505107435
"LOC124908238",-4.58279505107435
"LOC124908239",-4.58279505107435
"LOC124908240",-4.58279505107435
"LOC124908241",-4.58279505107435
"LOC124908242",-4.58279505107435
"LOC124908243",-4.58279505107435
"LOC124908244",-4.58279505107435
"LOC124908245",-4.58279505107435
"LOC124908246",-4.58279505107435
"LOC124908247",-4.58279505107435
"LOC124908248",-4.58279505107435
"LOC124908249",-4.58279505107435
"LOC124908257",-4.58279505107435
"LOC124908268",-4.58279505107435
"LOC124908278",-4.58279505107435
"LOC124908289",-4.58279505107435
"LOC124908300",-4.58279505107435
"LOC124908310",-4.58279505107435
"LOC124908316",-4.58279505107435
"LOC124908327",-4.58279505107435
"LOC124908336",-4.58279505107435
"LOC124908347",-4.58279505107435
"LOC124908358",-4.58279505107435
"LOC124908368",-4.58279505107435
"LOC124908369",-4.58279505107435
"LOC124908370",-4.58279505107435
"LOC124908371",-4.58279505107435
"LOC124908372",-4.58279505107435
"LOC124908373",-4.58279505107435
"LOC124908374",-4.58279505107435
"LOC124908375",-4.58279505107435
"LOC124908376",-4.58279505107435
"LOC124908377",-4.58279505107435
"LOC124908378",-4.58279505107435
"LOC124908379",-4.58279505107435
"LOC124908380",-4.58279505107435
"LOC124908381",-4.58279505107435
"LOC124908382",-4.58279505107435
"LOC124908383",-4.58279505107435
"LOC124908384",-4.58279505107435
"LOC124908385",-4.58279505107435
"LOC124908386",-4.58279505107435
"LOC124908387",-4.58279505107435
"LOC124908388",-4.58279505107435
"LOC124908389",-4.58279505107435
"LOC124908390",-4.58279505107435
"LOC124908391",-4.58279505107435
"LOC124908392",-4.58279505107435
"LOC124908393",-4.58279505107435
"LOC124908474",-4.58279505107435
"LOC124908494",-4.58279505107435
"LOC124908504",-4.58279505107435
"LOC124908512",-4.58279505107435
"LOC124908513",-4.58279505107435
"LOC124908514",-4.58279505107435
"LOC124908515",-4.58279505107435
"LOC124908516",-4.58279505107435
"LOC124908517",-4.58279505107435
"LOC124908518",-4.58279505107435
"LOC124908519",-4.58279505107435
"LOC124908520",-4.58279505107435
"LOC124908521",-4.58279505107435
"LOC124908522",-4.58279505107435
"LOC124908523",-4.58279505107435
"LOC124908524",-4.58279505107435
"LOC124908525",-4.58279505107435
"LOC124908527",-4.58279505107435
"RNA5-8SN1",-4.58279505107435
"RNA5-8SN2",-4.58279505107435
"RNA5-8SN3",-4.58279505107435
"RNA5-8SN4",-4.58279505107435
"RNA5-8SN5",-4.58279505107435
"RNA5-8SP10",-4.58279505107435
"FCGR1BP",-4.58486971957026
"UBC",-4.58522934186309
"DDX3Y",-4.58896718147185
"ITCH",-4.589013589327
"CD244",-4.58946355770684
"EHF",-4.58985253456285
"IGKV1-39",-4.59082647505734
"STK33",-4.5909839281878
"CDRT4",-4.59105491659918
"TPRKB",-4.59161475484303
"SNORD116-20",-4.59490227078394
"ELAPOR1",-4.59602142564296
"KDELR3",-4.59696356126395
"H4C6",-4.59734428356693
"ZNF100",-4.59753596255564
"MUC15",-4.60251665556307
"ZNF416",-4.603054762309
"PLAC8",-4.60335791323933
"PPP2R2B",-4.60558992852479
"IFNAR1",-4.60674577371821
"RNF146",-4.60838097078707
"IKZF5",-4.60855748813064
"CRABP1",-4.60866168961635
"IGHV3OR16-9",-4.60959564577043
"ZBTB26",-4.61111723662983
"LPAL2",-4.61380705966277
"SH3GLB1",-4.6157187872319
"ZNF382",-4.61578300166688
"BTBD10",-4.61696252170419
"MAIP1",-4.61706563052944
"SNORA71C",-4.61730647928128
"CLDN10",-4.61921900747501
"SRGN",-4.62026133866465
"YIPF5",-4.62123124184447
"ADGRG6",-4.62128719983096
"DSEL",-4.6231394511477
"LIPT1",-4.62598642154702
"KRT79",-4.6269640137348
"NDUFAF4",-4.6287184235367
"NFIB",-4.63000216525533
"ZNF484",-4.63291850448296
"KRT4",-4.63333718953306
"SAR1A",-4.63442948368869
"LOC101927057",-4.63461807000752
"OMG",-4.63461807000752
"ERO1A",-4.63535077713193
"LAMB4",-4.63594872230998
"FGD4",-4.63848785144021
"CENPW",-4.64241163050333
"DTD2",-4.64407414227565
"PCOLCE2",-4.64417224639626
"ZNF578",-4.64472265497343
"RIDA",-4.65097939965671
"ZNF737",-4.65310885661776
"SGO1",-4.65327342785498
"SNORA75",-4.65509835942108
"SPARCL1",-4.65568499946156
"INO80B-WBP1",-4.65573159735701
"SPDYE12",-4.65581658295293
"FPGT-TNNI3K",-4.66254594253721
"CXCR2",-4.66328598268727
"SSBP2",-4.66476654487383
"SH2D1A",-4.66535218004201
"PPA2",-4.66544875629154
"GPR89A",-4.66550552208308
"GPR89B",-4.66550552208308
"CEROX1",-4.6655818995836
"ZNF878",-4.66654548499458
"PLA2G2D",-4.6674899607483
"KLRC2",-4.66951569271729
"PDS5B",-4.67250652612384
"LOC102723564",-4.67382728618536
"MASP1",-4.67456159880302
"MAP1LC3B2",-4.67512943656206
"SELENOP",-4.67582653676161
"TCAIM",-4.68116246459497
"MAP9",-4.68173655993146
"PTGR2",-4.68391749031828
"NDUFAF1",-4.68464288667018
"COPS8",-4.68518409288859
"RPS27L",-4.68570427261331
"GPATCH11",-4.68639683567527
"FAS",-4.68826786877142
"PARP11",-4.6922264128091
"PKIB",-4.69229160520287
"JAML",-4.69446969692217
"ACSM6",-4.69581957321908
"SNHG5",-4.6980832397362
"KLRC4",-4.7012439610452
"SCNN1B",-4.7021919820791
"ZNF600",-4.70258315271198
"MTMR2",-4.70498772435975
"OIP5-AS1",-4.70567979941188
"CD38",-4.70717876601474
"NAA15",-4.71036553941219
"ZNF141",-4.71039708841882
"GPR171",-4.71423332908541
"IFRD1",-4.7153321884009
"ABI3BP",-4.71614557501951
"DYNAP",-4.71645614569059
"ZNF256",-4.7167565480421
"NDUFA5",-4.71947938388802
"SIGLEC14",-4.72078738031393
"MSTN",-4.72094899684894
"ATP5F1E",-4.72096421347926
"LOC613038",-4.72506300726704
"POT1",-4.72544694096504
"ALDH7A1",-4.72634780560112
"SMG1P4",-4.72814763013439
"NMI",-4.73029313097603
"UBL3",-4.73224511482324
"FLJ43315",-4.73261748625527
"DPH3",-4.73273045773868
"DEPDC7",-4.73871394591831
"SC5D",-4.73911179740676
"HYKK",-4.73989848446826
"ZNF85",-4.74088212906519
"ANKRD28",-4.74135924486748
"MMADHC",-4.74140495008224
"METTL4",-4.74326928204375
"RNF24",-4.74635401740749
"IGKV2-29",-4.74694019098153
"BARD1",-4.74753980658418
"MTATP6P1",-4.7484091157241
"RPL32",-4.75037933024357
"ZNF41",-4.75040439090151
"EEF1A1P4",-4.75541200229016
"TMEM117",-4.75660376415158
"ZNF214",-4.75685597732481
"STX19",-4.75698130647951
"IFT70B",-4.76234566955145
"SLC7A11",-4.76280844674805
"RSPH4A",-4.76385986410773
"FANCL",-4.76818580346728
"SPINK7",-4.77223370625652
"ATG3",-4.77258985913852
"ZNF491",-4.7752775554643
"NCKAP1",-4.7761513435298
"VEPH1",-4.77685735848525
"PHKB",-4.77696191584967
"ALDH3A2",-4.7789317288322
"RBBP8",-4.77940551873199
"NR2C1",-4.78166268834086
"SLC3A1",-4.78303322254886
"SOSTDC1",-4.78426949570564
"KLRC4-KLRK1",-4.78482716235537
"KLRK1",-4.78482716235537
"ATXN3",-4.7853326711285
"ABCB1",-4.78761665860287
"SLC14A1",-4.78979133252186
"SNHG1",-4.79046605478657
"AGL",-4.79059779443084
"LMBRD1",-4.79350556802081
"MYO5C",-4.79430806634936
"IMPG2",-4.79561814660695
"RPL21P37",-4.80221110172789
"ZNF224",-4.8048488218502
"FOXP2",-4.80681316802061
"SMARCAD1",-4.80789846059056
"MCEE",-4.81038823986056
"ZNF823",-4.81130136418488
"AKAP19",-4.81926266785925
"CDCA2",-4.8230994086093
"CHUK",-4.82493956110892
"TOPORS",-4.82739030069748
"IRAG2",-4.82976592540386
"SOX6",-4.83199238639639
"FBXL13",-4.83201103366492
"CCL8",-4.83520766648157
"PKP2",-4.84157824229804
"BBOF1",-4.84247763998346
"SLC25A16",-4.84626114019234
"CBR3-AS1",-4.8471951973275
"TNPO1P3",-4.84863510518217
"ABCD3",-4.85186702744674
"HPGD",-4.85221632161156
"FAM239C",-4.8548590359731
"LOC389906",-4.8548590359731
"NLRP12",-4.85526728011855
"ZNF728",-4.85753942308424
"LOC112694756",-4.85812481632166
"TMEM156",-4.85859802927909
"TMEM135",-4.86057983820032
"SNORA33",-4.86179063797781
"SNORD9",-4.86330557501151
"FAR1",-4.8655714543183
"ACYP2",-4.86617758591475
"CRISP2",-4.86840125229372
"ANKRD20A5P",-4.87275647051702
"CXCR6",-4.87334027507532
"ZNF561",-4.87700242254892
"SMS",-4.87770461914203
"ZNF175",-4.87873621832096
"PARL",-4.88507162790959
"ZNF639",-4.88645589410168
"LOC124903710",-4.88826284689302
"ZNF19",-4.88826284689302
"EMC2",-4.88854441777175
"TEK",-4.89050884931247
"UGT1A9",-4.89117902497871
"NPHP3-ACAD11",-4.8917965212289
"SNORA3B",-4.89226940126208
"EPCAM",-4.89307741043681
"ZNF260",-4.89374913243561
"PKN2",-4.89518419102458
"SPG21",-4.89739228867243
"ANXA1",-4.90142859216232
"RPL9P32",-4.90255969877301
"LOC102724642",-4.90278426231457
"KLRC1",-4.90293290961957
"ZNF594",-4.9036082229894
"EPB41",-4.90391952202876
"ZBTB37",-4.90598026764087
"HBA2",-4.90663950502313
"LRGUK",-4.90765162118511
"SNORA18",-4.90834739229585
"CLNK",-4.90844879115012
"DNAJC15",-4.90853370931143
"TTR",-4.90889189702199
"NXT2",-4.90978460250125
"KCNJ16",-4.90986288105656
"SNORA3A",-4.91304244763862
"ZNF225",-4.9171489024198
"CENPC",-4.91918525861338
"IFT74",-4.92070272389236
"CCDC110",-4.92092733645186
"ACADM",-4.92150978174779
"FAM86EP",-4.92243382295899
"HTD2",-4.92441696228374
"SLC35G2",-4.9248624902151
"QTRT2",-4.92600490408518
"CA8",-4.9264330894413
"RAD50",-4.93085744811092
"SNORA37",-4.93224740181314
"CYP39A1",-4.93392431938538
"RNF125",-4.93460457705922
"ANKRD36C",-4.93668948965876
"PPP2R2A",-4.93725440282257
"SKIC3",-4.94582646801355
"LRRC70",-4.94634347800123
"IGHJ4",-4.9470175120882
"BMPR1A",-4.94725114783092
"SNHG17",-4.94826494602639
"ZC3H14",-4.95147734717045
"STOX1",-4.95189254523296
"PMS2P2",-4.95454091012886
"ACADL",-4.95468624659414
"IFTAP",-4.95774730515182
"ANKRD46",-4.95782308792603
"CTAGE6",-4.96007118932928
"CXCL10",-4.96096100555592
"ERGIC2",-4.96182345158583
"CES1P1",-4.96266116434639
"ZSCAN16",-4.96324855753138
"HBP1",-4.96360147509325
"ZNF30",-4.9681827230883
"AS3MT",-4.96851752086956
"POLR2J",-4.96901957757776
"MIS12",-4.97051931866747
"CELP",-4.97091029515643
"PRKCI",-4.97318363825977
"WASHC5",-4.97737095878925
"TTTY15",-4.98041618230069
"USP9Y",-4.98041618230069
"TAS2R30",-4.98394040787328
"STAG3L1",-4.98462411199315
"RN7SL2",-4.98733628521794
"FAM210A",-4.98774946470561
"MT-ND1",-4.99013573592976
"AGPS",-4.99380462857631
"PEDS1-UBE2V1",-4.99550198395343
"ZNF37BP",-4.99883984428351
"NT5C3A",-4.99900897054814
"PDZRN4",-5.00048273974452
"FAM111B",-5.00599996092713
"KLHL24",-5.00849890814791
"TPMT",-5.0098821216071
"TBC1D3C",-5.01026176521395
"LINC00174",-5.01079296739857
"PRKY",-5.01196425384967
"LOC124903574",-5.01540476769848
"IGHV3-19",-5.01609540989154
"GCNT2",-5.01826174258602
"FMO9P",-5.01865900002467
"CENPK",-5.02292671613622
"KIAA1143",-5.02306556119447
"ELOA3BP",-5.024091646665
"NBPF20",-5.02627960289304
"SLC5A5",-5.02690297285601
"RPS15A",-5.02691277512424
"IFT46",-5.02777039028428
"SNORD3D",-5.02928156841396
"ISOC1",-5.0306770272958
"LIPT2-AS1",-5.0337249466027
"OCIAD2",-5.0350212843062
"GGCT",-5.038883575406
"FAM86FP",-5.04627400022633
"NBPF1",-5.04654384510265
"EMP1",-5.04752759755282
"NEGR1",-5.04867591511396
"SNHG3",-5.05140860149566
"SNORA50A",-5.05147980543361
"SNORA57",-5.0535865957793
"PARPBP",-5.05469317721251
"CHRM3",-5.05530854224908
"GSTM3",-5.05661826710153
"KIF18A",-5.05773566941441
"CCDC90B",-5.05815885405391
"GPR174",-5.06257028768364
"IGHD",-5.06340086723923
"TACR1",-5.06492470395194
"COPS2",-5.06520381789062
"PEX7",-5.07018739147463
"HEPACAM2",-5.07398665037271
"RPS6KA3",-5.07513267252003
"CNTN4",-5.07543579761118
"PHF7",-5.07555321764469
"IGHV4-28",-5.07725764595597
"UAP1",-5.07803827003444
"ZDHHC13",-5.07954374129787
"DISP1",-5.0797059334512
"MTERF2",-5.08033516944052
"NDC80",-5.08138644083659
"UGT1A5",-5.08197346516875
"SUGT1P3",-5.08242597351051
"CDK8",-5.08291139228051
"ANAPC1P4",-5.0835053231042
"ALDH6A1",-5.08615254429937
"CDKN3",-5.08639325633432
"VPS54",-5.08947253084858
"CCNC",-5.08949802819265
"TPTEP2-CSNK1E",-5.0916381421942
"ZNF888",-5.09276013776834
"GPR180",-5.09852195695452
"ZNF501",-5.10075587063585
"RPSAP6",-5.10259847907843
"TRAPPC2",-5.10765015979075
"TRAPPC2B",-5.10765015979075
"ZNF177",-5.10797520695228
"MRPS18C",-5.10874559189515
"ZNF146",-5.10907370723229
"NRG2",-5.10991908993365
"OXSM",-5.11017007153465
"IGKV3D-15",-5.11095682769696
"ZRANB3",-5.11448704272786
"C1GALT1C1",-5.11466924217164
"IGKV2D-40",-5.11857396132682
"SLC38A9",-5.11944328162614
"ADRB2",-5.11945289873374
"CABYR",-5.12350179376356
"IGLV7-43",-5.12428448091272
"FDPSP7",-5.12465721638584
"EPHA7",-5.12945456856609
"PIK3C2G",-5.12969016963207
"SNORA7B",-5.13160519168537
"ZNF442",-5.13175186197466
"LEPR",-5.13430817627564
"ANKRD20A8P",-5.13480011548569
"ATP8B1-AS1",-5.13484792697775
"FAM47E-STBD1",-5.13629575306375
"NKAPD1",-5.13651414380639
"SBF2-AS1",-5.13861402331318
"ZNF486",-5.13867533189991
"SLC26A2",-5.14513157969549
"CD96",-5.15107476423176
"GSTO2",-5.15320654020774
"ZNF480",-5.15377428771735
"UBE2E3",-5.15571111020819
"WDR72",-5.15581327387139
"OR2A4",-5.15705981518723
"ZNF430",-5.16416789055776
"MUC19",-5.16580392281793
"PEX1",-5.16797310269373
"GALM",-5.17178113101681
"GPR160",-5.17415570762618
"ZNF736",-5.17430591099412
"IGKV6-21",-5.17538939311971
"MGP",-5.1771683528674
"ZNF134",-5.17815971554934
"SECISBP2L",-5.18050101230315
"RAD18",-5.18222633157455
"ZNF727",-5.18315322343001
"ZNF415",-5.18398587907163
"ECHDC3",-5.18403093758002
"ADAMDEC1",-5.18735630455774
"GAS2L3",-5.19140987549558
"DCLRE1C",-5.19273544271051
"SLC35A1",-5.19301260375795
"HIBCH",-5.1953113864277
"STXBP4",-5.2033282965256
"PDCD1LG2",-5.20406453310116
"PCCA",-5.20441009165942
"IFT88",-5.20575526114285
"CHKA",-5.2075944561126
"ITLN1",-5.20775264435497
"PDZK1",-5.20836484971022
"CSE1L",-5.21595412511748
"PDE11A",-5.2180201112106
"TMEM167A",-5.2220370537732
"SBDS",-5.22393311782661
"CHRM1",-5.225439573597
"RALGAPA1P1",-5.2280945534989
"IGKV3D-11",-5.22928628448514
"SNORD94",-5.22965267520894
"CA13",-5.23022778659685
"EOGT",-5.23023351335104
"PKHD1L1",-5.23053311055717
"GPD2",-5.23593190158317
"CHCHD4",-5.2403697432304
"SNORD15A",-5.2410536543089
"ELOVL6",-5.24265209905999
"SNORD116-1",-5.24304443266889
"KRT18P31",-5.24414611953906
"MACROD2",-5.24592211814329
"CDC40",-5.2516922904447
"SPMIP4",-5.25521853072909
"TRMT10A",-5.25673801235231
"ZNF98",-5.26015604558638
"ARFIP1",-5.26195366665321
"NBN",-5.26492251571179
"HPGDS",-5.26755365418492
"ZNF860",-5.26822623573898
"IGKV1D-16",-5.26868936955498
"OSGIN2",-5.26925925030725
"TWF1",-5.27066375573781
"MOCS2",-5.27187133033144
"MT-ATP8",-5.27299308428444
"UPK1B",-5.27823819119994
"PCDHB3",-5.27916377887114
"SDCBP",-5.27921067984094
"TOX3",-5.27933831759462
"TPRXL",-5.27996377771374
"TMBIM4",-5.28158102030912
"ANGPTL5",-5.28206036047556
"ABCD2",-5.28237223553606
"NIPSNAP3B",-5.28296363321903
"ALAS2",-5.28350803867461
"ZFP3",-5.28484685573854
"ZNF808",-5.28486910764642
"TMOD2",-5.28547118311171
"COX7B",-5.28550685118953
"CNN3",-5.28894149622887
"ZNF431",-5.28957950886486
"NPM1P25",-5.2919836994749
"BNIP1",-5.29400003189785
"CD3D",-5.29452117094315
"IGLV3-27",-5.29485799474733
"ORMDL1",-5.29605793859978
"RANBP2",-5.29777070346979
"THUMPD2",-5.30029419811005
"GLYATL2",-5.30046489124464
"BPTFP1",-5.30331512237369
"RARS2",-5.30449287683104
"SNRPF",-5.30611081434052
"SAMD3",-5.30770477996218
"LINC-PINT",-5.30848597056378
"FGL2",-5.30893420589129
"SLC39A8",-5.31719349188749
"IL1RL1",-5.31811477575571
"MYL12A",-5.32404680284199
"SLC25A51",-5.32692769247498
"P2RY13",-5.32788588233724
"SNORA62",-5.32937245215956
"REN",-5.33079720332312
"ISCA1",-5.33123969638729
"SPART",-5.33501812836626
"NUDT12",-5.33606282630162
"COG5",-5.33720129767646
"XIST",-5.33997409185793
"RN7SL1",-5.34600052281243
"AKAP9",-5.34612604315221
"ZNF66",-5.35046500128259
"HNRNPA1P49",-5.35577184864953
"SCARNA4",-5.35755902411005
"ADPRM",-5.36032891462405
"TARP",-5.3707626132949
"ZNF487",-5.3734607381705
"SPINK5",-5.37774431946225
"UGT1A3",-5.3784976665426
"RGS18",-5.37850341882383
"CCDC144CP",-5.3798180005686
"TRPA1",-5.38138765480043
"TBL1Y",-5.38470904804769
"IGHV3-13",-5.3871534002769
"MT-ND4",-5.38966223011981
"CP",-5.39100718506389
"TRIM6-TRIM34",-5.39207922481717
"CD79B",-5.39318573606357
"CRISPLD1",-5.39785001747464
"C4orf33",-5.39983652608393
"SLC41A2",-5.40015703895983
"CRYGS",-5.4043366867324
"RPL23AP18",-5.40610794922598
"PLA1A",-5.40766922582924
"EVI5",-5.41248375060923
"ZNF44",-5.41465619150709
"SPATA6",-5.41504392375184
"AADAT",-5.41824152696976
"WDR5B",-5.4214262880608
"GTF2IP4",-5.42312731222795
"TMEM263",-5.42596481210704
"TM2D1",-5.43042295737105
"ZNF680",-5.43320985440355
"ZNF585B",-5.4389258794421
"EREG",-5.43985085527284
"RAD17",-5.4402871358404
"MCOLN2",-5.44446196312115
"ZNF577",-5.44762713059417
"IRAK4",-5.44943060138438
"FLG",-5.45000054469652
"MMRN1",-5.45117530848176
"SCIN",-5.45491957035063
"RN7SK",-5.45596854854362
"ZNF181",-5.46165758658912
"P2RY14",-5.46307739737374
"FSBP",-5.46586182284976
"IGKV1D-13",-5.4677619119318
"SRR",-5.47059503689649
"INIP",-5.47330299772362
"FGF10",-5.47461957544212
"RPL17",-5.47486270940499
"NPIPB12",-5.47507369910787
"EPB41L4A",-5.47914285300275
"NPIPB14P",-5.47972056575922
"SLC31A1",-5.48112775583772
"IPP",-5.48479694277508
"ASCL3",-5.48930013821444
"IGLV4-69",-5.49716709816641
"NUTM2E",-5.49726321262515
"FBXO38-DT",-5.50047486949829
"LOC124901185",-5.50047486949829
"GNRHR2P1",-5.50236516227381
"RAB2A",-5.50532548715827
"SNORA68",-5.50663290738226
"ZNF321P",-5.51012657892133
"DERPC",-5.51141211583421
"GSTA1",-5.51292721485425
"RO60",-5.51614957477389
"RGPD3",-5.51898421950308
"SNHG8",-5.52470076173035
"IGKV6D-21",-5.52827199816983
"ZNF610",-5.53327213906417
"ZBTB8A",-5.53348874361417
"KCNAB1",-5.53472974460638
"ZNF253",-5.53643876343264
"KYAT3",-5.53772171621098
"STX12",-5.53789091145297
"RPS24",-5.54299873172953
"EEA1",-5.54385141187112
"PAIP2",-5.5439091575835
"POLR2J2-UPK3BL1",-5.54808850130774
"NORAD",-5.5482261002468
"ZNF547",-5.55055378344126
"SPIN2A",-5.55126560368495
"SNORA7A",-5.55202428736915
"EFCAB11",-5.55412318730751
"CASP1",-5.55457446996829
"IRAK3",-5.55489130393997
"TLCD4",-5.55890342471818
"IGHV1-18",-5.56201659386034
"ART3",-5.56221680800556
"PDE1A",-5.572709753417
"CA1",-5.57529692950739
"MPPED2",-5.57583914668809
"CHN2",-5.57636767981676
"CWF19L2",-5.57859382302484
"ZNF780B",-5.57909074897371
"EP400P1",-5.58049371387923
"UBXN8",-5.58065063819756
"ZNF676",-5.58159660390622
"CXCL13",-5.58251337707709
"PLA2G4A",-5.58394855534827
"ZBTB8OS",-5.5861109450181
"SNORD116-23",-5.59212163130348
"ZFAND5",-5.59445795589402
"OAT",-5.59715735896507
"SNORD33",-5.60121378072862
"SCARNA21",-5.60321505012887
"SLX4IP",-5.60542762176726
"SNORA21",-5.60563585618446
"ARL6",-5.6084947262066
"DRAM2",-5.61184286489688
"TANK",-5.61271634731738
"NPIPA7",-5.61310079688346
"DNAJC24",-5.61696013284247
"TMEM220",-5.61772464233092
"ACAT1",-5.6204534903393
"GLRB",-5.62149627896368
"ITGB3BP",-5.62348177956888
"NPIPA2",-5.62351167670661
"GOLGA8H",-5.62789829421593
"RHOT1P1",-5.62915735382442
"GABPB1",-5.62962936456319
"NME1-NME2",-5.63385776323778
"ZNF562",-5.63561364571517
"PGAP4",-5.64360552087288
"ZNF441",-5.64525425326173
"SKP1",-5.64703674907564
"MT-ATP6",-5.65261677282196
"TIMM9",-5.65329865459191
"MYL12B",-5.65467311222676
"SEPTIN7P2",-5.65539688531573
"MCOLN3",-5.65762430419115
"NPY1R",-5.65793950707413
"SNORA54",-5.65811093118088
"GIMAP5",-5.65823672440495
"NLGN4Y",-5.66075540317406
"CALCRL",-5.66205632334948
"CD69",-5.66393016673953
"SMAD4",-5.66528040010927
"FMC1-LUC7L2",-5.66717961420684
"SOCS4",-5.66770279666035
"DNAJC19",-5.67078753631216
"SNORD116-17",-5.67083932447877
"SNORD116-19",-5.67083932447877
"TRAT1",-5.67830024816432
"HCCS",-5.6799243395884
"GPN3",-5.68491374786769
"ZNF33A",-5.69200072794848
"VNN2",-5.69355288481612
"GLCE",-5.69597157889846
"SNORA52",-5.70037316865163
"MYOT",-5.70070548715145
"GP2",-5.70360976779175
"SNORA11",-5.70774201407218
"MLANA",-5.70964774637323
"CD1E",-5.71172283141621
"BEND7",-5.7135529709552
"CRYM",-5.71535323717646
"RAD51B",-5.72066296911323
"HSPA4L",-5.72318554892791
"IGKJ4",-5.72386409943564
"TRBC1",-5.74120944515395
"ZNF519",-5.7427179842582
"PEX3",-5.74434188128041
"INSIG2",-5.74681644524359
"MUC21",-5.75348232129865
"IGKJ2",-5.7575332485371
"SLC35E3",-5.76586360102782
"CXCR1",-5.77213259076652
"ZMAT3",-5.77761279125823
"IGKV1-8",-5.78405533255407
"KCNJ13",-5.78413702700837
"MUSTN1",-5.78432964652744
"NUCB2",-5.78508491867081
"TRIQK",-5.78783377310257
"TP53INP1",-5.79336680174174
"MMGT1",-5.7952724575547
"ABHD10",-5.79532540993824
"POLK",-5.79576612115392
"CD226",-5.80262996702532
"UGT1A4",-5.80285396987851
"ZNF99",-5.80472887588147
"IL1RL2",-5.8049904814556
"SNORA6",-5.80666074089642
"RPL23AP82",-5.81142256477357
"ATP5MK",-5.81404853331225
"ZNF429",-5.81566549694806
"IGHV4-4",-5.81668108011272
"TRMT10C",-5.82310351697322
"IGLV3-9",-5.82466275348278
"ZNF331",-5.82571397391332
"PSMA4",-5.83009621702301
"RPS17",-5.8345680868894
"SLC16A4",-5.83668200287247
"TBPL1",-5.83709774959437
"TMED5",-5.83720685078153
"SPPL2A",-5.84353662994085
"SLC17A5",-5.84379926289957
"UBE2Q2P2",-5.84713300439189
"SNORD116-3",-5.85656139870079
"SNORD116-9",-5.85656139870079
"HSDL2",-5.85823758451906
"TMPRSS11F",-5.86217240750042
"ZNF607",-5.86270371532978
"ZNF347",-5.87026946197071
"ATP5MJ",-5.87284073587115
"ARV1",-5.87529930467889
"ZNF320",-5.87868700767417
"CCR5",-5.87888554352407
"NPIPA3",-5.8791701826129
"HAUS2",-5.88423627706833
"PKD1P5",-5.88708115451581
"AZGP1",-5.88814039128294
"YIPF1",-5.89010127374604
"SPDYE2",-5.89259047171716
"SNORD116-22",-5.89445564334587
"ESCO1",-5.89459570726482
"MNS1",-5.89885378535945
"ACTR6",-5.90827636832259
"BCAP29",-5.90830334802343
"CHN1",-5.91184461132892
"ZNF222",-5.91188296596579
"MRRF",-5.91436001939722
"SNORA61",-5.91577799356267
"SNORA22C",-5.9177100964599
"SEC22B",-5.92143857585542
"STAMBPL1",-5.92270755285568
"UGT1A1",-5.92360293808778
"RPSA2",-5.92404380516695
"MT-CO2",-5.92437045762598
"DYNLT3",-5.92770990061789
"MT-ND5",-5.93199920413485
"COQ10B",-5.93401999525696
"NPIPB11",-5.93720520641589
"DLD",-5.93867311349459
"LOC105373487",-5.94532206740866
"TMEM144",-5.95219981244967
"CASP4",-5.95547873879388
"KYNU",-5.95744806025804
"TRMT11",-5.96519938663679
"ZNF611",-5.96597593955311
"COMMD3",-5.96952310762315
"CNGA1",-5.97226936426418
"FDCSP",-5.97318055202179
"SNORA70",-5.97383951631119
"SNORA8",-5.9775652872453
"MTERF1",-5.98196602059294
"GZMK",-5.98212963860382
"RB1",-5.98225566753751
"MSMB",-5.98438023000267
"ZNF440",-5.98667055170353
"CCL13",-5.98766878504093
"ZNF334",-5.99097995985812
"PDCD10",-5.99548530270495
"SERPINB3",-5.99623244976398
"SERPINI1",-6.0014511327723
"YEATS4",-6.00790488115977
"GOLGA2P10",-6.00850175916629
"TTC21B",-6.01422793587957
"GUSBP9",-6.0234868276948
"ME2",-6.02695952285708
"CGREF1",-6.02877026009332
"CFAP298-TCP10L",-6.03418186550783
"IGHV4-30-2",-6.03439066239518
"GALNT3",-6.04051998168138
"NKIRAS1",-6.04233173305025
"NXPE2",-6.04394562236967
"LXN",-6.04596640113813
"MRPL42",-6.04607313494566
"RGPD6",-6.05118021376629
"OMD",-6.05198742405513
"IGLV10-54",-6.05419456279
"SNORD116-6",-6.05619627705206
"MITD1",-6.05795411456502
"CXCL11",-6.06319461110866
"HMBOX1",-6.06339840002504
"BBIP1",-6.07549702172692
"GNRHR2",-6.09250402770717
"CD200R1",-6.09360183533372
"MRPL30",-6.09762565503737
"UGT1A6",-6.10272187702566
"ODAM",-6.10382674024778
"LSM1",-6.10844851849272
"HACD4",-6.11108746755117
"PMS2P5",-6.11140095568284
"RIC3",-6.11328143204818
"TRIM59-IFT80",-6.11951090556975
"CD86",-6.12061770389857
"FUNDC1",-6.12428281144944
"AP5M1",-6.12490661974821
"SERPINB4",-6.1330625400358
"SPTLC1",-6.13725057291328
"ATM",-6.13902191482689
"MRPL13",-6.14455658972657
"SNORA2C",-6.15225406416781
"PDE7B",-6.15412106072347
"SMIM30",-6.16007721246388
"MT-ND3",-6.16120911081099
"MTHFD1P1",-6.16425246450037
"TMLHE",-6.16482419659773
"GUCY2C",-6.16502447261335
"STAG3L5P",-6.16612983989887
"STAG3L5P-PVRIG2P-PILRB",-6.16612983989887
"CTAGE7P",-6.16838436499152
"BCO1",-6.17469790633814
"SEMA3D",-6.17636451995284
"GPR15",-6.1776948853111
"MLH3",-6.17777772927127
"TRIM23",-6.18282380445565
"SNORA17B",-6.18835116911172
"CDC42SE2",-6.18851469943183
"DSG2",-6.19078349353885
"ZNF506",-6.1913526197345
"MT-ND2",-6.19650809594624
"TXN",-6.19651306904159
"SNORA67",-6.20023029015202
"FRG1CP",-6.20114909564423
"SNORA71D",-6.2077981510929
"PLGLB1",-6.21058316627017
"IGHV2-5",-6.21978667847606
"ZNF596",-6.22032388137929
"MOXD1",-6.22139795306833
"THOC1",-6.22498951080013
"TMEM183BP",-6.23143382664415
"SPRR2C",-6.23594694596412
"FBXO30",-6.23597371415147
"CAPZA1",-6.24088051422206
"TBC1D15",-6.24204962253589
"SIAE",-6.24364822144886
"SNX31",-6.24635622336353
"TAB2",-6.24816962013471
"TMPRSS11E",-6.24861892518848
"APOO",-6.24991469219245
"RPL26L1",-6.25587022494659
"RASSF6",-6.25819319669831
"LOC124905564",-6.25916224772099
"GTF2H2C_2",-6.26473139324935
"ZNF682",-6.26626680311326
"RNASEH2B",-6.27354010745519
"SNORD116-2",-6.27437268553442
"RSPO3",-6.27729379118226
"PKIA",-6.2924377308025
"SCARNA17",-6.29268417509162
"SNHG22",-6.29268417509162
"ZNF280D",-6.29605514232606
"LIFR",-6.30388876323556
"NHEJ1",-6.30582168581001
"RRM2B",-6.30639053895886
"ZNF138",-6.31623100812762
"PPIA",-6.31849915874953
"CCL14",-6.32613844346912
"NTRK2",-6.32708126629128
"ZNF625",-6.32934308593171
"ZNF252P",-6.33278247070317
"MTRF1",-6.33700850265467
"PIGF",-6.34268930015815
"LAMP2",-6.34625938491117
"MT-CYB",-6.358570050424
"PTPN20",-6.3587946838012
"ANG",-6.36914511909963
"ZNF724",-6.37284818015617
"FGF7",-6.37546434215451
"SGMS2",-6.37580498974904
"VPS50",-6.38600913539253
"SLC27A6",-6.38606217464633
"ARHGAP19-SLIT1",-6.3890162782979
"TOM1L1",-6.39015907775634
"SCARNA16",-6.39321972890694
"ZNF726",-6.39851029310299
"RAP1B",-6.39943407731737
"TATDN1",-6.40097636430874
"GUSBP15",-6.40495312582361
"ZNF624",-6.40540801035737
"ZNF132",-6.40790943320311
"SNORD116-15",-6.41486306738279
"RCHY1",-6.41621857267889
"H3C6",-6.42831980468407
"IGLC3",-6.42979324990435
"ARG1",-6.44141933255094
"PROM1",-6.44994479472271
"TTC8",-6.45063836757812
"GTF2IP12",-6.45674852469459
"TEX9",-6.46232140892626
"NDUFV2P1",-6.46323596960386
"DSG1-AS1",-6.46905787867017
"NBPF9",-6.47272039823699
"FRG1HP",-6.47285979991806
"LOC124906858",-6.47285979991806
"ZNF121",-6.47540666142538
"ZGRF1",-6.48472560721301
"PRKRA",-6.48611424381305
"ZG16B",-6.48688296797477
"ANAPC10",-6.48771650499041
"SNORD22",-6.48907386566924
"IGHV3-73",-6.49436436401689
"UBE2G1",-6.50108770780175
"H3C14",-6.50410085681515
"IGHV3-49",-6.51133040115924
"IGHV3-53",-6.51785797360282
"ZNF43",-6.52432205018238
"SNORA27",-6.52889518546906
"NUP35",-6.53319730794205
"PLP1",-6.53759412252735
"IGHV3-20",-6.54154968513005
"IGHV1-3",-6.54167432808281
"ZNF678",-6.54281048556782
"ZNF300",-6.54589447749555
"LOC102723407",-6.5579040078626
"ATRNL1",-6.56613654045926
"ZNF573",-6.56779109971808
"DYM",-6.57347940731099
"MPLKIP",-6.58663056122647
"ATP7A",-6.58790970440023
"ZNF92",-6.60559313030508
"BBS5",-6.61014030049794
"CEACAM1",-6.61729991958789
"BMS1P4-AGAP5",-6.62361126859264
"HSD17B7",-6.62732228165399
"SNORA71A",-6.62735840951702
"FGD5-AS1",-6.63817972988762
"SLIRP",-6.6469572896411
"CYP4F35P",-6.65290551882092
"GRAMD1C",-6.65793006245993
"RNF180",-6.65925804530739
"CLIC2",-6.66037304077597
"LYPLAL1",-6.66630596658785
"PLN",-6.66697753972984
"ZNF93",-6.66755080129419
"MT-CO1",-6.68075115007468
"GYS2",-6.68864438278526
"CD1A",-6.68946689460863
"ZFX",-6.69050483291802
"C4B_2",-6.70363188145514
"SCEL",-6.71153193334752
"SCFD1",-6.71483070109286
"ZNF571",-6.71642076574617
"RSL24D1",-6.72880794656674
"LZTFL1",-6.73049458668057
"AKTIP",-6.74995828672655
"LYZ",-6.75334506105728
"ZNF706",-6.75584769680854
"CUL5",-6.75655696139749
"RFK",-6.75661027057181
"LY96",-6.75999046356847
"GVINP1",-6.76582897383771
"TXNDC16",-6.77319716665533
"ZCCHC10",-6.77466542707601
"ZNF555",-6.77507633318836
"JCHAIN",-6.77936442674896
"ZNF221",-6.77986627171619
"CSTA",-6.78384266608167
"SNORA5A",-6.78801762558295
"ZNF761",-6.7887616894111
"ZNF765-ZNF761",-6.7887616894111
"GAS5",-6.80846239351819
"ZMAT1",-6.82843445003237
"SERPINB11",-6.83596961667905
"PFDN1",-6.83883938866255
"LIN54",-6.84042337042777
"SNORA12",-6.84289836672865
"RAB18",-6.84320994555916
"BBS7",-6.84845802519959
"IGKV3D-20",-6.85233947333543
"SMIM14",-6.85568243558922
"RABL3",-6.85761096383775
"LOC124905558",-6.86151873142175
"IGHM",-6.86409075009998
"TXNDC9",-6.86529289124301
"IGLV7-46",-6.8663813068384
"TMEM14B",-6.87580409432957
"PPIL3",-6.88333754103679
"COMMD10",-6.90063338879896
"AGAP5",-6.90195328494988
"KBTBD11-OT1",-6.90609804237845
"SLITRK6",-6.90935101163081
"ARL4A",-6.9095713783823
"SNORD116-16",-6.91647640839046
"ANKRD22",-6.91788914600082
"NDUFS4",-6.92739018847334
"SMG1P6",-6.93006983640179
"SLC35A5",-6.9424027831543
"ZFAND1",-6.9430781371249
"CMAHP",-6.95948689340918
"SEMA3E",-6.96883443498364
"MYZAP",-6.97059765056357
"ZNF709",-6.97126796810131
"TRMO",-6.97177648885751
"CD207",-6.97711209183483
"IL33",-6.98967304785794
"ZNF780A",-7.00032315397758
"ABCG2",-7.00962474704204
"IGLV6-57",-7.01940313299197
"IGKV1-6",-7.0265370916218
"SNORA20",-7.035360025364
"ZNF570",-7.0375309369807
"RPAP3",-7.04692499850265
"CNIH1",-7.04704003424405
"ZNF184",-7.0479263449536
"LOC100505555",-7.04796937319953
"ZNF846",-7.04796937319953
"HSPE1-MOB4",-7.05031508319706
"SETMAR",-7.06064755324788
"KITLG",-7.06672742867663
"SNORA24",-7.06917233417248
"DAPL1",-7.06935201776392
"N4BP2L2",-7.07150389091236
"CREB3L4",-7.08009944754959
"IGLV8-61",-7.08590841079882
"ELOVL4",-7.09289824798128
"ZNF844",-7.12582057889601
"CTDSPL2",-7.14542854329553
"CFH",-7.1513434379809
"ING3",-7.15324002516684
"LCA5",-7.16071910861265
"ZDHHC21",-7.17056947960147
"NBPF8",-7.17814148843498
"CEACAM7",-7.17978846007054
"TMPRSS11A",-7.18474455097828
"METTL5",-7.1855646657311
"SEPSECS",-7.18698252883157
"SNORD116-8",-7.18766516304412
"MT-CO3",-7.19076808297908
"ZNF782",-7.20664010355492
"SNORD118",-7.21025253658693
"TAF9B",-7.21560212301953
"NBPF12",-7.21730874631958
"GPR87",-7.22180926300368
"NEK7",-7.22241718822088
"SNORD116-24",-7.22253943021197
"RHBDD1",-7.22334132771791
"IFT52",-7.22600173791735
"BMS1P1",-7.23165400202165
"IGHV1-24",-7.23199702610875
"RPL23A",-7.23874628664937
"ZNF493",-7.24331375466746
"IGHV4-61",-7.24470312592211
"CNOT8",-7.24773600283462
"PDK1",-7.2625571287262
"ZNF350",-7.26282232695041
"SYCP3",-7.2652178436309
"RWDD4",-7.26895964291859
"CLCA4",-7.28185243059418
"ZNF563",-7.2887859861435
"NBPF10",-7.29492887436431
"APLF",-7.30327557248128
"RNF2",-7.30963505567159
"SLC39A10",-7.31083438511772
"APOOL",-7.31271472032545
"BTF3L4",-7.32598635429027
"COX7C",-7.33257167711152
"GLRX",-7.35330460877018
"C1GALT1",-7.35683191403855
"KRT24",-7.36304031869904
"TRAC",-7.36613139909371
"KCNJ2",-7.37039238007164
"GULP1",-7.37635210192939
"CFL2",-7.38255784579151
"NDRG3",-7.39469766110677
"CARD16",-7.39714286754775
"IGHG4",-7.39956272430238
"IGKV2D-29",-7.40243803775418
"ZNF69",-7.40259176925498
"IGLV1-44",-7.41691151786019
"TIMM17A",-7.42750933465847
"LMBRD2",-7.42768191958236
"PNRC2",-7.42886112930545
"STRADB",-7.43074637822924
"HSD17B11",-7.43798401119708
"EMCN",-7.44635067593706
"SRP54",-7.4518628727339
"YOD1",-7.4654848567461
"RPL39",-7.47150487506743
"RBM27-POU4F3",-7.48669633769271
"SNORA22",-7.49492425620075
"SLC4A4",-7.50758688074546
"IGLV3-10",-7.51163342758058
"SCARNA6",-7.51202196372925
"MUC7",-7.51745395189814
"SNHG16",-7.53863041389748
"ZNF626",-7.53961386870986
"GTF2IRD2",-7.56671423446818
"ZNF25",-7.5765019849883
"ZNF700",-7.61790972936226
"EVI2B",-7.62189560157115
"SGCE",-7.63922875335206
"SPOPL",-7.64589678932289
"SNORA48",-7.65749942706489
"GPR183",-7.65971922795763
"ZNF681",-7.67160971234896
"NFYB",-7.68001381732682
"RBMXL1",-7.68182712425327
"KATNBL1",-7.68539049900933
"TSPAN8",-7.70103400557594
"SCARNA1",-7.71812392542854
"PLS1",-7.72127331319969
"ZNF468",-7.73500577836873
"ENPP3",-7.74446440035977
"CD59",-7.74806729142847
"ZNF322",-7.75451633373806
"ZNF439",-7.75842693334376
"IGHV7-4-1",-7.76399527447107
"ZNF813",-7.79473728892008
"ZNF701",-7.80584102412644
"SNORA49",-7.82023039292112
"CCDC15",-7.82305375524775
"GLT8D1",-7.82390284662319
"ZDHHC17",-7.82529857950324
"SLC30A6",-7.84870130396164
"ZNF850",-7.85716760130871
"ZNF420",-7.85920489791189
"TFPI",-7.87430477088104
"COMMD3-BMI1",-7.88799223022905
"FCF1",-7.89093897609086
"SF3B6",-7.92609991829436
"IGHV1-69D",-7.93431201900667
"OMA1",-7.93566653681057
"IGHV3-11",-7.94945977690641
"DIABLO",-7.95117644487404
"IGKV2-24",-7.95938096039951
"ADH7",-7.98475084847389
"IGLV2-18",-7.98801650166281
"BOLA2-SMG1P6",-7.99274774556824
"HLA-DRB5",-8.00449177998805
"DBT",-8.00461480366673
"STAM2",-8.00810275880582
"IMPACT",-8.01303490195308
"H2BC3",-8.01891180068077
"SCARNA12",-8.05538572977013
"ZNF254",-8.06769805012118
"IFNAR2-IL10RB",-8.06914437478515
"PIAS1",-8.08703793788501
"NFU1",-8.09663700622749
"IGKV1-27",-8.13049848834771
"IGKV2D-28",-8.1432484000089
"IGLV3-19",-8.14914644714491
"IGKV1-17",-8.15620238416317
"TSPAN12",-8.15668018346789
"C1orf21",-8.18223960538625
"CCNG1",-8.183410851777
"IGHV3-48",-8.21700509839275
"RGPD2",-8.21946680478729
"LOC728488",-8.22789312057303
"IGHV1-2",-8.26401788729838
"AP1S2",-8.26460727321275
"IGHV3-43",-8.26916206389468
"RPL21",-8.27958614349027
"RBIS",-8.28648165585685
"VTA1",-8.30027280181332
"TXLNGY",-8.30282883487547
"NAMPTP1",-8.32195835977323
"ZNF443",-8.32881409008631
"CPA3",-8.33958389757401
"STX7",-8.34691524436935
"EYA1",-8.34773885364137
"IGKV1-16",-8.42880506854008
"ZNF836",-8.44128269487716
"CCL28",-8.45314456171186
"GGTA1",-8.455000505532
"LOC124906495",-8.45813751231523
"LOC124906497",-8.45813751231523
"PIP",-8.47112401419772
"IGHV3-15",-8.47319194622169
"SNORD15B",-8.50173819924785
"FER",-8.50550665076469
"IGLV3-25",-8.51575730542577
"DCT",-8.52599372194465
"BCL2L2-PABPN1",-8.57172115621069
"ZNF766",-8.57644846047394
"NDUFB1",-8.58154735177909
"ZNF107",-8.58578003603594
"IGLV1-40",-8.61121856472821
"ZNF721",-8.63723172730429
"SMG1P1",-8.67695968488278
"SNHG29",-8.68096912545977
"ORC4",-8.69117127104013
"IGHV3-72",-8.69210004900431
"UGT1A7",-8.70645007112823
"IGHV3-66",-8.70662802637135
"SNCA",-8.7387729637574
"LOC102724250",-8.80977419575802
"ZNF595",-8.84663624545764
"IGLV3-21",-8.89148943737069
"SAR1B",-8.90547287583024
"SNORD89",-8.91001878363062
"IGKV1-9",-8.91261292190589
"SNORD97",-8.96558854985176
"IGKV2-30",-8.99391598525019
"ZNF658",-9.00789141353047
"IGKV1-12",-9.00998706987897
"ZNF816",-9.0146122817283
"ZNF83",-9.04263606267362
"H19",-9.05860710528272
"IGKV4-1",-9.06832618725023
"CRISP3",-9.19323542028069
"SNORA23",-9.21624064067608
"SCARNA13",-9.22382202334177
"ZNF525",-9.2273985831755
"IGLV1-51",-9.28536081220117
"ERV3-1-ZNF117",-9.32092438196379
"ZNF117",-9.32092438196379
"MCFD2",-9.32977891646362
"ZNF714",-9.36531021064794
"IGHV3-33",-9.38347141932286
"ZNF765",-9.39204628955952
"LOC122539214",-9.3996989185963
"ZFY",-9.44818518267823
"IGLV1-47",-9.46543075226272
"IGKV1-33",-9.50151899048728
"ZNF208",-9.58438701181172
"ANKRD36BP2",-9.59101201355011
"IGHV3-30",-9.59521264149998
"IGKV3-15",-9.59657817406685
"H3-3A",-9.63366051321063
"IGHG2",-9.70799380245372
"IGKV3-11",-9.72913157481954
"ZNF28",-9.85795474026556
"TYRP1",-9.88025095219559
"NPIPP1",-9.89851096818062
"ZNF708",-9.98545017621279
"IGLV2-23",-9.99617743025511
"SMG1P3",-10.0750756862542
"IGHV3-23",-10.1216128494299
"SNORA63",-10.1515615204392
"AMY1C",-10.1787713865192
"IGHV3-7",-10.2271742282966
"SNORA74A",-10.250283110156
"ZNF845",-10.2905156374683
"SCARNA2",-10.4134390953269
"ZNF91",-10.4342324968177
"SNORA74B",-10.5431622078534
"IGLV2-11",-10.6203322384508
"IGKV3-20",-10.6515561011214
"IGHV4-59",-10.7978521499935
"SNORA81",-10.8621910307524
"IGLV2-8",-10.8753060870798
"TCN1",-11.0588119779818
"IGHG3",-11.1568085423734
"SCARNA5",-11.3353873877883
"NBPF19",-11.3709574896681
"AGR2",-11.4062822923068
"IGKV1-5",-11.580343974004
"IGKV1D-39",-11.6395195849395
"SNORA53",-11.7560133935726
"IGKV2-28",-11.7580910896906
"LOC128966723",-11.782921559952
"SCARNA7",-12.1519316172277
"IGKC",-12.2622617237899
"MALAT1",-12.4484330899241
"IGHG1",-12.4547613239153
"IGHA1",-12.4904504888616
"IGHA2",-12.4907081853795
"SNORD17",-12.5608713290024
"LINC00632",-12.8903324087927
"RPL9P8",-12.9945122570745
"SCARNA10",-13.0397888922696
"C6orf58",-13.5472909210318
"STATH",-13.547660287513
"SNORA73A",-13.614917923643
"IGLV2-14",-13.8368845876069
"SNORA73B",-14.1937403393149
"IGHV3-21",-18.8567664382647
"IGHV3-74",-24.326060367283
