"ENTREZID","log2FC"
"55719",24.6136872704623
"9898",24.2722275926572
"203328",23.8860521191575
"84296",18.8064814677261
"339257",13.1414484341995
"80173",12.3260774211584
"79780",12.1998306154704
"100420110",11.7563569099156
"140612",11.0126283887667
"7447",10.5663098055446
"124904616",10.4492071197689
"94025",10.4436044172705
"80231",10.3354599036809
"101060684",10.3005450723375
"382",10.3005444058136
"693209",10.1847471853176
"170954",10.1822753555062
"8446",10.0852150642983
"92714",10.08424438002
"7455",10.0439424277109
"2042",9.93518041097453
"5910",9.93412194180381
"100132406",9.84758951243938
"6602",9.83297149887885
"580",9.57307961360094
"7403",9.51734620450096
"51171",9.49958993999243
"106479041",9.45898596742112
"394263",9.41431357804892
"100506474",9.37225909441571
"9903",9.35927425475376
"57633",9.34330599505425
"5214",9.31320732490539
"148418",9.28179591652192
"390168",9.28179585996951
"390637",9.22252742431904
"200958",9.21976434261182
"5440",9.20943342172821
"63897",9.19199594666441
"440584",9.15939077748344
"158135",9.15029875043071
"53947",9.14931525933942
"6904",9.08821179882959
"286451",9.07003735132658
"643699",9.04265713964629
"219771",8.9618773350068
"23547",8.95662242045512
"8460",8.93787146141629
"400566",8.90287609758014
"2815",8.87439649329726
"23608",8.87439615660968
"129099",8.87096920862015
"7428",8.80694249297854
"654466",8.78413346275956
"401137",8.77346007789409
"124904699",8.76922021957786
"447",8.7437960384664
"57819",8.72163562070379
"101927134",8.69230328036432
"79023",8.6869744136372
"9545",8.68101710007368
"9843",8.66381208306555
"3131",8.66248540983173
"138151",8.64145874774037
"22950",8.62936513241127
"6176",8.60390050952829
"8106",8.57496802406634
"10577",8.57022590173854
"100422901",8.5640347725826
"221786",8.56117673039985
"286749",8.561174189284
"9488",8.56074366588661
"127138865",8.54165792531774
"6342",8.47787248097486
"124902904",8.47445989505688
"84498",8.46354472397257
"51016",8.45684808638222
"79807",8.42875817999547
"100271479",8.42133594500824
"84171",8.39661476920996
"56128",8.37987896827653
"5297",8.35796625290547
"26235",8.35729761500423
"284339",8.34769234674239
"260436",8.3437048966614
"9497",8.34370423500388
"205",8.34370413160435
"163223",8.34370357933583
"5092",8.32050338944666
"818",8.31831112364596
"401865",8.28480122079278
"79971",8.28423445488371
"106481639",8.23139516177948
"364",8.23139429514167
"6102",8.22945513896968
"5143",8.22384788421772
"10471",8.21519025991506
"56925",8.2151896051927
"90826",8.21518783688171
"105374254",8.21358141291806
"105371416",8.19001025891558
"26100",8.16883746646956
"401152",8.16835643482635
"80255",8.16835633397563
"1588",8.15126736335776
"2235",8.12547391079623
"84820",8.11873881730099
"104",8.10631620752094
"124904613",8.08544628086632
"51651",8.07950133472346
"144809",8.077727046816
"100271133",8.07729225921478
"56848",8.07729217065766
"57120",8.07729195240382
"63915",8.07729175692665
"4085",8.07729159568849
"3554",8.07729003336775
"2936",8.07434590442883
"23619",8.02110688064659
"55280",8.0130374034934
"100379224",8.00531708282661
"29960",8.00324013700277
"6128",7.99131482067382
"65979",7.96806232895528
"79694",7.9435452195225
"115098",7.9409690533633
"56138",7.93623633571495
"114821",7.92859261206784
"148932",7.92859157225036
"6731",7.92483241992109
"84449",7.92483142687429
"113402",7.92483090406215
"283578",7.91796472625717
"106479315",7.9079223104958
"105372151",7.90785927233788
"114991",7.87868041140123
"677",7.84925828359102
"284099",7.81376478718924
"163071",7.78908116472121
"10419",7.78049563719292
"728752",7.77487424745344
"146691",7.77047137260964
"5514",7.77047012013948
"5077",7.77047006266297
"56946",7.76739838783351
"84311",7.76016585610326
"445329",7.75634182504061
"653619",7.754377215939
"7673",7.7543759035689
"9783",7.7543758848723
"388695",7.75437580374683
"7504",7.75437382879958
"5588",7.75298203404636
"339287",7.74965573629223
"401082",7.73760854562234
"389247",7.73200451830067
"1803",7.72722380547919
"353163",7.72364774334516
"100128985",7.72349174419409
"730109",7.71459528361066
"114041",7.69923790067536
"9856",7.69923579878688
"116113",7.68876732609746
"283440",7.67430881417305
"4050",7.67264272125435
"127064",7.66996151913373
"387723",7.66236166350635
"100128963",7.64346387328931
"157506",7.60879070370465
"27230",7.60879055580713
"8682",7.6087899714621
"80032",7.59499096555079
"2241",7.58706733947213
"103908605",7.57682043314608
"56261",7.57681874121766
"54843",7.57681861517493
"392196",7.57681834248258
"165721",7.57681756335809
"283970",7.57681720869792
"200879",7.5607747514585
"7485",7.56077459819362
"57570",7.56077329109743
"340554",7.56077325199376
"23184",7.56077313862294
"111082973",7.560773029908
"27336",7.56077262276047
"140775",7.56077242494719
"730094",7.55003949045449
"388523",7.53874794617325
"60343",7.5379024264392
"442160",7.52325596593257
"284349",7.49604565997518
"4336",7.48703887837281
"79722",7.48454277847828
"79901",7.48454236304011
"28517",7.48424307665774
"646567",7.4568635760172
"257160",7.44555743682919
"105371286",7.44159416098598
"90233",7.43659012894372
"401247",7.43292982925885
"100506990",7.42618628756269
"3122",7.42618551834377
"29851",7.42618471000465
"4690",7.42618456080976
"51585",7.41700540684252
"285941",7.40762507029578
"100128553",7.40562230702103
"106481163",7.38725810992193
"51747",7.38290841493413
"331",7.38210531482777
"100216479",7.37576502915953
"796",7.37227105160546
"8570",7.3574833762211
"1520",7.35304356820629
"22932",7.35304145134614
"768211",7.35304131853588
"23627",7.35304116944339
"100127907",7.35304090000221
"49",7.35304065623624
"768206",7.35304060779364
"343495",7.34869676984107
"348801",7.34869636758128
"219402",7.34869627797875
"84570",7.34869529633563
"8320",7.3394997273594
"641371",7.33922217157996
"22998",7.339220582333
"5083",7.3392205697113
"728113",7.33922027133689
"100127893",7.33709536124382
"8936",7.33709382493226
"105374981",7.33709362048868
"100271153",7.33709331563026
"728643",7.33709322302447
"23639",7.33709283156117
"11314",7.33709266742215
"54805",7.33709208893373
"353132",7.3327927262734
"390860",7.33086949931028
"100271465",7.33038261928808
"125875",7.31506141823717
"399888",7.30214726541058
"55839",7.29863410499003
"390999",7.2824714457989
"11100",7.276680499051
"412",7.27117632603742
"124902696",7.26658805556905
"63874",7.25564969614212
"8542",7.24949878473981
"57165",7.24741741706623
"100419436",7.23702703509502
"29920",7.22647646410757
"360158",7.20375689631219
"122965338",7.19868087128606
"347344",7.19867918421217
"164",7.18749858399453
"375567",7.16039667071186
"121268",7.15811131025199
"730291",7.12929670174731
"6451",7.11982081284543
"84639",7.11123693635505
"64784",7.11123639933016
"388242",7.10708308539611
"102725021",7.09646454823303
"28720",7.09407623087568
"79575",7.08808159051435
"3631",7.08808147299938
"29116",7.0880807171936
"100288637",7.08808049483542
"126328",7.08808023920652
"103910",7.08807887145898
"1196",7.07226654105644
"399857",7.07226642790936
"100033418",7.07226637572283
"25992",7.07226611958016
"6147",7.07226607743996
"23081",7.0722658662161
"8507",7.07226582545204
"84417",7.07226580955791
"246184",7.07226576596457
"347088",7.07226571608838
"7871",7.07226542576177
"160728",7.07226524485618
"10723",7.07226429613905
"388698",7.0722640239383
"56034",7.06922716490271
"51588",7.0662149758587
"9587",7.03457981357026
"8634",7.0312107426699
"9578",7.03121071954913
"8648",7.03121062846705
"11108",7.03120974235141
"54470",7.02305785771933
"2889",6.98521370239094
"642574",6.97469546583124
"1460",6.97401831355556
"54102",6.97194509517424
"202243",6.97166759663914
"59353",6.95822945541295
"7148",6.95822749025619
"9637",6.95822564046386
"100302522",6.93855454978877
"100420307",6.93625905591062
"8976",6.91437736986264
"23635",6.8970344000668
"219865",6.88547786871141
"92840",6.87918733377275
"100616114",6.87488994178707
"106479797",6.86315372578165
"9394",6.86164785376628
"155061",6.84186230491765
"9698",6.84167121367836
"51338",6.84167023276656
"5592",6.84166942357132
"3373",6.8416691771962
"107986524",6.84166892773594
"63925",6.84166827059402
"100129722",6.84166780251225
"23676",6.82568446193005
"1122",6.8104086767519
"3117",6.80329932585717
"663",6.80329676897427
"80179",6.8028556327206
"56979",6.79743193645402
"10076",6.7959969869093
"100129640",6.78721343366154
"9358",6.78715606980109
"105375336",6.78715536724418
"9765",6.78715474157356
"2145",6.78176976251211
"9827",6.78118498028199
"51134",6.77737309439295
"54892",6.77379257271155
"100129958",6.77365829226303
"64840",6.76330468368935
"642907",6.7633039716399
"4528",6.76330387841393
"60493",6.76330363682199
"8720",6.76330306865125
"51020",6.76330291075127
"288",6.76330281185351
"26576",6.76330164859707
"105375304",6.7633009604117
"80726",6.75274374253087
"23384",6.75136375283502
"120017342",6.7480528354481
"92106",6.74805255621427
"5587",6.74805216427045
"84689",6.74805176211092
"120526",6.74768749480642
"352954",6.74768734012163
"79714",6.74768630191841
"1438",6.74768594802151
"100129550",6.74768593829145
"283635",6.74768578027129
"497190",6.74768574872814
"1486",6.74768574100772
"124902189",6.74768557454156
"51250",6.74768543348082
"78986",6.74768539948156
"80315",6.74768537958468
"10682",6.7476853347782
"1805",6.74768530151605
"105370645",6.74768525725122
"138716",6.74768519711477
"64844",6.74768511357859
"728833",6.74768509807467
"5528",6.74768506782398
"102723605",6.74768503998556
"6049",6.74768495789934
"55617",6.74768490904086
"11320",6.74768489031212
"1237",6.74768471804902
"1544",6.74768471355511
"10161",6.74768449606899
"284825",6.74768446230994
"4860",6.74768445936103
"51538",6.74768433386724
"10484",6.74768403014071
"22871",6.74768397793945
"51759",6.74768392656754
"7498",6.74768386833123
"8345",6.74768378775981
"3706",6.74768327229938
"5836",6.74768313306704
"100289220",6.74768293059979
"114801",6.74768245745008
"103911",6.74593438458799
"55631",6.74270931629813
"101927573",6.70940912882525
"5232",6.69867124345337
"4739",6.69238132977567
"406896",6.6815765093589
"23157",6.66549409800743
"392138",6.66367756151422
"55847",6.66004003636208
"493754",6.65257673748814
"55343",6.64952914100258
"101928909",6.64894991317422
"221074",6.63640973555352
"29801",6.62650357088081
"6185",6.62332420830182
"345930",6.62332412259135
"84288",6.62332410515306
"8079",6.62332394412395
"81557",6.6233237197304
"7385",6.6233236791873
"10053",6.62332342305383
"89932",6.62332332918672
"6093",6.62332310214114
"644619",6.62332291308622
"100142659",6.62332281714712
"3758",6.62332180134884
"5393",6.61854233696296
"79644",6.6159250365586
"11321",6.61147292590533
"3119",6.61062734851858
"79925",6.60876424792709
"4110",6.60869813605757
"79098",6.60869664297908
"374654",6.60869580127631
"285195",6.6057696944376
"101927289",6.59310531726247
"157855",6.59310047933426
"100144748",6.59310021120667
"56127",6.59064810399827
"51062",6.58364752852652
"57794",6.58237469423127
"54964",6.57591194267676
"100130626",6.5681084489439
"401265",6.56019029312413
"159195",6.55449580369876
"677811",6.55162167823123
"55777",6.54628324485107
"7711",6.54103004676563
"100130301",6.53645685361441
"107985345",6.5301397311783
"7392",6.50930601103075
"10916",6.49681802751911
"29098",6.49210647823544
"106481796",6.47728605017399
"1240",6.4547648233858
"100419891",6.45393983812252
"101929753",6.45161014426203
"79603",6.44641575720409
"55142",6.44641548370641
"101929709",6.44309699108195
"91419",6.43777453683867
"6046",6.43469222244665
"101669766",6.41164476352307
"201283",6.40627476229305
"219681",6.40387466670128
"4137",6.40118768936243
"103",6.40118748736592
"5230",6.40117487630683
"7852",6.40103506113861
"8396",6.38731814289163
"100418877",6.38440426183457
"8403",6.3843991865107
"10521",6.36894863691281
"11155",6.3689474164754
"80127",6.36894398227896
"51703",6.36854912010632
"252884",6.36580589887579
"158434",6.36580564771898
"642987",6.36580563576172
"107985911",6.36580513346725
"23521",6.36580504845948
"122616",6.36580466435675
"6575",6.36580429646139
"79158",6.3658042375144
"60561",6.36580407513724
"196385",6.36580398861067
"728215",6.36580394390745
"55973",6.3658037094155
"7169",6.36580369577267
"54482",6.36580368410517
"353332",6.36580364197462
"645962",6.36580359731285
"100996609",6.36580283066953
"51768",6.36580260050563
"22993",6.3592347246178
"56147",6.35503002588649
"3009",6.35389959548113
"9667",6.35291233823247
"90701",6.35214465878662
"1606",6.34361381575465
"4286",6.3436135929237
"64116",6.34361348295734
"375346",6.34361208308927
"22908",6.3436118079167
"10159",6.34361161447888
"7399",6.33659651008366
"200159",6.33146900755208
"11281",6.32942526978808
"157574",6.32905876476854
"92979",6.32905874776222
"161436",6.32867736082836
"22949",6.32831496766005
"80741",6.32831490814226
"345630",6.32831482334016
"23063",6.3283146919363
"100421357",6.32831449303271
"55102",6.32831425089198
"3229",6.32831415702754
"388799",6.3283141464725
"285389",6.32831409099513
"29880",6.32831386166329
"26121",6.32831384572755
"3134",6.32831384350573
"81430",6.3283138325949
"51606",6.3283138090722
"56664",6.32831375656613
"9390",6.32831366492983
"132160",6.32831333898215
"39",6.32831332443915
"9321",6.32831324245433
"4838",6.32831320607575
"26504",6.32831304492717
"133",6.32831294717641
"55214",6.32831290119464
"26046",6.32831243170846
"28512",6.32831187012393
"78992",6.32753053300249
"140862",6.32713514175918
"100653233",6.32713445512734
"427",6.32713404418124
"51617",6.32550215304708
"161176",6.32387375673096
"55179",6.31034441462758
"27434",6.30280537832412
"2248",6.28391657924354
"652995",6.28142499486021
"1877",6.2789802826566
"779",6.277761641129
"105374661",6.27500045973624
"6845",6.26591360746055
"255812",6.25228952726233
"55054",6.25176184650414
"79172",6.25176177549688
"6700",6.24321811930701
"388722",6.24004239983344
"6720",6.23982581202392
"54920",6.23216989437376
"3549",6.23103581390306
"101241875",6.22825622097171
"3120",6.2212276323399
"130106",6.21779567440426
"441880",6.19620918671427
"649024",6.19068899925516
"100506211",6.18725851398605
"9215",6.17645461232315
"6440",6.17315572405942
"100287148",6.17260350342653
"64949",6.16547700023567
"728843",6.16519486768845
"284086",6.16303051034838
"93550",6.16297220495222
"390627",6.16199899170187
"101927815",6.15591736685847
"8076",6.13960290990865
"728488",6.13755858312982
"54718",6.1285942193795
"677824",6.12685766431103
"55635",6.12685723240089
"100873905",6.12685594511515
"1071",6.126311908439
"84134",6.12591435362083
"951",6.11937527730586
"1493",6.11889556831982
"100419639",6.11885061403054
"8449",6.11164130341851
"54764",6.1105716612176
"51374",6.10533196067502
"9406",6.10519132604636
"51780",6.10368781807756
"26047",6.10361554531508
"391777",6.10361396539101
"80306",6.10204013196034
"124901429",6.09383329484544
"7033",6.08148405369053
"368",6.07072915110986
"100874243",6.06332994398083
"339403",6.06279893880304
"11270",6.05781482825916
"100861513",6.0566672833398
"9189",6.05436108397289
"3593",6.05314725991641
"644054",6.0531453604146
"23350",6.05180387921006
"137735",6.05180320048009
"285878",6.05180309331146
"102682016",6.05180285983903
"51205",6.05180280968454
"102724631",6.05180252342545
"10206",6.05180248426719
"347734",6.05180199195223
"388925",6.05180198596886
"113452",6.05180189215059
"53904",6.05180180856502
"102723508",6.05180173345377
"6357",6.0518017195367
"7368",6.05180162226868
"5473",6.05180136255627
"728022",6.05180117023806
"105373805",6.05180086338267
"8992",6.05180080169921
"57002",6.05180060727341
"4189",6.05180050323157
"127495",6.05180007778082
"100289341",6.05179920952452
"388552",6.04937081720534
"653268",6.04081212279342
"25800",6.03503175841336
"101927788",6.01985518696292
"51621",6.01280582120076
"6344",6.01231103629272
"112724",6.00782462569432
"10417",6.00540739527351
"1809",6.0036495477712
"127138868",5.99984025062557
"107986100",5.9985195791075
"9750",5.9944677710408
"23219",5.99226160473699
"80818",5.99226083415927
"102724515",5.99225978831571
"649179",5.99179458527056
"6402",5.98959261579188
"105372652",5.9826372232668
"57519",5.97791670964755
"79792",5.96155800950966
"56853",5.9609178816835
"4793",5.95993580139408
"6741",5.9596585790597
"4849",5.95947914002906
"10973",5.95786732415798
"10629",5.95786606845917
"100131264",5.95769867516051
"677833",5.95769754609905
"6624",5.93781266850417
"2639",5.93683742712265
"25851",5.930892353317
"54332",5.9300479689467
"84071",5.92323579682194
"5636",5.91884253573254
"348840",5.91838750160188
"56130",5.91703428143295
"2791",5.91282288906824
"2288",5.91282263991116
"286444",5.91281996059193
"646278",5.9099493973295
"136051",5.90610391034648
"100873408",5.90594951776421
"7844",5.8985443337849
"4302",5.89811113095401
"100533182",5.8964079546688
"28420",5.89580060415464
"114804",5.89580037358438
"983",5.8956715652116
"1513",5.8956710483455
"122149300",5.8956703054164
"266747",5.86743702066982
"105375148",5.86652009338423
"2987",5.85972623670424
"101929775",5.85813251606586
"2835",5.85581363617147
"100505566",5.85127229627397
"58513",5.84450117916985
"255061",5.84113979248037
"25957",5.84113826381998
"7124",5.82987511990917
"400954",5.82925373823987
"1159",5.82651330783675
"715",5.82549378286545
"1949",5.8237229141473
"3956",5.82244519376041
"105375022",5.8080599589079
"28746",5.79981675406838
"4982",5.79950253399718
"64089",5.79825319074784
"5621",5.79477943075387
"102723510",5.79370295863556
"29943",5.79370268918011
"84277",5.79364023939189
"56896",5.79364006383223
"25915",5.7936394367321
"100126335",5.78924607324674
"10086",5.78874586709389
"6706",5.78149403200887
"57605",5.7805470397529
"3305",5.77865970998305
"146754",5.7786597055686
"124901882",5.77860312761552
"100271534",5.77859988059181
"100421468",5.77859912177848
"100506551",5.77859083942411
"5128",5.77800263552041
"2358",5.77798862759767
"55607",5.77366587287018
"284116",5.76940478133051
"11221",5.76885883200152
"200150",5.76231771698709
"5872",5.76231741634844
"114819",5.76231724585385
"100271211",5.7623164339098
"1645",5.76231576229495
"79823",5.75099759974356
"10739",5.7502011030515
"135656",5.74969014197762
"142",5.74968982558776
"10239",5.74968976161112
"94081",5.74968968688173
"25825",5.74968953491743
"100507679",5.74968944859703
"56122",5.74968934234589
"727851",5.74968926438326
"5146",5.7496891038062
"51227",5.7496890737573
"6711",5.74968895076369
"8473",5.7496888899421
"6136",5.74968870219956
"105375624",5.74968861380173
"105369557",5.74968860687907
"10311",5.74968848766759
"2941",5.74968841317507
"9179",5.74968796766206
"541",5.74968765884257
"56658",5.74968717120534
"5519",5.74968697221135
"3126",5.74357608731121
"57491",5.74212739315355
"2976",5.73984389403988
"441550",5.73875080039576
"135924",5.73500101123084
"106479428",5.73500070244353
"143872",5.73500069425155
"81688",5.73500019738086
"150527",5.73499985794704
"6282",5.73499980735467
"5685",5.73499959609552
"10360",5.7349993386739
"3304",5.73499933235117
"105373999",5.73499930977908
"55958",5.73499928737605
"9550",5.73499913291721
"10399",5.73499903111876
"107075105",5.7349989839327
"100506658",5.73499894155007
"54455",5.73499893608465
"53353",5.73499893597255
"51143",5.73499885930744
"100419558",5.73499884443112
"220972",5.73499883098759
"84319",5.73499879442855
"6712",5.73499877697892
"148203",5.7349986941604
"55783",5.73499868825889
"7980",5.7349985991447
"26958",5.73499853347482
"10984",5.73499852689799
"8294",5.73499831545618
"100271651",5.73499826346089
"101927911",5.73499824425364
"10131",5.73499822283076
"1589",5.73499820980652
"28983",5.73499819912301
"27334",5.73499813339614
"480",5.73499812362759
"3811",5.73499811805869
"57623",5.73499809455557
"8392",5.73499804106281
"92579",5.73499804044467
"6126",5.73499799762425
"646962",5.73499788268686
"140597",5.73499783684001
"6721",5.73499670174307
"63036",5.73499665158879
"55345",5.73499662741532
"4758",5.73499628183434
"115286",5.73499610888373
"11061",5.73377397517716
"2055",5.73377307343335
"55278",5.73377247774433
"24145",5.73377189404953
"3579",5.73377175252096
"10568",5.73263656708638
"9077",5.72855789262417
"10343",5.71470277035213
"54930",5.71221995319803
"57834",5.71078640381594
"10590",5.70872424849173
"29985",5.70526367477421
"622",5.70505039692502
"9632",5.70370621397163
"10127",5.69882782347544
"106479386",5.68341790311
"124901039",5.68326465902748
"101927934",5.67840027102015
"55748",5.67775150332534
"6257",5.67775121209533
"51259",5.67772603818203
"25911",5.67761971905616
"6534",5.6773786574958
"7919",5.67665234554304
"126433",5.67459988167194
"107985380",5.65618998366908
"283933",5.65173422525273
"29928",5.65082570407349
"23401",5.64920401267823
"79919",5.64920385241171
"1448",5.64920361959622
"5445",5.64920358790736
"493812",5.64920354038646
"127733",5.6492030749619
"125488",5.64920300438348
"124901020",5.64920272041624
"5345",5.6492027151695
"1000",5.64920263979541
"146429",5.64920260393703
"54832",5.64920253038302
"57531",5.64920242973686
"55275",5.64920220619734
"9437",5.64920220075935
"23498",5.6492018765734
"645957",5.64920162847418
"26247",5.64920158964672
"387036",5.64920156910326
"6500",5.64920135605479
"11059",5.64920123280767
"6196",5.64920094547261
"100033430",5.64920029017164
"105372280",5.64749918908766
"5422",5.64681637839355
"84959",5.64165016303693
"4063",5.6401217455594
"134492",5.63800950450464
"200558",5.63383662704081
"400823",5.62714955231805
"3642",5.62556745924312
"10371",5.6219805309459
"4738",5.62048980672766
"90417",5.61985572210279
"105369192",5.61267572506278
"256281",5.6125607104633
"9457",5.61210986950445
"6483",5.6107968304136
"4322",5.60743239869614
"30837",5.60743182845648
"440078",5.60193306713537
"55251",5.59888614200119
"10261",5.59887709294015
"51108",5.59559306179351
"284023",5.59442984653975
"100271422",5.58850321043484
"693182",5.57837988380179
"2829",5.57610822578523
"54573",5.57512324453934
"22797",5.57453053576942
"84321",5.5625879758532
"105370591",5.55521639945209
"4948",5.54842016244271
"643650",5.54778819899185
"1265",5.53182266509817
"56916",5.52994819047123
"317705",5.52638393476956
"23161",5.52616040796842
"51107",5.52405094220466
"100169768",5.5237451127175
"23126",5.52093695440425
"259296",5.51627880576746
"100271226",5.51054562158963
"1800",5.50765719715015
"26532",5.50564105090056
"4700",5.50397057218233
"1407",5.49292590536604
"594837",5.47920098820157
"101929563",5.47174477367169
"101928264",5.46909350170077
"284100",5.4645480929932
"78990",5.46085327219309
"7324",5.46077892751097
"10781",5.46077814071893
"338322",5.45708987611668
"55652",5.45445065031066
"105374366",5.45128744822887
"7179",5.44978828546656
"2395",5.44961668306889
"6646",5.44840997708361
"388132",5.44840881718173
"230",5.44711118529615
"767583",5.44479422053587
"26793",5.44340479011368
"100419028",5.43891494319564
"195828",5.43891357525653
"677845",5.43891241366157
"100874111",5.43158391294532
"100526694",5.42858567555176
"205327",5.42652231759121
"100132979",5.42251549707785
"3112",5.42043396459184
"57532",5.4201600462946
"3171",5.42015895538704
"285556",5.42012821465709
"100132891",5.42006460814103
"645558",5.41989628738185
"4291",5.40581994765693
"308",5.4029177080749
"9836",5.39712248536277
"59307",5.39366498334575
"100133265",5.38979531511096
"54535",5.38663697799482
"91749",5.3798869619954
"7088",5.37720729556629
"9910",5.3738447879617
"3773",5.37384428118915
"3832",5.37381295628624
"55929",5.37380958547875
"1801",5.37379554409887
"1236",5.37379436349841
"9263",5.3737939141917
"5671",5.37379373857839
"253827",5.37379353671305
"101060542",5.37307645189918
"4725",5.37205369716229
"23305",5.37205304450128
"1345",5.37013347924772
"54586",5.36651755427433
"9228",5.36556377306529
"100130108",5.36510294835394
"167465",5.36469270425156
"7444",5.36410448767829
"100287513",5.36180985237888
"50854",5.36087536490527
"7056",5.35911896223689
"729674",5.35911864319087
"101927259",5.35911758305841
"7053",5.35911737959973
"284756",5.3591170186866
"2904",5.35911690728859
"467",5.35911687333061
"56901",5.35910065101583
"8409",5.35909932507449
"23326",5.35834524934926
"644538",5.35090791493903
"890",5.346727232404
"8772",5.3452464262822
"57175",5.341744706528
"408263",5.34119607033172
"54566",5.33883555176288
"100886964",5.33324399482492
"100310846",5.33076945333544
"192666",5.33021092644313
"11001",5.32914835865417
"400360",5.32397024018287
"23500",5.32359005363181
"400238",5.32030443004372
"2968",5.31361868604323
"645296",5.31263039528605
"51399",5.31162312253686
"57798",5.3104251754474
"2993",5.31042485863947
"254956",5.30897687170927
"388649",5.30748115584016
"11337",5.30567245012783
"728430",5.30567242330823
"26287",5.30532889912474
"84334",5.30251482236036
"389941",5.30099254446928
"285643",5.29569458382264
"2011",5.29504318381559
"7850",5.29004330755366
"2314",5.28955058278107
"392390",5.28788875618588
"84070",5.28781810605043
"142680",5.28486737995745
"164714",5.28434630090749
"338",5.28158659591395
"1632",5.27937949204239
"56957",5.27788729550953
"10395",5.27788513686473
"124906280",5.27035021670307
"148823",5.26863005098199
"54749",5.26763220505711
"79625",5.26695229970368
"101928795",5.26689526724193
"128414",5.26609320544044
"54620",5.26560819264922
"374987",5.26488613496072
"727936",5.26415773555595
"90624",5.25917117856495
"400359",5.252932665933
"100270943",5.25094705364187
"145814",5.24981713899525
"55339",5.2408876666237
"29035",5.23583498171398
"105372779",5.22508748537573
"5164",5.22313364834203
"90193",5.22203642555378
"10919",5.21889423650528
"5831",5.21746506362255
"10367",5.2137085801809
"84243",5.20896358715232
"102724329",5.2072251086042
"324",5.20401010175599
"26147",5.20400651183976
"51257",5.19870578727611
"9389",5.19751686800784
"4854",5.19260222082119
"4710",5.18918107789223
"28733",5.18250277678877
"100271181",5.18090512087208
"641614",5.18090411083488
"758",5.18090404040321
"11074",5.18090403789342
"26035",5.18090394219329
"26127",5.18090370392241
"130814",5.18090368721806
"54658",5.18090322424974
"151531",5.1809031870423
"3608",5.18090300986686
"654816",5.18090289477632
"84142",5.18090275913879
"102465473",5.18090275767801
"729332",5.18090275273729
"6271",5.1809027169781
"285590",5.18090270859766
"79258",5.18090262008045
"51314",5.18090258877762
"11039",5.18090257423564
"56950",5.18090255556431
"2013",5.18090251720303
"106865373",5.18090251618878
"105369759",5.1809024756972
"79165",5.18090234441083
"6349",5.18090234355803
"65990",5.18090219971549
"125177376",5.18090212571935
"112577518",5.18090212455605
"83932",5.18090209879942
"10282",5.18090207739914
"728339",5.18090202781381
"51649",5.18090183062799
"729978",5.18090179416518
"862",5.18090133696651
"51371",5.18090133419712
"729467",5.18090126824547
"6541",5.18090126629873
"55969",5.18090115175294
"402152",5.18090109171084
"100996570",5.18090106993424
"10950",5.18090102674559
"729852",5.18090097519514
"152098",5.18090064015124
"10116",5.18073692815175
"2063",5.17899919054223
"8552",5.17630303143707
"646745",5.1758034474434
"105369154",5.17524285571799
"401992",5.17441288981645
"7955",5.17438028557693
"154442",5.17288880056593
"107986001",5.17288436678547
"115004",5.17169106944681
"391356",5.16742887395026
"3074",5.16737929091534
"1508",5.16723334719492
"399671",5.16461965735702
"51014",5.16461841339231
"102723654",5.16461833604131
"2694",5.16461780712762
"6477",5.16461750630948
"908",5.16461729585268
"79961",5.1646168527121
"387700",5.16443323411891
"693178",5.16129950424739
"107987545",5.15967393275044
"80317",5.15967331296041
"50838",5.15967308418226
"8809",5.15967268801064
"286186",5.15953204566432
"8000",5.15874993845566
"23534",5.15810509364457
"340393",5.15641426691814
"653361",5.15282327718955
"24",5.1447725816978
"55286",5.14415578315614
"51002",5.14238676646107
"84620",5.13602979035428
"28926",5.13315350964875
"79924",5.13085627416814
"5959",5.13064476263228
"119395",5.12977498991959
"5888",5.12707341296038
"26267",5.12607461412256
"3559",5.125427007728
"9489",5.12339054255594
"105373509",5.12228424198986
"4070",5.12221544216956
"130888",5.12076721747865
"92960",5.10928466205473
"25907",5.10883767218454
"64750",5.10522158889091
"260294",5.10522049204434
"57211",5.10522002782594
"653653",5.10519541491802
"4642",5.10519533762235
"28907",5.1051949797293
"3908",5.10519426815256
"644660",5.10519393369514
"56903",5.1005959822627
"3590",5.09910292929099
"105369347",5.09778442485971
"84937",5.09311559145874
"9588",5.0919935071269
"151658",5.09193488210305
"55653",5.09118702599905
"720",5.09034593143269
"23531",5.08853348854694
"55803",5.08809331543826
"8605",5.08788635601086
"6956",5.08723148766792
"81236",5.08666359304534
"6953",5.08460906674199
"9172",5.08324438672951
"340268",5.07929400598789
"5880",5.07929077190615
"10806",5.0787798612508
"105377372",5.0782944413721
"102724596",5.07579569079279
"57144",5.07413581984313
"28706",5.07297597916572
"4303",5.07144116561044
"8220",5.07029991599424
"58524",5.06940590399891
"164781",5.0688942735976
"56006",5.06344066945905
"23231",5.06343860241951
"8447",5.06218015510623
"9391",5.05659893158406
"1024",5.05574679023661
"5292",5.0555543000224
"101928856",5.05489211079561
"23786",5.05296155307522
"651628",5.05184045167993
"3139",5.04764547218586
"127379687",5.04748128467139
"8862",5.04467702378397
"817",5.04315096360077
"127700",5.0424231299753
"342666",5.03977310873389
"84679",5.03951052241128
"100131211",5.03644045018952
"128989",5.03274597483999
"1262",5.03265715427456
"645166",5.0326190935215
"79839",5.03261864451615
"619564",5.02826626515362
"221955",5.02532536253176
"100419732",5.02394792576524
"105374928",5.02361839248294
"115482720",5.02013747979322
"343069",5.02001188084592
"9397",5.01162815803727
"100288533",5.00933490103901
"63027",5.00744762951511
"550643",5.00632841045253
"4659",5.00342802426286
"100526740",5.00295197335307
"26051",4.99848005163501
"64175",4.99702057698052
"5733",4.99596748722534
"4780",4.99267015301006
"2230",4.98826097246423
"196483",4.98712882503648
"145858",4.987051301588
"81890",4.9778669746709
"64388",4.97589776399235
"56270",4.97464552226277
"613038",4.97299563763344
"26355",4.9704035581087
"664616",4.96804551878829
"9049",4.96376810576102
"9874",4.96242130233543
"388939",4.96018064373694
"847",4.95963856440309
"102724428",4.95834603706836
"100271430",4.95024690985478
"2805",4.94714747306508
"26270",4.94481112760843
"84520",4.94410064201533
"106479284",4.93657918319064
"664612",4.93611150443052
"27143",4.93053658415066
"100422339",4.92163996563357
"51224",4.92163642732286
"441331",4.91760775702555
"105374174",4.91614091349706
"727956",4.9142746598698
"10449",4.91086657435704
"6524",4.90957165007825
"8531",4.90718354127433
"10650",4.90089999675264
"100270790",4.9004624651906
"124904136",4.89876119472284
"128312",4.89700809784195
"27166",4.89665448206253
"101929188",4.89531449016982
"100130871",4.89322224986225
"100506243",4.89267657632605
"100616252",4.88747917659513
"100131289",4.88646346629305
"3702",4.88601526990537
"105376121",4.88209730192295
"7789",4.88151363254498
"221178",4.88151267061727
"253017",4.87323467346773
"29951",4.87268065779321
"28753",4.87028171606583
"144233",4.86504809387705
"10133",4.86487384531642
"1620",4.86487243280503
"57508",4.86014744362219
"58485",4.85912631159262
"101929704",4.8586901531674
"716",4.85011163532833
"8500",4.84837442321792
"29109",4.84627593065826
"11283",4.84603000511628
"284191",4.8455662094912
"4586",4.83429313399157
"11222",4.83343637571419
"83461",4.8307253641692
"105372161",4.82382666459065
"653427",4.82274140461216
"112577465",4.82188661053306
"4240",4.81963559754508
"399959",4.81891861748671
"113444",4.81594707328234
"81037",4.81449018679914
"4726",4.81311293816717
"2483",4.8112850159984
"107985694",4.81122710258761
"94107",4.80823979228131
"493861",4.80610152731086
"51635",4.80453804433593
"2317",4.80339913661813
"4261",4.80040727230171
"50835",4.79966772676636
"150290",4.79698805105654
"10280",4.79690864415751
"79073",4.79675469658565
"100874264",4.79638861957225
"3362",4.79497473568834
"89884",4.79478637425818
"80110",4.79404397872769
"9745",4.79293736964999
"27255",4.7898131309718
"101928464",4.789731544347
"3814",4.78569110902528
"51428",4.78501500945318
"9470",4.78196027487149
"728888",4.78122533454654
"6193",4.78122496455682
"728224",4.78122432755951
"5780",4.78122397513764
"24141",4.78122363886852
"4931",4.78122358899516
"2529",4.78114363886506
"414061",4.78114339619977
"124907726",4.78114250556059
"29796",4.78012361161225
"643309",4.77951181354557
"27124",4.77901043315369
"728464",4.77782566119227
"101927274",4.77556319972144
"3105",4.77272328517353
"4363",4.77110250518138
"389906",4.76903474299027
"280636",4.76707900117366
"10599",4.76707899956238
"63939",4.76707899745239
"114814",4.76707893160297
"79187",4.76707880465553
"109616965",4.76707858562022
"79969",4.76707786906997
"3501",4.76707770510761
"2932",4.76707675620353
"9536",4.7670459100151
"51524",4.76704490215011
"124906201",4.76704326498115
"30817",4.76700117597902
"401337",4.7669993642836
"89970",4.76639925160151
"23397",4.76269968154711
"121599",4.76217107589921
"100873978",4.762170866606
"2213",4.76144356973412
"84966",4.75827149528914
"3115",4.75505884293626
"106479474",4.74845399177561
"9162",4.74769258848705
"53373",4.74769236493948
"387",4.74769229449189
"1630",4.74769161853363
"220416",4.74769079236895
"8435",4.74488006965726
"57407",4.74359800074087
"41",4.74354119683289
"79634",4.73841817458711
"57761",4.73811305082308
"339977",4.73684312128031
"80168",4.73475251818235
"79611",4.73419035393811
"100271313",4.72928826362658
"10587",4.72902504015262
"100287016",4.72675322548686
"57338",4.72600848662784
"100169851",4.7224105861015
"3155",4.71669536703297
"102723347",4.71414274006645
"10494",4.71389236229752
"66036",4.71261211659096
"90326",4.71048750117958
"283521",4.70788863420469
"9362",4.7053429829522
"140578",4.70484348619889
"390876",4.70283352904349
"23509",4.70104074724773
"84329",4.69961204799483
"10665",4.69961105745202
"112268176",4.69953747324984
"30012",4.69942922666535
"414301",4.69812426178186
"693225",4.69726816915697
"26020",4.69130978288979
"26094",4.68889100586275
"124900214",4.68233100422314
"5980",4.67787699688453
"55009",4.6751215913751
"5982",4.67401442983239
"60592",4.67229388229097
"9990",4.6722918402651
"2261",4.67191912181623
"83698",4.67174756737109
"116844",4.67127841426323
"284654",4.66906146896738
"4352",4.66887926503579
"100270865",4.665646981137
"9182",4.66543445248907
"84465",4.66385700289171
"102723789",4.66244663676297
"6263",4.65909509864992
"2497",4.65727341323128
"51121",4.65547297321207
"107985770",4.65241888858945
"100873356",4.65141408886846
"558",4.64977374623386
"8673",4.64721126005836
"9782",4.64369393357967
"347744",4.64327953638528
"126868",4.64176956502763
"8705",4.64016608099046
"730070",4.63693576998894
"339456",4.63453631532845
"7874",4.63412487806236
"80303",4.63275397716632
"100130015",4.63259181520729
"844",4.63075542126895
"64131",4.63075540795085
"741",4.63027446011081
"441430",4.63027418997094
"6504",4.63027398259115
"8731",4.63027397889079
"26297",4.63027397421189
"79154",4.63027394392269
"100505774",4.6302739049649
"254863",4.6302739044849
"150928",4.63027388861169
"162966",4.63027375998829
"126326",4.63027366677932
"3954",4.63027364991613
"3651",4.6302735350852
"8533",4.63027347833238
"79022",4.630273459235
"4729",4.63027345738188
"310",4.63027341572396
"1519",4.63027339721583
"54442",4.63027339397735
"9277",4.63027337219025
"9899",4.63027333909947
"115072896",4.63027333421531
"222236",4.63027332438746
"4338",4.6302732782905
"5825",4.63027326934348
"375387",4.63027325776888
"106481847",4.6302732488956
"100996643",4.6302732385041
"10237",4.63027323020266
"2894",4.6302731881284
"25801",4.63027318787405
"7514",4.63027318321421
"677838",4.6302731676424
"105755953",4.63027316678485
"728635",4.63027316081332
"83886",4.63027311963703
"3538",4.6302731180239
"54499",4.63027308790525
"161",4.63027306149122
"102724190",4.63027305585212
"10450",4.63027305200388
"10383",4.6302730314238
"9364",4.63027303068628
"54927",4.63027300310548
"55808",4.63027297791643
"6855",4.63027295069697
"342035",4.63027291692918
"401018",4.63027290209779
"353345",4.63027287334512
"23211",4.63027283715405
"1776",4.63027277748009
"11280",4.63027272200292
"283955",4.63027267460713
"4712",4.63027260555016
"643974",4.6302726026928
"7288",4.63027257479704
"51643",4.63027250942258
"3638",4.63027249318067
"107984539",4.63027246072275
"389336",4.63027245932973
"51765",4.6302723299092
"2746",4.63027232886283
"22931",4.63027217787801
"619568",4.63027215562537
"100130391",4.63027211813381
"124900332",4.63027210993892
"79168",4.63027210882001
"101928784",4.63027205766869
"2044",4.63027204342977
"440345",4.63027201536146
"653082",4.63027197421603
"219623",4.63027194423631
"6434",4.63027191460228
"9635",4.63027174131506
"100874512",4.63027167064319
"124903564",4.63027153589612
"2067",4.63027152342087
"2965",4.63027144033248
"693188",4.63027143002048
"101929227",4.6302714267396
"117145",4.63027142205303
"158",4.63027138713572
"101060389",4.63027134734456
"100419855",4.63027129015379
"100507436",4.63027118931961
"54472",4.63027102492246
"27141",4.6302709079593
"7163",4.63027086851709
"107133524",4.63027064087755
"727842",4.63027061695333
"56648",4.63027044112136
"55173",4.63026991420974
"643376",4.62809988493187
"105377203",4.62555158787882
"54733",4.62444165310894
"55615",4.62380890298246
"389376",4.62379279741837
"105376541",4.62377184713753
"4868",4.6235009852253
"7922",4.62088956760928
"259197",4.61811850801321
"339559",4.61403347215307
"26175",4.61403340250191
"64963",4.61403331525014
"11343",4.61403250910586
"1638",4.6140323717825
"79949",4.61403231718098
"64431",4.61403230839162
"10243",4.61403229060179
"51373",4.6140322771486
"6837",4.61403221251145
"439965",4.61403220679456
"2799",4.61403215747098
"6984",4.61403209279548
"4267",4.61403208060765
"285095",4.6140319560443
"79923",4.61403194934648
"23",4.61403191772578
"892",4.61403187035183
"124901995",4.61403185029089
"643707",4.61403181510533
"839",4.61403172427941
"1351",4.61403162941979
"6714",4.61403155415097
"388714",4.61403140251596
"23617",4.61403118880077
"1108",4.61403107517335
"9180",4.61403107074587
"100507347",4.61403104342552
"53407",4.6140310249076
"7957",4.61403094978789
"84281",4.61403091214611
"83440",4.61403089292876
"5511",4.61403088077936
"957",4.61403084336072
"105376070",4.61403061141766
"23303",4.61403060095097
"203547",4.61403041653515
"339448",4.61403040180067
"54878",4.61403036704989
"6789",4.61403031325521
"55616",4.61403028593858
"100506874",4.61403022100469
"340811",4.61403009473583
"2963",4.61403007970868
"100271553",4.61402986891086
"79740",4.61402963018168
"101929959",4.61402949949411
"100996501",4.61402938990403
"105376554",4.61402933634486
"617",4.60885573590647
"23583",4.60473285519114
"645630",4.60299272282094
"6570",4.60051144684898
"124904548",4.60020455690339
"199221",4.6000310924776
"151242",4.59685951046972
"124583",4.59447443600777
"83667",4.59433818698726
"149420",4.59414100591236
"10218",4.5931838626623
"5138",4.59300895292191
"94097",4.58883198403514
"6941",4.58618206462051
"644464",4.58286258889665
"166647",4.58286246657417
"5799",4.58286220679388
"100129337",4.58286189182441
"7411",4.58286175667706
"5719",4.58286169445259
"55094",4.58286164127765
"2633",4.58286129365794
"3398",4.58248187894032
"5212",4.57921406517958
"114515518",4.57903083707334
"54487",4.57766009268088
"100505741",4.57300338227728
"6203",4.57103430194889
"138255",4.56977637071728
"116969",4.56956871161084
"11248",4.56688401069604
"23649",4.5657854828379
"9686",4.56578520529043
"100506020",4.565145834183
"23248",4.56061291746626
"11069",4.55998093116083
"4684",4.55918444703595
"100113386",4.55849798078348
"105377940",4.5577895906451
"390992",4.55413871805165
"5321",4.55153164411794
"677778",4.55107213843149
"23041",4.55097507582752
"112936",4.55091982199821
"9404",4.54996389291827
"100287635",4.5473600813996
"219938",4.54365734438529
"100421273",4.54346353936406
"22883",4.54112855643215
"8548",4.5354863697364
"23567",4.53366901065351
"64850",4.53275533899659
"375316",4.52959881414805
"29937",4.52788209084257
"283624",4.52774080092605
"442097",4.52693832491284
"106480690",4.52615030313325
"255189",4.52452334800939
"100507254",4.52441308120574
"284486",4.52322012153424
"161635",4.52243218267537
"27177",4.52186317912293
"10150",4.51727897524302
"84108",4.51644915496875
"100287898",4.51567808052932
"100996465",4.51437164174357
"9416",4.51428139033136
"27235",4.5135054298977
"132789",4.51125647529203
"84893",4.51105748704865
"7993",4.51081445886634
"7453",4.5108121875569
"100861549",4.5102770548565
"124903319",4.50710438462021
"25983",4.50685055963499
"55187",4.50685047981462
"7525",4.50447814668404
"116",4.50383347191306
"5585",4.50307078209595
"4848",4.50297936833296
"100288948",4.5016793588616
"2696",4.5016028216983
"23670",4.50159381238914
"105378668",4.50025952550128
"4084",4.49825328017138
"28996",4.49744459871694
"79650",4.49704661789949
"28671",4.49080760682224
"1842",4.48910724189086
"2767",4.48581799371252
"124900564",4.48527146930674
"2116",4.48520410458647
"6048",4.48190751684835
"1281",4.4814691953129
"151648",4.48145390546456
"51422",4.48054168915382
"79586",4.47977111002725
"1616",4.47865578173221
"154043",4.47811773750245
"5459",4.47695726277346
"7343",4.47662031358121
"10782",4.47396705358399
"57216",4.47293139102697
"55692",4.46902728689343
"285193",4.46720388679571
"107984948",4.46648128979824
"9741",4.46648075830842
"127670",4.46605049133789
"693189",4.4641957909739
"10910",4.46266969535812
"119139901",4.46045203529553
"347517",4.46040471857669
"105373594",4.45876119849083
"11336",4.45728464823159
"83439",4.45301097785955
"23526",4.44937896742513
"4626",4.44846037349554
"78997",4.44664861957011
"2228",4.44612358913189
"23409",4.4438687976983
"286530",4.44289396738317
"391739",4.44025739325414
"51604",4.44011586516819
"101929086",4.43916688520301
"442252",4.43794144353578
"727919",4.43603269282783
"116173",4.43579067215597
"101926890",4.43507982533373
"100506495",4.43432044624823
"5698",4.43431920312382
"6439",4.43423050790938
"201176",4.43419585923196
"101927151",4.43395094644073
"79078",4.43334661497865
"80325",4.43165206572941
"200185",4.43147825486073
"442712",4.42978145871588
"100289150",4.42927574490005
"9231",4.42591054764212
"51560",4.42129325339057
"124976",4.42129029024866
"5048",4.41946102955635
"401463",4.4191747433546
"619505",4.41864906506638
"8358",4.41697231333713
"399968",4.41335544194104
"100506071",4.4133539498155
"285659",4.4129162394003
"945",4.41224752915131
"8239",4.41084543281368
"4715",4.410054616163
"133418",4.40798945751962
"170679",4.40600146739744
"54862",4.40519596925161
"4693",4.40484503372417
"100288001",4.40158891556407
"284759",4.40149054443837
"54815",4.40089589879643
"6352",4.39815294090026
"9704",4.3978575858453
"84798",4.39718413862671
"85824",4.39371965300716
"55608",4.39325592883973
"390028",4.39288509674147
"728700",4.39111175982858
"28600",4.39036966159325
"284992",4.39016680953945
"222171",4.38989874116855
"7768",4.38589346150501
"4440",4.38401622366759
"406886",4.38151350396943
"3679",4.37999499641256
"56647",4.37409056619116
"51281",4.37033323550101
"604",4.36999487389687
"2167",4.36999393429739
"6782",4.36944078582202
"3205",4.36944039999492
"10328",4.36944017164249
"122149304",4.36836338907901
"29934",4.36677180830173
"11040",4.36673616540783
"8837",4.36542791269921
"10721",4.36301078273534
"81793",4.36294428049552
"10444",4.35997515352895
"391548",4.35915456699847
"65008",4.35483933337957
"100303453",4.35131596320282
"22837",4.35106096063278
"28919",4.35105861228424
"100131760",4.35101175325979
"150221",4.34965638327194
"150209",4.34864331778097
"4496",4.34741841634207
"6322",4.3457917921116
"6954",4.34538297966918
"100873913",4.34192298328827
"654346",4.34107139513867
"5939",4.33907908520807
"10329",4.33786222833477
"400831",4.33744816382349
"2332",4.33743538386216
"100289388",4.33568287298292
"26333",4.33548868641182
"80736",4.33546284649263
"56311",4.33369678076489
"124901107",4.3332216269447
"100506142",4.33289369129317
"55937",4.33286749922242
"57496",4.33197014988944
"644186",4.33179675153492
"10874",4.33137716436495
"100505915",4.32907850672105
"100874150",4.32869108678886
"6427",4.32562979087063
"26505",4.32062014692732
"131616",4.31955504468051
"26290",4.31770407112777
"222389",4.31770354271663
"100506737",4.31275537405914
"401398",4.31071805291759
"643382",4.31041411072948
"5570",4.30638062745992
"693159",4.30514095037886
"121536",4.304700792385
"2975",4.30418663328963
"100533852",4.30381677030587
"94162",4.30368424075535
"2888",4.30052038010266
"9589",4.29812626463281
"401975",4.29722454013814
"54545",4.2965627368568
"259249",4.29413966913791
"59277",4.29212054582986
"6368",4.29019282797791
"80131",4.2899017580367
"10486",4.28848145368707
"441996",4.28753127205611
"3995",4.28619809292363
"537",4.28613861665476
"155038",4.28273558306146
"8829",4.28196435311307
"106480207",4.28156107357956
"106479268",4.28047578666342
"126014",4.27961958537231
"283375",4.27685834655903
"57461",4.27476475812831
"100271301",4.27423902331655
"100418799",4.2738038670862
"3236",4.27107564398415
"2204",4.26911716777922
"374819",4.26088524683795
"6672",4.25623321234759
"23476",4.25427622172082
"203076",4.25304481807942
"26827",4.25279888137821
"100422976",4.25181176256226
"85443",4.25140514728673
"100419974",4.25121951901711
"105377451",4.25115983434035
"10350",4.25087939782571
"80755",4.25040039288186
"7171",4.24948909250716
"115761",4.24903079458342
"5626",4.24773682100412
"64834",4.24434263401988
"105378415",4.24271680015701
"5460",4.24254068645844
"101928337",4.23947165342962
"642317",4.23834763534511
"7494",4.23814708564098
"79799",4.23727072532388
"7805",4.23453009040604
"100616409",4.23402069636627
"645864",4.23381692294875
"9501",4.23324141731765
"107984875",4.2315675338505
"3661",4.22951618974674
"114900",4.22936955992738
"140883",4.22904124812838
"55259",4.22689950229565
"79822",4.22290896272977
"5727",4.2200098072719
"10426",4.21981081633296
"3670",4.21980961047044
"28774",4.21980954836028
"340581",4.21957956696492
"80262",4.21956052095463
"285636",4.21956047620959
"100507463",4.21956023432894
"53840",4.21955965072228
"1459",4.21955878173
"79637",4.21950308680082
"2821",4.21950295993086
"55314",4.21950264429646
"338442",4.21840150631091
"140577505",4.2179919168473
"22853",4.21798756208271
"101929631",4.21705317016849
"26538",4.21150013971571
"56160",4.20480628382696
"643859",4.20081825929763
"100885775",4.20021314621772
"57541",4.19897286677767
"84824",4.19520715013364
"57717",4.19479953686553
"102723692",4.1936663931155
"84905",4.1934338206866
"3113",4.19238179472546
"378",4.19170420812673
"100996579",4.19093586938096
"202052",4.19042844972061
"100506314",4.19019967228082
"5121",4.18900818138581
"5322",4.18832700525049
"55352",4.18803440238065
"127833",4.18788311579369
"100131726",4.18527118139611
"11332",4.18260930487447
"55922",4.18202799938713
"100302133",4.17953727475501
"729682",4.17937868348363
"79979",4.17928882621908
"1773",4.17899118533139
"10891",4.17544194101507
"100420341",4.17544147847692
"440097",4.17365246891399
"57038",4.17267634967701
"168433",4.17212398555754
"160140",4.17049791129007
"25802",4.16757599991685
"107985203",4.16752479630972
"118597835",4.1670964222245
"9375",4.16656651490017
"100874427",4.16382191884254
"11041",4.16083332222026
"104326058",4.16018961751269
"29989",4.16008326612955
"401577",4.15803934689642
"871",4.15800588072034
"177",4.15603911481556
"114571",4.15460450754717
"4803",4.15297644161647
"10509",4.15204595154201
"79366",4.15155446733638
"224",4.14980571482375
"84830",4.14869836969322
"54082",4.14863990409353
"2049",4.14839950894002
"57689",4.14579460094188
"55860",4.14579410263248
"440193",4.14400105743266
"90627",4.14381770712018
"9326",4.14124934999151
"5540",4.13675953213401
"54880",4.13659740192975
"342374",4.13413644228807
"377007",4.13376894667313
"118812",4.13234782209581
"1006",4.13187749237067
"3805",4.13173436731172
"51092",4.1300273622871
"390195",4.1290856780327
"79008",4.12863785239114
"139425",4.12822864050203
"101927430",4.1254901885935
"101927963",4.12540089472971
"84314",4.12455888478078
"23647",4.12086398900821
"83444",4.12071727747379
"642460",4.11871111688741
"1",4.11731097862741
"100874018",4.11718524537767
"114791",4.1170609529066
"23566",4.11687043281236
"440900",4.11229668048025
"285343",4.11021772574082
"285782",4.10997925981382
"105373888",4.10887787357953
"127396",4.10886491183962
"100132565",4.10734994437421
"25923",4.10638470171184
"10231",4.10591513200227
"3226",4.10462478180853
"123706507",4.10223677537749
"10018",4.09871906888435
"9348",4.09587874512373
"349152",4.09587524778272
"100033458",4.09576084954171
"5950",4.09532302945956
"114822",4.0947381494174
"100506085",4.09419536491424
"340895",4.0937276003388
"23329",4.09260626458691
"10992",4.09143750267796
"22796",4.09103730966165
"123876",4.08913001762257
"29057",4.08842298194736
"391102",4.08602228046186
"1022",4.08409108741326
"116931",4.08258148761553
"9465",4.08255500744913
"475",4.08255373631071
"570",4.08255352402067
"3952",4.08255214722955
"146562",4.08201658210177
"134466",4.08121218283324
"100418740",4.08121158663656
"7564",4.08121065768287
"27006",4.08105040118069
"11240",4.07769587596968
"148741",4.07757297165852
"5173",4.07738440693038
"29930",4.07718565420218
"23533",4.07706518027877
"8331",4.07682739516239
"102724047",4.07635807967327
"5962",4.07507220776163
"10317",4.07481780526496
"768220",4.07445070594175
"10135",4.073045557414
"7582",4.07029356273707
"1434",4.06999208680125
"389668",4.06871422612786
"353091",4.06871384062465
"400579",4.06845763994194
"105374716",4.0682232197701
"65989",4.06786906466677
"27314",4.06690500611605
"8602",4.06597658674781
"147184",4.06366862549645
"7384",4.06366781194249
"1839",4.06210087019746
"337977",4.06157290176158
"399886",4.05952469792691
"199746",4.05917142810667
"122769",4.05621716058385
"5961",4.05562913522904
"346525",4.05562674444114
"29072",4.05374779882154
"165631",4.05374435906895
"100270952",4.04929575993762
"5326",4.04840443442117
"23641",4.04626771374758
"29940",4.04273734258322
"79581",4.04265505463504
"7552",4.04145566818796
"135295",4.04145516529487
"100862662",4.04001015024989
"387066",4.03765857423541
"2673",4.0361267470102
"1031",4.03217224053436
"83594",4.03045384507642
"106479362",4.02998066522857
"5455",4.02921237459338
"4208",4.02726375688349
"107181291",4.02703280697913
"102724344",4.02324376089771
"53836",4.02281803631301
"64428",4.02022571352543
"100506282",4.01894865984894
"105375553",4.01693564439538
"8878",4.01684131117604
"7020",4.01625292125501
"359822",4.01580617073532
"135927",4.01421002317626
"23527",4.01335226076019
"9177",4.01252285343037
"1213",4.01212956755396
"100271296",4.0121136124512
"9466",4.01179093346517
"100129917",4.01158958519122
"28797",4.00915646930971
"2642",4.00472761131357
"23262",4.00253403974115
"112267859",4.00137783605629
"4353",4.00017631400302
"11000",3.99826953238027
"503834",3.99672101680336
"124404",3.99621823800765
"10425",3.99455464495011
"55778",3.99232363453875
"100271319",3.99207461986319
"10301",3.99207357477142
"50640",3.99207278536723
"587",3.99207159374258
"11045",3.99124950628227
"84068",3.99058376560153
"64063",3.99014740297027
"27197",3.98931623575905
"5644",3.98930592532305
"105375355",3.98359292768572
"348938",3.98336934284131
"106479419",3.98181718463113
"102723538",3.98012722874483
"55329",3.97785877304213
"10320",3.97785804340673
"10474",3.97785738814316
"100133220",3.97785691967463
"100190938",3.97592565821513
"100420752",3.97571419704271
"644096",3.97512552571175
"9675",3.97432413936402
"93664",3.9742929005428
"2794",3.97349066038132
"58483",3.972079795676
"83692",3.97204742886908
"128488",3.97199973664718
"81704",3.97064571710794
"388707",3.97064568121584
"10763",3.97017344392692
"65985",3.96815367840997
"339766",3.96809890469061
"389538",3.96777858257386
"389766",3.96738196624682
"337875",3.96735493090521
"100507602",3.96416507738228
"11013",3.96176052115691
"5634",3.96174023266298
"29091",3.96027948300867
"122149298",3.95942321827461
"9420",3.95859433909366
"962",3.9584385201128
"643358",3.95692815863747
"51025",3.95631913708631
"89927",3.9552174383708
"84446",3.95520238794547
"91544",3.95498100490814
"339535",3.95361702084487
"26502",3.95208344426305
"9878",3.94832446920333
"4331",3.94591853601419
"124900224",3.94488852432332
"101927727",3.94278209437437
"8655",3.9427610155391
"55679",3.94245919390126
"55026",3.94234767789433
"388468",3.9413507305081
"57003",3.9406602744289
"400955",3.94059042960397
"84289",3.93906850392731
"100271563",3.93893563014413
"2268",3.93887509230763
"201456",3.93779902404175
"9732",3.9367829719354
"100287284",3.93678257557114
"644911",3.93402076882656
"102723567",3.9333548718458
"8509",3.92544519439554
"28972",3.92488163429735
"10998",3.92393497380041
"221830",3.91915748558812
"2830",3.91832624089663
"2492",3.91826363756681
"3984",3.91655916783465
"101928059",3.9156223814999
"57604",3.90902165577387
"550",3.90828971495222
"23136",3.90776940292923
"85344",3.90733972003079
"644388",3.90724586401948
"128272",3.9062460308546
"115106",3.90618729065588
"30844",3.90618710957728
"65055",3.9061860861092
"55814",3.90618508966613
"106480970",3.90418654398211
"285303",3.90337502526489
"23080",3.90178815069004
"10397",3.90159992075971
"1603",3.89946177478144
"64747",3.89936385172107
"347365",3.89859329336702
"3125",3.89775078871307
"95",3.89775039332137
"6514",3.89696644771767
"111082963",3.89283050421947
"80271",3.89247498501549
"79083",3.89203910406214
"101929328",3.89125832551116
"8440",3.89010093698605
"4719",3.88949142510883
"102723924",3.88672051386606
"22944",3.88499247236823
"100419878",3.88356779326557
"57647",3.88307479453213
"90586",3.88300179917622
"30827",3.88213841426711
"441073",3.8809411191923
"51542",3.88042887849318
"6515",3.87975980935371
"203068",3.8791895880906
"693233",3.87909110391145
"3978",3.87581525266604
"144203",3.87501283389539
"388907",3.87323195265359
"56134",3.87206979611585
"10379",3.8703656697317
"91703",3.87012690391415
"100996255",3.86755756679226
"51347",3.86688904237295
"155465",3.86681021283359
"105377171",3.8658971771338
"101929947",3.86567194265474
"283869",3.86449578670722
"400609",3.86398112394344
"146279",3.8635622485636
"392387",3.86073368341365
"654382",3.85967125253991
"102467213",3.85958350592142
"54961",3.85882807912983
"85462",3.85881984724476
"5468",3.85776232802334
"26145",3.857290125092
"4791",3.85485455289701
"9099",3.85246531776652
"8629",3.85211407875665
"84659",3.85026258123498
"103689913",3.84612361178185
"101241892",3.84346711902522
"402214",3.84072319571857
"359710",3.84006081768418
"79842",3.83944338102611
"10570",3.83856276309008
"2895",3.83831777542791
"5016",3.83700477990153
"54662",3.83657227873099
"440159",3.83599488133455
"89853",3.83568605675363
"375940",3.83524727833382
"253635",3.8344779966769
"653857",3.83368894844812
"284434",3.83221623610504
"6222",3.83131636136191
"642515",3.8308638874617
"22953",3.82999936134403
"84941",3.82978393872488
"902",3.82960379244059
"122183",3.82960276120751
"285768",3.82865554967135
"100422497",3.827054211363
"85444",3.82389539616104
"106481055",3.82348316261643
"27098",3.82075703592818
"55529",3.82036030924498
"100302113",3.81599700181145
"100506675",3.8138924997041
"6235",3.81361854827392
"440600",3.81192111945401
"84285",3.80902223657911
"2521",3.80783127451876
"399726",3.80684011266132
"201895",3.80583686432517
"1822",3.80286278534481
"56955",3.80031487130471
"221091",3.79882657961243
"4277",3.79793059511821
"56852",3.79779965768003
"9423",3.79694044987338
"2863",3.79573587510884
"550112",3.79466946239175
"346673",3.79436915964399
"374786",3.79312952736451
"85280",3.79261982108548
"440288",3.79250726276305
"100506516",3.79150028195354
"101927021",3.79143754589682
"84084",3.78704638675943
"1815",3.78693134404837
"283899",3.78624632732625
"653045",3.78486599622975
"1730",3.78084395909945
"100271715",3.78038240770269
"23261",3.78030010693075
"3015",3.77960203211849
"369",3.77886457982052
"79621",3.77801775506369
"64761",3.77598107393756
"642395",3.77496482922225
"345462",3.7739858336685
"101234261",3.77390466910356
"101929407",3.77255574440335
"100873965",3.76824332768606
"100507291",3.76824292889314
"92092",3.76803020409908
"27320",3.76634943922209
"692099",3.7647980733271
"112267871",3.76476579552572
"7297",3.76354317316063
"440145",3.76116142543411
"677882",3.76116029574416
"23312",3.76116001978703
"146512",3.76115973695393
"85865",3.76115925605373
"2810",3.76115904995266
"51168",3.76036191239601
"10618",3.7589618401054
"2793",3.75890874528183
"92241",3.75883246284266
"441951",3.75656052046853
"101928248",3.75540888197474
"495",3.75442171653346
"730102",3.75174720662323
"10914",3.75161593565705
"102723775",3.75127431915565
"220980",3.74862763591052
"101",3.74805838046181
"125931",3.74660498433858
"100129657",3.74614186995864
"25903",3.74271803916388
"112436690",3.7421739155206
"51278",3.74194205578892
"55558",3.74103304054444
"102723619",3.74012472073951
"6820",3.7401099612101
"8484",3.73997241485006
"100846978",3.73789557839872
"100289333",3.73529047802122
"55689",3.73528921929101
"23325",3.73443041406875
"5074",3.73405406541366
"64693",3.73375578548065
"8740",3.73319005737539
"93661",3.73136213816529
"513",3.72626671761996
"204801",3.7238634998451
"54933",3.72325955646675
"10734",3.72170135138767
"105371267",3.72103942513309
"4477",3.72003333479354
"27136",3.71691049458078
"53335",3.71671754613987
"100131246",3.7167019140724
"100132061",3.71649375030467
"8321",3.71633639771868
"100129995",3.71588016488357
"79192",3.71576756193204
"6399",3.71537051259
"5871",3.71524442965453
"441161",3.70851399183283
"11079",3.70810378363646
"115811",3.70802657399748
"4152",3.70788359879555
"127379725",3.70712909469832
"4792",3.70653027626964
"9970",3.70626361473072
"402226",3.7054874564925
"23276",3.70433542949584
"147687",3.70367449147165
"401589",3.70311889659874
"102723641",3.70088312813048
"79041",3.70083188146867
"3215",3.70055470722838
"221662",3.70017623927268
"1329",3.69895774601703
"1991",3.69716613570435
"548645",3.69502735705016
"50836",3.69270103006369
"965",3.69017416090443
"51603",3.69012865255636
"171482",3.68975645469894
"9374",3.68781489024681
"2161",3.68744596550162
"120534",3.68698809522828
"342419",3.6863293861951
"105372435",3.67886217142175
"28703",3.6770292159977
"106479492",3.67647512236915
"105378666",3.67358212525439
"3812",3.6732336907202
"7374",3.67120072348587
"100873513",3.66988047173619
"105371102",3.66849694415204
"9991",3.66849652243013
"93185",3.66849631110852
"117155",3.6684962205971
"10067",3.66849593368749
"5930",3.66849590716345
"101928738",3.66849588306943
"54847",3.66849572507562
"26063",3.66849562366499
"51378",3.66849561632344
"26259",3.66849558964832
"80339",3.66849557150334
"55089",3.66849555978375
"84750",3.66849554329145
"2845",3.66849552149847
"608",3.66849548575912
"4522",3.66849536947312
"5988",3.66849536796853
"1894",3.66849530050752
"100129792",3.66849529477885
"80022",3.66849524832447
"101927541",3.66849519629774
"4613",3.66849515484723
"80352",3.6684951480675
"80864",3.66849507924246
"10162",3.66849507397907
"1672",3.66849502545091
"90459",3.66849495131013
"203",3.66849492686236
"1207",3.66849488688903
"441160",3.66849487713641
"57704",3.66849486934093
"57631",3.66849481545614
"23093",3.66849479758973
"388381",3.66849479030921
"122970",3.66849477493596
"171389",3.66849471015763
"151011",3.66849469626901
"105373220",3.66849467872462
"414764",3.66849465975261
"7092",3.66849464532394
"1997",3.66849456540486
"9071",3.66849455816301
"64420",3.66849451760628
"441307",3.66849449560298
"1984",3.66849447146518
"9419",3.66849437324515
"6580",3.66849432050484
"152100",3.66849428897392
"100271217",3.66849426301007
"216",3.6684942190048
"219902",3.66849420743939
"128676",3.66849418486266
"51186",3.668494095196
"440603",3.66849400245823
"100421794",3.66849396720788
"55186",3.66849377541628
"10584",3.66849373082878
"54492",3.66849369407949
"90317",3.66849368426733
"51009",3.66849365659399
"408029",3.66849363024326
"57716",3.66849362660047
"3223",3.668493513645
"6272",3.66849343078672
"25822",3.66849328767214
"219855",3.6684929205045
"54574",3.66849282442507
"6996",3.66849273087199
"920",3.66810951664015
"7442",3.66782157080445
"105377959",3.66751261463594
"283922",3.66556540008405
"400713",3.66525670620672
"168507",3.66515960876155
"400793",3.6649622650531
"219983",3.66389580467483
"399474",3.66261051840564
"109617014",3.66161812716126
"101928104",3.66160052428509
"23505",3.66057123117066
"1280",3.66010587287914
"55163",3.66007453307942
"166863",3.65771459841067
"2619",3.65737100687416
"22909",3.65711770025008
"107985688",3.65666043317338
"441009",3.65637489212842
"100996732",3.65481800041602
"100337591",3.65398047959409
"60487",3.65391674000907
"200132",3.65225043809655
"278",3.65225039109439
"25875",3.6522501922437
"284697",3.65224988321146
"91408",3.65224974140397
"133686",3.65224964391049
"10554",3.65224955621242
"11145",3.65224940559653
"9183",3.65224936088203
"10157",3.65224923646758
"5737",3.6522488756582
"11146",3.6522487221276
"83746",3.65224859887903
"4714",3.65224852744183
"102723582",3.65224851690198
"5704",3.65224849879316
"6446",3.65224847922998
"65977",3.65224842289214
"7024",3.65224823627311
"121053",3.65224778819598
"392322",3.65132404327733
"109616999",3.64827857474364
"7155",3.64755906101529
"375607",3.64741687521624
"2297",3.64642908309944
"100287639",3.64533782028852
"84870",3.6443900862209
"107984035",3.64284330992775
"84232",3.64275611389053
"79797",3.64211645231296
"51253",3.64015733039503
"27095",3.64014146379964
"105376762",3.6400678035291
"254268",3.63923370902276
"147686",3.63402605113121
"54471",3.632630492314
"6992",3.63140854433307
"3087",3.6307777174466
"148",3.62925791919073
"22977",3.62827532810926
"10558",3.62813989572838
"14",3.62761390171735
"57092",3.6263715381737
"5596",3.62477685965229
"3313",3.62425916137139
"1969",3.62348877416034
"80728",3.62274882757795
"51561",3.62140370912212
"100289607",3.62073583704827
"114884",3.6195194023167
"23039",3.61555265436694
"6576",3.61554852708635
"100128906",3.61381828802683
"645651",3.61344441540002
"80221",3.61309588862014
"123606",3.61278796728151
"51206",3.61204070181132
"6241",3.61112005828419
"54839",3.60791644390598
"10585",3.60585940351086
"106481132",3.60467698654453
"441051",3.60171094298767
"55620",3.599728018452
"9726",3.59966540242636
"26519",3.59965674535394
"115557",3.59924322684697
"84883",3.5989498573527
"105378738",3.59865086499752
"55507",3.59852332436235
"400123",3.59844108724517
"375057",3.59822102589045
"285830",3.59812187109654
"101928153",3.59696633765565
"100507526",3.59683251874706
"51659",3.59648338191214
"90338",3.59562484391121
"105376873",3.59510732206145
"2783",3.59502682299832
"84247",3.59304574028449
"10809",3.59177378407584
"57520",3.59085374461867
"114824",3.5903646764035
"100506119",3.5903640752627
"112268354",3.59014933781485
"400013",3.58983729184067
"643733",3.58915016880446
"157285",3.58729538654216
"25913",3.58651637114214
"1140",3.58370440794491
"107986462",3.58323166482807
"100874123",3.580736405013
"90864",3.58060598372965
"8187",3.5799467969406
"401093",3.57815447389083
"105375977",3.57711756329192
"1063",3.57159844555767
"51804",3.57131638190491
"120766144",3.56934197693029
"114825",3.56779236448691
"22884",3.5677102846316
"6244",3.56770561290046
"10223",3.56741973795542
"23351",3.56584757363852
"6877",3.56566250091929
"158248",3.56429784358379
"124904498",3.56394002263812
"144132",3.56390015275692
"7317",3.56153314587071
"9600",3.56062059118555
"100874091",3.55940906486361
"8789",3.5545330378346
"100422561",3.55423761818462
"641",3.55284038269
"256364",3.55022790123651
"100507003",3.54950211835969
"106479454",3.54837399755525
"23333",3.5478106252741
"110440226",3.54772360412862
"81494",3.54743849732784
"79742",3.54610373292365
"100288123",3.54578267085561
"6599",3.54550049606801
"51125",3.54539705901453
"4677",3.54537071180558
"730112",3.54536848721709
"84740",3.54490804329799
"7520",3.5440054812241
"728927",3.54031642977217
"4709",3.53967754990955
"283848",3.53799694614705
"81",3.53424902397284
"10451",3.53314475056044
"3759",3.53217804375951
"4155",3.530855972039
"83930",3.53077895802269
"3898",3.52978590670084
"84542",3.52903226481398
"283232",3.52893550973207
"104355293",3.52871671757426
"58494",3.52826964948692
"11189",3.52789643876308
"9159",3.52754299630105
"7592",3.52490280536558
"137970",3.52483523227325
"5608",3.52342575463524
"1444",3.52326346798272
"55254",3.52276724742619
"90993",3.51943719521424
"8209",3.51611752405835
"392433",3.51611541141095
"9016",3.51606203886888
"84439",3.51578390484906
"1120",3.51521875691796
"730755",3.51390359242697
"100288785",3.51375862507339
"3727",3.51273523275737
"4023",3.51235582668613
"9746",3.5119491917701
"10695",3.51127406195643
"100128385",3.51112272594153
"10084",3.51075800617003
"64785",3.51055353551019
"441581",3.51040375757642
"145497",3.50896647636856
"113178",3.50885026224593
"729141",3.50766295609407
"146330",3.50720408763039
"3652",3.50645264760581
"79897",3.50589413629923
"3292",3.50585444592402
"51207",3.50562479281927
"100132723",3.50532349276599
"9267",3.50438499643689
"728392",3.5027791569397
"112950",3.5021637204155
"54345",3.50216327330246
"8356",3.50143895911513
"1950",3.49981285124217
"57597",3.49817901235938
"6942",3.49589330609321
"6768",3.49273977573136
"374860",3.49135351417545
"1474",3.49135116223158
"100128275",3.49131715729224
"122961",3.49055913473466
"6548",3.48899496514961
"770",3.48776600350021
"132158",3.48741587725169
"55592",3.48552212604778
"23016",3.48458910943426
"58155",3.48443704380989
"378950",3.48404358710506
"6891",3.48382156800418
"101929692",3.48337759075834
"27074",3.48193501334847
"6944",3.48001010937064
"1394",3.47892755902988
"619189",3.47782009544181
"727984",3.47733207251805
"79816",3.47701520322259
"101927787",3.47588534463838
"90956",3.47553309206824
"359809",3.4737069946261
"124901121",3.4725203019325
"924",3.47094248589978
"5347",3.4706160066473
"101929224",3.46979361816712
"101928095",3.46944717881749
"109616975",3.4689684374738
"23199",3.4686193700629
"102465488",3.4683791379011
"10205",3.46800808453135
"105375666",3.46789563619557
"4711",3.46785212774158
"79863",3.46694721994308
"107985959",3.46666270640664
"55036",3.4651966091163
"151354",3.46488002531109
"64478",3.46397335049103
"10487",3.46347086378477
"25776",3.46323329842972
"105371762",3.46260421988446
"10147",3.46237151399159
"100500909",3.46126151046045
"285220",3.46043609514647
"388730",3.45910671535163
"100507392",3.45829925567279
"83417",3.45812556105907
"9329",3.4573787516966
"58491",3.45677080740712
"6710",3.45670645343242
"124909435",3.45328583222881
"732",3.45304074786386
"8876",3.45234439613684
"85300",3.45182850716991
"7531",3.45111101342364
"5818",3.45030602119881
"100133273",3.45025244588416
"64285",3.44764942846295
"57048",3.44554745554698
"91300",3.44459145172422
"284998",3.44406149969966
"56964",3.44344388039608
"389763",3.44305346436922
"553118",3.44078412708034
"105372042",3.43955304828738
"2516",3.43897246815147
"101929124",3.43886475349536
"389610",3.43874856906345
"219968",3.43873683278238
"344462",3.43787354716572
"342357",3.43589459477934
"353164",3.4345297533482
"220136",3.43309635488441
"5937",3.43225715893974
"285533",3.42896755161742
"57659",3.42828491896357
"106480533",3.42709229346249
"55090",3.4263934308937
"693166",3.42566064742169
"101928694",3.42230117338274
"55226",3.42177493165661
"401588",3.42147495586663
"727964",3.4209505994527
"6289",3.41900722006169
"126074",3.41873499223436
"8943",3.41770695310893
"105370404",3.4173638967383
"100129603",3.41716519458495
"107986322",3.41648458500365
"399687",3.41554052555117
"55062",3.41511344149898
"54987",3.41397891284199
"28466",3.41397863544241
"11141",3.41397851656477
"391099",3.41397839584244
"11019",3.41397833636173
"5865",3.41397792325028
"6275",3.4135495431525
"3232",3.41249718224574
"11037",3.41066431750882
"23369",3.40797554408367
"80329",3.40776534198375
"79470",3.40718372496908
"113622",3.40676079822712
"100129480",3.40635837353127
"112268293",3.40596107997481
"10856",3.40538613927957
"54386",3.40043838490263
"101927215",3.40042209378811
"2171",3.40000190720184
"106478931",3.39998651043782
"9655",3.39989270723741
"285500",3.39920631507505
"644495",3.39918542041237
"100130705",3.39870229823594
"105377349",3.39766602607985
"100131801",3.39682061786305
"114609",3.39383415379774
"5833",3.39362290969023
"106480199",3.39233452696819
"767561",3.39147968052937
"147670",3.39100025727176
"84255",3.39054295194963
"346",3.38929344780575
"105372799",3.38833723804991
"127059",3.38820628695522
"4583",3.38720587268707
"147007",3.38671670591041
"389812",3.38528655316857
"9245",3.38426679662773
"340481",3.38367573403814
"51029",3.38136296063626
"54557",3.37962230798873
"399815",3.37947985118722
"30812",3.3758707850276
"54813",3.37571122353608
"100132415",3.37561413349243
"81609",3.3741249167133
"100128771",3.3732162021266
"124902203",3.37080338763198
"51239",3.37032249815262
"5335",3.36863781353669
"105378287",3.36573187648375
"5791",3.36526878031143
"343035",3.3649826952493
"100270888",3.36473347797391
"728207",3.36460552180723
"124902948",3.361780174734
"147323",3.36145151845478
"56342",3.36099158621996
"2672",3.35993940536331
"100288798",3.35958354912459
"57787",3.35791277354553
"440275",3.35730206896626
"128385369",3.35697456127429
"2872",3.35610130577913
"11097",3.35558779794022
"728945",3.35230219056157
"1582",3.35096947718767
"5864",3.34959952135889
"121642",3.34938161231086
"441501",3.34867928341601
"3542",3.34851291346719
"100131913",3.3437528659378
"107986178",3.34375269329599
"26173",3.34353109540338
"56674",3.34353038506819
"246181",3.34234636862113
"51271",3.34157572658247
"116435298",3.34063832005713
"100507421",3.34038963499977
"101929378",3.34008323696838
"140685",3.33696022257019
"27085",3.33608956644576
"9513",3.33487116713602
"111082967",3.33362339996466
"84079",3.33356296002671
"113230",3.33327034212901
"80206",3.33319975328057
"100131788",3.33297368508725
"124904138",3.32905755775094
"344657",3.32753088198447
"692214",3.32597644423421
"220001",3.32534204048734
"116985",3.3240317399701
"1607",3.3229256147252
"100996425",3.32287689141937
"57669",3.32189582718072
"29844",3.32164003490401
"100132812",3.31842678536311
"29952",3.31805294562469
"139355228",3.31751712686585
"79143",3.31698737643469
"9535",3.31490708561248
"105372429",3.31403731236387
"100310756",3.31392384475138
"3621",3.31186814016247
"100526773",3.30949773085257
"10194",3.30848675238326
"101929590",3.30790044269037
"6708",3.30413610160293
"79788",3.30112873216024
"4851",3.30112825682065
"347730",3.30101059075009
"56892",3.30049533866061
"90060",3.29762437089099
"80256",3.29638934655572
"100131067",3.2962270801464
"101928696",3.2958807864414
"6218",3.29483475218682
"10171",3.29483295007474
"118",3.29483066048967
"100506392",3.2931294053091
"105375971",3.29312893759055
"93650",3.29255801869858
"28974",3.29185728806972
"84933",3.29123125782578
"100873426",3.28878885526116
"4907",3.28752293490513
"9454",3.2867930841839
"51763",3.28571533397878
"102466745",3.28422160658709
"9963",3.2834003835252
"84692",3.28327265914429
"165140",3.28167687085587
"1512",3.28109142323266
"653061",3.27969759635957
"677798",3.27880859360011
"105378289",3.27778475721338
"1200",3.27537373425327
"284904",3.27531093107675
"285962",3.27498540922869
"65124",3.2747925363049
"109616998",3.27464275499213
"284439",3.27331579975957
"761",3.2725217230757
"105379054",3.27018416324733
"79890",3.27017644324005
"8940",3.26963185346796
"6006",3.26890559361124
"27042",3.26839135613501
"10349",3.267989995124
"284836",3.26766561286753
"23035",3.2676038012228
"729678",3.2670000204128
"388333",3.26576463116538
"10528",3.26535295712652
"5141",3.26477568386861
"146439",3.26417555143571
"1565",3.26378814839713
"10152",3.26122370915366
"6005",3.25998909678017
"8664",3.25919694905877
"100507266",3.25910207742753
"100508631",3.25887536840378
"25855",3.25865681105625
"93463",3.25826741952743
"284254",3.25826662611007
"5091",3.25751198204782
"107985257",3.25636542616885
"344320",3.25521750888749
"165",3.25483137974263
"3700",3.25424278015947
"3987",3.25406491475844
"8036",3.25369049104376
"78995",3.25297686919678
"11201",3.25146036788376
"10881",3.24314862696319
"1183",3.242759536679
"90141",3.24262111630158
"375248",3.24200500729461
"7407",3.24113828731713
"3923",3.24061595676968
"51569",3.23982161213692
"5983",3.2385597031443
"160622",3.23822903977032
"8846",3.23735466571402
"9945",3.2364177761709
"197407",3.23570947339355
"10284",3.2354108446727
"26798",3.23434400789083
"79537",3.23403181738836
"100131379",3.23341779678584
"9371",3.23285558397231
"23499",3.23250746399376
"5105",3.23213550423452
"51127",3.2320477699588
"5271",3.23204676795372
"400736",3.23132570580178
"100126320",3.23020114027553
"6060",3.2298758747615
"9168",3.2295354294782
"2668",3.22892448415643
"221496",3.2277057373287
"79171",3.22570160116822
"645382",3.22535497815505
"2970",3.22513721881605
"79583",3.2247334112812
"10090",3.22454967534731
"9928",3.223730115732
"55915",3.22340195371966
"693131",3.22339335103783
"105375728",3.22291361497277
"5971",3.22268669457912
"54934",3.22199368343504
"7140",3.22199045113145
"2563",3.22199011371985
"195977",3.22144650035286
"100288842",3.21731423581974
"9639",3.21726820460988
"102723623",3.21631572409837
"3767",3.21570165310183
"56729",3.21501716676373
"80740",3.21423472150595
"387357",3.21347509893806
"26524",3.21108452700898
"64979",3.21053087038393
"646966",3.20993231624088
"1797",3.20946369687201
"54623",3.20880371886612
"109729180",3.20859996672318
"51491",3.20846663996246
"55347",3.20832439240396
"57465",3.20784457387303
"83854",3.20755014578173
"84271",3.20607140568776
"642612",3.20459905768134
"440366",3.20381602681143
"122526776",3.20345913550761
"653665",3.2033641006998
"84219",3.20258971121714
"6168",3.20188439587927
"719",3.20127717957843
"5049",3.20119586607021
"6314",3.20119354761337
"7940",3.20035414492679
"100528021",3.19876961414861
"6925",3.19601733068492
"7753",3.19579429368602
"8870",3.19379398558151
"63891",3.19351689591894
"692094",3.19260064719381
"387338",3.19083683114078
"105373202",3.19052364360807
"9053",3.19001672280249
"286204",3.18931437964554
"3248",3.18737403018624
"81856",3.18716513987287
"5878",3.18653125869609
"169714",3.18591290583747
"54682",3.1857895236448
"285349",3.18508840082836
"1447",3.18407575009476
"56911",3.18407158981656
"23607",3.18286711233912
"100271300",3.18210988545396
"6492",3.18206412432622
"514",3.18174873883415
"406890",3.18149306201305
"390064",3.18104893308645
"6780",3.17960955062285
"729950",3.17898075199944
"84690",3.17891016851093
"124901728",3.17738150205031
"79777",3.17662457950395
"4065",3.17651785909995
"84268",3.1759112980881
"9507",3.17384144220594
"10188",3.17058798992622
"5118",3.16958033059579
"4112",3.1683819612046
"5863",3.16775730554484
"63035",3.16614880221587
"7023",3.16594245672883
"3899",3.16591945591348
"106144526",3.16392961155667
"26137",3.16392884894646
"388886",3.1620181863046
"11025",3.15976651745898
"10966",3.15822175250776
"80149",3.15783744052716
"22800",3.1577832066734
"245",3.15731362783956
"23544",3.15621814008483
"221037",3.15404956206662
"152404",3.1528623583621
"7016",3.15250417942619
"25840",3.15102022113146
"64518",3.15073942634192
"10472",3.14988175750162
"2304",3.14946953278443
"116986",3.14899509075449
"389090",3.14879089509059
"103344931",3.14859660569739
"100421413",3.14827398466656
"692084",3.1482419715952
"6897",3.14805654562542
"100505942",3.14778666365426
"80852",3.14680274408397
"54456",3.14669411117852
"27035",3.14629234188656
"28232",3.14615797336725
"10180",3.14551071890213
"28798",3.14451219380335
"5607",3.14396172830415
"138882",3.1438154034322
"50809",3.14229163527883
"388849",3.14163563116434
"29907",3.14050342247424
"9993",3.13955957045857
"9076",3.13901162915272
"2966",3.13837910359447
"51734",3.13827564308185
"3991",3.13818221347035
"55330",3.13701961074442
"51380",3.1361211203895
"100270907",3.13091438119986
"1376",3.13047662350765
"85449",3.12981064680429
"7138",3.12976450927814
"28701",3.12878608170656
"86",3.12846733209356
"132542980",3.12646890504996
"442078",3.1260587415524
"8603",3.12605804478508
"149986",3.12519043791892
"84376",3.12345383837261
"54997",3.12324945854748
"6019",3.12296393265664
"7332",3.11970376056709
"3783",3.11817256752099
"6476",3.11695384376084
"55249",3.11578468861912
"5153",3.11543533425641
"6617",3.11543446109513
"342527",3.11504662785885
"56995",3.11420076498091
"29761",3.11364557216106
"4775",3.11364388716272
"57650",3.11364358349512
"440300",3.11364293625581
"9522",3.11364292094402
"5111",3.11364278914433
"28785",3.11364227638624
"10473",3.11364152550554
"8562",3.11357126721731
"202658",3.11307852736962
"80737",3.11305120299026
"56136",3.11297246160638
"100271038",3.11252452303922
"25987",3.11244247136043
"22887",3.11169885119343
"5625",3.11031339701233
"124902062",3.10963136340615
"107987014",3.10897994847685
"170506",3.10861754563611
"25897",3.10781309873252
"127254",3.10623783465796
"24150",3.10551753086994
"396",3.10550028015033
"64092",3.10495880876525
"9019",3.10338493210951
"43",3.10329000997541
"79623",3.102978564145
"6403",3.10153989446008
"7920",3.10116038102003
"284323",3.10024464054754
"389558",3.10011683811725
"343070",3.09948521442585
"3601",3.09711203592114
"100534595",3.09637819781038
"116224",3.09527218430671
"9530",3.0944922252719
"106480379",3.09371387263466
"100130286",3.09344346424025
"55909",3.09139353448972
"3963",3.09085146849955
"124904048",3.08947981982611
"100271450",3.08847305355873
"102724933",3.08809196352743
"727800",3.08713964112135
"54512",3.08659702417566
"8729",3.08656374148918
"100506492",3.08365304050263
"57829",3.08247745850591
"55662",3.08240706380467
"100270840",3.08063272665249
"83593",3.0806318701485
"28888",3.07943093963414
"2787",3.07922623590159
"25930",3.07836045148266
"5555",3.07822216753942
"128387",3.07705451364203
"3006",3.0770508911833
"257177",3.07701373218237
"128869",3.07692151069884
"474170",3.07497342817019
"4804",3.07484586022277
"27243",3.07370506956337
"349136",3.07360657190539
"105370534",3.07254456404516
"10164",3.07154262361313
"3739",3.07154214341663
"266655",3.07083222298814
"65012",3.06996130184968
"105373951",3.0696488374237
"730174",3.06925575001214
"157313",3.06913586673376
"84700",3.06883903681156
"285407",3.06833191951254
"10467",3.06788941871478
"105375002",3.06695246466379
"440176",3.06693417854981
"29100",3.06627876429362
"8115",3.06506348781757
"6648",3.06207067058033
"23164",3.06172936860996
"107986760",3.06077866610858
"53343",3.05902213267887
"7535",3.05870814986588
"56893",3.05792384964872
"79922",3.05765734397839
"7917",3.05730679239328
"79042",3.05590185201511
"79149",3.05530118283994
"9656",3.05495602952041
"129841",3.053541750633
"106480863",3.05353905724619
"8914",3.05319696331516
"399512",3.05195784042271
"6197",3.0505768741212
"11056",3.04969310723548
"92815",3.04864693982212
"390535",3.04806759816585
"11093",3.04704734048424
"102238594",3.04393594640804
"150709",3.04387015694608
"144406",3.04290823371225
"6911",3.04286890449905
"78987",3.04257678479231
"283617",3.04218997916611
"391560",3.0421134058451
"107986032",3.04145723372475
"79677",3.0410628904671
"478",3.04047531050892
"54665",3.04045469460167
"3690",3.04023581737083
"26",3.04023535488408
"10667",3.04023380417106
"100126572",3.03825387761059
"693204",3.03814910884378
"5270",3.03661029928194
"79724",3.03637103392354
"254228",3.03558445895118
"55752",3.03553272525348
"100996758",3.03480567396018
"143279",3.03428068402029
"4107",3.0340594910428
"140032",3.0334168754757
"51031",3.03258614096369
"100131036",3.03238607566646
"653232",3.03110930090734
"151313",3.03097263960465
"101243545",3.02968981170505
"51234",3.02803337369801
"28973",3.02741414868333
"55224",3.02641269390942
"7036",3.02601572068002
"386758",3.02444327647284
"81031",3.02427007335836
"100507524",3.02411832879037
"93517",3.02398948757841
"107986669",3.02333393267907
"56606",3.02250244734592
"100421330",3.02170090307313
"7005",3.02120874740658
"57698",3.02053263378784
"101927688",3.01980405378474
"51018",3.01878350850006
"63895",3.01878337849813
"105379388",3.01741320583124
"100421854",3.01685556331489
"56834",3.01488231572211
"10130",3.01483183661001
"27283",3.01353416399742
"8536",3.01335441966774
"200149",3.01281428727352
"2298",3.01261512176141
"100271638",3.01218452338958
"100129827",3.01039763445077
"1780",3.00802636333599
"64375",3.00800661372608
"7508",3.00665329442142
"6830",3.00646944968998
"124900419",3.00645949608972
"51339",3.00512742779028
"80724",3.00436091929165
"5493",3.00426816825799
"219469",3.00422014451644
"407027",3.00338093773981
"677795",3.00319629243284
"1869",3.00308518959754
"8638",3.00137619763768
"10681",2.99991640936229
"401498",2.99858698500028
"6660",2.99812193721755
"219437",2.996944827098
"26785",2.99619762719372
"100288332",2.99536826740192
"137075",2.99372046820494
"64207",2.99183308919007
"100507170",2.99154611331743
"57763",2.99137123124911
"282974",2.99132487280171
"100529144",2.99105908964869
"57507",2.9910572368012
"390531",2.99015021577611
"105369920",2.98940433127257
"80346",2.9884587051588
"100422225",2.98769202520046
"8938",2.98582488345182
"338099",2.9846781494049
"10876",2.98417338601914
"6297",2.98272546102647
"55742",2.98247129780462
"124902337",2.98239228718321
"7975",2.9823903640582
"84419",2.98195354474946
"652991",2.98146475734063
"3903",2.98077897161311
"10044",2.98013746690302
"5089",2.9798582450851
"115939",2.97962441654927
"124903706",2.9791220378376
"28564",2.97857529094564
"5251",2.97832641011857
"83881",2.97797267515896
"134429",2.97761227985556
"389895",2.97738510516441
"10211",2.97704005963768
"100859921",2.97585494325472
"105371730",2.97523813467229
"100996251",2.97468322652142
"63920",2.97126103040277
"11249",2.96958332158211
"112770",2.96806873347931
"100288690",2.96804074975905
"414899",2.96741206536314
"10083",2.96738089393979
"8926",2.96712790692565
"3563",2.9646312092856
"57456",2.96420548639127
"25939",2.96394630804371
"440225",2.96308855543105
"123879",2.96298025896179
"101928376",2.96257735551632
"100820735",2.96239117600289
"101927809",2.9605347525292
"2615",2.95897826382368
"105372738",2.95782452738667
"6702",2.95774341919628
"1936",2.95737794322782
"57343",2.956762894492
"54931",2.95658851133331
"442524",2.95658683113651
"79626",2.95655514949586
"83959",2.95530001214491
"222",2.95528070551987
"5919",2.95507453953602
"57000",2.95403373778476
"100216339",2.9533749349888
"84967",2.95311826080169
"134288",2.95289381872854
"134510",2.95216835006299
"440295",2.94944289519472
"81034",2.94887251152751
"100422188",2.94779479967245
"56945",2.9475955007775
"8707",2.94535922657967
"645355",2.94526284377299
"107985246",2.94526277854225
"51360",2.94526201900494
"10888",2.94526172347467
"11080",2.94526165569761
"1979",2.94526157556503
"124904877",2.94526153316454
"222255",2.94526141825018
"594838",2.94526082078087
"6123",2.94526077627231
"1298",2.94525866192765
"100271110",2.94525794856413
"7080",2.94523792724073
"1612",2.94360449642003
"9354",2.94360367940374
"51760",2.9436031409118
"167555",2.94360295691704
"7068",2.94360234944923
"101928484",2.94304341047718
"84451",2.93931223691967
"4504",2.93875259739819
"23286",2.93845708717831
"3543",2.93663224242664
"101927318",2.93500569691395
"28952",2.93481243642657
"342865",2.9341397457656
"6991",2.9329580264519
"3206",2.93210444005837
"83648",2.93145196373888
"100652758",2.9311161451233
"27433",2.92951279115083
"100271184",2.92942678980941
"53616",2.92922290532411
"387055",2.92916585439497
"55150",2.92901071404335
"100129307",2.92901049989129
"782",2.92901007257883
"6318",2.9290097787475
"100874114",2.92891493911688
"50859",2.92760598470377
"126298",2.92686062270699
"284649",2.92612210966652
"1978",2.92610511948392
"58495",2.92566684423653
"91548",2.92562996275529
"317749",2.92527861626035
"54529",2.9249481320378
"79857",2.92436013473968
"6614",2.92401119839504
"114614",2.92365011101213
"145553",2.92268809636534
"6568",2.92262449129699
"51196",2.92261987683102
"3052",2.92257192066052
"1160",2.9225700406215
"220107",2.92248641030764
"28730",2.92242676666694
"107984574",2.92210551735004
"534",2.92204979954031
"91851",2.92171328078942
"389206",2.92154580531607
"645174",2.92047028722052
"101929428",2.92046901019013
"201475",2.91869314351431
"6722",2.91869304280068
"84842",2.91803783781073
"842",2.91787080473428
"10169",2.91784780926446
"54187",2.91675618343529
"7090",2.91593814133774
"388115",2.91175250411298
"5817",2.91073253265285
"100422985",2.90971248808728
"644242",2.9094077161166
"9149",2.90918796573235
"81033",2.90675394058414
"54758",2.90666839859761
"2243",2.90434330591666
"200298",2.90213243481825
"4192",2.90145330072078
"11105",2.90132937107034
"654817",2.89950912273229
"111644145",2.89908009626425
"3707",2.89752618785148
"6767",2.89752585973073
"63901",2.89752533858032
"23142",2.89752499520705
"8726",2.89740751802393
"26960",2.89740663088598
"144348",2.897405057263
"57626",2.89579032097174
"54099",2.89535563400781
"101927389",2.89464858517981
"100874502",2.89416529178906
"124903585",2.89294066647668
"27201",2.89082223357102
"79607",2.88900255625168
"106480486",2.88900162611891
"54462",2.88781495164742
"54521",2.88726074469641
"357",2.88669209825609
"153364",2.88399646639068
"118827811",2.88392456012352
"107986494",2.88120309167028
"100271429",2.88000783585873
"60678",2.88000771418134
"374443",2.8800076301478
"1417",2.87910846770995
"105377862",2.87729538756295
"100507506",2.87653455736858
"57786",2.87653362089648
"100302166",2.87561444074263
"5813",2.87337229306276
"28892",2.87289822727637
"5309",2.8721938916743
"93010",2.87098206528735
"1139",2.86886202741868
"23028",2.86802105814853
"4913",2.86794027718086
"79446",2.86749598491568
"55869",2.86743522339717
"8614",2.8663897270624
"27090",2.86609419176966
"11122",2.8658285103432
"594840",2.86551748841833
"23173",2.86491580376824
"106478914",2.86473208670759
"140901",2.86375688495246
"8496",2.86321471058113
"11167",2.86303617707032
"79026",2.86284507540999
"692109",2.86242745997689
"27079",2.86173051022575
"2731",2.86132927474886
"654029",2.86028088143066
"100507403",2.86028043554164
"439994",2.86014966459767
"4983",2.85936399443623
"56413",2.85882487741229
"55609",2.85789709885176
"23363",2.85757586017423
"22794",2.85738135107884
"51305",2.85734618874757
"389762",2.85652312146283
"79368",2.85552998918996
"105372266",2.8544960238943
"101060264",2.85395232209888
"102723487",2.85261698642995
"119722",2.85130236300374
"102465485",2.85096814380156
"4884",2.85043754804513
"100127888",2.84869104070177
"81501",2.84855008555977
"3779",2.8483609503467
"1146",2.84787439245432
"100526830",2.84761507908344
"54984",2.84701474023078
"1652",2.84624641538282
"105372441",2.84613767100511
"53833",2.84477873783618
"8675",2.84444682885478
"9184",2.84423585850392
"284371",2.84408345854576
"347193",2.84372853640301
"10351",2.84314735296076
"641700",2.84242401098336
"155340",2.84226133909578
"112577460",2.8414289968462
"124905559",2.84009941184774
"79958",2.83763610069203
"6059",2.83719108856797
"4796",2.83669650082425
"201255",2.83663007528335
"3109",2.83652379597547
"102724684",2.83588466167063
"386618",2.83518375194401
"145957",2.83509833082559
"89832",2.83487200297285
"6496",2.8347481391664
"653",2.83401420561646
"125775243",2.83341957955229
"81848",2.83135463887011
"353288",2.83107684270431
"1182",2.83040317878575
"22861",2.82997744721112
"285955",2.82941189070474
"134353",2.82940025216601
"1549",2.827938461376
"152078",2.82652495588768
"1522",2.82625103738758
"5301",2.82522768591423
"56108",2.82477036860148
"8085",2.82422863544146
"26189",2.82344453986762
"401409",2.82293889500443
"170067",2.82293799439425
"55502",2.8228485909231
"283953",2.8227154988574
"390429",2.82215987330367
"7360",2.82028230406258
"442086",2.81896312712092
"101927257",2.81878426003682
"84306",2.81868122218362
"55843",2.8186028492687
"284034",2.81788368311597
"401428",2.81788346143636
"8863",2.81751986312353
"105378639",2.81746727899905
"121504",2.81746062323528
"1007",2.81490087899604
"341277",2.81478947824577
"7678",2.81367095275628
"57418",2.81286752120736
"27132",2.8125798101338
"286189",2.81016944694442
"120227",2.80970300687164
"5577",2.80967892652552
"6665",2.80966581015531
"345643",2.80881555761015
"105371559",2.80875183180538
"26184",2.80855866877522
"7625",2.80821302375362
"100130995",2.80735172719892
"4061",2.80707255541816
"22985",2.80706060054617
"3795",2.80617396890724
"54498",2.8056360460154
"390883",2.80507564642602
"55917",2.8050217227711
"646189",2.80485101583845
"105378473",2.803710904864
"55704",2.80304614427814
"57458",2.80281295902744
"89882",2.80178920787182
"9334",2.80016901935933
"26061",2.7996962228814
"7248",2.79913199670603
"4519",2.79858469271165
"55905",2.79858429790095
"100507410",2.79804115341605
"50614",2.79800757463648
"121131",2.79788833801447
"107986034",2.79762643806044
"105372460",2.7974949543076
"4635",2.79646358054536
"455",2.79622073000682
"57709",2.79590735322833
"28964",2.79590712770647
"343173",2.79582896805201
"284013",2.7939329669713
"10935",2.79345624993962
"9900",2.79278793247986
"63905",2.79022975165418
"9284",2.78967340721363
"100130017",2.78914557316623
"105376619",2.78876578414412
"152118",2.78755330723664
"728167",2.78704238203161
"100526738",2.7860240554032
"729",2.78316801938789
"100129583",2.78316731159386
"2041",2.78261699173889
"9554",2.782203028069
"54539",2.78184872479889
"149473",2.77954475170441
"106481677",2.77830020355929
"113277",2.77791847863313
"85012",2.77718786316367
"124902033",2.77671491057483
"55920",2.77662102142804
"107984714",2.77658738268006
"529",2.77600590872879
"101929089",2.77599765964697
"124923",2.77590411805648
"339768",2.77556127055992
"26645",2.77346282401275
"57674",2.77322105153503
"6184",2.77239715101242
"3315",2.77194341699422
"107984851",2.7704131335384
"27295",2.77032309196354
"92737",2.76984365651092
"653316",2.76842472324226
"8189",2.76826014576511
"28729",2.76803700453237
"100271272",2.76790089105796
"8714",2.76677712469942
"10892",2.76674467557377
"26219",2.76637182221648
"400652",2.76473162860846
"65993",2.76319610799847
"105373411",2.76229689188118
"122455341",2.76039981528222
"131601",2.75869780713755
"353267",2.75484311688332
"28611",2.75484306543431
"23411",2.75484220586234
"5315",2.75447262738848
"79413",2.75388656197738
"54715",2.75361830184002
"51111",2.75100274414138
"10626",2.75083859563992
"64130",2.75050695354756
"361",2.74946640482525
"3672",2.74941732147645
"10538",2.74896739411881
"153201",2.74894358636717
"3265",2.7480417103212
"56252",2.74779231526275
"7468",2.74740575335847
"56204",2.74698176533625
"84293",2.74658109923412
"2264",2.7464204112388
"5106",2.74558624166085
"2626",2.7452104797623
"401914",2.74489936578596
"266783",2.74440589810587
"85450",2.74375239321699
"201799",2.74126670569539
"94027",2.74120001299335
"57037",2.74018531213507
"7726",2.7378671104376
"102725023",2.7376975431304
"83449",2.73766470165962
"100421372",2.73761903389089
"4033",2.73718722622345
"389136",2.73696106083758
"79754",2.73668739825488
"23637",2.73646587313725
"118827812",2.73575064415232
"9796",2.73476244179343
"100127906",2.73465766816052
"645359",2.7343886772742
"1290",2.73405429560298
"55223",2.733993767519
"94122",2.73339030294252
"5898",2.73242475732532
"84217",2.73142642077052
"161835",2.73121040687564
"79412",2.72847625970054
"26819",2.72806442455151
"56993",2.72799588193228
"1388",2.72744689405734
"84221",2.7266800809408
"28390",2.72497848445063
"4300",2.72001985627278
"4102",2.71926859212118
"51701",2.71849061388737
"6804",2.71759530646324
"106481004",2.71731026897159
"138883",2.716391512352
"106480725",2.71612342245343
"403313",2.71545849349366
"10623",2.71300365996842
"124902752",2.71286232244611
"9197",2.71255962886431
"84926",2.7124276057766
"106479360",2.71178191045364
"645773",2.7110877206744
"26240",2.71100238049326
"100506082",2.71088121305398
"83755",2.70675779024657
"6280",2.70672865891422
"54978",2.70573816622063
"132864",2.70573437594703
"5819",2.7057319891521
"3269",2.70457248523921
"23052",2.70432338914321
"1553",2.70284427620336
"1316",2.70271314375251
"106479316",2.70236514930023
"100506365",2.70227088593502
"100286938",2.70110944841306
"124904745",2.7000521992741
"2638",2.69959458068107
"10340",2.69947049974119
"5021",2.69906419725167
"56101",2.69890165666863
"107080632",2.69871206965232
"8260",2.69867946550405
"84173",2.69861018508452
"10951",2.69776407204701
"51440",2.69749704823018
"150383",2.69706648838409
"644456",2.6970316785426
"9529",2.69654441313014
"4790",2.69634758098666
"101928414",2.69630569192093
"100532735",2.6963055177117
"152006",2.69630548147177
"115019",2.69630523745428
"57477",2.69630521751398
"100534612",2.6963051697529
"4600",2.69630514078334
"6145",2.69630510586558
"79843",2.69630499462012
"56992",2.69630493445328
"440446",2.69630484542066
"148811",2.69630476832702
"643507",2.69630474769405
"26269",2.69630472903406
"100421819",2.69630466098534
"693186",2.69630464476218
"150381",2.69630462634259
"10529",2.69630461876743
"64172",2.69630460512587
"729842",2.69630459130888
"9219",2.69630458345777
"58985",2.69630457352083
"9884",2.69630456905492
"8780",2.69630455791041
"677817",2.69630455456359
"677774",2.69630452856496
"9556",2.69630452413318
"55629",2.69630451671217
"6683",2.69630449093916
"654350",2.69630447970636
"2915",2.69630447769905
"221960",2.69630445570413
"81215",2.69630445184122
"51326",2.69630445125502
"79886",2.69630445098039
"22987",2.69630441545474
"4199",2.69630441159194
"400720",2.69630440245877
"101929780",2.69630438018356
"9573",2.69630430334892
"10981",2.69630430003602
"677800",2.6963042997901
"5209",2.69630428943325
"339500",2.69630428916216
"373861",2.69630428471499
"26263",2.6963042822255
"5521",2.69630424441826
"254042",2.69630421945704
"8564",2.69630419998101
"4129",2.69630417777002
"5160",2.69630417365713
"28392",2.6963041671371
"116843",2.69630416450953
"3958",2.69630414256597
"57478",2.6963041358682
"10687",2.69630411608734
"51742",2.69630411584737
"79169",2.6963041057887
"5495",2.69630410375019
"51434",2.69630408540575
"388595",2.69630408395682
"4649",2.69630407858667
"693205",2.69630406883794
"3133",2.69630406454734
"51163",2.6963040478581
"4589",2.69630403999615
"1889",2.69630400819139
"389015",2.69630400554189
"202559",2.69630399161394
"56888",2.69630398306835
"400073",2.69630397818693
"9936",2.69630397747698
"28877",2.69630396241422
"200030",2.69630395819679
"100129924",2.69630395432124
"100873254",2.69630394925225
"57282",2.69630393326539
"9683",2.69630393053762
"978",2.69630392702364
"57198",2.6963039240572
"2033",2.69630392131852
"284613",2.6963039172974
"57636",2.69630390836531
"9560",2.69630390386901
"392335",2.69630390366505
"648729",2.6963039033853
"28596",2.69630387434591
"693229",2.69630387292041
"126375",2.69630387266597
"3428",2.69630387039804
"3693",2.69630386990911
"2359",2.69630386697946
"6936",2.69630386181531
"23131",2.69630386040642
"54885",2.69630385988754
"28891",2.69630385801015
"10112",2.6963038491097
"122539214",2.69630384171228
"102724163",2.69630382910731
"2258",2.6963038278964
"2734",2.69630381066641
"4257",2.69630380459273
"23435",2.69630380080135
"25906",2.69630379523274
"55813",2.69630379164866
"94137",2.69630379146812
"115804232",2.69630378644946
"10204",2.69630378429254
"9840",2.69630378164683
"79075",2.69630377644756
"51451",2.69630377379906
"27185",2.69630375968759
"89874",2.69630375913947
"28410",2.69630375578381
"23322",2.69630375255299
"10565",2.69630374934933
"728262",2.69630374933478
"84236",2.69630374640957
"83787",2.69630373802414
"5931",2.69630373295599
"23642",2.69630373065495
"5304",2.69630373026623
"101927305",2.6963037296304
"4139",2.69630372787224
"345274",2.69630372694755
"100270872",2.69630372616689
"10087",2.69630372433693
"340591",2.69630372335904
"84852",2.69630372084733
"128866",2.69630371969473
"23464",2.69630371839512
"10291",2.69630371475931
"168451",2.69630371266249
"3108",2.69630370828179
"3301",2.6963037074509
"154386",2.69630370735404
"8455",2.69630370684662
"124637",2.69630370478593
"285381",2.6963036969646
"55751",2.6963036946347
"9472",2.69630369392784
"85026",2.69630369249109
"645121",2.69630368869719
"820",2.69630368189665
"22864",2.69630368170781
"4190",2.69630367967149
"100128788",2.69630367910369
"28913",2.69630367900897
"83641",2.69630367768545
"7942",2.69630367242069
"51574",2.69630365913217
"7105",2.69630365858484
"284443",2.69630365572985
"60682",2.6963036554935
"63933",2.69630365351764
"646890",2.69630365175048
"2624",2.69630365011926
"149647",2.69630364882202
"440434",2.69630364637325
"80817",2.69630364530456
"100271101",2.69630363702504
"6777",2.69630363645672
"131177",2.6963036301512
"91151",2.69630362904091
"4048",2.69630362661653
"54929",2.69630362652028
"6832",2.69630361949508
"114599",2.69630361904534
"92400",2.69630361801425
"259293",2.69630361661042
"55100",2.69630361316812
"51663",2.69630361217875
"2312",2.69630360134672
"54460",2.6963035987116
"100272147",2.69630359567169
"5027",2.69630359454425
"337867",2.69630359447081
"8048",2.69630359287412
"3818",2.6963035883895
"26049",2.69630358724521
"5222",2.69630357627999
"4810",2.6963035741623
"7693",2.69630357132692
"10778",2.6963035625884
"389903",2.69630356110903
"11120",2.69630355516943
"5504",2.69630355502663
"8567",2.69630355361894
"105372733",2.69630355105817
"4863",2.69630354648032
"8424",2.69630354556736
"7465",2.69630354395735
"653199",2.6963035413721
"11331",2.69630354072585
"10672",2.69630354019077
"79789",2.69630353892189
"26984",2.69630353113719
"3169",2.69630353053027
"119545622",2.69630352757785
"283385",2.69630352438397
"3439",2.69630352153098
"136259",2.69630352143809
"51076",2.69630351342643
"55451",2.69630351224188
"102724577",2.69630350869058
"515",2.69630350822731
"11143",2.69630350372557
"80195",2.69630350286921
"388254",2.69630350088505
"55799",2.69630349871576
"100270877",2.69630349778429
"140735",2.69630349608401
"28817",2.69630349291936
"6138",2.69630348993676
"3552",2.69630348460147
"22976",2.69630347763249
"1595",2.69630347251437
"3250",2.69630346870598
"11156",2.6963034681123
"84888",2.69630346684014
"85442",2.69630346320968
"80781",2.69630346226308
"51077",2.69630346043474
"129530",2.69630346024397
"29777",2.69630345662052
"28398",2.69630345145731
"693138",2.69630344823063
"100271359",2.69630344635132
"10537",2.69630344475494
"92344",2.69630343630734
"9187",2.69630343605323
"8741",2.69630343390015
"100033427",2.69630343175336
"64770",2.69630342898586
"147694",2.69630342891056
"1992",2.69630342824325
"84981",2.69630342740976
"27327",2.69630342668374
"105372481",2.69630342505863
"100499177",2.69630342391454
"83478",2.696303416381
"65991",2.69630341616273
"57700",2.69630341305075
"127814297",2.69630341274232
"25850",2.69630341272976
"9528",2.69630340639712
"1195",2.69630340345153
"66037",2.69630340253801
"64801",2.69630340210882
"1187",2.6963034015861
"23259",2.69630339914025
"27107",2.69630339745787
"28424",2.69630339729363
"57494",2.69630339396873
"3359",2.69630339007005
"79977",2.69630338727385
"3921",2.69630338628555
"100526842",2.69630338526203
"79768",2.69630338330058
"7549",2.69630338234024
"51398",2.69630337847879
"6895",2.6963033783224
"6869",2.69630337825627
"163720",2.69630337564096
"255394",2.69630337363112
"344752",2.69630337352242
"3039",2.69630337309485
"79663",2.69630337061644
"5305",2.69630336769753
"51086",2.69630336695086
"541471",2.69630336236569
"124902771",2.69630336000648
"7587",2.69630335530895
"56141",2.69630335365185
"100421796",2.69630335206234
"54577",2.69630335101651
"284338",2.69630334845452
"9338",2.69630334224101
"84968",2.6963033415765
"118490",2.69630334010045
"7381",2.69630333956508
"9926",2.69630333688029
"57231",2.69630333686408
"23431",2.6963033367056
"6502",2.69630333543509
"100169751",2.69630333460057
"105369933",2.69630333313315
"54556",2.69630333257092
"5066",2.69630333239175
"23332",2.69630333105791
"84436",2.69630332140839
"151525",2.69630332060537
"80067",2.69630331819442
"100421506",2.69630331396485
"54714",2.69630331386611
"169026",2.69630331306427
"3537",2.69630331241873
"59084",2.69630331121384
"9462",2.69630331089795
"56203",2.69630329960193
"5168",2.69630329615753
"64426",2.69630329549767
"728769",2.69630329125175
"440107",2.69630328400752
"23426",2.696303282182
"165215",2.69630327781858
"9200",2.6963032770782
"100873204",2.69630327134852
"2674",2.69630327017295
"118980",2.69630326823261
"26234",2.69630325807272
"79230",2.69630325799395
"10488",2.69630325721534
"5479",2.69630325693455
"81894",2.69630325460676
"9729",2.69630325190886
"347051",2.69630324958742
"84214",2.6963032469041
"7565",2.6963032426299
"55207",2.69630324012932
"28601",2.69630323883805
"54596",2.69630323881086
"6000",2.69630323749245
"9429",2.69630323339477
"3141",2.69630323208732
"7187",2.69630323186424
"51368",2.69630323109952
"8631",2.69630322942974
"10913",2.696303228494
"116068",2.69630322630774
"127253",2.69630322561125
"123258399",2.69630322495197
"9794",2.69630322304774
"4087",2.6963032216374
"1908",2.69630322038582
"285",2.69630322026365
"100133077",2.69630321794823
"5595",2.6963032144313
"3660",2.69630320785903
"81363",2.69630320693899
"55577",2.69630320542943
"5378",2.69630320157135
"677829",2.69630320140777
"125228",2.69630320016834
"306",2.69630319969671
"8801",2.69630319877742
"100506606",2.69630319781838
"121232372",2.6963031957323
"148266",2.69630319377932
"23317",2.69630319133468
"28429",2.69630319015424
"54441",2.69630318789101
"9711",2.69630318717314
"5179",2.69630318669153
"28933",2.69630318645256
"28826",2.69630318526885
"10902",2.6963031835385
"56169",2.69630318156326
"3075",2.69630318126954
"7879",2.69630318080468
"63943",2.69630318041091
"8820",2.69630317706975
"5226",2.6963031766533
"54511",2.69630317645394
"51319",2.69630317526113
"7029",2.69630317466435
"317662",2.69630317446165
"10038",2.69630317420926
"9261",2.69630317203885
"26268",2.69630317186894
"1478",2.6963031706279
"100125556",2.69630316824647
"29979",2.69630316823001
"1891",2.69630316678045
"139221",2.69630316302545
"3454",2.69630316212016
"64848",2.69630315934491
"100129215",2.69630315867383
"6356",2.69630315855112
"3111",2.69630315352072
"101927288",2.6963031523212
"28900",2.69630314888972
"54495",2.69630314788464
"2911",2.6963031471772
"3738",2.69630314670016
"129446",2.69630314450578
"100129029",2.69630314442978
"10402",2.69630314430871
"100526833",2.69630313782762
"10002",2.69630313528573
"100271260",2.69630313466341
"109910381",2.69630313462139
"58516",2.69630313431298
"72",2.69630313056672
"57569",2.69630312680679
"29117",2.69630312636964
"79648",2.69630312479176
"285555",2.69630312345993
"144165",2.69630312252103
"11161",2.69630311064627
"105376468",2.69630310681744
"729540",2.69630310510498
"3840",2.69630310407674
"8774",2.69630310293486
"105377486",2.6963030985147
"29944",2.69630309699115
"4116",2.69630309678957
"159296",2.6963030949428
"100128233",2.69630309294823
"94039",2.69630308855961
"163",2.69630308777875
"440307",2.69630308599011
"375850",2.69630308512584
"730187",2.69630308466648
"28606",2.69630308259099
"111082971",2.69630308030044
"57691",2.69630307886595
"646324",2.69630307312213
"6285",2.69630307179533
"26156",2.69630307100468
"339845",2.69630306869038
"337873",2.69630306591132
"100271063",2.6963030656834
"81542",2.69630306236721
"762",2.69630306184765
"58505",2.69630306022456
"6865",2.69630305912667
"6699",2.69630305670785
"728591",2.69630305640725
"9372",2.69630305468199
"100130268",2.69630305307278
"26835",2.69630305201944
"285154",2.69630305048346
"285521",2.69630304472266
"7748",2.69630304424555
"402374",2.69630304081248
"643803",2.69630304009642
"100507034",2.69630303902875
"79086",2.69630303750165
"90333",2.6963030374607
"8439",2.69630303734244
"5648",2.69630303724797
"330",2.69630303686659
"10733",2.69630303431941
"7541",2.69630303296929
"4707",2.69630303060801
"114786",2.69630302801615
"57822",2.69630302736484
"953",2.69630302389845
"55906",2.69630302365652
"10413",2.69630302198434
"4774",2.69630301866193
"10753",2.69630301739883
"10111",2.69630301674762
"56163",2.69630301209183
"9595",2.69630301044026
"388951",2.69630300973611
"81571",2.69630300940386
"6817",2.69630300631361
"3249",2.69630300520399
"57413",2.6963030039712
"79739",2.69630299974184
"57107",2.69630299712548
"170547",2.69630299641749
"2186",2.69630299575465
"221393",2.69630299509371
"11137",2.69630299391405
"57606",2.69630299034529
"401375",2.69630298827845
"57821",2.69630298540227
"113510",2.69630297966847
"619569",2.69630297895757
"100873979",2.69630297200502
"79893",2.69630297174438
"254910",2.69630297044326
"8970",2.69630296932396
"148304",2.69630296853335
"1178",2.69630296769997
"8645",2.69630296762581
"7918",2.69630296665908
"10476",2.69630296637837
"5682",2.6963029661246
"4763",2.6963029655192
"57116",2.69630296532505
"84649",2.69630296432861
"91445",2.69630296323936
"80184",2.69630296258275
"23412",2.69630296032901
"6223",2.69630295909966
"2903",2.69630295779047
"9052",2.69630295697547
"79153",2.69630295624366
"440278",2.69630295531878
"128344",2.69630295368107
"84226",2.69630295345903
"259290",2.69630295339828
"8087",2.69630295329851
"148523",2.69630295173304
"3092",2.69630294971654
"79602",2.69630294817897
"2074",2.6963029478817
"81627",2.69630294414275
"51594",2.69630294276975
"28822",2.69630294109396
"646870",2.6963029403539
"11164",2.69630293812909
"100302112",2.69630293802626
"100885776",2.69630293752856
"57209",2.69630293582068
"100129732",2.69630293509627
"1203",2.69630293374403
"100271119",2.69630293221349
"728481",2.69630293137362
"28962",2.69630293079842
"27233",2.69630292816408
"51276",2.69630291693314
"163882",2.69630291616897
"1523",2.69630291496169
"85478",2.69630291478968
"646942",2.69630291040942
"219988",2.69630291021754
"10178",2.69630290739933
"1234",2.69630290642976
"1192",2.69630290611413
"9897",2.69630290608153
"5591",2.69630290563223
"113878",2.69630290169152
"916",2.69630290019914
"84665",2.69630289850776
"10939",2.69630289827618
"439992",2.6963028980643
"65061",2.69630289781995
"116832",2.69630289775791
"26779",2.69630289708329
"79728",2.69630289692223
"26160",2.69630289670292
"5127",2.69630289604214
"1261",2.69630289393277
"100271425",2.69630289367555
"22852",2.69630289320409
"128760",2.69630289304098
"23284",2.69630289225783
"23008",2.69630289121088
"104355287",2.69630288374048
"84527",2.69630288364626
"5774",2.69630288328615
"10664",2.69630288126768
"6210",2.69630288126028
"728300",2.69630288069828
"200916",2.69630287930824
"25929",2.6963028791182
"81615",2.69630287714591
"79622",2.69630287680266
"84910",2.69630287604458
"64924",2.69630287199579
"26292",2.69630287078468
"392188",2.69630286998242
"57226",2.6963028693506
"440738",2.69630286792278
"100151645",2.69630286631065
"153222",2.69630286554517
"11060",2.69630286545919
"729779",2.69630286498433
"51003",2.69630286354521
"23365",2.69630286292166
"9749",2.696302862891
"148213",2.69630286274283
"9927",2.69630286108119
"84516",2.69630286061667
"9540",2.69630285942019
"29121",2.69630285880257
"100101268",2.69630285669915
"101930100",2.69630285613281
"440482",2.69630285523795
"114294",2.69630285249846
"2531",2.69630285237642
"10430",2.69630285201907
"115650",2.69630285182237
"9852",2.69630285169508
"90592",2.69630285004769
"23515",2.69630284918597
"65260",2.6963028462486
"7518",2.69630284614779
"6622",2.69630284600293
"113218477",2.69630284575361
"66005",2.69630284566459
"3633",2.696302845421
"80167",2.69630284533225
"4345",2.69630284525428
"84186",2.69630284247553
"90273",2.69630284138681
"714",2.69630284096762
"100418707",2.69630283905905
"92856",2.69630283887987
"55705",2.69630283870966
"401548",2.69630283842605
"3748",2.6963028371196
"25904",2.6963028362801
"143662",2.69630283526445
"6085",2.69630283328376
"6238",2.69630283268491
"51128",2.69630283069772
"100505832",2.69630283050953
"130",2.69630282739561
"4602",2.69630282472819
"55832",2.69630282453155
"23116",2.69630282432944
"391256",2.69630282193468
"347902",2.69630282060428
"145226",2.69630282041209
"94009",2.69630281992305
"442117",2.69630281593579
"158297",2.69630281570232
"3673",2.696302812848
"474354",2.6963028092822
"619208",2.69630280816276
"64855",2.69630280782807
"9775",2.69630280760897
"8574",2.69630280621379
"57724",2.69630280575272
"116987",2.69630280522611
"692108",2.69630280462245
"646710",2.69630280395583
"6744",2.69630280387661
"1397",2.69630280067252
"6045",2.69630280056002
"2566",2.6963027988766
"100129482",2.69630279794756
"285237",2.69630279322317
"3859",2.69630279150463
"90843",2.69630278924197
"378706",2.69630278803557
"114882",2.69630278756986
"59348",2.69630278736442
"5901",2.69630278350757
"79838",2.69630277858539
"4671",2.69630277852708
"79315",2.69630277587826
"101060321",2.6963027744664
"90133",2.69630277225255
"8293",2.69630277176058
"200844",2.69630277057335
"677777",2.69630276473352
"7503",2.69630276461321
"522",2.69630275472116
"10247",2.69630275463742
"136647",2.6963027529273
"7738",2.69630274972243
"644353",2.69630274959613
"23347",2.69630274914998
"5306",2.69630274871181
"4149",2.69630274810801
"5162",2.69630274666208
"7158",2.69630274597691
"339745",2.69630274589116
"401703",2.6963027437551
"117608",2.69630274294102
"57584",2.6963027411659
"10149",2.69630274104863
"277",2.69630274083957
"1106",2.69630273977181
"109910384",2.69630273730188
"219736",2.69630273707515
"375260",2.69630273691536
"55970",2.69630273611387
"23568",2.69630273511454
"23127",2.69630273504115
"10752",2.69630273487677
"121512",2.69630273432734
"28518",2.69630273292677
"100505385",2.69630273211181
"27250",2.6963027304465
"152742",2.69630272924358
"1373",2.69630272802382
"100271178",2.69630272636424
"6118",2.69630272502347
"256309",2.69630272145645
"253959",2.6963027206772
"27077",2.69630272020724
"677839",2.69630271942996
"5356",2.6963027162636
"10219",2.69630271428055
"50511",2.69630271393404
"54407",2.69630271360428
"55255",2.69630271280981
"106480971",2.69630271265762
"2242",2.69630271259524
"4239",2.69630271246318
"79987",2.69630271213774
"29090",2.69630270972033
"102723647",2.69630270914481
"5071",2.69630270474453
"55291",2.69630270443462
"80267",2.69630270275864
"5446",2.69630269883931
"6296",2.69630269630612
"91298",2.69630269468926
"10797",2.69630269376059
"79864",2.69630269313966
"1974",2.69630269291592
"11228",2.69630269016493
"5525",2.69630268726475
"83875",2.69630268688511
"10632",2.69630268623809
"81555",2.69630268564518
"29843",2.69630268447573
"9043",2.69630268215275
"26866",2.6963026815244
"4620",2.69630267804235
"672",2.69630267610667
"8074",2.69630267156233
"84916",2.69630266877715
"389976",2.69630266876918
"84312",2.6963026685374
"10384",2.69630266743196
"109617010",2.69630266679033
"22955",2.69630266662491
"162394",2.69630266579257
"90594",2.69630266404385
"471",2.69630266364104
"10058",2.69630266121895
"55349",2.69630266013513
"26057",2.69630265946761
"147015",2.69630265884108
"5506",2.69630265826564
"51013",2.69630265739386
"55756",2.69630265657946
"90957",2.69630265623956
"8833",2.69630265522738
"5428",2.69630265169907
"3836",2.69630264954968
"2744",2.69630264683308
"100873962",2.69630264353754
"55768",2.69630264128228
"114769",2.69630264074397
"7417",2.69630263829642
"4223",2.69630263656778
"326320",2.69630263650504
"340156",2.69630263633633
"7099",2.69630263629123
"169841",2.69630263407275
"9873",2.69630263355735
"4922",2.69630263307954
"10412",2.6963026318561
"100129259",2.69630262825893
"3150",2.69630262788792
"163087",2.69630262608589
"285025",2.69630262547515
"5062",2.69630262472978
"144402",2.69630262344635
"7568",2.69630262339693
"51348",2.69630262157121
"79624",2.69630261884662
"338645",2.6963026174854
"55364",2.69630261235624
"55861",2.69630260857904
"677843",2.69630260778263
"140290",2.69630260687885
"85465",2.69630260384698
"2957",2.69630260226306
"101928243",2.69630260168838
"80774",2.69630260073337
"1352",2.69630260066774
"8973",2.6963025985609
"55218",2.69630259808984
"25821",2.69630259792572
"2071",2.69630259733672
"84055",2.69630259628556
"51435",2.69630259170368
"286410",2.69630258993494
"9577",2.69630258953857
"284805",2.69630258717237
"338872",2.69630258496702
"440248",2.69630258427005
"2146",2.69630258211046
"347733",2.69630258105997
"79175",2.69630258081564
"441457",2.69630258011785
"10376",2.69630257960558
"1429",2.69630257952457
"54970",2.69630257926515
"84656",2.69630257923932
"10955",2.69630257730831
"10924",2.69630257518844
"101927671",2.69630257512954
"92255",2.69630257317892
"201965",2.69630257292567
"56131",2.69630257289581
"2954",2.69630257202693
"116254",2.69630257078942
"805",2.69630256977428
"64288",2.69630256783265
"284802",2.69630256644438
"100130523",2.69630256599571
"3716",2.69630256578429
"8554",2.69630256498425
"400750",2.69630256444783
"55729",2.69630256318037
"128854680",2.69630256182833
"692157",2.69630256171701
"83852",2.69630256099217
"80731",2.69630256032847
"1667",2.69630255909748
"538",2.69630255909589
"8969",2.69630255648926
"109616970",2.69630255537051
"100873997",2.69630255442424
"100271257",2.69630255369889
"406956",2.69630255180319
"10289",2.69630255092146
"1131",2.69630254829034
"253582",2.69630254765706
"211",2.6963025475294
"91120",2.69630254732788
"23315",2.69630254664409
"23120",2.69630254622586
"7643",2.69630254557421
"51066",2.69630254541963
"606495",2.69630254439449
"79692",2.69630254382019
"23581",2.69630253927539
"966",2.69630253882975
"6581",2.69630253689103
"9585",2.69630253688491
"9913",2.69630253560824
"2962",2.69630253449926
"4236",2.69630253383098
"55788",2.69630253121497
"28775",2.69630253033854
"2",2.69630252928764
"5265",2.69630252798655
"744",2.69630252794279
"143",2.69630252692742
"4090",2.69630252369716
"5692",2.69630252358491
"28834",2.69630252076143
"728609",2.69630251803977
"25928",2.69630251677636
"55153",2.69630251670085
"168537",2.69630251598853
"4916",2.69630251591843
"10635",2.69630251509436
"392187",2.69630251084606
"7170",2.696302510436
"1768",2.6963025095469
"79896",2.69630250706066
"2592",2.69630250549568
"29945",2.69630250527384
"100533705",2.69630250370643
"10213",2.69630249999717
"4752",2.69630249945129
"29103",2.69630249837086
"6698",2.69630249819728
"6498",2.69630249814243
"106480775",2.69630249682818
"1030",2.69630249654678
"2124",2.69630249534282
"2053",2.69630249418534
"10771",2.69630249376356
"7184",2.69630249139549
"476",2.69630248945109
"338657",2.69630248817798
"124904027",2.69630248515169
"83892",2.69630248445535
"51283",2.69630248351198
"28935",2.69630248346907
"5133",2.69630247731888
"10233",2.69630247636789
"5169",2.69630247571489
"100271068",2.69630247507435
"10438",2.69630247372279
"5082",2.69630247292088
"89839",2.69630247267472
"93145",2.69630247167102
"26258",2.69630246747569
"100874058",2.69630246571633
"28684",2.69630246567638
"7164",2.69630246484418
"28568",2.69630246285374
"29957",2.69630246170501
"125",2.69630246138369
"28642",2.6963024603532
"220433",2.69630245862398
"23335",2.69630245793082
"1583",2.69630245330559
"55862",2.69630245133049
"100422411",2.69630245099089
"349149",2.69630244954861
"767598",2.69630244766785
"203447",2.69630244764855
"2557",2.69630244577533
"4332",2.69630244497438
"28423",2.69630244460916
"8916",2.69630244412451
"5781",2.69630244337847
"51100",2.69630244247873
"84658",2.69630244043822
"55486",2.69630243993471
"10516",2.69630243969989
"10385",2.69630243879269
"64147",2.69630243492417
"6209",2.69630243480843
"196513",2.69630243184884
"28664",2.69630243146351
"51716",2.6963024309153
"124900217",2.69630243069329
"5000",2.69630243012607
"1615",2.69630242994006
"222052",2.6963024288458
"157570",2.69630242738534
"8492",2.69630242681651
"344",2.69630242542513
"57088",2.69630242529588
"56913",2.69630242528101
"23543",2.69630242497649
"23172",2.69630242466765
"6747",2.69630242251742
"5984",2.69630242069336
"22821",2.69630241992828
"2643",2.69630241713636
"7037",2.69630241710187
"401127",2.696302415776
"729230",2.6963024152075
"28454",2.69630241468475
"653794",2.69630241350529
"54928",2.69630241286699
"392752",2.69630241239515
"100421090",2.6963024095607
"28719",2.69630240834897
"27232",2.69630240791972
"27067",2.69630240674831
"9117",2.69630240623315
"5058",2.6963024028101
"868",2.69630240191955
"2697",2.69630240082718
"29",2.69630239961096
"387695",2.6963023995227
"6304",2.69630239929198
"81027",2.6963023988069
"2289",2.69630239808035
"2705",2.69630239614232
"79760",2.6963023958223
"6038",2.69630239512588
"54801",2.69630239348637
"55687",2.69630239195065
"4259",2.69630239109004
"23117",2.69630239088523
"100129842",2.6963023907556
"27328",2.69630238892263
"153562",2.69630238717069
"28667",2.69630238712856
"400685",2.69630238649356
"106479020",2.69630238540008
"100132352",2.69630238465855
"123803",2.69630238428628
"109864274",2.69630238415435
"105370174",2.69630237594718
"30849",2.69630237575002
"51098",2.69630237494614
"55041",2.69630237428091
"11073",2.69630237358563
"8493",2.69630237302839
"28450",2.69630237257148
"6165",2.69630237205544
"55856",2.69630237032756
"384",2.69630236944188
"100506742",2.69630236410407
"23738",2.6963023633495
"131965",2.69630236242307
"2138",2.69630235907421
"8802",2.6963023581975
"6873",2.69630235746791
"442267",2.69630235646625
"100288801",2.6963023561507
"257218",2.69630235510057
"57556",2.69630235475916
"11329",2.69630235468802
"400236",2.69630235334124
"84614",2.69630235288718
"25909",2.69630235281188
"50937",2.69630235264442
"7267",2.69630235206072
"51704",2.69630235164269
"64137",2.69630235085436
"51496",2.69630234934966
"26826",2.69630234895257
"1573",2.69630234597853
"55176",2.69630234550363
"84324",2.69630234519711
"3860",2.69630234404104
"5158",2.69630234372055
"91689",2.69630234281053
"84698",2.69630234229996
"57535",2.6963023422002
"7745",2.69630234161154
"7372",2.69630233924082
"1060",2.69630233461008
"23220",2.69630232690603
"6444",2.69630232513101
"23291",2.6963023247575
"119437",2.69630232166133
"721",2.69630232097379
"768097",2.69630232060989
"79618",2.6963023203283
"117751736",2.69630231899987
"49860",2.69630231647749
"757",2.69630231560336
"4439",2.69630231560016
"100418748",2.69630231293955
"51622",2.69630231223982
"56052",2.69630230947623
"28939",2.69630230886667
"8487",2.69630230795534
"57181",2.6963023052628
"5352",2.69630230403479
"284040",2.69630230377965
"10479",2.69630230376831
"3838",2.69630230312929
"64968",2.69630230247496
"1193",2.69630230099804
"2202",2.69630230088683
"8723",2.69630230048403
"55800",2.69630229963663
"4864",2.6963022989415
"619207",2.696302298427
"100130086",2.69630229831833
"7762",2.69630229791801
"221981",2.69630229678963
"8650",2.69630229599431
"4853",2.69630229423841
"11010",2.69630229379342
"677808",2.69630229305543
"3664",2.6963022928564
"100271172",2.69630229234883
"55863",2.69630229144037
"132001",2.69630229124683
"10165",2.69630229065749
"28914",2.69630228844226
"79101",2.69630228773839
"124909377",2.69630228624683
"100131213",2.69630228517119
"155060",2.69630228497359
"100421580",2.69630228446318
"100507156",2.69630228436579
"148641",2.69630228363075
"122945",2.69630228286822
"55101",2.69630228268909
"63894",2.69630228136352
"148223",2.69630228000355
"123103",2.69630227971105
"10525",2.69630227839306
"1075",2.69630227727363
"79573",2.69630227285326
"100289303",2.69630227180205
"8899",2.69630227021864
"26045",2.69630226640662
"100532731",2.69630226537143
"55003",2.69630226424495
"3866",2.69630226352558
"841",2.6963022633822
"9784",2.69630226125196
"6086",2.69630225960223
"64965",2.69630225955465
"28660",2.69630225809947
"26577",2.69630225570771
"162967",2.69630225289191
"51808",2.69630224706933
"282996",2.69630224653231
"55033",2.69630224648853
"400126",2.69630224558648
"100533483",2.69630224293574
"727865",2.69630224268602
"55916",2.69630223819712
"400619",2.69630223792352
"4781",2.69630223740609
"5600",2.69630223639163
"286380",2.69630223540494
"718",2.69630223460232
"4585",2.69630223387566
"9657",2.69630223358809
"3856",2.69630223147185
"730861",2.6963022314214
"5870",2.69630223114989
"130589",2.6963022301719
"9861",2.69630222645709
"121232371",2.6963022261799
"53829",2.69630222519927
"5885",2.69630222486859
"135228",2.69630222240446
"222545",2.69630222125602
"220869",2.69630222107231
"653073",2.69630221969031
"2661",2.69630221733723
"26821",2.69630221319979
"101927084",2.6963022130509
"728064",2.69630221070896
"25809",2.69630220959902
"54823",2.69630220808825
"151050",2.69630220737519
"64881",2.69630220705137
"116123",2.69630220640941
"25789",2.69630220568352
"392382",2.69630220383837
"2688",2.69630220348113
"11162",2.69630220152102
"27258",2.69630220145703
"5328",2.69630219956804
"6358",2.69630219859629
"105375968",2.69630219786478
"55534",2.69630219717517
"23197",2.69630219669032
"5471",2.69630219614091
"79646",2.69630219570235
"8988",2.69630219303758
"54956",2.69630219297873
"124904273",2.69630219271127
"65987",2.69630219090695
"100113393",2.69630219015232
"51678",2.69630218910857
"57404",2.69630218840971
"155006",2.69630218828632
"641293",2.69630218646591
"6671",2.69630218633649
"8073",2.69630218550298
"407975",2.69630218514305
"4520",2.69630218482558
"1080",2.69630218414067
"23443",2.69630218393174
"102723167",2.69630218157368
"9551",2.69630218067068
"10440",2.69630217729369
"285753",2.69630217693175
"5654",2.69630217622796
"50489",2.69630217608101
"11031",2.69630217450892
"100505783",2.69630216988297
"11011",2.69630216557888
"100288380",2.69630216437159
"10539",2.69630216418402
"11234",2.69630216300684
"100422317",2.6963021604912
"10403",2.6963021600374
"116511",2.69630215629863
"79003",2.6963021561147
"441178",2.69630215412194
"9125",2.69630215049885
"2902",2.69630214867545
"8520",2.69630214743882
"130733",2.6963021472338
"51514",2.69630214692549
"283298",2.69630214427558
"113612",2.69630213997287
"100419642",2.69630213963618
"26190",2.69630213953136
"57393",2.69630213771794
"170526",2.69630213765856
"51277",2.69630213742015
"37",2.69630213719519
"112436692",2.69630213664208
"56997",2.69630213616217
"11157",2.69630213376811
"56123",2.69630213311896
"57446",2.69630213154084
"5357",2.69630212894985
"390301",2.69630212762126
"64946",2.69630212528537
"506",2.69630212506931
"55015",2.69630212342079
"84294",2.69630212339456
"6487",2.69630212329412
"219749",2.69630212318756
"55599",2.69630212286148
"6733",2.69630212236084
"155066",2.69630212219946
"3433",2.69630211929079
"100421756",2.69630211852223
"101927692",2.6963021177375
"728673",2.69630211550318
"30010",2.69630211492513
"440894",2.69630211394519
"9662",2.69630211347794
"100132594",2.69630211305457
"6583",2.69630211276885
"28465",2.69630211262153
"9946",2.69630211252698
"100616311",2.69630211204943
"1271",2.69630211024854
"55014",2.69630211001471
"2296",2.69630210711506
"100421528",2.6963021056152
"57600",2.69630210328545
"283387",2.69630210187081
"11026",2.69630210044337
"5294",2.69630210011252
"109616962",2.69630209705361
"5906",2.69630209499519
"23017",2.696302094843
"55769",2.69630209269499
"7626",2.69630209229204
"644131",2.69630209108939
"124535",2.69630208918879
"83452",2.69630208849947
"25936",2.6963020878154
"1163",2.69630208759062
"23506",2.69630208704357
"9743",2.69630208679101
"6146",2.69630208420021
"51400",2.69630208369428
"26664",2.69630208334091
"23167",2.69630208220228
"1062",2.69630208213309
"100128908",2.69630208198793
"440577",2.69630208158503
"100271644",2.69630207923314
"149563",2.69630207921609
"286016",2.69630207823367
"57180",2.69630207814707
"100507246",2.69630207776596
"3184",2.69630207741232
"56479",2.69630207662756
"11340",2.69630207527819
"93166",2.69630207293532
"22915",2.69630207279245
"112858",2.69630207260133
"3033",2.69630207247762
"55119",2.69630207146671
"8847",2.69630207098336
"4591",2.69630207014658
"55012",2.696302068564
"10524",2.69630206792753
"3460",2.69630206373462
"84181",2.6963020619489
"729873",2.69630206192128
"90024",2.69630206166004
"84973",2.69630205927217
"644384",2.69630205873752
"87769",2.69630205835869
"3782",2.69630205820346
"60684",2.69630205700616
"692223",2.69630205687765
"2683",2.69630205646292
"79184",2.69630205626408
"4735",2.69630205464837
"8365",2.69630205122309
"123464518",2.69630204927236
"340307",2.69630204865875
"729857",2.69630204790104
"154761",2.6963020478589
"644019",2.69630204644939
"28917",2.69630204380231
"63916",2.69630204336407
"100506866",2.69630204293615
"57188",2.69630204265003
"1041",2.6963020387802
"81847",2.69630203721729
"106480535",2.69630203655492
"23209",2.69630203012823
"25926",2.69630202994025
"134147",2.69630202816271
"91948",2.69630202641336
"28921",2.69630202501931
"57222",2.69630202367795
"26149",2.69630202345486
"57062",2.69630202280798
"440574",2.69630202221128
"127018",2.69630202178582
"10020",2.69630201985171
"100421774",2.6963020186378
"11015",2.6963020182977
"7046",2.6963020153193
"414777",2.69630201460655
"84418",2.69630201460083
"6737",2.69630201399961
"692205",2.69630201342144
"64062",2.69630201254293
"100420567",2.69630200727986
"439933",2.69630200705043
"644924",2.69630200599097
"100133038",2.69630200581208
"1164",2.69630200576105
"28923",2.69630200325765
"55233",2.69630200067582
"133022",2.69630200034332
"7621",2.69630199861417
"36",2.69630199762512
"554249",2.69630199702229
"106480521",2.69630199667634
"83636",2.69630199265609
"28978",2.69630199163554
"92482",2.69630199079496
"80021",2.69630198967109
"196527",2.69630198944559
"84365",2.6963019893247
"153830",2.69630198765571
"339967",2.69630198714819
"56133",2.69630198262139
"55781",2.69630198190826
"11236",2.69630198026193
"64789",2.69630198019428
"101867536",2.69630197953835
"54778",2.69630197803143
"100289230",2.6963019758548
"407",2.69630197502863
"64506",2.69630197404203
"8364",2.69630196989385
"660",2.69630196881866
"64150",2.6963019677265
"25836",2.69630196700337
"124903574",2.69630196488691
"101929469",2.69630196372564
"214",2.69630196191637
"83897",2.69630196170634
"23092",2.69630195969978
"7733",2.69630195526773
"28443",2.6963019516971
"90576",2.69630195054219
"29089",2.69630195002837
"6084",2.69630194848527
"402329",2.69630194844934
"400011",2.69630194548442
"4514",2.69630193874909
"121009647",2.69630193847406
"646612",2.69630193666177
"613037",2.69630193416241
"9050",2.69630193025698
"8559",2.6963019302289
"84128",2.69630193014708
"116442",2.6963019293909
"717",2.69630192932266
"1015",2.69630192746047
"64754",2.69630192453436
"102723701",2.69630192079963
"101929680",2.69630192075595
"220004",2.69630192042116
"126017",2.69630191933808
"4212",2.69630191881132
"84280",2.69630191807003
"57511",2.69630191677591
"64921",2.6963019146375
"283489",2.69630191455989
"677847",2.69630191373686
"4133",2.69630191363834
"26157",2.6963019129067
"10606",2.69630191238817
"5469",2.69630191112337
"145282",2.69630191033036
"54055",2.69630190926605
"9989",2.6963019091937
"283120",2.69630190838111
"29915",2.69630190812376
"80150",2.69630190758306
"144811",2.69630190652125
"767590",2.69630190644663
"655",2.69630190641995
"2622",2.6963019044525
"158067",2.6963019043413
"4928",2.69630190280411
"353514",2.69630190240302
"2629",2.69630190115197
"83464",2.69630190073725
"57148",2.69630189778377
"7775",2.69630189577484
"9512",2.69630189567546
"9590",2.69630189283621
"79628",2.69630188946537
"55215",2.69630188890638
"79070",2.69630188875445
"267010",2.69630188632167
"100271437",2.69630188294937
"677841",2.69630188279949
"8611",2.69630188176256
"11244",2.69630188146758
"85363",2.69630188059232
"10600",2.69630187871913
"283820",2.6963018755979
"80007",2.69630187554064
"6713",2.69630187419067
"4867",2.69630186966379
"109729173",2.69630186784466
"127933",2.69630186670153
"51324",2.69630186623979
"100271267",2.69630186499336
"27044",2.69630186366987
"2210",2.69630186321661
"51761",2.69630186270534
"692111",2.69630186175392
"22836",2.69630186148479
"574407",2.69630186131816
"10240",2.69630185906526
"10193",2.69630185903687
"84986",2.69630185899015
"4799",2.69630185685979
"22847",2.69630185676397
"114548",2.69630185633849
"64121",2.69630185285346
"5696",2.6963018524115
"26276",2.69630185230363
"125476",2.69630185190795
"3136",2.69630184896562
"55276",2.69630184377387
"63898",2.696301842968
"10907",2.69630184160092
"3884",2.69630184102754
"255877",2.69630184082676
"100271033",2.69630183617289
"10572",2.69630183461684
"100506376",2.69630183300346
"1795",2.69630183224088
"731424",2.69630183059155
"157567",2.69630182901338
"203859",2.6963018285247
"10772",2.69630182669667
"100419679",2.69630182179982
"222484",2.69630182069872
"196913",2.69630181972963
"7416",2.69630181877845
"150365",2.69630181835713
"10492",2.69630181767758
"10321",2.69630181585719
"54476",2.69630181576018
"8896",2.69630181433617
"220729",2.69630181181415
"196441",2.69630181160955
"79231",2.69630181059873
"80205",2.69630180855275
"57615",2.69630180618624
"677776",2.69630180472837
"65117",2.69630180467414
"6375",2.69630180452934
"6122",2.6963018044751
"128240",2.69630180381495
"9135",2.69630180214009
"1385",2.69630179989066
"51026",2.69630179896024
"353145",2.69630179888776
"51727",2.69630179829512
"642394",2.69630179829441
"55758",2.69630179703845
"339512",2.69630179659126
"3394",2.69630179378882
"7035",2.69630179141253
"9266",2.69630179131791
"22826",2.69630179056223
"440854",2.69630179054513
"414059",2.69630179027339
"23385",2.69630179021696
"84952",2.69630178830356
"27123",2.69630178529746
"51676",2.69630178431382
"145567",2.69630178317467
"1830",2.69630178081021
"2197",2.69630178060389
"115209",2.6963017802367
"100131291",2.69630177885372
"30832",2.69630177763685
"55585",2.6963017770583
"1244",2.69630177346285
"51241",2.69630177339114
"51705",2.6963017705161
"5687",2.69630176960623
"1416",2.69630176734063
"51465",2.69630176724218
"158062",2.69630176505752
"28971",2.69630176388646
"51562",2.69630176336209
"6882",2.69630176333894
"5145",2.69630175373803
"79089",2.69630175320135
"28741",2.69630175274999
"28960",2.6963017520489
"54974",2.6963017520303
"3447",2.69630175175507
"219899",2.69630175174711
"5303",2.69630175160603
"57488",2.69630175159442
"3532",2.69630175122992
"727835",2.69630175105783
"10388",2.6963017486289
"79066",2.69630174633205
"56922",2.69630174422573
"1901",2.69630174373624
"900",2.6963017424016
"57190",2.69630174089047
"5892",2.69630173982462
"8621",2.69630173901823
"6834",2.69630173635946
"54808",2.69630173526928
"328",2.69630173415501
"79895",2.69630173202185
"8817",2.69630173199911
"6642",2.6963017288567
"6143",2.69630172829522
"150737",2.69630172449675
"553121",2.69630172318461
"58508",2.69630172257583
"9236",2.69630171958055
"5908",2.69630171798875
"22888",2.69630171633878
"23175",2.69630171481747
"116828",2.69630171392196
"2773",2.69630171111779
"163227",2.69630171108462
"91893",2.69630171101958
"5922",2.69630171087248
"100874204",2.69630170897366
"644090",2.69630170624523
"100996338",2.6963017060065
"51666",2.69630170204043
"6288",2.69630169981693
"23398",2.6963016997259
"261729",2.69630169747627
"2897",2.69630169719794
"1310",2.69630169405445
"2294",2.69630169276387
"91607",2.69630169213374
"7936",2.69630169040898
"58486",2.69630169031664
"100505993",2.69630168918502
"6041",2.69630168884857
"391622",2.69630168165101
"28976",2.69630168113378
"100128379",2.69630168020056
"26742",2.69630167933637
"10592",2.69630167796145
"9778",2.69630167312302
"5746",2.69630167191067
"901",2.69630167124393
"4205",2.69630167055319
"10617",2.6963016670748
"375611",2.69630166512282
"25901",2.69630166328859
"90637",2.69630166228828
"100507633",2.69630166173954
"11275",2.6963016607188
"5545",2.69630165902871
"246329",2.69630165802496
"54543",2.69630165715231
"605",2.69630165623825
"283777",2.69630165522847
"119710",2.69630165398209
"6564",2.69630165193897
"376940",2.69630165017326
"92283",2.69630164959089
"2519",2.69630164821101
"927",2.69630164727657
"55823",2.69630164369266
"3539",2.69630164209315
"64841",2.69630164172599
"161823",2.69630163778042
"109616974",2.69630163709044
"4694",2.69630163490641
"388272",2.69630163421599
"100271389",2.69630163214253
"10804",2.69630162982549
"3263",2.69630162839356
"83990",2.69630162778491
"55296",2.69630162712386
"116154",2.69630162691398
"55603",2.69630162688577
"83938",2.6963016265642
"5924",2.6963016260577
"619565",2.69630162578535
"338785",2.6963016246704
"100996490",2.69630162323918
"84955",2.69630162285288
"9674",2.6963016187444
"11091",2.6963016185523
"3882",2.69630161721182
"776",2.69630161629226
"2542",2.69630161572866
"64151",2.69630161545848
"172",2.69630161477531
"3094",2.696301614644
"55584",2.69630161384501
"256710",2.6963016132154
"28825",2.69630160965546
"8405",2.69630160916099
"51478",2.69630160819469
"2923",2.69630160609412
"100133091",2.6963016036975
"129450",2.69630160345513
"100419780",2.69630160166336
"148014",2.69630160103643
"10810",2.69630160084238
"2706",2.69630159892452
"653308",2.69630159732925
"56129",2.69630159732835
"5238",2.69630159717202
"3309",2.6963015932264
"8404",2.69630159320703
"79576",2.69630159311053
"4337",2.69630159211595
"1896",2.69630159130453
"23671",2.69630159082732
"64127",2.69630159009085
"114883",2.69630158906273
"22920",2.69630158705019
"101929555",2.69630158465201
"100133315",2.69630158175051
"5810",2.69630158037803
"55655",2.69630157978947
"150472",2.69630157862681
"9849",2.69630157452539
"147798",2.69630157419497
"6558",2.69630157364702
"401466",2.69630157339226
"285097",2.69630157215965
"51082",2.69630157107302
"10096",2.69630156925335
"102724624",2.69630156890589
"55322",2.69630156599156
"6125",2.69630156547875
"3127",2.69630156375957
"84529",2.69630156228328
"58475",2.69630156150664
"23595",2.69630155924151
"6317",2.69630155341348
"10573",2.69630155340293
"11116",2.696301547525
"80310",2.69630154523143
"202018",2.69630154226168
"28755",2.69630154214388
"9110",2.69630154164172
"28448",2.69630154133315
"26307",2.69630153943266
"23658",2.69630153799376
"55762",2.69630153625289
"79931",2.69630153545179
"23593",2.69630153119242
"102191832",2.69630152929592
"10098",2.69630152802585
"109864281",2.69630152678267
"2868",2.69630152458862
"8233",2.69630152333236
"8871",2.69630152309749
"3073",2.69630151809431
"2119",2.69630151809352
"9939",2.69630151736633
"220963",2.6963015168201
"105370777",2.69630151473095
"90799",2.69630151403512
"124900989",2.69630151319585
"904",2.69630150977153
"55432",2.69630150959953
"79832",2.6963015017688
"9847",2.69630149827349
"2798",2.69630149807506
"161779",2.69630149690318
"2005",2.69630149437688
"149428",2.69630149406616
"87178",2.69630149351842
"23451",2.69630148987251
"158801",2.69630148733648
"28990",2.69630148624608
"406962",2.69630148297554
"7328",2.69630148209572
"286430",2.6963014791997
"50810",2.69630147754331
"6227",2.69630147704121
"192670",2.69630147299303
"677763",2.69630147286203
"101927179",2.69630146992184
"7072",2.69630146809627
"259294",2.69630146787282
"6351",2.69630146633284
"2079",2.69630146547726
"43849",2.69630146399661
"101928725",2.69630146383008
"23390",2.69630146363536
"391712",2.69630145731474
"84248",2.69630145242147
"51284",2.69630144758064
"114876",2.69630144739599
"285141",2.69630144520188
"2192",2.69630144504662
"388553",2.69630144355773
"9677",2.69630144353911
"677775",2.69630144350934
"246126",2.69630144189896
"50865",2.6963014415341
"56605",2.69630143965394
"79695",2.69630143905409
"102723169",2.69630143653235
"144321",2.69630143625662
"266977",2.69630143197628
"5018",2.69630142702929
"100129997",2.69630142690571
"4830",2.69630142658624
"2307",2.69630142460724
"100422603",2.69630142133346
"9304",2.6963014201641
"196528",2.6963014196156
"22954",2.6963014174763
"6879",2.69630141580231
"50832",2.69630141224168
"23478",2.69630141140612
"54851",2.69630141069833
"23673",2.69630140848514
"4056",2.69630140720037
"7224",2.69630140627892
"27253",2.69630140041618
"28796",2.69630140032548
"1235",2.69630139926456
"3419",2.69630139551091
"148229",2.6963013954895
"3735",2.69630139431691
"79848",2.69630139413189
"3479",2.69630139393706
"106479105",2.69630139016937
"1962",2.69630138821039
"51668",2.69630138737965
"8382",2.69630138111405
"148423",2.6963013773227
"51056",2.69630137680738
"10099",2.69630137537896
"100750326",2.69630137445901
"7097",2.69630137289443
"645715",2.6963013727374
"8434",2.69630137273638
"55656",2.69630137118966
"114836",2.6963013706104
"10730",2.69630137039505
"619279",2.69630137011213
"6916",2.69630136457289
"677807",2.69630136386985
"7757",2.69630136348282
"375189",2.69630136293395
"1073",2.69630136049351
"1861",2.69630135871499
"284106",2.69630135664455
"26998",2.69630135564775
"5122",2.69630135120057
"79758",2.69630135076096
"284367",2.6963013505459
"728841",2.6963013483857
"100302135",2.69630134605824
"9369",2.69630134266293
"7251",2.69630134106709
"57289",2.69630133742745
"130507",2.69630133514815
"79966",2.69630133450966
"2313",2.69630133407243
"6457",2.6963013329773
"11014",2.69630133206268
"100506736",2.69630132574842
"59339",2.696301324128
"677820",2.69630132066848
"1066",2.69630132008309
"7284",2.69630131689646
"341276",2.69630131673252
"54505",2.69630131561882
"642797",2.69630131360136
"105372503",2.69630131327939
"27285",2.69630131165305
"80183",2.69630131156354
"57697",2.69630130819021
"101930275",2.69630130614917
"100130785",2.69630130581267
"23613",2.69630130432518
"51741",2.6963013032858
"116150",2.69630130087245
"5597",2.69630129973913
"488",2.6963012996906
"7855",2.69630129459032
"22902",2.69630129358315
"5379",2.69630129295231
"80816",2.69630129236653
"9468",2.69630128736148
"2173",2.69630128583649
"80821",2.69630128525204
"1939",2.69630127983449
"100505876",2.6963012783762
"22943",2.69630127809193
"693133",2.69630127754237
"100420423",2.69630127543708
"7620",2.696301272715
"256356",2.69630127139572
"83734",2.69630126752612
"2952",2.6963012658253
"11128",2.69630126575132
"286128",2.6963012656503
"10106",2.69630126543122
"105376162",2.69630126384548
"10283",2.69630126298195
"54432",2.69630126199047
"150590",2.6963012605787
"166",2.69630125654637
"401898",2.69630125631695
"6707",2.6963012562712
"79691",2.69630125496643
"57476",2.69630125377076
"7299",2.69630125149397
"439931",2.69630124835815
"100507420",2.69630124763028
"91",2.69630124685895
"100271034",2.69630124360691
"801",2.6963012417257
"727",2.69630124120778
"10276",2.69630124006405
"372",2.69630123938082
"7100",2.69630123639217
"85025",2.69630123244777
"51506",2.69630122162984
"494115",2.69630122013768
"51071",2.69630121957897
"23228",2.69630121537621
"2046",2.69630121515498
"55829",2.69630121421168
"386627",2.69630121164883
"111644133",2.69630120998626
"3790",2.69630120788691
"5156",2.69630120542095
"25847",2.69630120410417
"55139",2.69630120230309
"117166",2.6963012019655
"653720",2.69630120156648
"29799",2.69630119881536
"441317",2.69630119862867
"84547",2.69630119798805
"5480",2.69630119453667
"3018",2.69630119253194
"8443",2.69630119205687
"26610",2.69630119079236
"140462",2.69630119042627
"9",2.69630119024798
"650794",2.69630118036305
"105375980",2.69630117746247
"220134",2.69630117616827
"55266",2.696301173029
"256643",2.69630117210782
"728798",2.69630117184578
"10533",2.6963011717744
"5859",2.69630117126913
"9604",2.69630116730995
"144245",2.69630116322644
"23099",2.69630115712797
"79937",2.69630115647015
"7103",2.69630115575765
"124903883",2.69630115492867
"5955",2.6963011517818
"84766",2.69630115028368
"2263",2.69630114653795
"64097",2.69630114647725
"221092",2.69630114523483
"29965",2.69630114292427
"170622",2.6963011426112
"503638",2.69630113872955
"100506215",2.69630113572177
"7704",2.69630113566533
"79858",2.69630113346883
"101928287",2.69630113311977
"58527",2.69630113225722
"149837",2.69630113223122
"57325",2.69630112730685
"9271",2.69630112570743
"3776",2.69630112040357
"81789",2.69630111960722
"286042",2.69630111882777
"493753",2.69630110787635
"28793",2.69630110723077
"3709",2.69630110707199
"10120",2.69630110531925
"8214",2.69630110290259
"10694",2.69630110046701
"9218",2.69630109983391
"345062",2.6963010989794
"54206",2.69630109425961
"55872",2.69630109231516
"57679",2.6963010901303
"375287",2.69630108751235
"167838",2.69630108626418
"100506302",2.69630108467901
"197322",2.69630108423208
"23545",2.69630108364421
"105370479",2.69630108349574
"107984974",2.69630108336368
"627",2.69630108208938
"144608",2.69630107819586
"57091",2.69630107711301
"10859",2.69630107694461
"5996",2.69630107648471
"60",2.69630107616102
"91392",2.69630106803759
"727832",2.69630106745451
"127703",2.69630106671702
"121275",2.69630106281916
"28912",2.69630106248696
"2877",2.69630106230824
"4009",2.69630106100161
"94120",2.69630105686736
"629",2.69630105604157
"121355",2.69630105327035
"51385",2.69630105296043
"151246",2.69630104289061
"771",2.69630104034447
"54900",2.69630103715006
"729597",2.69630103131142
"9720",2.69630103100107
"10153",2.69630103044095
"23318",2.69630102378016
"9678",2.69630102371358
"256435",2.69630102280687
"54532",2.69630102171832
"101929583",2.69630101716276
"114112",2.69630101466286
"5858",2.69630101403726
"85458",2.69630101392547
"6484",2.69630099288293
"339804",2.69630098878736
"6130",2.69630098848041
"25963",2.69630097748905
"9141",2.69630097668391
"387646",2.69630097488107
"13",2.69630097256615
"266623",2.69630097014169
"56126",2.69630096925774
"140921",2.6963009685689
"160857",2.69630096651128
"5564",2.69630096201252
"51280",2.69630096177119
"144481",2.69630095850266
"729438",2.69630095323114
"2585",2.6963009527995
"10905",2.69630094538196
"10808",2.69630094109965
"55253",2.69630093843597
"5380",2.69630093006352
"689",2.69630092874464
"1353",2.69630092698417
"692149",2.69630092027339
"3983",2.69630091436751
"643220",2.69630091057225
"10009",2.69630090371859
"84210",2.69630090250885
"1278",2.69630089940006
"49861",2.69630089757446
"9532",2.69630089581572
"10885",2.6963008930271
"79840",2.69630089299397
"56478",2.69630088998615
"729096",2.69630088869832
"359845",2.69630088408132
"109729168",2.69630087990353
"56952",2.69630087343849
"1535",2.69630087240028
"161502",2.69630087096854
"10964",2.69630086762098
"6890",2.69630085855293
"374666",2.69630084994673
"7253",2.69630084886503
"4604",2.69630084724847
"5316",2.6963008460683
"7739",2.69630084428341
"645638",2.69630084289244
"3850",2.69630084050103
"64077",2.69630083853488
"124900275",2.69630083803347
"8417",2.69630083473582
"56902",2.69630083341186
"55780",2.6963008283325
"7336",2.69630082639061
"118932",2.69630082263456
"10069",2.69630082116237
"341640",2.69630081829078
"55175",2.69630081827264
"51068",2.69630081745436
"171023",2.69630081324652
"2040",2.69630081189558
"124751",2.69630080336626
"8647",2.69630079918289
"84441",2.69630079766897
"8346",2.69630079507814
"55763",2.69630078872489
"203523",2.69630078662459
"107987423",2.69630078071259
"3237",2.69630077931232
"5050",2.69630077047383
"53349",2.69630076983091
"25894",2.69630076880854
"286348",2.6963007636967
"112903833",2.69630076267674
"100507540",2.69630076164744
"25852",2.6963007605549
"81671",2.69630075992149
"100132463",2.69630075765218
"100271158",2.69630075240858
"6578",2.69630075131263
"84648",2.69630074919614
"11260",2.69630074857986
"6745",2.69630074163358
"157869",2.69630073469553
"126568849",2.6963007343367
"116369",2.69630073394434
"729484",2.69630072872164
"10575",2.69630072558961
"55225",2.69630072129441
"7038",2.69630071533369
"947",2.69630071223483
"9643",2.69630071216893
"7782",2.69630070494666
"339883",2.69630069983287
"83856",2.69630069936835
"276",2.69630069837173
"93432",2.69630069711244
"5037",2.69630069702584
"51061",2.6963006949514
"2348",2.69630069398405
"111082972",2.69630069101511
"55193",2.69630069047707
"57703",2.69630068847071
"23554",2.69630068583317
"8204",2.6963006842399
"257468",2.69630068337237
"643854",2.69630068114746
"55761",2.69630067983766
"442590",2.6963006778598
"100628307",2.69630067522189
"100271004",2.69630067445637
"10354",2.69630066673787
"28948",2.69630066591784
"441191",2.69630065911994
"6374",2.69630065446452
"283571",2.69630065081812
"133395146",2.69630064803343
"79804",2.6963006445029
"8347",2.69630063893848
"54469",2.69630063580593
"644903",2.69630062827595
"3294",2.69630062434876
"100033438",2.69630061745995
"51375",2.69630061671064
"80856",2.69630061096439
"100271167",2.69630061029555
"200373",2.69630060582895
"101927056",2.69630060422484
"728340",2.69630059785279
"57217",2.69630058715018
"29927",2.69630057738724
"5788",2.696300560833
"29760",2.69630056066655
"3303",2.69630054599673
"64123",2.69630054514087
"100271212",2.69630053974145
"124220",2.69630053729561
"6606",2.69630053209211
"123706533",2.69630053188562
"352962",2.69630052655315
"79932",2.69630052648044
"79868",2.6963005179547
"9958",2.69630050048864
"57234",2.69630048948432
"6835",2.69630048877663
"9223",2.69630048302165
"28770",2.69630046110073
"127882475",2.69630045134464
"100420018",2.69630044648943
"388555",2.6963004450797
"1359",2.69630043814885
"3310",2.6963004334142
"3012",2.69630043122187
"1755",2.69630042150036
"29102",2.69630042109801
"5211",2.69630042043355
"10551",2.69630040073811
"28674",2.69630039383155
"9015",2.6963003813119
"1337",2.69630036535498
"26253",2.69630036317445
"106632260",2.69630034157116
"284615",2.69630032593783
"100505851",2.6963003250439
"126638",2.69630032023518
"341392",2.69630029897947
"283238",2.69630029740198
"28474",2.69630027959045
"10015",2.69630027291524
"2887",2.69630027281845
"22916",2.69630027266763
"116362",2.69630026080006
"5273",2.69630024960174
"100131434",2.69630024830162
"51072",2.69630024572596
"727676",2.6963002421046
"9962",2.69630023985064
"5033",2.69630022810968
"51493",2.69630022230193
"51317",2.69630021981937
"5430",2.69630020093398
"692057",2.69630018741442
"63908",2.69630018362623
"79820",2.69630017172237
"106480952",2.69630017107272
"124904351",2.69630016476483
"28467",2.69630014554238
"5606",2.69630011869627
"11214",2.69630010828745
"653125",2.69630010217105
"50814",2.69630007193252
"55028",2.69630006893536
"100113397",2.69630004943357
"109616967",2.69630004621137
"8028",2.69630004037206
"129881",2.69630003810189
"27229",2.69630003066657
"83592",2.69630001952146
"317671",2.69629999952838
"51022",2.6962999411336
"54790",2.6962999394944
"8508",2.69629991557031
"153572",2.69629991264157
"8309",2.69629990178536
"100271186",2.69629990144258
"393046",2.69629990090574
"84896",2.69629989854646
"153768",2.69629988614631
"2994",2.69629986645256
"10144",2.6962997973076
"30001",2.69629979443794
"10566",2.69629975740152
"285961",2.69629975424197
"100271221",2.69629963640394
"400055",2.69629962005131
"54842",2.69629957797071
"55341",2.6962994923202
"23007",2.69629940291105
"92345",2.69629935829912
"255027",2.69629920279411
"339524",2.69629910854442
"5994",2.69629905674284
"8857",2.69629898377962
"2849",2.69505213966618
"389611",2.69437068267447
"100506532",2.6937240841766
"169436",2.69219681772347
"10154",2.69162701378076
"105372791",2.69087127697558
"56963",2.69030724031944
"50515",2.69017003576428
"222553",2.68993177429823
"152485",2.68821309736406
"2214",2.68769068531846
"10216",2.68596196541257
"9737",2.68573804406343
"51268",2.6856247455142
"57130",2.68562165985177
"100996342",2.68522837457064
"285231",2.68388836924876
"6567",2.68370417281879
"8646",2.68213869083521
"619563",2.68213094025299
"219858",2.68141523231735
"8513",2.68141377470645
"58531",2.6801364323972
"9424",2.67915176599603
"105371022",2.67876553880383
"6874",2.67855651256727
"3663",2.6785003536988
"105370401",2.6770311854147
"54627",2.67509317814
"100033434",2.67509213628107
"199857",2.67509058648722
"6962",2.67364354665583
"9421",2.67352370046313
"100130890",2.67322134996163
"106480430",2.67202233105282
"100420660",2.67157526210927
"441933",2.67125517377114
"730091",2.67093867910687
"401081",2.67085719292732
"57176",2.66889522079668
"11261",2.66826290720955
"8918",2.66795297033939
"360226",2.66784801267924
"9487",2.6657114689456
"100130400",2.66567282181182
"125058",2.66513821841827
"7767",2.66504400529051
"1339",2.66477582085959
"442868",2.66394359494677
"6013",2.66153455181227
"11085",2.66105893806735
"23562",2.65985625514851
"81851",2.65925236151348
"644016",2.6591631251839
"101927721",2.65910679537896
"147837",2.65864406516688
"125988",2.65693351042278
"81343",2.65513475673613
"105374535",2.65511847652139
"399909",2.65486824012213
"55038",2.65458186605597
"1557",2.6527657320069
"200172",2.65258762786739
"7108",2.6524932812355
"3981",2.65226779600417
"8100",2.65226771554064
"51650",2.65226640642367
"131540",2.65226609349179
"57613",2.65213391711893
"124904795",2.65213373554359
"5558",2.65213359458357
"154865",2.65213334701645
"26786",2.65213295986382
"2310",2.65213272924039
"26123",2.65038631316075
"8099",2.64911454459079
"6609",2.64857071065798
"5136",2.6466070076045
"3588",2.64533704234486
"26232",2.64527657614149
"9097",2.64498722101417
"83642",2.64359197583251
"23077",2.64214250767356
"26153",2.64105160515285
"283598",2.6405506829298
"7561",2.64015626595066
"102723672",2.6384826729194
"11284",2.638432559909
"245935",2.63827457322614
"51096",2.63718078071309
"7077",2.63660507066102
"55421",2.63636375624113
"85452",2.63627602958525
"140902",2.63447577372512
"387273",2.63375763598725
"199",2.63335521910798
"1850",2.63313212418692
"51043",2.63289957808697
"105373949",2.63271434044927
"23215",2.6306594772724
"64795",2.63065778407085
"401551",2.63065733103103
"79898",2.63065560010803
"106479477",2.63001229452701
"178",2.62993161907207
"5052",2.62808407660944
"27020",2.62760347723727
"7542",2.62710060072828
"11138",2.62604748002359
"130540",2.62481907631904
"2548",2.62438880882325
"79817",2.62432088732297
"105376843",2.62386942955964
"140606",2.62378544631841
"9495",2.62271742337085
"101928868",2.6224382745439
"147409",2.62203591695458
"51596",2.62130670402439
"101926963",2.62106266059416
"414201",2.62065657917631
"138428",2.61999379375375
"729252",2.61740002580278
"6518",2.61736401868253
"105372097",2.61621777128698
"1300",2.61441964369152
"55096",2.61433467376844
"64218",2.61389014808491
"1050",2.61364717247311
"353323",2.6133876710245
"100126299",2.61248096841393
"124900730",2.61245408524583
"10917",2.61052794650367
"440556",2.61039815896339
"158471",2.60929272077628
"3765",2.608769962215
"55554",2.60864813222996
"246",2.60787091346793
"121627959",2.60739000308139
"8355",2.60733406364244
"6536",2.60694827807307
"101927429",2.60647150500925
"644316",2.60634577811435
"643668",2.60634459468491
"9942",2.60620845111812
"100422923",2.60542373534101
"100132916",2.60524467008539
"259287",2.60484891075497
"400684",2.60332794116993
"9100",2.60316487708172
"79783",2.60216330100661
"64925",2.60170279413902
"81285",2.60118075403088
"283416",2.60089182896378
"2267",2.60017499109992
"161291",2.59880050238344
"23660",2.59862618762711
"9891",2.59822192473145
"92335",2.59809003459366
"653702",2.598088467074
"9929",2.59808796069336
"100420899",2.59587021280419
"107984243",2.59548801270614
"105378853",2.5945386083713
"451",2.59417078131428
"150197",2.59402021812226
"4843",2.59365415320228
"80772",2.5935625449703
"110806270",2.59335114947489
"55201",2.59214039918383
"6295",2.59208039363754
"3499",2.59202474420078
"23118",2.59116055687606
"388327",2.5908543463867
"106479529",2.59058331272624
"5228",2.59051855361485
"4901",2.59003237131417
"94240",2.58970509390917
"84457",2.5889327972513
"399715",2.58733922455326
"101927297",2.58725374199009
"392305",2.58624976544574
"4885",2.58464105507613
"9730",2.58384392591193
"9666",2.58384384183208
"392509",2.58371390516709
"105370792",2.582730183935
"1609",2.5815965260078
"652670",2.58071385746596
"10249",2.58019316749717
"28984",2.57909879123787
"64760",2.57893957173717
"256714",2.57852192347201
"54829",2.57755756849716
"440498",2.57741826174955
"105376388",2.57585724745215
"105378842",2.57338527120642
"55079",2.57309128606328
"390079",2.57030736884199
"85293",2.57029486412724
"27040",2.57023757568097
"123036",2.56846050334049
"105372267",2.56832257029261
"440695",2.56815205198364
"7547",2.56786029072053
"281",2.56769270376903
"100128305",2.56623348097275
"100506235",2.565385123472
"107985358",2.56451206447124
"147949",2.56418355676043
"150696",2.56321431584659
"28882",2.56266265842931
"727970",2.56232187399892
"139285",2.56223926913329
"51693",2.56147256694868
"283450",2.56147235622714
"728190",2.56058930515303
"155435",2.56020714775546
"3211",2.56012022165024
"100507249",2.55883367924992
"442415",2.55832237989856
"83696",2.55824059375573
"124901911",2.55725697271078
"23503",2.55607825863138
"79290",2.55596827263812
"23630",2.55553987593987
"105375638",2.5543470705087
"641339",2.5540345084572
"3854",2.5540331119467
"23774",2.55398693411148
"5691",2.55377410637323
"100873412",2.55173844255531
"124900256",2.5516142577648
"58476",2.55152004621477
"2660",2.55111773320145
"283603",2.55066572659057
"100419824",2.54993618001532
"339965",2.54928094366543
"8546",2.54816812121892
"124906262",2.54599440843504
"79643",2.54574895456745
"100289098",2.54563541364417
"10269",2.5445259028127
"5518",2.54387569131069
"149041",2.54346598687036
"64839",2.54338855812676
"2020",2.54254292147002
"653192",2.54235272400882
"84946",2.54206639095978
"55084",2.54065867585478
"6976",2.53837664481846
"126370",2.538184711893
"101927354",2.53730973844081
"346517",2.53646355655199
"100874431",2.53646288490167
"2677",2.53646283843341
"105376607",2.53598377381489
"100129361",2.53595583213193
"79595",2.53584342860766
"942",2.53551239612776
"2048",2.53551024416266
"106479253",2.53456216408217
"359752",2.53387553170616
"327",2.53323626161215
"23133",2.53218680338216
"57169",2.53182931378951
"7737",2.53168705997847
"55740",2.53164372787811
"1775",2.531260433385
"148156",2.53125179221905
"84536",2.53058639318535
"4319",2.53025551511159
"255762",2.52984778168098
"3699",2.52863442047812
"10043",2.52812299555336
"728537",2.526933783964
"147906",2.52592550849263
"83597",2.52564871190926
"340073",2.52515272191042
"23524",2.52507559203439
"5017",2.52377153865835
"101929516",2.52345730245919
"84988",2.52202535368344
"28591",2.52185166972418
"284312",2.52112686568476
"51147",2.52098271258902
"440957",2.52062271681161
"259295",2.52047650605694
"28874",2.51689501354048
"55749",2.51682990516097
"57466",2.5146065115039
"253832",2.51459880166587
"5725",2.51376999352868
"105375517",2.51358304986647
"84767",2.51313695426566
"100287912",2.51273154124006
"9158",2.51256591921499
"10312",2.51245905380345
"85446",2.51149889963183
"6894",2.51119381405094
"2262",2.51115154341054
"55601",2.51045305253413
"105374114",2.51021053008912
"149685",2.50964830317787
"859",2.50916810529795
"57699",2.50911573736677
"401717",2.50899679146574
"2914",2.50798983081775
"317727",2.50721189315498
"100287042",2.50693381935718
"693121",2.50622563319785
"162998",2.50590138131948
"148281",2.50580643546715
"390058",2.50511686010699
"10286",2.50417949674321
"115817",2.50350861989479
"56099",2.50197207625426
"27125",2.50183682771647
"105369306",2.50157046325827
"100131759",2.50102051828054
"221468",2.49911176077129
"55366",2.49790376931592
"64783",2.49781337010538
"101929241",2.49559654734
"51582",2.4955480227005
"27239",2.49444095309545
"100885778",2.49433059745608
"79024",2.4941665474762
"3848",2.49380304695907
"136541",2.49333800827301
"107985211",2.49278018210657
"79091",2.49234095231326
"10048",2.49066018888672
"27294",2.49043605678349
"79148",2.49039117713357
"100134938",2.49009001106754
"9126",2.48939371947337
"105371710",2.48906697774741
"105379130",2.48866094670459
"23214",2.48682769901258
"101926905",2.48645838434956
"56900",2.48590260132453
"283875",2.48562248255452
"120425",2.4855485694224
"4627",2.48481135709722
"729082",2.48455717657069
"107984564",2.48437337589032
"347252",2.48435085143139
"2054",2.48383583621104
"10174",2.48328046675105
"101926913",2.48292573128008
"4940",2.48283424265285
"107985213",2.48248663915282
"3632",2.4814462530277
"10134",2.48140261878707
"6468",2.48062064577783
"102724571",2.48058340119738
"3596",2.48051671975645
"282969",2.47892601202095
"100874489",2.47879110460979
"391123",2.47860986834142
"27164",2.47859634661011
"100873932",2.47813837969105
"94103",2.47722427393304
"10263",2.47671330592669
"105374524",2.47616204647635
"133308",2.47600309769154
"56851",2.47586383427797
"4926",2.47555546847317
"645257",2.47449696028367
"28481",2.47420226516239
"5590",2.47381503134757
"105376752",2.47348204268916
"993",2.47279225138964
"114783",2.47237236786725
"79781",2.4720597617002
"11094",2.47147621875838
"10128",2.46821084067381
"6009",2.46799447636409
"4043",2.46791449231046
"6424",2.46731770712598
"3786",2.46697388417122
"3399",2.46630071743807
"100873998",2.46580511874269
"158521",2.46571393407755
"4053",2.46548006252109
"3101",2.4647625340052
"8324",2.46473209007343
"128408",2.46366652251366
"6231",2.46331113890248
"23192",2.46150041896461
"5116",2.46150022676632
"311",2.46150012796915
"58500",2.46148553904463
"90204",2.46129868471089
"9788",2.4612220840183
"57468",2.46113067417908
"4673",2.46109619378387
"10458",2.46070769601093
"101928436",2.45899864585989
"100129144",2.45822370887345
"5720",2.45806716579777
"79725",2.45806345683946
"431707",2.45719229453569
"100033811",2.45639561226512
"100421387",2.45570518144214
"6509",2.4549843385987
"57143",2.45404322060683
"116966",2.45357981364465
"140456",2.45356589627484
"4359",2.45095095096888
"4946",2.45053089557801
"91012",2.44880947493977
"22872",2.44806749375164
"107986742",2.44781117417415
"146760",2.44651887471039
"460",2.44620890253764
"253782",2.44479072662455
"106478958",2.44184792236897
"10562",2.44133232670998
"117156",2.44133179794907
"51105",2.44133134037052
"50813",2.44133064919616
"100505994",2.4413303836265
"157777",2.44104758953019
"60488",2.44104564520757
"2875",2.44100080407697
"56106",2.43977999443396
"106479432",2.43972440104256
"64223",2.43971345382489
"340024",2.43942210680609
"10189",2.43918717345118
"100147756",2.43895301823641
"127731",2.4383438537585
"390275",2.43795640531376
"7222",2.43791084557242
"101928092",2.43506045352673
"161357",2.43462018006798
"6847",2.4331604415438
"54858",2.43192461619053
"54769",2.43069696515096
"147968",2.42886480588451
"9772",2.42868510147653
"23062",2.42616902580653
"3772",2.42585685923396
"10526",2.42584720084286
"22897",2.42426927868369
"644",2.42410955596386
"728554",2.42332863812754
"340578",2.42225581186724
"1233",2.42171050554586
"730016",2.42170519489935
"386682",2.42064572497335
"283554",2.42064468467493
"4696",2.42064440809378
"11179",2.42064408144289
"100134713",2.42064407730722
"11022",2.42064373452475
"7272",2.42015972735705
"1457",2.42005181882448
"140730",2.4196966201384
"149373",2.41962489456132
"51088",2.41922482989568
"100421840",2.41922309023949
"51291",2.41852833639657
"10567",2.41803652285112
"157206",2.41796995891124
"222008",2.4173576891968
"730013",2.4169964905323
"728310",2.4163411601511
"5956",2.41535795311956
"6997",2.41446685401299
"217",2.41420185744066
"10050",2.41419866003051
"340260",2.41338712005659
"1958",2.41304847696431
"9517",2.41248230814298
"10024",2.412209786826
"100874399",2.41176540391965
"400120",2.41097732368904
"10553",2.40950145431819
"100873579",2.40916706539215
"8529",2.40880473593116
"101929144",2.40727384459184
"106481031",2.40490310568468
"2316",2.40489250908812
"2664",2.40450132245166
"118672",2.40439363295802
"83606",2.40439350003957
"105375240",2.40312609052422
"105369527",2.4013282644846
"92235",2.40116536349051
"6884",2.40067332855639
"346389",2.40061114035794
"51343",2.40036896957342
"317772",2.40030714766151
"28712",2.40028178297412
"729475",2.40012322720164
"56667",2.39932264807297
"3993",2.39901118132245
"5225",2.39864449925376
"27348",2.39805742366211
"9940",2.39680031810338
"127623",2.39659622862332
"283045",2.39640321206847
"148534",2.39606977801
"9828",2.39606825161891
"6982",2.39549384619182
"3897",2.39532361086802
"113419",2.3947443631076
"23704",2.39474419185016
"100420546",2.39474174973154
"27338",2.39411460282355
"162963",2.39363791879425
"5233",2.39218697188701
"1241",2.39186628128918
"23023",2.39113735055932
"121340",2.39095305495108
"984",2.39076579750976
"100419554",2.38995097161295
"54939",2.38947671915725
"10609",2.38946038264613
"100507203",2.3890117907686
"85451",2.38857552353719
"101927620",2.38741164665701
"63928",2.38723161972252
"9537",2.38719271319849
"7064",2.38687624585216
"55342",2.38676045940942
"100129784",2.38625491372965
"29902",2.38559698722298
"101929983",2.38541015476642
"51285",2.38531316195466
"728655",2.38394884844589
"84701",2.38391713486951
"3449",2.38258455637733
"100506428",2.38181774397947
"3718",2.38153921704763
"221336",2.38014044070777
"90580",2.37993416231557
"113829",2.37833487914704
"646802",2.37823373757467
"5932",2.37823281605408
"731656",2.3778256860141
"100420532",2.37746938566384
"5957",2.37727699811191
"353134",2.37665776665557
"1656",2.3752176072786
"5148",2.37511951944018
"2825",2.37505834986592
"7472",2.37470481986261
"55284",2.37361069245898
"105376114",2.37361008950455
"221264",2.37360973447621
"541473",2.37360934213735
"5683",2.37360926274252
"596",2.3707475368311
"170529",2.37066541048768
"27031",2.36963328060444
"64283",2.36963237478366
"619434",2.36963145575825
"145853",2.36947330717572
"29126",2.36947323082441
"2983",2.36947212845502
"154215",2.36947145841732
"7366",2.36947103797258
"126393",2.36899475276859
"105373647",2.36830377220665
"80036",2.36805560117759
"54753",2.36682656107335
"133957",2.3657990232798
"22905",2.36560814038042
"2152",2.36531453425474
"863",2.36446134057691
"285175",2.36425296552019
"118126072",2.36414514665828
"158046",2.36379742902
"124905959",2.36306660763086
"81893",2.36295683919743
"25932",2.3628972495283
"107984921",2.36237363413192
"83666",2.36180269097558
"129138",2.36152750832062
"79081",2.36137710258446
"152195",2.36063810228806
"106481722",2.36050720483546
"724025",2.36006144708777
"3106",2.35959667650902
"4947",2.35787303728329
"80219",2.35758807424611
"100270923",2.35641746148236
"100270855",2.3563978748699
"692053",2.35619754967482
"105376603",2.35588207936288
"22838",2.35581728009481
"152048",2.35363862456284
"100996648",2.35341966421084
"124274",2.35302224816069
"11023",2.35298105672698
"246721",2.35281732659636
"101929374",2.35238901132648
"100124412",2.35195371711036
"105370969",2.35104499390812
"10234",2.35038985810695
"117247",2.3502225722576
"23770",2.35000080680249
"431705",2.34859449108612
"55801",2.3485658584629
"115362",2.34813329175604
"27130",2.34695133742485
"347516",2.34494733742
"105369250",2.3442911006534
"222235",2.34405013348267
"128346",2.34368344315366
"84892",2.34362717864823
"149478",2.34358640755199
"26973",2.34346057227726
"111082969",2.34276247410329
"113655",2.34248429652723
"80235",2.34216139881036
"65095",2.34081006934799
"9410",2.34036888534641
"79711",2.33988883535829
"159162",2.33912650503289
"7390",2.3388241532931
"101927891",2.33794180212906
"100874449",2.3375239376482
"55572",2.33658276826735
"1617",2.33476548281121
"2790",2.33384938833327
"54894",2.33193202809074
"101929340",2.33113307251986
"100506281",2.33109806507792
"100507308",2.33096584142262
"390199",2.33084370065027
"57715",2.33072218878485
"100131608",2.33032199636934
"6121",2.33024404370787
"90007",2.33009021332827
"101927476",2.32987546269636
"574409",2.32987145405104
"29997",2.32910556591145
"7804",2.32868090364737
"100287325",2.3277094482054
"11034",2.32695077283344
"93979",2.32590168130242
"8747",2.32516372987325
"107985793",2.32443054013611
"84326",2.32391933707403
"101928565",2.32232301853836
"79697",2.32158998611848
"554206",2.32111837698572
"9747",2.32096586158215
"6591",2.32096557068758
"115201",2.32096398091637
"84532",2.32039491352439
"429",2.32036516144893
"25988",2.32010710445722
"1999",2.319453718203
"10886",2.31936776800419
"28982",2.31877173501389
"6051",2.31873589695764
"348378",2.31851195029838
"146857",2.31759764164123
"100271200",2.31758989455094
"2665",2.31758900625293
"120872",2.31739208157997
"64087",2.31737758947213
"66008",2.31737754156627
"28227",2.31637276950511
"10715",2.3152412783143
"55967",2.31490004053008
"84948",2.31439995974731
"55894",2.31392891697359
"84662",2.31382132314476
"81553",2.31371485641993
"11024",2.31324998665731
"646723",2.31322793837651
"107986208",2.31305530519447
"9167",2.31183595281116
"56301",2.31165663607409
"3397",2.31115010160427
"64863",2.31040031647534
"7321",2.31039925547238
"389537",2.30768713194881
"54825",2.30686547548135
"10469",2.3067206882661
"7156",2.30634767045418
"6934",2.30629158524665
"124056",2.30532346712856
"11230",2.30495272601412
"341333",2.30422678922269
"401019",2.3041481917028
"9830",2.30343931872484
"106479533",2.30338955208374
"101929140",2.30329217126795
"392617",2.30324597728155
"641702",2.30237651406529
"85438",2.30226886088749
"4131",2.30119287690516
"105375635",2.3001266241944
"9196",2.29949840203075
"9441",2.29946600209086
"112939",2.29730732703377
"645027",2.29727447127112
"55709",2.29693677764496
"2520",2.29691437414235
"80863",2.29690143044474
"158381",2.29601324171194
"10911",2.29459349879875
"5794",2.29455963016755
"8314",2.29326606851531
"22846",2.29313093741561
"441315",2.29280272025528
"4915",2.29250763241994
"3833",2.29243409994314
"107986930",2.29210348628132
"728343",2.29195389970811
"333",2.29081545407834
"28863",2.29080532865585
"933",2.2907904642907
"115482682",2.29078544035006
"728858",2.29044139253704
"134111",2.290304064313
"403312",2.28985752626181
"25829",2.28945631074985
"90226",2.28915154951229
"284948",2.28846420022816
"28628",2.28833941095815
"54788",2.28708646457052
"63978",2.28678097808071
"5463",2.28625561067016
"1592",2.2857419939386
"1393",2.2849707751238
"101929141",2.28442441477246
"6513",2.28238816890809
"100287036",2.28180943938914
"388503",2.28151547405913
"3581",2.28095785644388
"26953",2.28018755726838
"10884",2.2799611020296
"2277",2.27933285174763
"137994",2.27927961870327
"8898",2.2788242511575
"80228",2.27865423213919
"101928770",2.27857672366291
"89941",2.27848249865902
"26788",2.27720472241914
"148252",2.27702511193309
"5348",2.27581128154517
"1046",2.27479754933536
"29894",2.27272979218008
"101926967",2.27133780937683
"5828",2.27068285672761
"349565",2.26822117677255
"2022",2.26760375985439
"4171",2.26590611129593
"729208",2.26511862973604
"23493",2.26510994920225
"105375448",2.26426343802955
"81559",2.26393453570824
"374677",2.26352624216286
"128826",2.26348828809418
"100132708",2.2624721115573
"28670",2.26247029940525
"105371941",2.26246788262988
"4435",2.26226929525397
"23129",2.26202831691714
"105371562",2.26182485335578
"4855",2.26129121280556
"23229",2.26122780898026
"339366",2.26005174889261
"107985305",2.25914581655184
"343930",2.25832977790519
"51754",2.25775141077043
"104355140",2.25752821577497
"100033421",2.25707416698331
"114625",2.25707387493268
"158511",2.25503038138858
"105370169",2.25479050392735
"203427",2.25452288040149
"9777",2.25327369735772
"102723996",2.25194708710782
"106481961",2.2504666245153
"4547",2.2501862530902
"60680",2.24950373524088
"105374561",2.24744385846252
"22880",2.24676466495807
"101927931",2.24646762306508
"142827",2.2461534339054
"79173",2.24559914933044
"390792",2.24545741388106
"100131961",2.24538815139868
"55269",2.24491802156451
"3881",2.24480071514499
"123466203",2.24465262647725
"441744",2.24453652630797
"57687",2.243458568345
"55075",2.24339897110115
"4224",2.24332681028152
"100507059",2.24193518386374
"113451",2.24153376642429
"105378414",2.23942160622699
"79753",2.23921539679823
"102466912",2.23910723550719
"5076",2.23878943080313
"693183",2.23798030002286
"25791",2.23762391866859
"79884",2.23744529926953
"100130748",2.23698331152177
"55892",2.23698055659142
"102723449",2.23697828418277
"5934",2.23655727868194
"91442",2.23655674425164
"729156",2.23655526857068
"3203",2.23624816937275
"100129520",2.23424358090207
"336",2.23415554964483
"401647",2.23279321170838
"523",2.23252918187647
"389101",2.23226211579707
"54578",2.23226088683769
"55258",2.23208088476967
"101928991",2.23112155240883
"100653515",2.23071268141407
"124902045",2.23066734831933
"55565",2.23054178111814
"106481089",2.23019578635636
"2906",2.22937262958219
"56288",2.22921821849779
"54538",2.22886377787
"220042",2.227790287901
"7594",2.22720329073846
"651746",2.22716033537263
"9811",2.22509165187568
"5529",2.22505792408735
"137835",2.22462690303594
"105375430",2.22461182117624
"642461",2.22306744479677
"106480802",2.22142514795898
"84278",2.22139780392431
"57010",2.22076986306787
"101929608",2.22019577682198
"100421581",2.21959797103337
"100506076",2.21901231155056
"100874298",2.21895766944405
"338599",2.21786749163313
"124901146",2.21739370828873
"25981",2.21529147860891
"55454",2.21398032674541
"338817",2.21375656886314
"107986277",2.21221177098396
"6499",2.21172692127727
"200312",2.21164814644707
"5295",2.21092338015637
"656",2.2108678673808
"339416",2.21030746970669
"5589",2.2101220184414
"102724646",2.20888263758984
"91775",2.20865716856534
"166929",2.2083437759681
"1993",2.2083425991737
"124902316",2.20823690021244
"644436",2.20808075831271
"5546",2.20776677821264
"65010",2.20714854074895
"220382",2.2069099500553
"158800",2.20534087897053
"283677",2.20531522752417
"103689911",2.20429350738683
"440991",2.2041007190289
"29093",2.2035353300872
"105379178",2.20294425377555
"284521",2.20275300141302
"148979",2.20270706094547
"6447",2.20182146360354
"10975",2.20092400306018
"49854",2.20037125054129
"5010",2.19905515713757
"128966597",2.19851265538601
"80213",2.19800704928142
"677799",2.19800643138833
"66035",2.19667464353503
"25938",2.19353002791038
"107075116",2.1930281034215
"414157",2.19219669552214
"642636",2.19203524570877
"102467146",2.19171953676699
"51256",2.19104264797595
"253738",2.19100986138738
"777",2.19084369965742
"9920",2.19068513903965
"643664",2.19058859813164
"9353",2.19045454860635
"7532",2.1891842107681
"6315",2.1884989880631
"101927686",2.18848375263376
"113523642",2.1878028374435
"117196",2.18681637702597
"3804",2.18650064727448
"2025",2.18632848463112
"728276",2.18512364655812
"102723680",2.18485400739083
"100169753",2.1841720060561
"5298",2.18369220979217
"54893",2.18280173714411
"441476",2.18258490125941
"54969",2.18185043632798
"84514",2.18120670309521
"26140",2.18113432451741
"221409",2.18066172003956
"282763",2.17993882846964
"29128",2.17881584844911
"105374191",2.1778338717098
"128092252",2.17751215253228
"23177",2.17750462596267
"2765",2.17613025080033
"93034",2.17470177951985
"332",2.17382223724917
"3791",2.17210635774781
"100131678",2.17198996730243
"57291",2.17181296726638
"401251",2.17154280306781
"2300",2.17129303407926
"5690",2.17077871078432
"112694756",2.16997406062481
"10232",2.16984802951831
"5694",2.16934893280429
"388524",2.16915705169929
"100507336",2.16889397022232
"100128108",2.16760368518588
"100271398",2.16739205353573
"124944",2.16537544095965
"84807",2.16533453074736
"105372146",2.16472459166395
"90011",2.16202555468797
"2671",2.16083787199494
"23564",2.15895114250047
"1033",2.15888444486322
"79651",2.15864300859406
"375790",2.15862869683761
"391002",2.15860577046037
"732199",2.15740224219395
"106480919",2.15734242495195
"140766",2.15655361350277
"284257",2.15634771765476
"124871",2.15551290208319
"677805",2.15551247427711
"340120",2.15513754070682
"11021",2.15441891328246
"6157",2.15414710208877
"3182",2.15413498752062
"100996939",2.15402335383293
"29935",2.15382242913164
"664701",2.15364792099402
"79585",2.15166608010462
"57571",2.15139672340078
"257",2.15130010546727
"6517",2.15108343837633
"55344",2.15044901578562
"6880",2.15018179677045
"4795",2.14944242014808
"25989",2.1491370895623
"100128640",2.1491197966481
"100294362",2.14909001324651
"79273",2.14740214583899
"23530",2.14606189966244
"100422562",2.14534548701735
"84879",2.14504477609074
"149708",2.14492002746061
"6742",2.14268295625085
"201243",2.14252481221436
"6414",2.14191871027099
"55723",2.1413936023314
"586",2.14103605835988
"403241",2.13991507451074
"100996419",2.13975788632622
"101927630",2.13970112555909
"140596",2.13797841941489
"27181",2.137849971977
"55334",2.13740300433865
"101929450",2.13734298575767
"729621",2.13704641375893
"6256",2.13663631890298
"100996361",2.1359462893396
"63923",2.13455548028569
"3641",2.13337766125005
"140711",2.13273418171914
"373856",2.13268700252231
"51208",2.13265467219703
"896",2.13258548384758
"5178",2.13257639832659
"143689",2.13257562262569
"56165",2.13241581334368
"10023",2.13228184773889
"79322",2.13182375020609
"23410",2.13028151774359
"102724601",2.13010416881496
"3423",2.12961959275318
"100128025",2.12843679122147
"9240",2.12831795585305
"64922",2.12831292543438
"57591",2.12651104386949
"692233",2.12633303463378
"9739",2.1262379159702
"57475",2.12589716696328
"83450",2.12589062713821
"401994",2.12557667844461
"100132547",2.12545126872835
"9094",2.12516220026037
"102724289",2.12428457729468
"256815",2.12417371729798
"100128678",2.12405014830045
"56262",2.12404637819181
"106480262",2.12373555194994
"5700",2.12356546011523
"101927797",2.12343891040718
"5763",2.1229223814751
"80790",2.12262517517756
"84450",2.12249535819749
"113235",2.12249450943532
"105377105",2.12249226699591
"677834",2.12232038561343
"1003",2.12177617508596
"387841",2.12143720620564
"114823",2.1213918110097
"406923",2.12133066556496
"155400",2.12098537116369
"110599564",2.12081803338433
"6846",2.11976855711129
"126668",2.11902302103544
"105369482",2.11778565210099
"6171",2.11767124538569
"284069",2.11661394352909
"171220",2.11638634564025
"360200",2.11599699849998
"23643",2.11571703485698
"283299",2.11546663055987
"473",2.11416766995628
"100420920",2.11355410767013
"728532",2.11342556527277
"23360",2.11240381706366
"574414",2.11217884016533
"55229",2.11101083685451
"1594",2.11021418652783
"128853",2.10922954479773
"643276",2.10887872602597
"79444",2.10839743350524
"90809",2.1072649483337
"11183",2.10726094870025
"221357",2.10671278070157
"403244",2.1066779909862
"10288",2.10623263907315
"100288520",2.10551168066697
"6391",2.10381527267429
"105372363",2.10369112167423
"100421718",2.10362786099952
"80342",2.10336421101761
"652975",2.10280782970598
"30811",2.10202039819819
"2019",2.10148717517805
"6095",2.10053480166142
"107075097",2.10038817071242
"6535",2.10021144204344
"402193",2.10019508745979
"1843",2.09999439672433
"6752",2.09885356733828
"100506915",2.09834824531493
"9620",2.09777936697774
"10814",2.09587044049774
"4182",2.09582715441999
"390433",2.09467756637679
"390431",2.09404268699259
"8766",2.09350375867202
"101805491",2.09266484992644
"797",2.09210728289833
"747",2.09179417299796
"274",2.09154927014476
"63940",2.09136188768902
"7556",2.09127242942648
"90121",2.08986588034986
"60672",2.08927285969389
"285834",2.08895803172897
"58191",2.08886836855407
"79829",2.08885895596292
"105375787",2.08861088391132
"6445",2.08831980279216
"2958",2.08831945494433
"6943",2.08831802888904
"106479402",2.08778194975019
"51218",2.08726334247065
"158674",2.08633902639381
"162517",2.08422522841801
"50863",2.08278531096193
"103695433",2.08275103956357
"388948",2.08258142740605
"100419786",2.08226019551574
"150572",2.08198751955006
"112574",2.08043032737921
"124906256",2.07991606925222
"147183",2.07958033361015
"7091",2.07929384896806
"23304",2.07901760576786
"101929031",2.07841641547805
"64108",2.07795960942972
"390283",2.0779568090147
"10953",2.07721152998776
"101669767",2.07684858166427
"144581",2.07579453228713
"23616",2.07571812947597
"5989",2.07425200606637
"54872",2.0736267320071
"106480312",2.07329085726498
"8227",2.07287584264699
"55900",2.07255553261315
"23274",2.07175336559301
"100129310",2.07142679916478
"55300",2.07118309606154
"11135",2.07045542372104
"100169756",2.07034447736833
"23187",2.07003507287379
"100422055",2.06987813545579
"100271292",2.06870718501663
"2986",2.06850753371531
"106481111",2.06763654414222
"124902229",2.06663626552928
"56920",2.0663682965475
"28356",2.06569108096328
"53944",2.06381256637531
"5729",2.06292541958305
"100132074",2.06280236824046
"81099",2.06247913753142
"6730",2.06188348609896
"8225",2.06178640858063
"4170",2.06038394954386
"23176",2.05975770045401
"22873",2.05914773238387
"109729184",2.05892235126779
"387111",2.05863089013559
"442907",2.05778825206836
"91582",2.05773130092504
"3743",2.05770118929285
"10991",2.05600795696657
"441442",2.0551609054194
"7335",2.05345326663117
"116092",2.05330747054419
"79876",2.05317006352651
"100873946",2.05302091316108
"65080",2.05277345828898
"102724334",2.05275103289573
"104472714",2.0509672584012
"105373418",2.05008400747264
"341416",2.04983964587677
"9288",2.04910951978236
"56172",2.04894157163512
"80217",2.04805909823541
"585",2.04757747670924
"60385",2.04706555662739
"340152",2.04674409157219
"23061",2.0466855934808
"83598",2.045502325858
"26994",2.04501060248622
"387914",2.0446152614757
"55974",2.04432294313301
"51364",2.04411086133545
"50944",2.04310851839445
"441332",2.04190640797931
"124044",2.04179638423349
"100506714",2.04166046763954
"283685",2.04112887452258
"28999",2.0409962034471
"100418904",2.0401547246648
"131870",2.03867403566958
"645432",2.03778943163183
"401138",2.03771327517823
"8879",2.03696605410746
"51226",2.03611153349993
"28",2.03549970834381
"51602",2.03520735542936
"2940",2.03456051862131
"7579",2.03428111611431
"105374312",2.03320806242537
"8192",2.03290798786839
"100132672",2.03261113600174
"126248",2.03125659749083
"109729137",2.02972895437492
"100270875",2.02864887173899
"10318",2.0285652260904
"22979",2.02813092079308
"81794",2.0275214444419
"158763",2.02659718950827
"54998",2.02639339426643
"142686",2.0258784471629
"54480",2.02568429520984
"79443",2.02556623789471
"1964",2.0252294226454
"152926",2.02472836694301
"100128140",2.02444736779011
"105374727",2.02403862512866
"84166",2.02385206219694
"113540",2.02362862044377
"100874023",2.02339172437521
"400709",2.02328874840866
"30818",2.02268064140798
"105371240",2.02183903343863
"27231",2.02177061316171
"1155",2.02102200132406
"653247",2.02069928634633
"4987",2.02020665699078
"126353",2.01989646925594
"7357",2.01984938440807
"26038",2.019694458026
"176",2.01910557150138
"164592",2.01879341493264
"65250",2.01841013931746
"3815",2.01840984704852
"728088",2.01840955579499
"100130701",2.0169198527854
"406969",2.01679061177696
"28987",2.01628896050013
"85014",2.01578353437236
"106481383",2.01564402438273
"102723989",2.01556674891125
"51151",2.01503146273728
"105373487",2.01502904772896
"56143",2.01474757404025
"647158",2.01468060652058
"919",2.01187479998132
"677840",2.01167665350645
"112802",2.01167188176351
"5814",2.01136069515797
"100289097",2.01072301083088
"283629",2.00997963974845
"1176",2.00890483664912
"4919",2.00884558276281
"134829",2.00847024255704
"54834",2.00719900061204
"26818",2.007198958487
"84950",2.0071988230111
"7314",2.00719822797037
"124907968",2.00690358618895
"81833",2.00618161538123
"1364",2.005031808598
"100131816",2.00468617357094
"381",2.00462191645332
"26246",2.00453759146599
"103695435",2.00386371786309
"442191",2.00385425101042
"101929152",2.00341964114872
"2766",2.00133645709424
"284114",2.00107114625231
"4201",2.00099848802561
"101927039",2.00091727293118
"201626",2.00039952002893
"221301",2.00012754583963
"400406",1.99932666940394
"50604",1.99767571494973
"388820",1.99624536731871
"23555",1.99612504755676
"388882",1.99513542092801
"8644",1.99513448888181
"51106",1.99513327177389
"3298",1.99472619411656
"474343",1.9940767968095
"51042",1.99352167954825
"28640",1.99297209691963
"100505633",1.99216533483144
"144920",1.99194799537214
"9628",1.99161055964257
"132724",1.99160882506011
"9982",1.99126194518012
"64714",1.99120817739629
"4814",1.99107630064937
"57001",1.99105116013117
"10990",1.99043815670426
"56673",1.99002624218612
"100652939",1.98998621428388
"56659",1.98931035358746
"150962",1.98908261351972
"345079",1.98753415687873
"768217",1.98722178516837
"8569",1.98658104822533
"56112",1.98594705299926
"105379109",1.98460311911754
"57097",1.9843917607802
"11180",1.98425350537288
"828",1.9837590646683
"661",1.98369733699852
"85463",1.98231025081896
"450211",1.98171685930809
"401494",1.98154468374136
"106481625",1.98040446970567
"4185",1.97931183634813
"81875",1.97641310823513
"57537",1.9761912795858
"1534",1.97530601672577
"149297",1.97526920938852
"388581",1.97475003000683
"38",1.97448566135495
"7866",1.97421401625125
"133039969",1.97414188038885
"100130072",1.97393088900881
"8328",1.97306616777029
"2218",1.97306577332329
"8792",1.97306574819814
"147657",1.97306574400823
"79956",1.97306566605308
"127829",1.97306565552613
"374897",1.97306543984395
"6732",1.97306543274261
"129531",1.9730654105039
"441212",1.97306539023403
"9603",1.9730652856891
"91050",1.97306525331737
"80824",1.97306525047109
"8340",1.97306524715045
"275",1.97306524562823
"286148",1.97306521342948
"23588",1.97306519508752
"119746555",1.97306517952539
"8604",1.9730651784947
"56990",1.97306512327309
"404281",1.97306507232457
"345557",1.97306506125861
"54677",1.97306503713887
"150291",1.97306500669678
"3752",1.97306497781599
"125170",1.97306495591149
"56941",1.97306494422481
"57670",1.97306491688629
"5929",1.97306490635308
"100861514",1.97306489964874
"79635",1.97306488814643
"50628",1.97306485428364
"5498",1.97306484834967
"51442",1.97306484269985
"85457",1.97306484163086
"105369318",1.97306482989876
"5333",1.97306481668849
"29959",1.97306481513027
"28821",1.97306479137032
"220112",1.97306474840404
"85495",1.97306474144423
"83468",1.97306473958507
"5715",1.97306469188974
"825",1.97306467926019
"100169762",1.97306466792883
"79710",1.97306466216729
"100134869",1.97306465407777
"503693",1.97306465137313
"9694",1.97306464334324
"3924",1.97306463025513
"402057",1.97306460328495
"83540",1.97306456087711
"6598",1.97306455805615
"23596",1.97306454805328
"55143",1.97306454654911
"25769",1.97306453102598
"692158",1.97306451915024
"83543",1.97306451210591
"359793",1.97306450255826
"222826",1.97306449800751
"56849",1.97306446839664
"100131051",1.97306445648018
"54796",1.97306444839814
"7274",1.97306443653173
"55252",1.97306443526589
"23059",1.97306442602613
"374462",1.97306442377796
"23632",1.97306437349997
"729617",1.97306436961203
"728929",1.97306436271355
"120379",1.97306435766182
"5995",1.97306433721054
"133482",1.97306431899203
"192111",1.97306427396646
"10574",1.97306423785123
"147947",1.97306421828099
"2257",1.97306418859341
"5911",1.97306418163376
"7770",1.97306416905216
"100652739",1.9730641686692
"60485",1.97306416487741
"374899",1.97306415606075
"729561",1.97306415207266
"6528",1.97306411754438
"100158257",1.97306411003011
"100130311",1.97306403719807
"675",1.97306403362962
"93323",1.97306401644577
"653333",1.97306400964463
"7110",1.97306400909311
"554313",1.9730639546728
"8968",1.97306395246934
"132241",1.97306394768979
"23042",1.97306394128041
"79730",1.97306392860009
"2322",1.97306392077585
"222701",1.97306391767099
"25949",1.97306390942538
"2326",1.97306388920992
"1723",1.9730638860375
"7049",1.97306387811725
"152503",1.97306386675969
"2495",1.97306386427662
"55333",1.97306386329504
"100996571",1.97306384686055
"4539",1.97306384551129
"100134229",1.9730638434686
"182",1.97306383943148
"8790",1.97306383772866
"100289495",1.97306382331814
"4958",1.9730637856705
"5718",1.97306377644125
"101927348",1.97306373020277
"128",1.97306372763806
"10196",1.97306371278432
"55000",1.97306371069372
"387845",1.97306370918615
"1810",1.97306370244623
"644253",1.97306370138225
"3550",1.97306365425534
"6584",1.97306364159874
"28941",1.97306363555172
"57472",1.97306363236889
"29990",1.9730636047722
"100130562",1.97306358927022
"2651",1.97306357266438
"6169",1.97306355827463
"56121",1.97306354397538
"3809",1.97306352989003
"400129",1.97306349894216
"285362",1.97306348946777
"56171",1.9730634704526
"132299",1.97306346772444
"5360",1.97306344770454
"11078",1.97306344125584
"3037",1.97306343887041
"80005",1.97306342988555
"57665",1.97306339735944
"59",1.97306337464958
"100132153",1.97306332203026
"996",1.97306329541347
"28445",1.97306328940821
"3035",1.97306327220639
"51185",1.97306321977358
"151556",1.97306321585859
"5413",1.97306319121153
"2038",1.97306318571006
"100271104",1.97306314788679
"9363",1.97306312973018
"650059",1.97306312186224
"23234",1.97306310868546
"729679",1.97306309159518
"440400",1.97306307284141
"3799",1.97306304082783
"5244",1.97306302915668
"139324",1.97306302841996
"124783",1.97306302071772
"55279",1.97306300816013
"1363",1.97306300778541
"343450",1.97306296586743
"130576",1.97306296133645
"6947",1.97306295201949
"353133",1.9730629328198
"3140",1.97306285863559
"106480382",1.97306281391236
"64410",1.97306281213981
"54800",1.97306276014522
"3937",1.97306275703045
"139281638",1.97306275332771
"10926",1.97306274981688
"101929106",1.97306267802847
"9057",1.97306267232597
"100270879",1.97306258747598
"1268",1.97306258683504
"272",1.97306257782872
"10244",1.97306257732805
"10818",1.97306256606071
"319099",1.97306255923124
"91746",1.97306255560676
"26050",1.97306248044823
"100506321",1.97306240365741
"79033",1.97306235053191
"101926918",1.9730623377235
"374864",1.97306202911038
"56155",1.97306198378607
"28981",1.97306195828669
"25816",1.97306194856001
"102466656",1.97306193541699
"148709",1.97265814258295
"80157",1.97233967289635
"30000",1.9723233546437
"442909",1.97111830208837
"116541",1.96905253829655
"3745",1.96749953893775
"100316904",1.96738423426284
"9881",1.96666468734693
"51309",1.96607631382934
"106481129",1.96577887783576
"162427",1.9647338033922
"83853",1.964175534207
"83451",1.96417193727782
"30816",1.96400040669821
"284417",1.96317135224594
"124900476",1.96071331712613
"105373978",1.95968564093673
"101929130",1.95930129752022
"392193",1.9592365968442
"89790",1.95912764829061
"134265",1.95863153344246
"22849",1.95800637733222
"6174",1.95791746662372
"192683",1.95791725672
"23481",1.95787143949273
"1445",1.95763886475004
"9572",1.95763815332954
"6799",1.95737110187724
"440568",1.95668338402332
"9792",1.95660407112005
"79050",1.95648283403771
"84330",1.95546457030714
"127379729",1.95480538643159
"6533",1.95478508178415
"91461",1.95437723937972
"3442",1.95390517135786
"100419950",1.95312050314741
"644030",1.95257566930118
"126410",1.95192721576999
"389400",1.95181388418922
"1514",1.95165311858938
"2874",1.95059284806113
"5646",1.94895273612499
"100506233",1.94866443920974
"101929147",1.94775596969123
"128071543",1.94766626532084
"56931",1.94718653638627
"728116",1.94652707750141
"733",1.94296222321907
"926",1.94256070293428
"727821",1.9422936393113
"100130520",1.94201219494275
"6990",1.9419815024035
"496",1.94194345882522
"106479326",1.94131796309738
"3697",1.94124179824353
"6764",1.9410396416237
"100631269",1.94025512414964
"4881",1.94023209436526
"60676",1.94009184252386
"50856",1.94009166816782
"400451",1.94009128262395
"6748",1.9400909380893
"256957",1.94009091905848
"6569",1.94009086140804
"100852410",1.9400908529945
"283254",1.94009085279705
"726",1.94009084803547
"65975",1.94009084614496
"171019",1.9400908230839
"9582",1.94009078203769
"27291",1.94009077873595
"56521",1.94009065689098
"100887080",1.94009062307574
"124904643",1.94009058631397
"5747",1.94009051495165
"8543",1.94009050603079
"56983",1.94009041146992
"100421829",1.94009040465076
"10427",1.94009040356918
"100271383",1.940090361252
"7118",1.94009036118797
"80243",1.94009034831481
"3886",1.94009020463772
"401250",1.94009014601342
"83939",1.94009013312491
"79862",1.94009012063139
"730",1.94009010406209
"144568",1.94009010215629
"643253",1.94009010142722
"52",1.94009009331326
"285550",1.94009004694181
"92949",1.94009004198484
"83483",1.94009001147173
"9324",1.94008997744245
"9622",1.94008995099036
"28689",1.94008991948018
"729582",1.9400898959743
"4311",1.94008988109129
"2219",1.94008986781363
"100885850",1.94008984352506
"1414",1.94008984242368
"100419154",1.94008982087282
"9842",1.94008980083468
"23683",1.94008977471342
"10741",1.94008975932935
"55651",1.94008974930347
"9516",1.94008969906303
"23112",1.94008967879731
"399761",1.94008967650544
"100507032",1.9400896752489
"10595",1.9400896436524
"494551",1.94008962837966
"80345",1.94008959746784
"54906",1.94008957983866
"100505894",1.94008957879599
"51412",1.94008953966163
"400658",1.9400895310448
"27430",1.94008950957673
"677828",1.94008947873799
"3597",1.94008943820538
"6230",1.94008943422606
"10085",1.94008942670486
"1937",1.94008942523366
"58472",1.94008942323291
"27341",1.94008941355518
"100506060",1.94008939606368
"79074",1.94008935760672
"83480",1.94008935060604
"222194",1.94008934842805
"5467",1.94008933938659
"9709",1.94008933639549
"6557",1.94008930201642
"5538",1.94008926649212
"8974",1.94008925598541
"100529145",1.94008925551727
"643329",1.94008918924729
"30835",1.94008917815096
"6432",1.94008915737509
"10466",1.94008914535014
"55061",1.94008914159416
"440352",1.94008913058923
"57484",1.9400891260355
"1854",1.94008912565902
"7042",1.94008911782377
"115992",1.94008910415581
"3674",1.94008909066232
"64224",1.9400890834729
"124540",1.9400890652257
"4067",1.940089060141
"10114",1.94008904507628
"122319435",1.94008904456933
"7554",1.94008901081407
"9095",1.94008900458186
"199870",1.94008900306001
"84172",1.94008899514695
"3888",1.94008898837386
"729967",1.94008896516852
"28439",1.94008896271688
"57614",1.94008894367974
"80222",1.94008892248976
"3048",1.94008891373825
"654780",1.9400889076036
"3909",1.94008890705931
"5450",1.9400889031646
"3627",1.94008886446082
"54857",1.94008885630648
"11017",1.94008881643275
"2979",1.94008881040014
"767612",1.94008880088552
"5740",1.94008879958749
"136319",1.94008879707727
"11224",1.94008877043904
"7084",1.9400887110516
"23201",1.94008868750072
"3820",1.94008868747958
"28812",1.94008868346035
"54963",1.94008866710895
"8815",1.94008863947961
"79986",1.9400886350935
"80055",1.94008862546292
"116285",1.94008862172655
"84913",1.94008862074267
"102724135",1.94008860923917
"552900",1.94008858344817
"10483",1.94008855842487
"55008",1.94008855504511
"27335",1.94008852019516
"102724904",1.9400885055434
"9611",1.9400884938592
"4306",1.94008849317693
"26098",1.94008846363316
"29887",1.94008844916294
"100271141",1.9400884281648
"160365",1.94008840616924
"9649",1.94008840332911
"84812",1.94008839823509
"79612",1.94008836144957
"124900638",1.94008834225284
"7414",1.94008833669447
"119774",1.94008833669201
"6195",1.94008832991895
"51074",1.94008832847377
"6566",1.94008827264641
"54675",1.940088270059
"140714",1.94008825911513
"222234",1.94008825653569
"51575",1.94008825560227
"28307",1.94008824925428
"7326",1.9400882387805
"7818",1.94008821107323
"65997",1.9400881898678
"342892",1.9400881847743
"6875",1.9400881755285
"101927761",1.94008817223766
"401492",1.94008816067274
"10761",1.94008814659271
"101927117",1.94008814510678
"100507341",1.94008813050144
"23788",1.94008810278329
"23150",1.94008808060138
"54926",1.94008807112015
"8826",1.94008802150414
"54875",1.94008799863593
"121391",1.94008796881429
"57189",1.9400879623018
"51520",1.94008795747846
"692148",1.94008795685564
"114899",1.94008793421569
"960",1.94008790470623
"8366",1.94008790212803
"133383",1.94008782540922
"27436",1.94008780922272
"5743",1.9400877753281
"9652",1.94008773715246
"101928203",1.94008769740028
"55294",1.94008769125972
"2549",1.94008766218948
"6867",1.94008757982355
"23020",1.9400875577028
"8480",1.9400875428891
"5686",1.94008753358781
"201931",1.94008742949694
"218",1.94008740175209
"10439",1.9400873601987
"285958",1.9400873468797
"31",1.94008725314145
"102723407",1.94008719015315
"6667",1.94008709811373
"164684",1.94008708296627
"8760",1.94008698895389
"149047",1.94008652518861
"7637",1.93897805080298
"1973",1.93751035782221
"124906685",1.93659098066805
"124904471",1.93573092397767
"3784",1.93567750008922
"27152",1.9351647320292
"65999",1.93457842341556
"94233",1.93416356897183
"6276",1.93386957022206
"1152",1.93351050597063
"100874054",1.9329216827225
"105379327",1.93267877823237
"347735",1.93206125048361
"57549",1.93154983422649
"105369443",1.93148661531292
"401638",1.93126334431841
"28787",1.9308931266937
"28708",1.9303635223237
"8437",1.9302786879796
"100422300",1.92987159132384
"343170",1.92844832035006
"3078",1.92839105855912
"3872",1.92625595163613
"25878",1.9251796455301
"729083",1.92290104986624
"80725",1.92286852498758
"286467",1.92286695601753
"253639",1.92273279023441
"341128",1.92082049636437
"25961",1.91955364006877
"105372476",1.917126246189
"643853",1.91705790739
"6326",1.91677158385687
"2052",1.91655584507936
"101927766",1.91524445934284
"339483",1.91522380486267
"11057",1.91466391001531
"7410",1.91423896063827
"728501",1.91311229772847
"101929247",1.91144107701665
"100170841",1.91109357084965
"255374",1.91089079287301
"54922",1.91049910546145
"2999",1.90984977327908
"100271043",1.9092904382789
"112495",1.90917862819909
"101928371",1.90911631568386
"100873484",1.9079895380195
"101928251",1.90781360097529
"54819",1.90781258082485
"51646",1.90781211140362
"55425",1.90781191207194
"389672",1.90781189714703
"8287",1.90781178294861
"26747",1.90781176816005
"80862",1.90781171848481
"729211",1.90781164949971
"10576",1.90781153695312
"8406",1.90781151886447
"643008",1.90781151256737
"115024",1.9078114848881
"142678",1.90781148243378
"440732",1.90781144849599
"100505641",1.90781136592346
"100130892",1.90781133458368
"2224",1.90781131833931
"387640",1.90781127397109
"92689",1.90781122328654
"114118903",1.90781121308451
"440419",1.90781109718572
"525",1.90781106254941
"1794",1.90781098190872
"1111",1.90781090554729
"442213",1.90781086321665
"55147",1.90781086127934
"6788",1.90781083645472
"81610",1.90781083396593
"91949",1.90781083250439
"7750",1.9078108297445
"9290",1.90781082663651
"2329",1.90781082333984
"29899",1.90781080386837
"117143",1.90781077707017
"677825",1.90781076554929
"51000",1.90781075468763
"114908",1.90781074331452
"107986763",1.90781073108605
"9068",1.90781072348551
"148327",1.90781071606026
"441389",1.90781068200642
"23250",1.90781067351566
"148362",1.90781065867625
"339896",1.90781065483413
"6940",1.90781064539082
"100271055",1.90781064073951
"51079",1.90781062818597
"1356",1.9078106206579
"51463",1.90781061814735
"388566",1.90781060967693
"284353",1.90781060428292
"7697",1.9078105597202
"441094",1.90781054520757
"55837",1.90781053495098
"1948",1.90781053358153
"125144",1.90781050252921
"100526835",1.90781050233404
"728315",1.90781047703028
"124900525",1.90781047410051
"55591",1.90781046189219
"90736",1.90781046042202
"83737",1.90781045664355
"441425",1.90781042826114
"724033",1.90781042064218
"3625",1.90781040564601
"317761",1.90781039497522
"100271594",1.90781039474926
"2555",1.90781038938205
"200765",1.90781038585419
"11123",1.90781036366304
"5991",1.90781036232879
"54583",1.90781035911941
"440067",1.9078103510414
"1910",1.90781033547286
"51639",1.9078102735015
"5775",1.90781024151103
"2554",1.90781024070687
"143684",1.90781023511435
"1374",1.90781022779003
"8875",1.90781021666631
"55589",1.90781021656744
"9320",1.90781019453197
"150274",1.90781019202229
"55184",1.90781018851093
"55159",1.907810175561
"84140",1.90781015805241
"6751",1.90781015791002
"10534",1.9078101534096
"160335",1.90781014450669
"79717",1.9078101393014
"9202",1.90781010519587
"55757",1.90781009204886
"148789",1.90781006604705
"1965",1.90781005916274
"154664",1.90781005230161
"100873416",1.90781004752262
"84303",1.9078100436124
"342132",1.90781000788751
"7979",1.90780999080208
"102724917",1.90780998849429
"25880",1.90780996210209
"55437",1.9078099336725
"1666",1.90780992470156
"196374",1.90780991924055
"3766",1.9078099174981
"3557",1.90780991366353
"5610",1.90780991009876
"84851",1.90780987793927
"388646",1.90780987634341
"100033431",1.90780986597332
"400746",1.90780986370263
"28908",1.90780986020057
"100421775",1.9078098524407
"100887068",1.90780984235044
"23287",1.90780983803883
"121233923",1.90780983352138
"4249",1.90780982755243
"3280",1.90780980309502
"80341",1.90780979061395
"10775",1.907809787361
"91694",1.90780978729328
"100419743",1.90780978022703
"399",1.907809762979
"728369",1.90780975542695
"54659",1.90780975077536
"126568844",1.90780974804159
"84930",1.90780974698947
"222642",1.90780973340664
"7334",1.90780972470651
"102723413",1.9078097226499
"8029",1.90780972101014
"9096",1.90780970902181
"100534599",1.90780968556824
"3622",1.90780968144932
"55879",1.90780967854734
"51559",1.90780967547148
"644972",1.90780966264018
"55819",1.90780965961177
"6519",1.90780964144667
"3502",1.90780964074357
"27347",1.90780963717964
"9519",1.90780961788678
"4130",1.90780959932309
"4675",1.90780958796252
"8890",1.90780957733659
"574042",1.90780956955852
"8471",1.90780954476777
"968",1.90780953579796
"25834",1.90780951999746
"105377424",1.90780951448669
"9039",1.9078094998468
"2539",1.90780948452414
"8930",1.90780948215794
"57562",1.90780948118497
"27075",1.90780947673922
"142940",1.90780947336048
"7010",1.90780945991358
"100532724",1.90780945887516
"319143",1.90780945677665
"4869",1.90780944740706
"79658",1.90780944036804
"22866",1.90780942653798
"83661",1.90780942509168
"100271489",1.90780942173867
"84176",1.90780941741507
"28673",1.90780941651198
"644511",1.90780941051811
"84671",1.90780939953585
"401397",1.90780938275751
"2752",1.90780938219851
"8334",1.90780933107731
"79068",1.90780932512586
"83541",1.90780932368046
"387890",1.9078093188072
"84878",1.90780931546055
"23480",1.90780927957873
"950",1.9078092703502
"101927983",1.90780925393758
"317719",1.90780925317994
"10006",1.90780925265959
"653737",1.90780923743317
"55711",1.90780920407482
"100129707",1.9078092014251
"55870",1.90780918728888
"100418706",1.90780917197386
"107282092",1.90780916714141
"51260",1.9078091481817
"100529261",1.90780914193852
"100008587",1.90780911320284
"22877",1.90780911223708
"646",1.90780910626051
"51021",1.90780905874263
"147923",1.907809046461
"4285",1.9078090450962
"5137",1.90780903594451
"55106",1.90780897066822
"100507143",1.9078089503679
"55610",1.90780893946174
"51091",1.90780893367384
"122539212",1.90780888996617
"6148",1.90780884592444
"9107",1.90780882688507
"55659",1.90780877494142
"84803",1.90780876598774
"147991",1.9078087527798
"284098",1.90780874225433
"51692",1.90780874125187
"84900",1.9078087190698
"55793",1.90780866314117
"11193",1.90780863047062
"643394",1.90780862549193
"1855",1.90780861557685
"25984",1.90780857802066
"54806",1.90780855413878
"959",1.9078085443074
"618",1.90780853150726
"57544",1.90780853043603
"116435289",1.90780852574299
"10906",1.90780851543916
"91750",1.90780846696317
"100271282",1.90780846677845
"65251",1.90780845103684
"1793",1.90780841720772
"10980",1.9078084161313
"170958",1.90780841595038
"105369140",1.90780839374237
"339788",1.907808384669
"23358",1.90780838415977
"646665",1.90780838201426
"100130155",1.90780834798775
"28915",1.90780826636781
"125775238",1.90780826080422
"55149",1.90780818149049
"713",1.90780817349543
"55183",1.90780816878729
"57396",1.90780812425026
"54870",1.90780807678505
"7050",1.90780797937433
"28592",1.90780791897551
"319",1.90780791772398
"126626",1.90780787130753
"122525",1.90780782274312
"643343",1.90780781690053
"4118",1.90780776149426
"1716",1.90780773414976
"402569",1.90780764848178
"7634",1.907807591739
"440934",1.907807555809
"727758",1.90780744895035
"5325",1.90745959232362
"51690",1.90668232250499
"3763",1.90532151855675
"100528016",1.90518719412086
"10137",1.90509352180045
"100288077",1.9044036141167
"57158",1.90433267604082
"89848",1.90376303797912
"100129396",1.9034925482888
"7448",1.90333536411698
"145258",1.9022162942298
"389320",1.9020538702514
"100133128",1.90130452259985
"5252",1.9010706725579
"55222",1.90043245756413
"727838",1.90029027931392
"5053",1.90006158604524
"283463",1.89952202551892
"100128386",1.89873965773405
"147699",1.89799055063312
"100271163",1.89733592907379
"51545",1.8968371323448
"3135",1.89642270763154
"4618",1.89624184707394
"8784",1.89495842197212
"60386",1.89473398014936
"106480261",1.89336347247401
"100507053",1.89242440407162
"57577",1.89167534430606
"80099",1.89114038974709
"124903702",1.89087466522641
"2771",1.88951165300332
"9633",1.88891955268759
"80212",1.88874734043968
"157638",1.88864734563042
"653808",1.8884295856038
"7249",1.88813491502145
"57348",1.88790568187441
"9156",1.88776428657838
"6650",1.88757104015267
"4683",1.88718032617848
"5940",1.88547019719239
"389541",1.88476476894553
"100996665",1.88453300944571
"28406",1.88394038335919
"149371",1.88276240416754
"100129616",1.88270198762333
"130752",1.88269866679116
"376497",1.88257140119698
"84251",1.88227694461806
"6415",1.8805280666871
"25844",1.88027986012323
"10821",1.88014533297044
"100302289",1.87989952093097
"284344",1.87988682869311
"653635",1.87984868765432
"440173",1.87973318697153
"9446",1.87963593133963
"146894",1.87963306617312
"100873982",1.87921575051338
"285668",1.87839924080602
"131377",1.87711721023176
"3725",1.87535891968769
"5753",1.87529902270141
"1777",1.87465852026466
"57680",1.8746584504244
"10799",1.87465679759448
"55787",1.87465566401246
"441024",1.87317141327495
"2880",1.87295441856872
"4038",1.87267541020826
"105372840",1.87222450060468
"731275",1.87221834553545
"10197",1.87204253752321
"28811",1.8705188646412
"103164619",1.86967753157726
"23047",1.86964667156467
"144423",1.86948342161311
"25953",1.8688389200716
"6339",1.86792594934138
"6135",1.86765751709418
"55177",1.86734224592673
"100192204",1.86695571390914
"101928093",1.86689665900398
"81127",1.86627236631053
"81629",1.86612489235917
"123464513",1.86605069660373
"57528",1.86600774298041
"124903050",1.86531888028739
"254552",1.86476218591314
"441495",1.86463856892704
"100420527",1.86417772878235
"181",1.86298333788356
"221391",1.86296137141967
"100500880",1.86286222811588
"51631",1.86220084798389
"5928",1.862200362736
"6549",1.86219901225634
"162239",1.86219875028577
"393",1.8620206489781
"442479",1.86080429565945
"27005",1.8600100837712
"5822",1.85952234857405
"326286",1.85944274212163
"102724351",1.85890466617206
"100506721",1.85890299604887
"124901168",1.85880872950838
"57664",1.85791085401487
"2275",1.85773112494236
"3834",1.85762374412255
"64859",1.8567409539376
"65992",1.85634275500313
"8859",1.85611835001906
"23130",1.85603414192147
"319117",1.8558816889723
"64788",1.85556388301822
"6790",1.8552186138768
"1947",1.8546780415361
"146206",1.85362026759507
"100313771",1.85293757170233
"107987059",1.8520222974453
"100507475",1.85184555460827
"124905179",1.85179458166528
"118471",1.8514590372546
"1302",1.85108838245325
"4828",1.85087162159987
"286",1.85057081659914
"124902436",1.8496522864167
"79933",1.84960464175024
"9640",1.8488124312143
"203197",1.84872987122134
"730087",1.84818613385123
"100526771",1.84818548764059
"106479242",1.84780099565122
"646627",1.84756867604617
"8834",1.84644991291832
"253143",1.84620573378506
"728498",1.84564851567895
"374308",1.8454436472208
"100271471",1.84394362858634
"55148",1.84304859925529
"123041",1.84265528469901
"23210",1.84223136280992
"23308",1.84094344732199
"57795",1.84010572990557
"116151",1.83969607718484
"100506462",1.83935884861185
"91074",1.83927801571619
"10788",1.83922150425788
"646174",1.83888584008256
"401981",1.83779908961303
"7545",1.83700954569918
"10586",1.83675348739598
"6920",1.8359730665081
"27284",1.83512598839136
"90187",1.83494368764098
"290",1.83459351314599
"401967",1.83445230403159
"106481966",1.83386198719322
"642",1.83339498296049
"90050",1.83309119322779
"4282",1.8327211118771
"50509",1.83255933938479
"100528020",1.83232920331246
"403253",1.83209236701628
"100874068",1.83197035748326
"79180",1.83091115457551
"1749",1.83070954571122
"725",1.83039606965407
"117579",1.8300563981694
"102466878",1.82979049731905
"8289",1.82952112900263
"56033",1.8291124162818
"3934",1.82844753539775
"100288763",1.82799987745291
"28665",1.82798004716909
"64805",1.82780383652708
"10026",1.82769601151076
"124900952",1.82740902606239
"79683",1.8271178353382
"51222",1.82655113962558
"213",1.8257755299222
"256691",1.82524560165907
"3384",1.82449264731316
"60529",1.82429161930027
"105374272",1.82421887853933
"3321",1.82380539443336
"124902026",1.8236718014982
"64978",1.8235642015618
"80714",1.81757208887354
"88455",1.81551429325296
"60509",1.81529500696775
"284346",1.81529430539674
"1840",1.81501134526013
"9575",1.81471465745079
"4007",1.81434166538111
"54888",1.8141945304026
"408050",1.81391142599881
"150726",1.81314609848927
"111082966",1.81314188447169
"104169670",1.81304433401558
"59340",1.81073062342687
"65108",1.81022049297037
"84627",1.80999715851849
"1743",1.80981840082214
"54831",1.80880546991933
"55825",1.80745035071558
"28444",1.80613983294896
"26054",1.80600378473103
"56829",1.80579708955974
"2512",1.80461969717647
"100270940",1.80415234128601
"1365",1.80413923703423
"148413",1.80385742541339
"51093",1.80370931093554
"338324",1.80303033197427
"439916",1.80302872648321
"9355",1.80287450694699
"486",1.80230212063888
"149483",1.8020111039689
"116938",1.80196775323148
"29950",1.80185324979377
"646787",1.80117099980353
"283710",1.80082605949083
"121256",1.80057543081227
"9570",1.79956606464652
"150483",1.79802149902814
"440279",1.7979306415248
"10765",1.79751378798326
"84858",1.79673310845181
"57171",1.79655883844104
"115908",1.79639827053144
"404744",1.79604204720356
"10428",1.79531352260525
"400958",1.79475329552916
"107133502",1.79462467420062
"2896",1.79351674753177
"100101478",1.79239572777549
"55700",1.79213756591372
"7754",1.79134783562975
"124905202",1.79095913111727
"166614",1.78976233002481
"6334",1.78958556329529
"574537",1.78941326470121
"90485",1.78920816455859
"100533111",1.78804006641652
"138948",1.787703929021
"987",1.78735310831548
"6615",1.78705661465969
"6647",1.78687880079791
"799",1.78621609900575
"9278",1.78549370331134
"105370921",1.78549216554264
"80155",1.78549153414508
"29888",1.78522246118487
"2153",1.7848687681733
"1912",1.78485367115607
"390790",1.78440503984347
"110806299",1.78404685698294
"339487",1.78337926622382
"284632",1.7828688205262
"100418974",1.78275390610567
"57332",1.78271912648346
"579",1.78161720505191
"23600",1.78103264103202
"56975",1.78095844455507
"84891",1.78091296854843
"64757",1.78087526289442
"100129288",1.78034423091093
"23508",1.78019691357757
"3188",1.77983121239327
"53637",1.77951991596475
"390598",1.77899924903277
"106479072",1.77884467956963
"130074",1.77867850047178
"147912",1.77731012394245
"3385",1.77727898495269
"110599588",1.77660728901182
"27148",1.77597523131489
"89910",1.77562297730299
"3452",1.77502750910333
"11154",1.77449335396016
"8854",1.77414753873953
"10324",1.7741475016779
"136",1.77414628612387
"64641",1.77394665294543
"56666",1.77353024040992
"4858",1.77236306520422
"26952",1.77061397626413
"53354",1.77037130752248
"653113",1.77031907421958
"22806",1.76971425832423
"150465",1.7689775620571
"51807",1.7681808161133
"25888",1.76785419446534
"433",1.76736058307748
"100130231",1.76731532809309
"54841",1.76731376867742
"55304",1.76719569270826
"100500861",1.76707639656775
"100996335",1.76682280721033
"286362",1.76678203259633
"284379",1.76672263372195
"1198",1.76666799737756
"4717",1.76645378644489
"124902438",1.76638264153801
"4783",1.76583121207439
"3123",1.76494008525682
"8489",1.76468407939698
"1655",1.76438060536136
"5129",1.7637977976112
"3619",1.76326309143611
"6556",1.76306423281445
"6066",1.75963209372665
"740",1.75935170190144
"7772",1.75795409812781
"169693",1.75789911685897
"644716",1.75785591391596
"124739",1.75776336293075
"9592",1.75744913680397
"7593",1.75659703481182
"107985820",1.75511459853505
"28707",1.7548463525083
"28461",1.75467531100787
"101926977",1.75319932136192
"728568",1.75286329294563
"9955",1.75086421058074
"100289584",1.75077276403697
"6803",1.75055542216486
"130749",1.74982086641593
"6129",1.74982025535322
"51084",1.74981898414718
"23429",1.74981835535193
"154091",1.74981807921694
"80742",1.7490712658502
"57409",1.74813659294158
"10807",1.74716923964979
"84437",1.74662604157491
"2648",1.74654317181774
"105372768",1.74619075106972
"100506388",1.74591459725992
"728226",1.74559370702623
"106481675",1.74551169688284
"283417",1.74498218266051
"146050",1.74469855203406
"107",1.74437955650254
"731157",1.74397466045051
"105370057",1.74368538888777
"100507747",1.74362517519677
"100130240",1.74218705917379
"646202",1.74212248894084
"100505495",1.74068645279652
"4330",1.74037103185841
"100128060",1.74014137214353
"414235",1.73886183102308
"9584",1.7383737816367
"1446",1.73824673417296
"55002",1.73807405890758
"55693",1.73787995033943
"124906144",1.73759438668605
"121214",1.73750910790101
"84269",1.73742311840716
"5609",1.7365605241235
"79605",1.7364519063187
"27159",1.73613882569184
"4674",1.73613133120549
"251",1.7358092254016
"168667",1.73320429255324
"5703",1.73305110998562
"9388",1.73289005428767
"391195",1.73276829329118
"92312",1.73100318125938
"28947",1.73078637440064
"54812",1.73078619330601
"2036",1.73009565679165
"57109",1.72995696909235
"1404",1.72957008918781
"163747",1.72920190867338
"6917",1.72913643647723
"391589",1.72822533844393
"51249",1.72822507589864
"351",1.72822472562014
"11127",1.72822427123866
"8987",1.72697041069756
"8312",1.72653540991544
"104502416",1.72650604419254
"6023",1.72646201367376
"120939",1.72499039205306
"100873941",1.72473346637275
"54552",1.72373053245371
"111082965",1.72189695408182
"100131956",1.72164977148697
"3684",1.72122908469404
"7716",1.7210097537717
"55968",1.72090588547889
"2662",1.72003269554707
"80164",1.71998204425539
"106479493",1.71860228871377
"127086",1.71855203499699
"100421820",1.71851770243014
"5036",1.71829972506761
"5343",1.7172515940206
"171024",1.71661320647492
"105379443",1.71629369249072
"79600",1.71622334144421
"390181",1.71608104832582
"64220",1.71607701946925
"4507",1.71532490243235
"26211",1.71458625787036
"162282",1.7129765520319
"10743",1.7125316039462
"100271423",1.71224602958093
"687",1.71213317656505
"5341",1.71176848612869
"83694",1.7115026027661
"10146",1.71063026804128
"2811",1.71048232912528
"4900",1.70951328306327
"157680",1.70900586485649
"84975",1.70819277961313
"26095",1.70819125646673
"6758",1.70527039277284
"401508",1.70440874429847
"10392",1.70379805619123
"11129",1.70356509936432
"9255",1.70310399696818
"83690",1.70302379269781
"65018",1.70284712842614
"9002",1.70270023929509
"23589",1.70219877888323
"8812",1.70109053447569
"388181",1.69981839995114
"8995",1.69939276993598
"340543",1.69939254335299
"10550",1.69939249974182
"100128899",1.69939238047994
"57489",1.69939230498305
"57728",1.69939225538569
"406",1.69939223616625
"337874",1.69939218558598
"56616",1.6993921439807
"5675",1.69939211545646
"1741",1.69939208590476
"145748",1.69939201644667
"100130613",1.69939198619863
"59351",1.69939190177214
"92346",1.69939189865526
"64417",1.69939170393913
"9252",1.69939170219555
"5163",1.69939167041335
"654386",1.69939163058012
"79269",1.69939162706824
"401447",1.6993916025433
"100419643",1.69939157926083
"145165",1.69939155448085
"3988",1.69939154871553
"3851",1.69939154178492
"100507433",1.69939153968498
"358",1.69939151595822
"8350",1.69939150988527
"151477",1.69939146664208
"106479420",1.69939142663057
"7188",1.69939139483015
"389649",1.69939139244961
"100419017",1.69939137889071
"148022",1.69939132909954
"80335",1.69939130057884
"2525",1.69939129281455
"25998",1.69939125112839
"6202",1.69939121443816
"100379571",1.69939118778571
"55770",1.69939107940372
"57630",1.69939107461328
"728567",1.69939106109367
"140699",1.69939103756574
"645744",1.69939099571286
"10802",1.69939097969779
"9867",1.69939094459045
"60496",1.69939092805547
"51290",1.69939091519016
"23256",1.69939089590316
"79018",1.69939089407217
"79991",1.69939086945581
"260429",1.69939085390907
"28583",1.69939085186764
"2788",1.69939084366987
"100874531",1.69939084091154
"133874",1.69939080586183
"131",1.69939077840624
"100233156",1.69939077196215
"5151",1.69939071480922
"23200",1.6993907087506
"130872",1.69939067478171
"5566",1.69939065152061
"10940",1.69939064821634
"4720",1.69939063767065
"414189",1.69939061884822
"5889",1.69939060020071
"129642",1.69939055029009
"23236",1.69939049200002
"4904",1.69939048746652
"286676",1.69939046075487
"886",1.69939045429692
"2701",1.69939038746707
"8339",1.69939036052983
"55248",1.69939034275834
"8842",1.6993903303985
"8521",1.69939029079606
"64376",1.69939024068313
"400960",1.69939018455645
"5987",1.69939015815549
"9712",1.69939012114293
"3680",1.69939003859631
"163059",1.69939002991123
"27034",1.69939000008308
"55277",1.69938997851109
"114926",1.6993899738346
"163259",1.69938990530969
"5079",1.69938986787915
"3842",1.69938986297322
"100499405",1.69938978654853
"81608",1.69938973979685
"10477",1.69938971750227
"28441",1.69938969779017
"649299",1.69938966234406
"100506860",1.69938966108127
"7280",1.69938964984761
"11043",1.69938964258185
"92249",1.69938962860933
"8436",1.69938961127371
"1673",1.69938958702366
"54977",1.69938956118326
"91646",1.69938953406108
"9262",1.69938951855653
"84669",1.6993894319191
"9463",1.69938938392126
"58478",1.6993893461492
"4974",1.69938929372765
"100528017",1.69938927871437
"4905",1.69938927321145
"7018",1.6993892193041
"253039",1.69938909079577
"90693",1.69938894861004
"2937",1.6993887957309
"975",1.69938845799413
"185",1.69938840634978
"132542983",1.69938785074953
"100421620",1.69758526200315
"10401",1.69730449874908
"171484",1.69683254393537
"54968",1.69673794913691
"101929010",1.69641728772055
"3273",1.69637839737957
"7761",1.69620245996662
"10052",1.69605668784994
"169044",1.69564226202139
"7421",1.69535416773785
"51322",1.6952683365889
"127281",1.69510716951745
"57449",1.69457506181933
"58511",1.69392506047634
"147808",1.69392287151595
"51586",1.69331912957563
"10943",1.69317947066966
"106480542",1.69244054398293
"101927228",1.69095204245433
"9055",1.6905983489967
"54540",1.68933222267224
"420",1.68894706147394
"5662",1.68884660149667
"442164",1.68884556437868
"11107",1.6879351973971
"4605",1.6871537188842
"105379442",1.68703538454428
"282791",1.68648520703214
"653641",1.6857134286366
"5793",1.68516367049689
"643669",1.68384869839043
"84666",1.6830727841063
"101928466",1.68295420644647
"4295",1.68278390678977
"100420587",1.68251297533832
"1641",1.68243409479376
"5411",1.68225572935847
"51001",1.68173662546513
"105369438",1.68094266285311
"341346",1.68065959375843
"126235",1.68041716463707
"100506164",1.6800746694168
"54967",1.67995752986053
"254122",1.67972520496656
"23677",1.67965426591312
"374877",1.67951088389514
"85291",1.67901248522056
"3222",1.6782894017367
"124904194",1.67799081239417
"79370",1.67793401905535
"7486",1.67766833807275
"167410",1.67761711172245
"8438",1.67730980475361
"56159",1.67652711700591
"4588",1.67648488383296
"166348",1.67541882717494
"26285",1.67539558012572
"285513",1.675333480436
"114780",1.67522139903426
"259215",1.67425582386484
"144110",1.67415373493579
"343052",1.67357121135836
"106479524",1.67318097850249
"26493",1.67292175217362
"5542",1.6728442429043
"102724434",1.67260981396351
"139201",1.67173175484006
"29766",1.6709097574641
"5015",1.67039924305536
"389799",1.67036422183378
"183",1.66994686830056
"101927093",1.66888044663281
"6778",1.66869345613516
"54026",1.66851712033512
"137797",1.6676292368319
"22869",1.66758660663397
"55049",1.66749559632877
"594839",1.66625245225865
"2764",1.66625173341822
"23205",1.66611394747682
"101927023",1.66570827522028
"134549",1.66563103720934
"105373347",1.66527177408782
"152015",1.6652607308486
"6850",1.66518357811406
"339674",1.66517306353322
"29800",1.66485741719044
"51110",1.66481273266461
"57515",1.66481107602448
"23005",1.66479515875438
"7702",1.66479337334588
"23339",1.66473258428474
"55435",1.66392896062743
"54617",1.66392887683263
"93349",1.66392880045018
"28477",1.66392849093555
"92105",1.66392839305092
"1629",1.6639283200535
"28657",1.66392829564355
"26256",1.66392828865678
"84961",1.66392827834381
"10499",1.66392819090834
"10325",1.66392814474369
"170559",1.6639281118955
"64342",1.66392811150617
"55076",1.66392809910061
"10826",1.66392807914358
"54579",1.66392805745268
"286494",1.66392805440301
"1821",1.66392802788973
"9445",1.66392793283499
"407019",1.66392786250227
"85366",1.66392783169135
"497189",1.66392773303442
"55759",1.66392766351837
"6809",1.66392765249699
"9014",1.66392762740918
"677768",1.66392756594372
"51156",1.66392755880263
"29789",1.66392755376657
"100132057",1.6639275440421
"400221",1.6639275080071
"286887",1.66392748314082
"9045",1.6639274565265
"151613",1.6639274442684
"54855",1.66392743114397
"7358",1.66392740194208
"115330",1.66392738697461
"84612",1.66392736611163
"374986",1.66392735437854
"55024",1.6639273339504
"2115",1.66392729813057
"647099",1.66392725777256
"153020",1.66392725527951
"1326",1.66392724870354
"55340",1.6639272284375
"55622",1.66392721931617
"387590",1.66392721657242
"79411",1.66392719612898
"152330",1.66392717495301
"253512",1.66392717438019
"1090",1.66392717368793
"9526",1.66392716300375
"4998",1.66392716054419
"8687",1.66392715775465
"7086",1.66392713601
"79283",1.66392709943228
"2707",1.66392709217886
"440519",1.66392708705605
"3930",1.66392707168859
"28419",1.66392706861017
"29978",1.66392706830716
"55037",1.66392704231092
"28814",1.66392701511327
"4722",1.6639269932785
"389643",1.66392697642256
"85028",1.66392695683226
"400966",1.66392693422492
"140913",1.66392691659398
"55798",1.6639269157001
"23601",1.66392690663409
"120066",1.66392688348938
"79875",1.66392688328074
"80010",1.66392684925432
"55775",1.66392683028046
"28692",1.66392682735008
"646127",1.66392681136173
"83889",1.66392679848815
"23376",1.66392679810477
"6047",1.66392677432614
"157",1.66392675792758
"89869",1.66392673404029
"27179",1.66392673118317
"100631383",1.66392671959533
"51327",1.66392671207926
"7094",1.6639267069636
"10036",1.6639266998221
"64343",1.66392669885689
"8748",1.66392668655125
"33",1.6639266810469
"71",1.6639266717415
"79232",1.66392666018018
"100287226",1.66392665569768
"51012",1.66392663661157
"4857",1.66392663488746
"22921",1.66392661413263
"91355",1.66392659341141
"81578",1.66392658566806
"4880",1.66392653538959
"100132247",1.66392652412008
"642389",1.66392649855217
"163486",1.66392649582259
"23300",1.66392648553564
"23710",1.6639264631082
"6348",1.66392645229271
"6775",1.66392645111481
"11196",1.66392644174017
"124905468",1.66392642875952
"5090",1.66392642767998
"22929",1.66392638293768
"2357",1.66392637923549
"5332",1.6639263732495
"10552",1.66392637200229
"353140",1.66392637171124
"1379",1.66392636195279
"9871",1.6639263557816
"204851",1.66392633889156
"23244",1.6639263366037
"643749",1.66392632074713
"641455",1.66392631199847
"406978",1.66392629854091
"1011",1.6639262959991
"5354",1.66392629190469
"6785",1.66392626244926
"11101",1.66392625962022
"411",1.66392625627499
"101929796",1.66392625335072
"7009",1.66392623363105
"3187",1.66392622811933
"158358",1.66392621924908
"101926926",1.66392620387951
"100128923",1.66392616119194
"731642",1.66392615296867
"3730",1.6639261045883
"51023",1.6639260739712
"28754",1.66392606337565
"100507557",1.66392605647659
"2113",1.66392605548528
"22856",1.663926028433
"414",1.6639260111842
"109136579",1.66392599825577
"1643",1.66392599751856
"54454",1.66392597231845
"3290",1.66392597224082
"23576",1.66392597051191
"101059918",1.66392596893973
"4668",1.66392596636658
"125981",1.66392595458375
"10933",1.66392594619627
"7316",1.66392593039302
"6431",1.66392592766743
"147081",1.66392592095604
"9723",1.66392591221066
"4074",1.66392590412251
"54884",1.66392589697401
"100270848",1.66392588856025
"2634",1.66392585015063
"29802",1.66392582531562
"338557",1.66392580531654
"388561",1.66392579812427
"64939",1.66392577553131
"10564",1.66392574969396
"28816",1.6639257277654
"2841",1.66392571046367
"148206",1.66392570675223
"5534",1.66392569179937
"199720",1.66392567537165
"100529063",1.66392566911371
"83999",1.66392564970728
"4883",1.66392564238385
"3598",1.66392561654248
"6613",1.66392561099378
"56104",1.66392560598672
"100271080",1.66392560421614
"645979",1.66392559187147
"56100",1.66392558702229
"4801",1.66392556232792
"6815",1.66392555300079
"9425",1.6639255480718
"114800",1.66392551723295
"653598",1.66392550083021
"1123",1.66392550027
"1618",1.66392547277821
"116449",1.66392538401833
"23269",1.66392536526633
"64499",1.66392535957927
"5355",1.66392532427128
"254948",1.66392531767562
"57609",1.66392531635459
"26277",1.66392529733147
"100271007",1.6639252964523
"115827",1.66392528841912
"9289",1.66392528825641
"643836",1.66392528178021
"6736",1.66392525735923
"360023",1.66392524424604
"3760",1.66392523992673
"11163",1.66392515836365
"80114",1.66392505164619
"9330",1.66392503812898
"389630",1.66392501629298
"11277",1.66392498687664
"84864",1.66392497351294
"4736",1.66392490674134
"321",1.66392489431361
"79679",1.66392489201055
"28408",1.66392485507938
"105379252",1.66392483942198
"5861",1.66392462222319
"2998",1.66392461618253
"51522",1.66392434076461
"28969",1.66392433832969
"101929162",1.66392429581858
"100529239",1.66392426979266
"10556",1.66392426219321
"80128",1.66392425419151
"55586",1.66392423974148
"7265",1.66392405465821
"117751734",1.66392401698664
"677809",1.66392373507819
"30061",1.66392287399542
"2260",1.66349679337721
"138199",1.66348970065813
"348158",1.66121322506412
"4000",1.66119196899075
"3458",1.66040897801899
"101928008",1.66022707541864
"1909",1.65972554701297
"58504",1.65911382461916
"124903249",1.65879640164263
"10062",1.65868416189548
"51599",1.65849522389696
"91133",1.65849437371475
"9061",1.65803196494302
"100128079",1.65696926987415
"10844",1.65687654381223
"646019",1.65680008920059
"340252",1.65669406865109
"28231",1.65652481832897
"105378998",1.65632638311131
"1259",1.65632491469091
"80004",1.65622620409407
"79791",1.65562392263514
"203111",1.65530388433602
"2996",1.65494125179825
"53615",1.65476144138532
"28644",1.65462500623561
"123775",1.65444285339828
"1437",1.65438251020896
"102724233",1.65373846595209
"64866",1.65338995367931
"3148",1.65250149508513
"284612",1.65221540225698
"105373475",1.65209130915879
"23417",1.6517566879532
"100271057",1.65055683281877
"124902301",1.65008222007391
"105377342",1.65007179369804
"144",1.65005577798919
"57124",1.64960231283463
"90355",1.64932334913184
"9091",1.64891476621539
"205147",1.64891412381556
"388255",1.64865216674434
"100874402",1.64865127477421
"85476",1.6486501085408
"219654",1.64816450596207
"2859",1.64771749321603
"147965",1.64733159834281
"101927858",1.64730208039742
"4343",1.64718601319317
"81029",1.64643057400955
"101928295",1.64636354148138
"23294",1.64587176518826
"6932",1.64581204319993
"28685",1.64557938352188
"23371",1.64519516188966
"79155",1.64314823286869
"793",1.6431355011731
"374872",1.64303229010242
"10255",1.64265818428533
"677835",1.6415180316822
"8193",1.64077726675562
"6309",1.6395724309011
"400591",1.63933266027216
"285596",1.63931012636581
"100313921",1.63925575560886
"105372725",1.63879407440386
"8824",1.63807467405816
"102467003",1.63764559377897
"2776",1.63541304262275
"9957",1.63527147321454
"132612",1.63506770198454
"126147",1.63383129892071
"57583",1.63355516932919
"83871",1.63336273045722
"9081",1.63266463119514
"102723555",1.63247761154988
"326340",1.63247698561758
"8887",1.63181209509851
"124901166",1.63171211907188
"10930",1.63170666835373
"112840933",1.63150544433174
"8419",1.63131872828611
"100134934",1.63102300839504
"154810",1.6284775075128
"4833",1.62836363800347
"56776",1.62685899286302
"100302149",1.62591837232469
"56905",1.62572303017584
"2534",1.62472203191433
"399717",1.62360979931596
"153396",1.6234454246477
"27065",1.62323706137679
"105376748",1.62218590746542
"64951",1.62206598734069
"139225793",1.62083965290888
"1137",1.62056319794651
"400765",1.6205050147083
"8641",1.61972764188531
"105374885",1.61801014715687
"23370",1.61631560268694
"54883",1.61614035818901
"92154",1.61608290444485
"79365",1.61528078293693
"3603",1.6146172637879
"4016",1.61442103080024
"10408",1.61408120467149
"106480417",1.613175296736
"83715",1.61305952147535
"100507582",1.61286417632845
"124903670",1.6125565324032
"84814",1.61224927105339
"1510",1.61214971999462
"81569",1.61174910266563
"114971",1.61107217641426
"28653",1.60964284091748
"7287",1.60953766734423
"83998",1.60953628256192
"54763",1.60953569449017
"1454",1.60935504854141
"220081",1.60907554189375
"821",1.60843423979334
"116840",1.60821486159651
"100129013",1.60819414328193
"26280",1.6074305942651
"84734",1.6067455261028
"729654",1.60595301831909
"5544",1.60580655253788
"51293",1.60571982819306
"1907",1.6049966869525
"125962",1.60499083048481
"9543",1.60427386124995
"23560",1.60401590482029
"105371689",1.60393828236917
"106481737",1.60377031827879
"6697",1.60357684936447
"107984970",1.60351951725868
"5449",1.60351947420102
"57030",1.60250291872191
"56981",1.60231621124788
"1559",1.60132384482434
"27127",1.60116606487387
"442162",1.60052775930918
"100271073",1.60014859562688
"1727",1.60006669526958
"283856",1.59948671022424
"90",1.59893500502026
"136332",1.59893393901918
"28968",1.59799164308104
"9760",1.59748382003555
"9904",1.59717994292394
"146547",1.59587227725608
"85445",1.59568454124303
"10051",1.5952497633664
"56244",1.59345911346328
"57835",1.59252800558575
"391253",1.59250087766934
"139355214",1.59246051719213
"140890",1.59233636724131
"23436",1.59198290024699
"6278",1.59180393641558
"56111",1.59085512537685
"729389",1.59067137135149
"729830",1.59067084060504
"54993",1.59067075310617
"23169",1.59067033039622
"162461",1.59067027954272
"221481",1.59066956713139
"105373667",1.5904746515761
"51063",1.58890765547384
"5437",1.58714667673086
"84787",1.58664217903735
"102724087",1.58644951313204
"138864",1.58596316980683
"100507206",1.58526860733297
"100874441",1.58496732104375
"8811",1.58398153161069
"4001",1.58302219475912
"2779",1.58301600888205
"63924",1.58258453930925
"100616530",1.58120609648453
"5866",1.58101908505398
"100129434",1.58098726391551
"107986400",1.58078212229112
"55810",1.58076372321882
"28562",1.58032313256828
"8912",1.5802702474663
"5319",1.58010097971614
"55511",1.57982574391032
"105369655",1.57803173866481
"23225",1.57727008479291
"64427",1.57605699161408
"29105",1.57596410201177
"3594",1.57579538949226
"7431",1.57513497038805
"100874355",1.57504010803229
"57497",1.57441216537346
"6201",1.5740505525161
"106479049",1.57314136552084
"115409980",1.57285081146539
"341032",1.57277388175982
"101409257",1.57245160964875
"100420080",1.57070630804726
"105372950",1.56985249755536
"84546",1.56965467785603
"100130766",1.5681481078957
"5894",1.56805250631256
"7511",1.5676584991024
"131118",1.56679973658054
"126731",1.56668535035072
"22937",1.5656588650571
"65249",1.56558463221466
"4350",1.56488974873995
"79056",1.56487033935236
"113115",1.56471870629373
"196335",1.56368627954786
"100128560",1.5635718958559
"101927590",1.56327266879437
"126969",1.56326579041569
"100240711",1.56135672190304
"100169765",1.56132461303992
"11267",1.56031549246885
"729259",1.55953598098257
"7047",1.55722743044788
"106479424",1.55702919021923
"474344",1.55540387017701
"51292",1.55540156571254
"5277",1.55532690600659
"101927798",1.5547102141669
"100505767",1.5544235396992
"7003",1.55434689322871
"84769",1.5543225419925
"81472",1.5538878361729
"55841",1.55369934910683
"105369147",1.55319440134133
"10944",1.5526771375149
"144742",1.55233633118464
"400499",1.5520189960572
"10847",1.5503030449125
"105372980",1.54964879975243
"106479304",1.54900356760024
"196743",1.54870256789687
"6696",1.54833994902692
"100507391",1.54790211607151
"51094",1.54667543527122
"4713",1.54655846646068
"100421617",1.54616281450425
"10308",1.54546092298303
"240",1.5449820200929
"56942",1.54480592633876
"219738",1.54413628719377
"107986968",1.54328710361245
"10437",1.54055393241332
"162417",1.53918720174423
"11237",1.53737590533895
"645",1.5373621481323
"100288659",1.53713608225046
"100507404",1.5369158205012
"285796",1.53676222806916
"100423037",1.5361803227102
"100874241",1.53615783745973
"106480852",1.53588024782878
"10927",1.53447115763288
"221416",1.53427992517073
"80319",1.53396310652105
"23065",1.53368773808833
"25826",1.53353397335528
"79802",1.53353354821569
"11081",1.53353247108402
"143903",1.53353060401575
"7327",1.53320904326171
"124901018",1.53288803525544
"647310",1.5325294215323
"5744",1.53239153316904
"730262",1.53117196846086
"107984385",1.53064193332043
"100038246",1.53016154422035
"56895",1.52938411508958
"26855",1.52900056138633
"55260",1.52878835111326
"3030",1.52841462586757
"140467",1.52819575567114
"1828",1.52715100108383
"100271462",1.52715044056861
"124907894",1.52579650224916
"55154",1.52572156011027
"643499",1.52549822821993
"7076",1.52531591532887
"100033800",1.52481337968118
"8659",1.52442523465136
"7226",1.52428787152272
"23645",1.52404962682322
"5192",1.52393062758954
"6657",1.5235745116074
"54914",1.5230961747836
"10365",1.5211882307882
"57451",1.51935203345241
"50964",1.51905000399636
"441549",1.51902942097722
"102724156",1.5174536284429
"55331",1.51559685199764
"100505989",1.51462420108085
"645485",1.51456463238357
"105372079",1.51408490869049
"80196",1.51398692206417
"284058",1.51368744275068
"55194",1.51363713371615
"219479",1.51357968197874
"101928735",1.51319296913928
"100652999",1.51299414832676
"140453",1.51008259741908
"1464",1.5097670584943
"729440",1.50910986717075
"56751",1.50829597082254
"390597",1.50758031680277
"7378",1.50616288980656
"27151",1.50609331261242
"5726",1.50597645509612
"3116",1.50585143195326
"2155",1.50523542489561
"643115",1.50509860389476
"57498",1.5050304632003
"4015",1.50478075720173
"3082",1.50443318483657
"113828",1.50434221945423
"102465874",1.50347925229457
"405753",1.50299709439967
"100130392",1.50286760857635
"124909401",1.50268460935603
"118424",1.50201464136095
"253769",1.50200825372985
"55716",1.50096188268286
"93129",1.50082981854965
"4829",1.50077000626481
"1556",1.50002169592289
"9854",1.49888910739291
"1902",1.49883444057108
"285000",1.49871228183232
"135941",1.49819334522175
"57452",1.49801088202716
"55422",1.49692532941045
"1571",1.4967427019115
"55230",1.49662049493801
"4784",1.49649378322236
"327657",1.49646822776972
"26031",1.49584761841869
"57136",1.49561052748637
"100128881",1.49409251729738
"124902947",1.49401170864602
"100271244",1.49366881744866
"100616422",1.49294131163492
"8997",1.49240869475322
"729171",1.49200313088357
"149998",1.49175676240594
"4861",1.49111685915802
"83743",1.49089185205177
"9399",1.49075908153132
"3350",1.49075564988533
"9907",1.49057327440197
"152007",1.49049476314991
"574502",1.49016996333324
"28904",1.49008209871795
"254240",1.49006870573752
"115945146",1.48990213508633
"221443",1.48961246802705
"259266",1.48961128824991
"125893",1.48961033646489
"80031",1.48960904818914
"598",1.48930572231211
"4610",1.48900771269937
"79640",1.48766433380507
"387990",1.48684551592537
"79096",1.48662836502819
"3890",1.48620570146024
"100188954",1.4859985642878
"51148",1.48553013006933
"256329",1.48526332538064
"26053",1.48522965014777
"127062",1.48490541322389
"5013",1.48431184179863
"3347",1.48343016192605
"100132686",1.48292404004824
"105374582",1.48291673116382
"100101467",1.48257215061576
"100101440",1.48240354625926
"4817",1.48203367408149
"100422200",1.48064186668304
"9455",1.48026806082931
"100505583",1.47922303017854
"150538",1.47900097380482
"124906892",1.47895367112046
"399942",1.47839276365936
"9500",1.47818467085944
"60494",1.47803169462039
"4764",1.47792767466174
"100130302",1.47714504679649
"645918",1.47709750034391
"28669",1.47668717368809
"199964",1.47626594122456
"57827",1.47536716431289
"1528",1.47508210032528
"387804",1.47506564039501
"2848",1.47483026844436
"10172",1.47473106460971
"5394",1.47425010040614
"147407",1.47392321203536
"100270956",1.47388368785062
"252995",1.4731711327065
"86781",1.47279244213356
"7709",1.47263409453615
"200186",1.47211719209263
"383",1.47148126763766
"100287441",1.47144275348713
"55794",1.46849566524162
"284415",1.46771225908712
"219731",1.46731225344835
"6039",1.46728174259743
"115704",1.46689062761953
"100288911",1.46642079726188
"79019",1.46634602761848
"392197",1.46614641344539
"337878",1.46589760068404
"1428",1.4657867316088
"57179",1.46578530953002
"64167",1.46534586171843
"102465523",1.46432804140015
"51657",1.46269663338379
"101927124",1.46268895588902
"164633",1.46250487534131
"389827",1.46228116947895
"157956",1.46073590131402
"533",1.46036078959358
"646909",1.45942644123564
"100125288",1.4562977367259
"51481",1.45573355072108
"124903668",1.45542749755279
"79719",1.45433447663108
"9886",1.45433283127558
"390846",1.45363319703101
"100874439",1.45320894133893
"6811",1.45292157036982
"101927811",1.45279796418283
"100289211",1.45275251520845
"29074",1.45272321732491
"55114",1.45226990236705
"644996",1.45185058174572
"4082",1.45040277892464
"203413",1.45033103546799
"100131535",1.45013467537678
"124902280",1.44995699546287
"375757",1.44987033441264
"5465",1.44982447411014
"255104",1.4497811443915
"124901179",1.44951565557855
"133629",1.44896968380433
"2114",1.44870423895374
"100101148",1.44862662010966
"22870",1.44861563172734
"113455421",1.44844654527362
"340980",1.44844612464093
"3936",1.44844593745707
"3620",1.4484458488779
"10768",1.44844578467375
"55600",1.44844568875227
"401535",1.44844557889346
"7351",1.44844544244107
"8883",1.448445307428
"692107",1.44844523104905
"58493",1.44844503703213
"56624",1.44844498063326
"2918",1.4484448853584
"10513",1.44844485898858
"124907114",1.44844482029525
"51187",1.44844481663221
"2910",1.44844480284125
"102724330",1.44844475267588
"84938",1.44844469011575
"124900193",1.44844466302032
"25898",1.44844462655555
"100128936",1.44844457693951
"9521",1.44844436777476
"115196",1.44844433631929
"105372244",1.4484443156172
"80199",1.44844430507712
"81621",1.44844428888098
"200315",1.44844428282334
"63934",1.44844427158446
"55234",1.44844420931581
"10527",1.44844418318907
"3239",1.44844416167295
"119032",1.44844413052588
"80264",1.44844411796835
"5569",1.44844411343897
"6198",1.44844402383803
"57522",1.44844398676437
"7174",1.44844397253549
"159371",1.44844396178014
"60489",1.44844394209078
"51527",1.44844392679984
"105376244",1.44844387356099
"366",1.44844373203935
"10890",1.44844370009618
"7404",1.4484436573365
"65981",1.44844365066441
"259239",1.44844361080456
"10610",1.44844360610495
"23705",1.44844351766921
"84218",1.44844340519427
"7766",1.44844336295301
"391104",1.44844335175445
"653543",1.44844326706792
"10478",1.44844325691102
"56951",1.44844323044307
"6967",1.44844321066614
"25945",1.44844317607565
"81796",1.44844314719016
"6653",1.448443109119
"6532",1.4484430779384
"3199",1.44844304155506
"22863",1.44844296753852
"101927438",1.44844292331797
"4436",1.44844291380521
"2045",1.44844280114754
"3017",1.44844280043372
"100132341",1.44844272935865
"26060",1.44844259600971
"9815",1.44844257578616
"150051",1.44844249448057
"4351",1.44844244128597
"284293",1.44844231407768
"54810",1.44844151862104
"85235",1.44844144717141
"100506498",1.44816745540375
"30008",1.44812060727347
"100422929",1.44756006774987
"101928445",1.44739575040875
"255082",1.44690754479279
"106480311",1.44642280030435
"1009",1.44579014179509
"3689",1.4457825065666
"100873234",1.4455896434062
"196883",1.44430543875313
"401",1.44349160142635
"60491",1.44308977663915
"6921",1.44272524682212
"7832",1.44267194220964
"23359",1.44246445540272
"100996763",1.4416005870646
"127069",1.44085707416757
"65264",1.43958144071945
"81607",1.43925042907565
"7355",1.43763517244675
"121838",1.4374052345391
"192286",1.43735860039804
"9314",1.43710270264306
"29984",1.43694345482023
"100506334",1.43593280999232
"651250",1.43582748760607
"80700",1.43525633174264
"4241",1.43455115199338
"286319",1.43391388677739
"84262",1.43345464752346
"106479132",1.43339435576074
"22835",1.4332521966821
"9204",1.43273180741262
"3614",1.43239500754439
"56265",1.42998330508377
"100271467",1.4289055882276
"3659",1.4287879573191
"652624",1.42861928246211
"401675",1.42801465539102
"56915",1.42748328701904
"100270984",1.42741055674714
"3430",1.42708951572556
"4207",1.42655743769617
"9024",1.42630028980743
"9710",1.42579551423907
"145942",1.42480449830478
"8692",1.4234742933828
"26805",1.42254048020445
"10845",1.42254035278163
"646588",1.42254002296977
"11259",1.42253991031288
"401474",1.42253968738605
"7840",1.42253938874445
"117583",1.42253935740497
"283335",1.42253931867996
"594",1.42253929954719
"10769",1.42253929532785
"65986",1.42253927352438
"55285",1.4225392033279
"1475",1.42253919175292
"284276",1.4225391364995
"10181",1.42253913144893
"440026",1.42253912554993
"130399",1.42253906176685
"3880",1.42253901347249
"819",1.42253899967458
"326625",1.42253898176671
"3183",1.42253891429751
"196074",1.42253890182469
"55128",1.42253885445827
"91734",1.422538791982
"7098",1.42253876233287
"200845",1.42253876210051
"30062",1.42253875608826
"11282",1.42253871704829
"100271427",1.42253868104907
"80003",1.42253866988954
"619383",1.42253865342635
"64897",1.42253864505819
"10897",1.42253862371471
"7325",1.42253856086375
"124903753",1.42253853985905
"219790",1.42253853961581
"153129",1.42253849137121
"4253",1.42253847649584
"79682",1.4225384760626
"7225",1.4225384680301
"175",1.4225384632353
"55109",1.42253841253167
"11311",1.42253838468546
"26783",1.42253837760349
"220929",1.42253837204693
"80896",1.42253836513613
"3800",1.42253836030382
"51170",1.42253835888326
"222658",1.42253834429293
"5978",1.42253833231929
"567",1.42253833113821
"9337",1.42253832687144
"669",1.42253830922607
"101927653",1.42253827198961
"26034",1.42253820766526
"7499",1.422538150756
"127124",1.4225381392706
"348654",1.42253811906375
"57864",1.42253810730241
"6885",1.42253810076688
"5562",1.42253809132878
"55520",1.42253806183866
"58189",1.42253805363699
"55384",1.42253805349956
"109617003",1.4225380285686
"375190",1.42253801809265
"5616",1.4225379324894
"28559",1.42253793226094
"101928877",1.42253790159077
"102723168",1.42253789521744
"653440",1.42253785309908
"55327",1.42253782532849
"6170",1.42253778263638
"10659",1.42253778108552
"338879",1.42253777272187
"100270937",1.42253774464094
"54014",1.42253773355861
"105377543",1.42253772245383
"7388",1.42253758715542
"1381",1.42253757899151
"6770",1.42253755383481
"57152",1.42253754139642
"23536",1.42253750897887
"338069",1.42253749352438
"253935",1.42253747811304
"28893",1.42253747435033
"8329",1.42253738062254
"56474",1.42253737954675
"1719",1.42253737270876
"158131",1.42253736271796
"137695",1.42253731950853
"80775",1.42253731065216
"161424",1.42253729846652
"84771",1.42253728206065
"4935",1.422537273282
"10393",1.42253726716222
"414765",1.42253723863319
"3587",1.42253721428537
"51028",1.42253718823143
"5507",1.42253718601371
"642778",1.42253708245142
"105370997",1.42253704766291
"374659",1.42253698235289
"5395",1.42253694404424
"83940",1.42253693103261
"58499",1.42253687060946
"196792",1.42253686075711
"105369201",1.42253681758073
"3615",1.42253675500323
"729201",1.42253674463576
"6883",1.42253673938171
"100133941",1.42253671764816
"28966",1.42253671641388
"25948",1.42253669723854
"8148",1.42253668739769
"100129795",1.42253666397116
"345778",1.4225366519059
"120224",1.42253656027672
"26272",1.42253638895655
"101929104",1.42253634732498
"388556",1.42253618132556
"253725",1.42253607549973
"126070",1.42215313764859
"170689",1.42193575859677
"256472",1.42168978777586
"100128733",1.4207126139005
"90639",1.42012210126763
"8788",1.41940817471924
"55022",1.41905225255838
"728658",1.41903595463013
"767",1.41903584827756
"51372",1.41903559838136
"641384",1.4190355585549
"57105",1.41903537725501
"6248",1.41903527342436
"642776",1.41903524138508
"3267",1.41903509889192
"399694",1.41903505636296
"354",1.41903502896416
"200728",1.41903490576479
"150353",1.41903480392581
"1558",1.41903479710181
"729150",1.41903476802526
"7576",1.4190346746073
"100287722",1.41903466984924
"112817",1.41903464782437
"54948",1.41903461032762
"57560",1.41903453914729
"348926",1.4190345198493
"100422493",1.4190344782775
"283284",1.41903440098845
"4666",1.4190343910411
"23594",1.41903430455871
"100151683",1.41903430150808
"10455",1.41903429524735
"55848",1.4190342756282
"53917",1.41903421722413
"163049",1.41903419401811
"343563",1.41903418552735
"50862",1.41903412018928
"9440",1.41903410791938
"55005",1.41903409701018
"57677",1.41903404702522
"1718",1.41903394674087
"51390",1.41903383658437
"9618",1.4190338115194
"23266",1.41903379213444
"3676",1.41903375680756
"3845",1.41903369844289
"3234",1.41903369269072
"55835",1.41903367902813
"54600",1.41903366961398
"6950",1.41903365139315
"109703458",1.41903363933613
"100419187",1.41903360517981
"91574",1.41903359848045
"8387",1.4190335354236
"85453",1.41903348493149
"28643",1.41903341987841
"57150",1.41903335282005
"25950",1.41903332637955
"101927718",1.41903327572849
"9860",1.41903308542836
"6926",1.41903303314489
"5868",1.41903295416644
"91661",1.41903292559395
"54762",1.41903291247264
"2533",1.41903288737679
"7746",1.41903288715216
"130940",1.41903286386521
"54465",1.41903273903583
"619562",1.41903240832645
"400798",1.4190323180628
"100526831",1.41903219415095
"400745",1.41868153547919
"100874251",1.41680470799105
"146225",1.41542544472334
"26820",1.41476871355938
"29115",1.41457580426677
"1890",1.41303279065724
"6692",1.41294296264649
"5756",1.4123873231636
"55885",1.41231208467025
"57685",1.41223108182116
"146556",1.4122300367483
"28659",1.41222931886039
"9673",1.4119873304284
"390201",1.4114565141617
"4086",1.41059444196724
"4776",1.41022562832017
"11102",1.4100720885532
"319138",1.41005443195111
"349633",1.4099527737878
"727940",1.40920328085201
"79005",1.4086478432125
"728294",1.40856431441111
"83447",1.40850022876585
"127550",1.40766920994655
"101928731",1.40758169615249
"106479262",1.4075372777933
"3485",1.40722969709263
"9013",1.40280805243158
"101929333",1.40252524303403
"54660",1.4024580430206
"729293",1.40178554741898
"105376654",1.40111051972612
"440585",1.4008905666362
"29078",1.39894054550297
"112268390",1.39858886892343
"84443",1.39818024027552
"200539",1.3981392910004
"6204",1.39802183648857
"120766138",1.39749207636498
"7122",1.39652675908785
"100302234",1.39620404856744
"283106",1.39599214816391
"100506113",1.39497132369855
"11187",1.39404815159597
"124904015",1.39276754356883
"283596",1.39033443777004
"3600",1.39010935548358
"85415",1.39010901973703
"51510",1.39010900722055
"105371031",1.39010890321533
"79733",1.39010860083418
"3494",1.39010859679594
"8332",1.39010831926038
"1327",1.39010830457422
"54517",1.3901082325323
"254263",1.39010818844261
"5869",1.39010817516255
"4921",1.3901081569935
"114885",1.39010788867595
"29080",1.390107797334
"51661",1.39010772912594
"5096",1.39010763371869
"28394",1.39010760327691
"2176",1.3901075756385
"57683",1.39010757103835
"203190",1.3901075123762
"389432",1.39010751207129
"105369344",1.39010748570602
"105377224",1.39010745058262
"245973",1.39010735796238
"347404",1.3901073485113
"100422384",1.39010734218556
"64771",1.39010730012679
"51751",1.39010729212864
"51601",1.39010723374573
"64776",1.39010720265727
"10251",1.39010716848222
"6905",1.39010714312173
"101927150",1.39010711740429
"51744",1.39010710833249
"148898",1.39010701729553
"147429",1.3901069912792
"55791",1.39010694446289
"2892",1.39010693103501
"25978",1.39010692381502
"11005",1.39010691285496
"9101",1.39010680901863
"1036",1.39010677838926
"1511",1.39010677663374
"79845",1.3901067606535
"23394",1.39010673997374
"51616",1.39010672263767
"4708",1.39010670818348
"81563",1.39010655342211
"23216",1.39010654924383
"10482",1.39010645138467
"28409",1.39010642338175
"56267",1.39010641171703
"23522",1.39010631847811
"26091",1.39010629221107
"55197",1.39010628990745
"9474",1.39010626611118
"283177",1.3901062218176
"23463",1.39010621347046
"641616",1.39010620490643
"55208",1.39010616919033
"9026",1.39010616474718
"102724250",1.3901061633093
"730092",1.39010610209014
"55613",1.39010597261996
"654321",1.39010595386463
"7584",1.39010582349871
"135138",1.39010577940013
"10952",1.39010571753551
"90850",1.39010567184675
"10901",1.39010567092257
"170959",1.39010564709712
"54879",1.39010561683369
"9227",1.39010543449748
"28464",1.3901053396656
"22938",1.39010530774506
"7675",1.39010505517483
"204",1.39010497411228
"4498",1.38981344114734
"29901",1.38973482215074
"23051",1.38967000830635
"8624",1.38966034662903
"124902282",1.38964519139187
"9752",1.38955703751632
"353194",1.38931052120433
"8882",1.38819987732382
"1819",1.38819954835553
"101928514",1.38812480952172
"83890",1.38741169763992
"55722",1.38664084480285
"111082964",1.38533001358323
"100271148",1.38464553848242
"391194",1.38423304462207
"79930",1.38378923945839
"102724064",1.38373112403366
"100422546",1.38362274710612
"84951",1.38359255028006
"105379352",1.38237817683298
"105369625",1.3822574373697
"90288",1.3822318670033
"100506258",1.38182257901628
"92552",1.38180004679514
"134285",1.38162381690402
"220429",1.38160959874025
"100271252",1.38144801718717
"728431",1.38030798679747
"65121",1.37982031048471
"4258",1.37980833292464
"541578",1.3794018134979
"100271103",1.3794013382518
"124906495",1.3792252361394
"55732",1.37872822464352
"132112",1.37826573581984
"80713",1.37753393495667
"2618",1.37678560167079
"101929664",1.37565528409
"653190",1.37472813534735
"124900313",1.37471583100161
"124902477",1.37416978692063
"118670",1.37324205903846
"9130",1.37315767944997
"93973",1.37315666048051
"7051",1.37189498239787
"646457",1.37184209921244
"342979",1.37140174736745
"1497",1.37072090652259
"2543",1.36948714997697
"119765",1.36919355617609
"55625",1.36917393429803
"100506457",1.36898159650854
"84717",1.36843029160097
"374",1.36753138488567
"51073",1.36750192105398
"101927003",1.3674119580313
"728393",1.36617762787878
"229",1.36598448749651
"3337",1.36540429690915
"9210",1.36367200091228
"442242",1.36347014353875
"126755",1.36304364195839
"654434",1.3624837922829
"100419792",1.36243410559947
"23046",1.36238222400766
"553",1.36231601036157
"105369343",1.36229586989043
"27128",1.36222504460932
"106481388",1.36209179583191
"56897",1.36202036558051
"105376854",1.361917132005
"259292",1.36165570709556
"10866",1.36165449182822
"171425",1.36165438306238
"5533",1.36165428823549
"132200",1.36165428625108
"100421437",1.36165395738309
"401105",1.36165390862083
"107986473",1.36165363949236
"9527",1.36165361859367
"267",1.3616535988753
"22876",1.36165358974383
"400961",1.36165354914464
"283464",1.36165344529081
"353144",1.36165343528
"163131",1.36165343078313
"55356",1.361653421456
"9988",1.36165341609397
"144571",1.3616533862612
"10692",1.36165336228814
"220885",1.36165333051473
"124907012",1.36165327676454
"3895",1.36165327332966
"7310",1.3616532446273
"54361",1.36165323706736
"23301",1.36165312749686
"28977",1.36165311872836
"28411",1.36165309613763
"6291",1.36165309495689
"8349",1.36165308917632
"100885848",1.36165299015799
"102724663",1.36165295256633
"442217",1.36165294383929
"90827",1.36165290089886
"4969",1.36165288437376
"28920",1.361652830726
"270",1.36165281524712
"11315",1.36165279981586
"6281",1.36165276679835
"645452",1.3616527652533
"55805",1.36165274663001
"5663",1.36165272364235
"6206",1.36165268111498
"11077",1.36165264613521
"286006",1.36165261462379
"81550",1.36165255322195
"100420214",1.36165252300316
"23569",1.36165250662644
"6404",1.36165248696213
"3040",1.36165238591062
"219972",1.36165234195582
"6366",1.36165233565189
"26986",1.3616522558938
"1057",1.3616522448843
"114327",1.36165224384631
"374875",1.36165221765039
"1577",1.36165220765441
"4049",1.36165218410296
"81849",1.36165218262372
"641298",1.3616521521542
"100996928",1.36165215103094
"29904",1.36165204941632
"646309",1.36165198807672
"116138",1.36165193009408
"54953",1.36165187350031
"100420526",1.36165185328666
"96626",1.3616517460291
"79145",1.36165168388669
"204219",1.36165168010773
"57103",1.36165157110302
"389524",1.36165152566618
"124902825",1.36165143520284
"101927992",1.36165138092361
"80333",1.36165132969785
"134218",1.36165125190526
"8516",1.36165111095113
"51535",1.36165108458501
"440823",1.36165105550166
"54477",1.36165060586518
"21",1.36165055879678
"123466215",1.36165027623153
"5630",1.36164980056381
"101930090",1.36158427307291
"51566",1.36136363635226
"107985200",1.35987972216629
"653080",1.35957402096422
"154197",1.35949161300963
"92304",1.35948938346663
"4836",1.35888092849383
"5475",1.35821604468897
"440104",1.35783134969414
"6620",1.35721076131889
"27019",1.35608375719248
"133558",1.35552544632094
"80273",1.35538678541397
"2997",1.35537976805064
"1028",1.35454985970841
"375690",1.35438671844206
"10791",1.35403099262241
"100169767",1.35371457562501
"27238",1.35363417302655
"100996539",1.35213413631844
"84364",1.3518504506208
"55733",1.35051294487876
"3643",1.35030607687194
"100128664",1.34915560215096
"100271647",1.34880719572538
"4123",1.34858731197306
"401957",1.34839947028723
"342125",1.34776395846592
"28991",1.34770491877533
"105369588",1.34729527476744
"56344",1.34579354858909
"3658",1.34535775405795
"386597",1.34529810269552
"2051",1.34457735346908
"102723566",1.34435421219463
"55196",1.34351213701173
"54991",1.34348137022831
"124152",1.34316903647798
"102800314",1.34298342246652
"6668",1.34266413342276
"100422737",1.34231633042013
"101927870",1.34213109520197
"85236",1.34176203566552
"285600",1.34077243890153
"101929829",1.34008239779718
"5130",1.33982107794474
"85377",1.33929140555085
"79778",1.33909031286874
"84869",1.33839365866986
"57826",1.33630511734519
"253018",1.33549817226657
"392214",1.3351801893302
"84922",1.33460022195159
"267002",1.33353614149661
"2172",1.3329666024376
"80014",1.33270072838824
"157697",1.33227948821774
"135458",1.33223685879139
"100287361",1.33214672011733
"7087",1.33206089193684
"441027",1.33196550716438
"157627",1.33186795618528
"23076",1.33152283591298
"79065",1.33137919650455
"54886",1.33129272800708
"400748",1.33088503731807
"5887",1.33023312734069
"491",1.33023215484277
"6505",1.32896923761145
"201161",1.32869329971526
"647946",1.32841455851405
"54814",1.32829196757554
"339105",1.32806600741636
"100506571",1.32775066744858
"124904619",1.32768443582283
"100506804",1.3275058568744
"8681",1.32686574530495
"10505",1.32684012182771
"153579",1.32601368270129
"121274",1.32601237369288
"83538",1.32550034190808
"284467",1.32463769980818
"404665",1.32432266513086
"7389",1.32393697354297
"252983",1.32392667989594
"64837",1.32299599244828
"118433",1.32277845910603
"4617",1.32205085994047
"153769",1.32152557897031
"442157",1.32067718124056
"124900893",1.32024037862749
"166793",1.31966181227746
"100130676",1.31899049211928
"139322",1.31847883956158
"2584",1.31803190740868
"340419",1.3179913241756
"441151",1.31735138012804
"84440",1.31714274694452
"84560",1.31702964850621
"3060",1.31675045237851
"8786",1.31593118767514
"101928136",1.31583402284067
"101929095",1.31352323903374
"57467",1.31349861410099
"23420",1.3129464115767
"101929176",1.31246859069344
"9430",1.31169727367462
"100419894",1.31164781917686
"23203",1.31042819293616
"28661",1.31037932361621
"51155",1.31004799353054
"147645",1.3094329786816
"100506888",1.30879870946345
"6628",1.30876899410099
"79798",1.30836282028231
"100996590",1.3077269544183
"692209",1.30739440460182
"124906119",1.30417548838434
"55666",1.30187972285082
"50613",1.30186644802643
"124902453",1.30160227818688
"11098",1.30159790424199
"350383",1.30017778890034
"55243",1.29953415811991
"729991",1.29949689912469
"101927468",1.29932090187353
"728737",1.29924044403128
"7296",1.29919314877892
"693146",1.29869491606709
"378949",1.29846165352422
"1104",1.29835853822722
"51115",1.29792295957248
"346171",1.29676205758294
"9258",1.29526381761064
"729962",1.29493748319606
"3911",1.29480584419914
"340745",1.29459903028151
"22906",1.29456748129447
"79058",1.29433425103525
"406983",1.29419378075141
"8482",1.2941806847024
"128209",1.29412737676447
"105372668",1.29334238389839
"729909",1.29323532056846
"9047",1.29312308113121
"203245",1.29302914344363
"221060",1.29188512201147
"100127917",1.29166990778147
"63970",1.29032827563055
"145438",1.28977466412583
"100507537",1.28918939658903
"86614",1.2889356449301
"343472",1.28851615470045
"283576",1.28675222093102
"1500",1.28598655642985
"101060498",1.28398972388377
"9282",1.28334238391301
"55728",1.28326549907009
"255738",1.28287868727429
"11044",1.28273192451982
"105374105",1.28248180067009
"26585",1.2813009682128
"10903",1.28129915768932
"387715",1.28103378821155
"7916",1.28092368029042
"101927193",1.28071311209817
"102724312",1.2801538707237
"728730",1.27996479945142
"4035",1.27985993049316
"285848",1.2791965071534
"1435",1.27904942321417
"91584",1.2788313254233
"118568819",1.27822485485371
"8881",1.27815717604413
"8291",1.27734441863171
"57546",1.27709404313587
"25920",1.27691047616295
"56894",1.27658436619555
"90859",1.2765668314015
"3973",1.27656480917533
"646892",1.27559854801821
"9382",1.27517395044531
"100132036",1.27488689226918
"283",1.27488498452969
"404201",1.27462008994155
"128486",1.27436256021366
"63946",1.27347158323963
"376132",1.27278669733384
"84328",1.27278409164956
"105372185",1.2724898431524
"10720",1.27235832724646
"285800",1.27218016308409
"9616",1.27206420035202
"5948",1.272042377927
"654463",1.27134574029133
"54960",1.27093285636198
"7627",1.2705081562187
"27445",1.27050751001804
"677773",1.27050747603005
"2670",1.27048343211972
"101928227",1.27015561827983
"7137",1.26988886763478
"26873",1.26975408409155
"100271447",1.26946305596032
"105379350",1.26919029547152
"23293",1.26819894270465
"23096",1.26797567571486
"9789",1.2673315495152
"100132268",1.26687388483879
"2878",1.26651610642192
"100874006",1.26592306647552
"2564",1.26497649468474
"25879",1.26456049620898
"2703",1.26455982649701
"150248",1.26411735380079
"2000",1.26396050112764
"152",1.2638781364991
"105372440",1.26374612417468
"23528",1.26356820140116
"89958",1.26204218629034
"100129694",1.26192905477446
"79002",1.26073207629546
"9296",1.26046695059341
"4010",1.26026191916609
"3008",1.26001108150461
"27039",1.25948593716451
"201254",1.25924738418
"100505967",1.25918174205573
"101929623",1.25880702999915
"245711",1.25741689454649
"1665",1.25650364745214
"100127938",1.25623126687202
"201617",1.25516642330858
"80117",1.25509604791249
"1737",1.25499223919908
"8379",1.2547674884387
"131831",1.25464746928867
"286101",1.25435772339394
"3107",1.25435539715621
"219873",1.25410098703527
"51352",1.25343581294073
"9209",1.25338347046381
"389404",1.25334439573101
"55844",1.25312866478019
"55593",1.25296821380232
"83733",1.25285535670047
"60526",1.2526577626546
"100505854",1.25263550950479
"3481",1.25247080406921
"7857",1.2516751053487
"26869",1.25106861060783
"158830",1.24988031174186
"57616",1.24794499349514
"26011",1.24758695476659
"4142",1.24725333794157
"115950",1.2472041151843
"79960",1.24701549532418
"201305",1.24613210500836
"4681",1.24449693603629
"9001",1.2442359641883
"54908",1.24335750083808
"9708",1.24308264158119
"79891",1.24307951413358
"79905",1.24241656866387
"387882",1.24221503351919
"100506013",1.24172440998804
"388630",1.24171878537715
"10411",1.24063050772597
"6635",1.24063035552597
"100132308",1.23958886817735
"995",1.23920037919595
"54467",1.23902478740358
"257236",1.23897943678987
"199800",1.23875574943699
"6228",1.23847674320253
"55821",1.23831958310765
"63910",1.23813507468375
"11006",1.23780168051986
"100128237",1.23748666512603
"22982",1.23701564137584
"599",1.23656470462736
"4242",1.23653350482393
"168330",1.23629215283016
"121232375",1.23607458426944
"146540",1.23607103746411
"151254",1.23588762200302
"641518",1.23475438506997
"10322",1.23465374711457
"4629",1.23419624584801
"55510",1.23325473686758
"84066",1.23206838867683
"118813",1.23204863537221
"442237",1.23102486747313
"53405",1.23100251116721
"5602",1.23055479996411
"4064",1.23026749647037
"101927511",1.22953385878011
"693219",1.22951104399337
"843",1.22909213920529
"55640",1.22909189070966
"518",1.22909098381383
"8658",1.22909052592034
"100191040",1.2287115564764
"93611",1.22772710494088
"100131244",1.22771477455798
"147841",1.22756561881996
"101928450",1.22738251086597
"645443",1.2266034154935
"100505664",1.22656530293214
"55596",1.22642320253568
"4670",1.22490201833952
"4745",1.22461770196514
"84033",1.22390875596677
"210",1.22383278173182
"100505812",1.22352281422684
"149461",1.22135096614921
"10242",1.22050603111068
"105751187",1.22032929185769
"26815",1.21983256792849
"128770",1.21923328649018
"26238",1.21836896839701
"5069",1.21811323100067
"374403",1.21785746346573
"50649",1.2178285094963
"1870",1.21668133546312
"4968",1.21587021228462
"10057",1.21570846461935
"4939",1.21556187276506
"57379",1.21506520552286
"100421094",1.21450836724589
"56987",1.21450829218501
"2745",1.21450818118626
"107984643",1.21450814052931
"729359",1.21450798675198
"10777",1.21450788321811
"80745",1.21450780311784
"9844",1.21450765121124
"25854",1.21450764308558
"101410535",1.21450756709902
"338811",1.21450756315681
"100532746",1.21450728223935
"100128398",1.21450726913387
"55353",1.2145071321576
"348825",1.21450711086563
"388335",1.21450708800935
"388969",1.21450708005977
"54165",1.21450706577587
"150280",1.21450703612149
"5208",1.21450697030003
"84343",1.21450676302253
"26273",1.21450665376023
"4154",1.21450651549149
"7633",1.21450648467651
"526",1.21450648019272
"100506930",1.2145064418469
"63826",1.21450634343938
"100271500",1.21450630041174
"101929595",1.21450628122253
"692073",1.21450625454249
"55167",1.214506200759
"105376520",1.21450618393772
"91647",1.21450617574336
"989",1.21450617171373
"25976",1.21450607064047
"57228",1.21450587478095
"151887",1.21450556023614
"28426",1.21450517395476
"693163",1.2143023394577
"91752",1.21195447815712
"8566",1.21121626021774
"102465534",1.21008378859229
"375341",1.20993820576731
"101929690",1.20839107906338
"29118",1.20800945610938
"51433",1.20789564326932
"100271404",1.20752055756461
"85007",1.2073555797659
"727857",1.20598594779194
"80020",1.20538089872346
"9831",1.20497763366984
"1442",1.20417992164922
"106480975",1.20370678626043
"10424",1.20272470489417
"388588",1.20268852342255
"100271076",1.20266284565365
"101927884",1.2020731849871
"338773",1.20191379045088
"2558",1.20182761249425
"28372",1.20152695622197
"100505975",1.20091966827051
"348980",1.20027835772632
"23768",1.20008758364715
"57655",1.19992404632304
"100421424",1.19864669853839
"9839",1.19792269050344
"100420501",1.19788602353903
"79830",1.19767774381689
"442087",1.1970097478604
"7022",1.19529488762912
"118426",1.19517047456258
"25891",1.19390563587109
"8823",1.19324426676731
"374470",1.19303497501301
"346007",1.19296820777097
"23232",1.19285088234259
"401264",1.19258603781743
"84317",1.18999561914796
"4744",1.18996655300848
"388699",1.18900493901147
"105373429",1.18887174642456
"2946",1.1886850491722
"100131827",1.18868467681189
"5510",1.18868464340173
"5547",1.18868423667961
"54490",1.18868419861919
"84072",1.18868410132686
"23512",1.1886838146946
"51054",1.18868380251057
"146057",1.1886837241567
"49855",1.18868371060837
"8661",1.18868367521186
"8869",1.18868360240999
"27289",1.18868357135923
"124905413",1.18868356903792
"645441",1.18868350963775
"388474",1.18868347428734
"284",1.18868346261596
"23089",1.1886833500159
"124905312",1.18868330957632
"80314",1.18868326118602
"710",1.1886832608287
"56886",1.18868325238743
"26228",1.18868323268188
"56114",1.18868317802395
"2690",1.1886831775302
"51555",1.18868317259917
"10714",1.18868317061221
"23389",1.18868316465554
"388633",1.18868315829706
"4077",1.18868314945523
"29988",1.18868314827666
"442572",1.18868304759177
"22926",1.18868300224406
"28813",1.18868295920215
"2907",1.18868295573995
"29765",1.18868287653545
"220064",1.18868286768854
"100130550",1.18868281084504
"2719",1.18868278514275
"8082",1.18868278159529
"9525",1.188682771553
"2632",1.18868265884616
"100996485",1.1886826363202
"8420",1.18868257976045
"55971",1.18868255352733
"57117",1.1886825230098
"6783",1.18868252239844
"28434",1.18868250265364
"374618",1.18868248881651
"152815",1.18868248434246
"402694",1.18868246232444
"54576",1.18868245576929
"3612",1.18868243108932
"10746",1.18868241202521
"2702",1.18868240987365
"5320",1.18868235790819
"728558",1.18868232804949
"167691",1.18868230985778
"158405",1.18868230800765
"53831",1.18868230089561
"8796",1.18868228568645
"26260",1.18868228425737
"25934",1.18868220819841
"10000",1.18868219902392
"1043",1.18868218606074
"9559",1.18868213246545
"56977",1.18868210403575
"65263",1.18868206907735
"549",1.18868201642849
"23328",1.18868200453191
"1477",1.18868194552944
"29071",1.18868188453287
"582",1.1886818299034
"140460",1.18868174037052
"27010",1.18868173530796
"6670",1.18868171148749
"79170",1.1886817078246
"106478982",1.18868167851208
"5688",1.18868152664952
"5268",1.188681516205
"3356",1.1886813359319
"646483",1.18868131779587
"6207",1.18868126827362
"1836",1.18868117016939
"26255",1.18868099865172
"170548",1.18868059471244
"161406",1.1886805643173
"60412",1.1886805389344
"102724642",1.18868038815182
"56998",1.18854380335007
"5768",1.18602137394123
"389549",1.18585201370727
"132320",1.18573788703612
"653404",1.1856434699495
"5945",1.18501863507931
"25874",1.18420770635624
"692093",1.18420544055392
"84969",1.1835007924884
"441631",1.18259760920328
"120376",1.18176485695921
"124905134",1.18092899758871
"134637",1.18090990835981
"28470",1.18083113820967
"101928858",1.18050759425407
"2917",1.18035142023767
"337876",1.18014077853284
"112268208",1.1795252028107
"79183",1.17920394285121
"284067",1.17901595272446
"124904772",1.17892531674178
"1846",1.17878953617139
"101927993",1.17876001466444
"100507098",1.17850715678365
"4692",1.17819084481054
"128266842",1.17659879042648
"100037417",1.17609890784707
"102724826",1.17581348150821
"140885",1.17578349595427
"2565",1.17469138228388
"4357",1.1742672515927
"391191",1.17424174837117
"79998",1.17414448637509
"106481258",1.17412327339802
"8778",1.17361648660257
"51294",1.17347319891424
"106480346",1.1732919810069
"10699",1.17327831857068
"441058",1.17177421110942
"122618",1.17144226990047
"6103",1.17089308012367
"2139",1.17025014559018
"102723099",1.16998360099731
"56898",1.16962015906677
"202915",1.16948746447867
"100271286",1.16768675769774
"126069",1.1676693035035
"4012",1.16709833838252
"107986266",1.16696961911918
"105375199",1.1667065207405
"81697",1.16606475604145
"414761",1.16558859311689
"100271179",1.16540252103467
"23538",1.16520507909817
"147945",1.16490835848726
"728753",1.16416080525756
"222663",1.16386574139719
"199713",1.16325975773715
"4499",1.16325903299552
"6400",1.16325876472177
"3792",1.16325866978123
"9175",1.16325857820984
"5627",1.16325852676263
"1201",1.16325851417195
"5816",1.16325846561525
"28680",1.16325835149709
"100132929",1.16325820630805
"101928215",1.1632581768425
"51090",1.16325816388048
"8195",1.1632581256755
"56",1.16325808180817
"79703",1.16325798877536
"105374088",1.1632579415547
"134145",1.16325790838757
"23424",1.16325787353915
"29099",1.1632578674905
"102724907",1.16325786124052
"2222",1.16325781702843
"83640",1.16325774962917
"4232",1.16325761473758
"677794",1.16325757155747
"22832",1.16325756782423
"28883",1.16325752707683
"3065",1.16325750509062
"10942",1.16325749909457
"23033",1.1632574070448
"728407",1.16325738133333
"100874511",1.16325733333608
"1020",1.16325728859842
"375743",1.16325727264187
"91942",1.16325723634089
"915",1.16325722168545
"1827",1.16325712794214
"55531",1.16325708368281
"100508120",1.16325698524502
"2770",1.16325698362644
"400",1.16325697996434
"22859",1.16325697403996
"7264",1.1632569698811
"134359",1.16325696220995
"7752",1.16325694501287
"101927646",1.16325693462519
"414196",1.16325692117359
"8123",1.16325691969593
"83942",1.1632569140687
"195827",1.16325684012316
"130502",1.16325680235474
"23563",1.16325679126172
"27145",1.16325676234955
"102724023",1.16325675946959
"1368",1.16325675805996
"9557",1.16325668477969
"677772",1.16325668239291
"124905564",1.16325658909433
"132141",1.16325655773267
"7031",1.16325654136383
"100132678",1.16325650930208
"9475",1.16325645825418
"6559",1.16325644505362
"26040",1.16325638186097
"2595",1.1632563756873
"51203",1.16325628866333
"8665",1.16325626080579
"30968",1.16325618278313
"8667",1.16325610043443
"677796",1.16325607492507
"79801",1.16325594931022
"2151",1.16325587068449
"2947",1.16325585617649
"84135",1.16325568967703
"389741",1.16325568357238
"7276",1.16325517259717
"8208",1.16325515667792
"64432",1.16325491497835
"26762",1.16325480920839
"4852",1.16325479470175
"1578",1.16325401456551
"83758",1.16310605945216
"84435",1.16265070830741
"105375259",1.16263926536773
"392100",1.16259105485798
"10627",1.16229387756139
"22941",1.16225692117414
"84273",1.16158454488882
"116983",1.16132763986045
"57168",1.16130014750293
"735",1.16096823739555
"56704",1.16090968911843
"391827",1.16031176587766
"158572",1.15989059640304
"51124",1.15989011868111
"30834",1.15986576686401
"144347",1.15849435884908
"23516",1.15826491843369
"134187",1.15706485102866
"123811",1.1564884730367
"100506581",1.15613812366491
"100302221",1.1560965207976
"106479339",1.15558742566706
"126119",1.15548657738088
"58529",1.15526586678512
"643709",1.15353095735529
"101928238",1.15270095281942
"105374464",1.15265441187711
"64744",1.15238318486686
"101927423",1.15230533565956
"441518",1.15204061852747
"128506",1.15203000768853
"775",1.15063779126989
"8704",1.1495795883589
"255426",1.14948838043404
"105377555",1.14902451463786
"6649",1.14900679629274
"100874440",1.14839590657584
"3635",1.14808499177706
"3713",1.14808494843274
"23054",1.14697758252786
"84940",1.14623736728565
"9122",1.14363398102047
"105376131",1.14356303417432
"101929243",1.14333662601996
"101928099",1.14325179416911
"114794",1.14287251302464
"374887",1.14274968360525
"53905",1.1424575282158
"883",1.14224431551435
"440040",1.14124607646424
"10013",1.1410755450289
"4209",1.14089948309547
"140690",1.13998133538848
"83638",1.13996083472413
"723809",1.13611115415677
"100133123",1.13552365524939
"7045",1.13504066666052
"7201",1.13502099975749
"677846",1.13420938720672
"390601",1.13391191952817
"26832",1.13349673494148
"101927505",1.13295998465527
"390110",1.13222882526171
"171586",1.13190703898304
"55198",1.13190480221337
"193629",1.13108305894537
"100500872",1.13104849674183
"105379051",1.13055619088021
"103724390",1.13049748153339
"343",1.13043123295983
"169792",1.13005931032903
"57121",1.12993418303531
"574434",1.12989500979523
"8688",1.12944542224488
"55851",1.12934376606906
"642635",1.12933236445374
"83879",1.12884034776111
"84062",1.12766090961281
"55080",1.12753405040331
"256021",1.12703762010572
"339669",1.12654989002528
"6161",1.12581338407171
"78994",1.12560755878661
"119587",1.125456520607
"3339",1.1254564312759
"100302142",1.12530335760051
"138429",1.12380699733537
"55317",1.12350077415892
"8924",1.12345539785908
"653381",1.12340973008429
"3351",1.1233625786562
"9805",1.12294288613049
"9875",1.1223832826568
"51133",1.1216019850828
"221035",1.12136787971797
"338667",1.12032545942777
"348235",1.12026492598482
"23307",1.12026206987171
"728484",1.12021766332707
"129807",1.11916888524919
"124902803",1.1177228558404
"79935",1.11755185831158
"654429",1.11701090010966
"101927207",1.11626665892485
"55612",1.11511562163497
"353131",1.11504377436086
"23247",1.11434432301402
"7057",1.11356714776764
"374383",1.11314240243375
"389199",1.11218920718687
"6621",1.11091866814589
"4622",1.11086657563037
"107984262",1.11024999119334
"3297",1.10953157645311
"8996",1.10912796768957
"319101",1.10896282764166
"142684",1.10834795725973
"401537",1.10787740495596
"23519",1.10779999719037
"100996350",1.10691355699817
"106479421",1.10627372169133
"11036",1.10566496830153
"84315",1.10502821643799
"144717",1.10486649975259
"8993",1.10423121146763
"54514",1.10421354815707
"401014",1.10387295862099
"85388",1.10387223311532
"284695",1.10375365590653
"54045",1.10332289473116
"8816",1.10270585171361
"100421807",1.102275757242
"389119",1.10169121397412
"284325",1.10077914788164
"54461",1.10051704086466
"143282",1.10005766064446
"100287015",1.09971088604036
"4978",1.0993417503912
"92747",1.098826708415
"730747",1.09765409486639
"90441",1.09706006842179
"105371640",1.09685246805639
"158376",1.09676636149131
"92340",1.09598087176542
"406929",1.095675909754
"90933",1.09440537084566
"26188",1.09382754222654
"5903",1.09382652735168
"79852",1.09366467034298
"152940",1.09343878479435
"84109",1.09202379376888
"101927726",1.09177616604352
"643037",1.0913145623889
"26580",1.09107121047545
"3705",1.09070230308996
"729257",1.08984152667437
"64708",1.08954489589526
"91319",1.08908653430172
"6561",1.08890767737579
"27306",1.08797263600069
"29929",1.0877452760394
"100131832",1.08708759750079
"100750225",1.08617623935034
"79334",1.08607524950506
"100270908",1.08482965628856
"147700",1.08476921471721
"10422",1.084118430923
"388407",1.08396038653463
"2591",1.08382040580442
"147744",1.08338742584093
"106479309",1.08327600652754
"130932198",1.08327538427628
"23558",1.08295813736773
"26231",1.08260764489758
"100505912",1.08221746670978
"101928137",1.08162866262181
"574016",1.0814816368807
"440335",1.08078565779644
"105369691",1.08057932625115
"79913",1.08051966741949
"2321",1.07897022880563
"84101",1.07869544675197
"147727",1.07842442253785
"26030",1.07832100870431
"165186",1.07812972372188
"105372984",1.07732416524077
"28709",1.07697804195873
"7132",1.07676140962263
"100862675",1.07675437388997
"55362",1.0766848574158
"100423041",1.07591469495155
"100033442",1.07545928077479
"101927322",1.07508819864185
"2822",1.07506227256846
"977",1.07439013543508
"51024",1.07402622140096
"344978",1.07374963406416
"147138",1.0735220277947
"375061",1.07301831802992
"100131533",1.07101337521453
"100271175",1.07053882924979
"613126",1.07014873725339
"91409",1.06966291676193
"25927",1.06944745722328
"105374338",1.06908874403776
"100270968",1.06877071526203
"440346",1.06832495464083
"677784",1.06829821338878
"2571",1.06808765586965
"54827",1.0677281868107
"56245",1.06771639887299
"3938",1.06768272306899
"5532",1.06688335753971
"402381",1.06565777711918
"100302692",1.06560584903005
"282618",1.06548999943354
"107984536",1.06543978042198
"26810",1.06500245707662
"389831",1.0649901413876
"51149",1.06457256863635
"5912",1.06455985922275
"10296",1.06451749249158
"80851",1.06444634402097
"102724701",1.06437592427797
"3992",1.06211157386422
"3918",1.06166193929656
"677803",1.06150252950573
"2691",1.06099345074857
"127460871",1.06041049200502
"4695",1.0600761007297
"100131785",1.05976533365974
"643401",1.05826928206765
"54606",1.05809060332632
"100271498",1.05779406814551
"9046",1.05776363144325
"4193",1.05767883802329
"9865",1.05716112646113
"246210",1.05706267424902
"51166",1.05704967008026
"3455",1.05656661777723
"1288",1.05565939655426
"388015",1.05512485638759
"92595",1.05490656843443
"56063",1.05351892666317
"348120",1.05291786021246
"105370532",1.05274446051478
"203054",1.05249295526775
"10454",1.0510209702915
"23060",1.04996566293118
"2693",1.04992992064384
"29113",1.04901215858319
"100271017",1.04849293069362
"55667",1.04847588920522
"5196",1.04841831778359
"92745",1.04813324258854
"677850",1.04805292499445
"100033449",1.04742756770085
"10591",1.04740734123433
"166815",1.04641948527273
"767846",1.04504161022332
"102724297",1.04448502766392
"3817",1.0443079792856
"7484",1.04333837813059
"220359",1.04308923410139
"2491",1.04142679500245
"105370308",1.04079702938522
"286453",1.04004085896795
"120356740",1.03967687113691
"51019",1.03967592141575
"55501",1.03967553762727
"646424",1.03967527824457
"25885",1.03967522654649
"7266",1.03967507374144
"4678",1.03967505551925
"283104",1.03967488800849
"23648",1.03967474045067
"388579",1.03967461920974
"1738",1.03967457853047
"91754",1.03967442771976
"4246",1.03967442377092
"79591",1.03967441883808
"5714",1.03967434533839
"7032",1.03967434519294
"54946",1.03967434290142
"23609",1.0396743344861
"124045",1.03967426530068
"143425",1.0396740982913
"28428",1.03967403973154
"255928",1.03967397239386
"2762",1.03967383930643
"643617",1.03967382975192
"60313",1.03967379478555
"1874",1.03967341402598
"9841",1.03967341253574
"92359",1.03967339425364
"81790",1.03967336450578
"30845",1.03967252219469
"9682",1.03967228676108
"100131551",1.03967215340464
"55505",1.03957706181756
"105374736",1.03910637351283
"5172",1.03874535775558
"26816",1.03873553226964
"124905716",1.0386315698578
"100421729",1.03778706536939
"282775",1.03771704833711
"101927571",1.03766392650231
"105371423",1.03660193340981
"84267",1.03591208194682
"102724550",1.03577336403809
"1646",1.03534369019104
"728311",1.0350458539368
"6829",1.03488573300763
"55160",1.03451064206052
"3802",1.03437498826892
"100270954",1.03422752160039
"79039",1.03339395522297
"84984",1.0331780340615
"2077",1.03312719046474
"494470",1.03232736534575
"387820",1.0321038384501
"642658",1.03160785356204
"84067",1.03012510767144
"388135",1.03007279165428
"100309464",1.02915867431687
"400696",1.02874168346901
"254973",1.0279268673525
"100996455",1.02792417008227
"441056",1.02695934904084
"1747",1.02658042278291
"106480799",1.02652264043585
"9947",1.02615095118224
"83985",1.02519560333699
"7290",1.02503510435727
"284207",1.02495273585546
"5104",1.02476504812416
"100302275",1.02434747087189
"50512",1.02357931490386
"157807",1.02270044263308
"115482704",1.02147001599067
"6876",1.02138757491703
"168975",1.0206434442929
"10238",1.02011575882684
"101927171",1.02008723206693
"10948",1.01987318927817
"54700",1.01956293342246
"3467",1.01911812305406
"207107",1.01894920359067
"1211",1.01882885707204
"112268317",1.01862639984724
"353512",1.01798296652407
"6480",1.01701249064335
"256949",1.01697756780872
"8703",1.01697687928942
"81533",1.01697675966567
"118611",1.01697673971125
"1175",1.0169766479955
"84733",1.01697656756752
"7223",1.01697643816817
"7932",1.01697635291374
"100270998",1.01697628483584
"23013",1.01697574944018
"10380",1.01697544542852
"23012",1.01697532510889
"10089",1.01697510080458
"60492",1.01697507205836
"4358",1.01697497514856
"100873894",1.01697478488926
"3514",1.01697476735731
"546",1.01697461734621
"8153",1.01697452655296
"55889",1.01697438516114
"285755",1.01697406458872
"90025",1.01697403317605
"8488",1.01697399544996
"120766149",1.0169737490688
"80108",1.01697365866767
"120356739",1.01697344133957
"114088",1.01697335808592
"23546",1.01697237767945
"57617",1.01581723546209
"115353",1.01539232846584
"65244",1.0153747615084
"9645",1.01419415926466
"3308",1.01390945655938
"80789",1.01292164162322
"54903",1.01283758968935
"25873",1.01159396493776
"124903519",1.0111556489959
"124900372",1.01090830797691
"100420030",1.01073022111369
"9413",1.0100132281617
"128136",1.00942073813826
"6252",1.00886271346366
"101927619",1.00861648327948
"80122",1.00845283858435
"439927",1.00832581463693
"100126329",1.0080750379744
"79805",1.00734903934464
"79903",1.00732690888382
"10406",1.0073263486369
"891",1.00732605514572
"1837",1.00732599886255
"5830",1.00732590893979
"28711",1.00732573781262
"105376177",1.00732571440816
"100418937",1.00732545716556
"56302",1.0073253996949
"6703",1.00732525586009
"101927597",1.00732518389163
"403341",1.00732508448712
"4897",1.00732502598145
"341359",1.00732489110338
"23258",1.00732482708387
"24138",1.00732473008204
"1915",1.00732452690236
"10963",1.00732451435446
"7763",1.00732435845489
"55604",1.00732434028082
"101926943",1.00732433942229
"101927957",1.00732428376772
"28581",1.00732424915971
"80350",1.00732424052364
"84681",1.00732404014563
"3010",1.00732386855142
"81465",1.00732355151889
"375748",1.00732345350324
"220070",1.00732337377572
"55166",1.00732322750177
"114907",1.00732207472494
"22992",1.00657540234489
"51619",1.00646165173262
"170680",1.00607723474301
"127460883",1.00430667524867
"10047",1.00428314192931
"887",1.00357292774035
"153218",1.00290071450442
"641977",1.00289091785724
"4691",1.00288982194747
"54537",1.00236990719176
"55130",1.00236438853943
"386593",1.00235631305634
"342184",1.00231483735012
"2352",1.00120970060779
"26093",1.00080113617434
"7450",1.00057329725508
"28656",1.00038240556473
"360183",1.00012497174959
"65268",1.00011450059414
"100288695",0.999737359610192
"202151",0.999507128681021
"121506",0.999402590225813
"9213",0.999399639880921
"5598",0.998951773598422
"80230",0.997908773584994
"9242",0.996015659586028
"79784",0.995839420013088
"127068",0.995748314747341
"105371049",0.99543635475072
"100422627",0.995379622554746
"9448",0.99532494405301
"144360",0.995144485234385
"100506068",0.994633146371538
"101927769",0.994581217974354
"100419996",0.994580654676117
"53630",0.994580429481876
"162993",0.994580395050977
"4210",0.99458019083102
"338323",0.994579794219998
"92521",0.994579750259936
"22948",0.994579578115421
"81175",0.994579463932747
"100130581",0.99457937552157
"677837",0.994579312561786
"9829",0.994579245653946
"26864",0.99457913315085
"105374003",0.994578998984841
"55773",0.994578966866071
"125206",0.99457895596837
"646801",0.994578928201338
"26082",0.994578852070242
"10724",0.994578824244653
"51011",0.994578686343644
"64802",0.994578678917673
"5409",0.994578582463683
"8464",0.994578479990506
"7769",0.994578409953402
"6018",0.99457803439823
"5420",0.994578020939489
"101929270",0.994578006503316
"2631",0.994578002289681
"647135",0.994577916235575
"105377329",0.994577722564762
"5359",0.994577709458302
"63929",0.994577629259873
"2035",0.994577534925762
"84000",0.994577532067998
"25925",0.99457752238423
"91782",0.994577446931292
"5264",0.99457734897118
"120",0.994577311325338
"1387",0.994577235690298
"9960",0.994577230340133
"57135",0.994577035462764
"102723742",0.99457672556751
"643015",0.99457592453465
"51642",0.993925381654054
"401145",0.993859890282274
"23194",0.993432955814946
"4521",0.993407158191617
"100126343",0.993052549919326
"10389",0.993041876134091
"5554",0.993037987067165
"10160",0.992388001199884
"23353",0.9923698349869
"7846",0.992074668379582
"137902",0.991338130641036
"92912",0.991167365574492
"107984505",0.990287339268963
"1938",0.99028301126793
"100131390",0.9898339778785
"152217",0.989410285285795
"105371856",0.988599521418185
"3276",0.987639310918239
"23270",0.987566509888667
"102465521",0.987101314506769
"643723",0.986417302540563
"22913",0.986105362495395
"80975",0.985437043835516
"388152",0.984480210852906
"58528",0.984480118145422
"159",0.984479788789005
"1350",0.984479436104634
"79993",0.984478826044171
"28400",0.984478812932239
"440138",0.98447876839328
"22845",0.984478687016023
"147804",0.984478648735911
"643847",0.984478617184101
"3336",0.98447855434009
"79834",0.984478513519632
"9791",0.984478476144915
"105378944",0.984478470373329
"340533",0.98447843455119
"100423062",0.984478327219874
"81502",0.984478320797616
"84993",0.98447822657848
"55283",0.984478219777614
"729215",0.984478210694807
"23271",0.984478148819221
"8787",0.984478146094682
"3857",0.984478107718398
"5132",0.98447807839184
"11176",0.984478037746297
"171546",0.984478029578067
"100127983",0.984477983693405
"208",0.984477964519506
"545",0.984477962572919
"353088",0.984477909520962
"553115",0.984477871477704
"127379748",0.984477824877066
"51126",0.984477794796044
"7741",0.984477680992539
"2842",0.984477608729656
"55771",0.984477600640916
"116159",0.984477598939378
"100132417",0.984477567652793
"23306",0.98447756425344
"57187",0.984477533468348
"1061",0.984477533172238
"79598",0.984477496638217
"729313",0.984477426737159
"84433",0.984477309770972
"54979",0.984477261944464
"9801",0.984477240115071
"79596",0.984477230051632
"157769",0.984477218088232
"2582",0.98447718922977
"56132",0.984477090383631
"4194",0.984477044023404
"28432",0.984477021490871
"100288203",0.984476931379468
"647201",0.984476917541516
"9541",0.984476873793955
"55623",0.984476568765778
"105373017",0.984476513107997
"100421246",0.984476493662128
"81631",0.984476387877361
"692063",0.984476375251485
"164045",0.984476315661388
"2747",0.984476302420486
"388677",0.984476144567114
"79723",0.984476140414173
"92140",0.984476116084514
"115111",0.984476056601278
"3841",0.984475967476862
"55644",0.984475900838714
"9770",0.984475766819544
"653236",0.984475668699413
"55852",0.984475427614089
"9069",0.98447538451106
"6189",0.984475076014047
"56158",0.984342134050153
"100130446",0.983738732009463
"100505711",0.983223512546734
"54830",0.982957664232766
"3778",0.98282757607476
"1496",0.982251471747203
"29919",0.981687884017397
"645160",0.981575748543936
"102578074",0.981446522143794
"10297",0.980864803868252
"390251",0.980459386113079
"651249",0.979753289800557
"2870",0.979650242590645
"158798",0.979636956682056
"6625",0.978858168917342
"23779",0.978408708988215
"29991",0.978365975303311
"28479",0.977335375607373
"27037",0.976640938782528
"6616",0.975816893821098
"146223",0.974756805647566
"3852",0.974627406729996
"64319",0.973841508020364
"106481839",0.973430013723881
"100874523",0.973422391962773
"1951",0.973256416726645
"107984761",0.972844983486397
"390066",0.972481672156616
"100033417",0.972480543663202
"53340",0.972480359727161
"3846",0.972480214964072
"79659",0.97247989627732
"255403",0.972479845921922
"55236",0.972479747877416
"100506649",0.972479737958642
"640",0.972479550648113
"28416",0.972479312436522
"9317",0.972479276871248
"84866",0.972479267777861
"4256",0.972479145623688
"284391",0.972479124251481
"102723604",0.972479099095923
"390980",0.972479028101922
"28407",0.972478680844432
"92421",0.972478600626542
"647132",0.972478578007646
"221294",0.972478544630877
"23224",0.972478433040718
"28885",0.972478385766742
"100533619",0.972478341248028
"162655",0.972478303625951
"10295",0.972478145362527
"686",0.97247803018056
"7323",0.972477958481068
"64067",0.972477752754416
"684959",0.972477700490792
"283514",0.972477459858529
"79872",0.972477421672758
"123920",0.972476369197668
"222537",0.972342834703607
"389000",0.97187798324284
"8724",0.970932100371868
"106479259",0.970676852085381
"8683",0.970583210155049
"9644",0.968082177963473
"51497",0.967251781116805
"79190",0.967212792493876
"81932",0.966450705720511
"339390",0.966354994328773
"2131",0.965619123216186
"10675",0.964931858324465
"125950",0.964632212139009
"89870",0.964044662339086
"6335",0.963927131058062
"100131229",0.963471666623945
"7295",0.962270760495962
"26257",0.962270382679319
"55313",0.961759997884271
"6199",0.961318327711947
"2205",0.961208256253431
"696",0.960084155628725
"51611",0.959895735182784
"5655",0.959669825649411
"387628",0.958910962104629
"256892",0.958740302745995
"5770",0.958664822327622
"23066",0.958406892127274
"8630",0.957679465077896
"2078",0.957371016318182
"55661",0.957335319216951
"115701",0.957069446441689
"79906",0.956787633270007
"102724208",0.956729390058999
"1825",0.956424155163299
"101927869",0.956129372937938
"85364",0.955844176683053
"728244",0.955420512597398
"166378",0.953860250947836
"151",0.953210745265265
"6945",0.950671761756225
"101927789",0.950670882611343
"283219",0.950670724549122
"9147",0.950670651189968
"92196",0.950670547875665
"728782",0.950670375385459
"255324",0.950670365874071
"26108",0.950670006665057
"105370705",0.950669929178654
"728411",0.950669818734636
"10327",0.95066972627385
"414060",0.950669510454166
"102800317",0.950669415689236
"3551",0.950669395507898
"23517",0.950669348420482
"55750",0.950669219423993
"4820",0.950669213908202
"9923",0.950669117830504
"345895",0.950669032721637
"54097",0.950669007083917
"8301",0.9506689935647
"7373",0.950668956380732
"6182",0.950668933389492
"944",0.950668640937883
"100128252",0.950668621456973
"55025",0.950668511488871
"64332",0.950668155035846
"55753",0.950668145915998
"100271626",0.95066812483769
"57153",0.95066799757394
"7386",0.950667969663061
"154064",0.950667722116188
"9774",0.950667507279007
"11007",0.950663758001645
"4832",0.95001103415518
"102723737",0.949220989167123
"9859",0.948527129559127
"9093",0.947103556584087
"101929072",0.946470761037232
"84310",0.94613243470964
"90407",0.945888710729085
"124902828",0.945860029485473
"58533",0.945766863166849
"100129484",0.945313621041349
"102060282",0.944904111228024
"767600",0.943318057535996
"150244",0.942868409542088
"106480488",0.942608236454759
"3047",0.942591717502792
"88745",0.941361031067973
"51195",0.940773506461262
"285638",0.940358045789278
"724102",0.939959433698967
"1876",0.939904268110705
"100289133",0.939528823828086
"128025",0.938842367587195
"6142",0.938722474572839
"2017",0.938551665733641
"155185",0.937757695418962
"643226",0.937542272007221
"55636",0.937541404712341
"7298",0.937311292039546
"80757",0.936691277072537
"100124541",0.936065434348955
"2208",0.935703111554415
"26751",0.934780325360153
"106481228",0.934394450721543
"440",0.93318127028981
"117531",0.932850813461977
"100289274",0.932528668785658
"124808",0.932509501268824
"6812",0.931400858225302
"341883",0.931250433019913
"338707",0.931102614345922
"9145",0.930732453486166
"407738",0.928454521280729
"28617",0.928272396889595
"105372482",0.927385055701023
"79188",0.927359285953412
"147872",0.927061381839905
"100132949",0.926507289633258
"23314",0.926368797783741
"114336",0.926183224519708
"10073",0.925623003612913
"8038",0.925160208351883
"5439",0.924739690853817
"158452",0.924237559677597
"205564",0.923520586499507
"100507218",0.922682447800616
"10273",0.922606817204664
"2580",0.922550119283332
"56978",0.921746943414253
"122402",0.92161643814056
"399774",0.921430909640338
"101927131",0.921085607439304
"339345",0.921020147035944
"105375405",0.92064002650718
"389073",0.920466448335351
"348180",0.920267568959016
"101929111",0.92013948375297
"80045",0.919863693713397
"57408",0.91937487311502
"196446",0.918907009062056
"170371",0.918760462146692
"728538",0.91873778282104
"64579",0.918510138226231
"387895",0.918462159741972
"124902995",0.918442158303986
"9181",0.918054646733984
"124908099",0.917988749885858
"131973",0.917881320196471
"100422558",0.917690626898885
"107985579",0.917416887868074
"57644",0.916735222321462
"283162",0.91634578038821
"22900",0.916144859494638
"133569",0.915229720199332
"79748",0.914923919258039
"5699",0.914279599454479
"286336",0.914206177729981
"105379191",0.913326542558832
"254295",0.913119942365572
"4055",0.912878635890006
"94005",0.912138822841425
"105369984",0.911924218491324
"100127924",0.9117734381744
"23474",0.91005955254791
"388962",0.908285453786121
"3312",0.907793920692062
"8728",0.907377248218673
"416",0.905979754844584
"105369576",0.905491328610422
"642924",0.904388900852218
"483",0.903465177996289
"84270",0.903462129944984
"338662",0.903284889524471
"100130849",0.902607368722726
"375612",0.901784097261823
"693174",0.901719231405841
"9722",0.901539743604585
"653079",0.901379933701252
"10893",0.900925099276873
"83931",0.899692969925532
"84619",0.899064069768232
"126549",0.89802321599613
"729614",0.89751706175535
"79345",0.896891127571996
"347",0.896884668366438
"154214",0.895948017727695
"4204",0.895510246906054
"7078",0.894877996662044
"102723335",0.894233868177656
"729732",0.893403046487898
"1266",0.892881727778897
"9444",0.892122152973388
"493829",0.892118753660193
"110806298",0.891574090386627
"140733",0.891127973248746
"107133487",0.891094288987887
"284161",0.890891169397343
"10656",0.890312968879725
"124296660",0.890312550043589
"10870",0.889300046808537
"134553",0.888628719536792
"105369980",0.887904019618224
"101926895",0.887530720610925
"128125822",0.887459177480288
"64320",0.887456857879379
"84678",0.887411651346072
"79847",0.887193805358568
"100506834",0.886744593986126
"22865",0.886299871782265
"693231",0.886245795166217
"1052",0.886041106248874
"127665",0.885291488637087
"28763",0.884229132060096
"1314",0.883782232117462
"440311",0.882542928750643
"9124",0.881647060492194
"7177",0.881133517117189
"101060233",0.881066889784929
"8510",0.880618339239765
"3189",0.878575686616149
"50853",0.876668211777494
"8532",0.876404349040907
"10001",0.875334140206896
"390882",0.875163117923331
"643988",0.874848366362179
"101928820",0.874316694905987
"2819",0.874313717470519
"84081",0.874284706223725
"102723932",0.874202423128473
"340596",0.874199610668885
"102724397",0.873412055975884
"4508",0.873274275141501
"26648",0.872836747660315
"79661",0.87171021658422
"163933",0.87160673137134
"3055",0.87138705784235
"140752",0.87131778217713
"9651",0.871309406869421
"9853",0.87067934069821
"9185",0.870305334705939
"109729133",0.87007601132068
"118568803",0.86941940336787
"119548",0.869058507379797
"200407",0.868256302296919
"7419",0.867889551597328
"100128397",0.867551839025487
"5920",0.867202586559466
"106480804",0.866858736092885
"10078",0.865802690307857
"123706542",0.865301875764178
"387775",0.865164917256091
"9781",0.863210731920746
"79689",0.863124773928237
"390660",0.8630270735361
"25937",0.862940787628518
"134548",0.862179263705642
"23621",0.861818373602568
"6913",0.861747609649989
"1366",0.86155822443068
"112268410",0.861031594567326
"2814",0.860819613208746
"101929109",0.860591907537311
"9256",0.860268841905321
"124903677",0.860156162665663
"117584",0.859899893568634
"285708",0.859508074286405
"56928",0.859403049686733
"6497",0.859326412683119
"1299",0.858988969383154
"9341",0.858898697692558
"1550",0.85774795714861
"6482",0.857510969809286
"5100",0.857095120008745
"8335",0.857084053524284
"8733",0.856637628750515
"440021",0.85661686362823
"101927978",0.856451843052886
"158401",0.856357828392169
"220988",0.855856926203268
"1604",0.855661432072032
"9887",0.855661335312003
"23002",0.855660947098051
"8491",0.855660905046423
"54503",0.855660753933739
"10653",0.855660506599731
"4247",0.855660480304548
"29956",0.855660438089866
"10801",0.855660418102397
"284348",0.855660287605659
"100293534",0.855660279112871
"64324",0.855660272651263
"100310812",0.855660259055254
"27292",0.855660103116999
"170503",0.85566005019649
"729079",0.85566001786296
"81892",0.855659959461335
"105375095",0.855659784064926
"54510",0.855659704271689
"83988",0.85565954105191
"24140",0.85565950139164
"84932",0.855659499825096
"103752584",0.855659447125002
"23074",0.855659303079991
"4651",0.855659085181707
"124901363",0.855658980491273
"6726",0.855657978662366
"9134",0.854253547084027
"100422441",0.853418525565249
"767579",0.852810063668983
"100418781",0.852784066751215
"7301",0.852740301630567
"678",0.852699557394852
"100421137",0.852406584546436
"149466",0.851162592721752
"28471",0.851102633985058
"55228",0.850245744622811
"6522",0.849693193599928
"100287177",0.849347619564633
"440017",0.848451299600235
"9398",0.848294041782586
"8711",0.848292106988314
"348327",0.847815427925595
"8666",0.847420679421031
"339145",0.847257863228797
"2018",0.846807033355202
"105377523",0.846126102316327
"9779",0.845268136765287
"23559",0.844852356669601
"283547",0.844531573661393
"100130497",0.84445314051923
"9058",0.84409418711839
"1347",0.844030830373852
"2107",0.844030681821387
"4633",0.844029859455503
"4771",0.843874427706834
"109",0.843126977782816
"29095",0.84229829306101
"128366",0.841875284453496
"94",0.839957803029615
"162073",0.839070779524532
"390445",0.838965474174969
"8906",0.838153746925851
"23212",0.838095952628541
"26637",0.837784387415823
"3283",0.837195641942512
"347442",0.836573885336549
"1014",0.835513270439028
"130367",0.835458872098054
"135932",0.835449103168372
"6527",0.835271141724449
"100422398",0.835269727041542
"55582",0.835269535121839
"25962",0.835269478008046
"374969",0.835269442902048
"492311",0.835269295484813
"122553",0.835269186705262
"29079",0.835269096374545
"7982",0.835269082212121
"27316",0.835269045730954
"163590",0.835269040412019
"100507607",0.835269024171872
"352887",0.835269017644453
"26073",0.835269006855203
"11171",0.835269006083337
"8495",0.835268890318408
"51035",0.835268791117974
"388",0.835268778730605
"55790",0.835268736419086
"100287520",0.835268623701089
"57514",0.83526858828928
"139065",0.835268495952973
"2535",0.83526847509328
"641654",0.835268312642493
"7562",0.835268221445883
"3500",0.835268046903222
"51118",0.835267894661831
"4140",0.835267845845169
"440073",0.835267739609314
"6594",0.835267720502146
"7597",0.835267710854271
"401124",0.835267446168678
"100418819",0.835267103280667
"64800",0.835266733066735
"3861",0.833824541945948
"54221",0.833364007716796
"28716",0.833276198721066
"8431",0.832213540861388
"55776",0.832194717029374
"648",0.831212171707533
"118987",0.831211213368754
"3883",0.831006850960989
"25841",0.830837548727645
"26735",0.830064540281245
"653188",0.829341328390101
"100500863",0.829036508789391
"163154",0.828283500075875
"2355",0.82766724171073
"84058",0.827518030638296
"133790",0.82663747239228
"100129669",0.826035290273299
"389435",0.825725561262704
"102724316",0.825314608165137
"169355",0.825079649250232
"111082977",0.82507187089306
"10612",0.824639533410002
"163183",0.824221749368288
"259",0.824056916451176
"390183",0.823727642045073
"390067",0.82272947273956
"8341",0.822551299556082
"2778",0.822551042051325
"83693",0.822551037263348
"404672",0.822550912196603
"10920",0.82255083210717
"5001",0.82255064025665
"6233",0.82255048275086
"10959",0.822550389891129
"6979",0.822550138743301
"3849",0.8225500362391
"9627",0.822549965978458
"51454",0.822549885990909
"8499",0.822549843419992
"404266",0.822549802745499
"162972",0.822549593261666
"7273",0.822549529374076
"5693",0.822549408251401
"140838",0.822549399795609
"6821",0.82254925077549
"140458",0.822549137515502
"51097",0.822549042302472
"285855",0.822549009431017
"3376",0.822548970524537
"114044",0.822548949635845
"102724497",0.822548933460021
"400506",0.822548849985469
"102724862",0.822548849381175
"29081",0.822548829125934
"100286844",0.822548793015346
"654231",0.822548785977948
"952",0.822548681171056
"50617",0.822548619705622
"349075",0.822548567839756
"100130717",0.82254853891191
"7172",0.822548513369037
"79085",0.822548452770766
"140660",0.8225483685489
"84912",0.822548308887874
"91316",0.82254830345893
"5213",0.822548291253335
"780",0.822548115767704
"55205",0.822548107925247
"24137",0.822548050925569
"105374363",0.822547860812615
"148545",0.822547650410998
"693201",0.822547417702296
"23344",0.822547075636365
"400657",0.82144543473471
"57473",0.821308889537831
"390928",0.821168797108423
"6134",0.820967564947
"220441",0.820862075945497
"150684",0.820343890065455
"91860",0.819326491605529
"341405",0.819166026188241
"101928478",0.818596735266468
"642935",0.818285930676678
"100130111",0.817462144321642
"11338",0.817445420216338
"89766",0.817336239969568
"100873942",0.817164985647278
"705",0.816552532179029
"105376020",0.81654177479876
"10117",0.816514790298817
"400735",0.816290643416134
"57132",0.816134632892716
"100271520",0.815486506273097
"4619",0.815471061671563
"92483",0.81513424664562
"1389",0.815133558402378
"1824",0.815133394842569
"5376",0.815133359875509
"4680",0.815133079638287
"128218",0.815133023244469
"283130",0.8151329960715
"3066",0.815132907727847
"11177",0.815132841397526
"285386",0.815132647144568
"145173",0.815132609020685
"149069",0.815132535408327
"5611",0.81513252907825
"7134",0.815132524672233
"127379754",0.815132509301065
"26784",0.815132415894585
"101930452",0.815132334805681
"29087",0.815132323975386
"917",0.815132305755977
"5194",0.815132275381854
"80034",0.81513221669033
"4076",0.815132206126868
"55055",0.815132194982121
"23251",0.815132160687157
"9768",0.815132158820899
"124903737",0.815132073455769
"6868",0.815132038138962
"100419506",0.81513189269578
"59349",0.815131857432326
"2290",0.815131742769042
"167681",0.815131705158542
"7322",0.815131668161005
"6888",0.815131607698448
"9757",0.815131539749786
"145447",0.815131526156607
"285696",0.815131456633576
"256987",0.815131414584459
"642559",0.815131238413962
"4638",0.8151311469962
"1660",0.815131021451184
"677826",0.815130955715576
"7275",0.815130920065455
"23185",0.815130856265855
"23514",0.81513077001924
"27252",0.815130745838982
"100996492",0.815130518457027
"10970",0.815130405225681
"8338",0.815130369213093
"79400",0.815130324991478
"4329",0.815130208261274
"57447",0.815130192680866
"390",0.815130189785358
"142891",0.815130175853421
"1452",0.815130171773647
"110806273",0.815130156130507
"106480881",0.815130112424561
"11316",0.815129818919841
"6392",0.815129350420043
"57089",0.815129060128085
"196294",0.814634977430915
"57574",0.814453445933848
"50840",0.814385132425293
"121233925",0.814249859914798
"152579",0.81400227518631
"407016",0.813088588893375
"3726",0.812846377432278
"581",0.812680487240416
"3381",0.812566564153617
"286343",0.812533342771449
"283446",0.812099560835057
"646913",0.811949276474597
"125208",0.811492192597873
"6495",0.811262454880345
"81278",0.810930776516171
"100506035",0.810864537749079
"124900957",0.810848903352207
"374955",0.810245809345973
"100302192",0.80970292165473
"101927253",0.808863216478389
"28824",0.808764516126287
"2057",0.808521830403775
"652411",0.808350325803179
"105369635",0.808318149692782
"101928290",0.808001418247376
"140459",0.807678640550048
"28647",0.807455151911766
"124905079",0.807355436462169
"8626",0.806850081563067
"285367",0.806221456165875
"6423",0.805180316144571
"106481663",0.805007849908914
"55957",0.804897612345624
"124930",0.804860494746543
"124902986",0.804690883210151
"10993",0.804511997992808
"92799",0.802940895631313
"3270",0.802770000295916
"284021",0.80252610596494
"2158",0.801113633218356
"64746",0.801007656971445
"83460",0.800637376748855
"5093",0.800230578311656
"8538",0.79976781410003
"27304",0.799148404604489
"644790",0.798436586811149
"283078",0.798258996501139
"727856",0.798011491034087
"1946",0.797545102498146
"100862664",0.797048340288578
"100113404",0.796835092402728
"114049",0.796763676137183
"6838",0.79588107719524
"2801",0.795321580233465
"7062",0.795247212606329
"3003",0.795246996206898
"9716",0.795246213294186
"79782",0.795246000914218
"8858",0.795245922438584
"283102",0.795245912924948
"23461",0.795245718028099
"28940",0.795245636247222
"23767",0.795245622220227
"1975",0.795245621593625
"102157402",0.795245555206447
"56907",0.795245549166546
"54429",0.795245505046916
"161142",0.795245464151695
"9331",0.79524542554963
"100133093",0.795245193468337
"26959",0.795245159612206
"11118",0.795245060671392
"2990",0.795245052701401
"708",0.795244985022365
"8395",0.795244891182435
"654433",0.795244868182393
"9456",0.795244837599363
"343851",0.795244661818239
"130612",0.795244554539402
"51303",0.795244333159029
"29119",0.79524433102684
"378938",0.795244327995792
"101928118",0.795244273887327
"55244",0.795244108575418
"857",0.7952441009101
"28930",0.795244083233346
"7644",0.795244060588077
"360176",0.795243969540802
"81853",0.795243957267996
"160428",0.795243804302143
"7802",0.795243764670376
"101927043",0.795243643400918
"54901",0.795243549431943
"26354",0.795243469526065
"23584",0.795243390099216
"100271621",0.795243214944113
"121952",0.794901808230716
"768",0.793765429700401
"100310782",0.793205005036285
"126006",0.793196997878645
"105379349",0.792913879925601
"64838",0.792309661868051
"65265",0.791889223283284
"283140",0.791525962674936
"54478",0.791419664000725
"389692",0.791048884933222
"29108",0.791032802706486
"2916",0.79030821154827
"101927401",0.790240360938495
"64109",0.790077879192863
"8793",0.790067400949326
"4323",0.7894076296792
"220296",0.789133755423886
"643711",0.788530189578687
"9383",0.788420686450469
"659",0.788065962080484
"59350",0.787987065726281
"677767",0.787721497061511
"105374978",0.78630619368216
"79613",0.785949275185184
"51272",0.785538610884108
"6779",0.784897552612449
"6781",0.783249081113675
"100271513",0.782691688582834
"6277",0.782631643837702
"101927612",0.78245367189806
"139538",0.782233493021998
"8939",0.78189025816263
"102724691",0.781577304215591
"80207",0.781231823218834
"101927098",0.780327877284534
"105371786",0.780253874088123
"5573",0.779715785232505
"154150",0.77894980498739
"728975",0.778304256664947
"55714",0.77810106164574
"27299",0.777677894644541
"391533",0.777040330535415
"2827",0.776908025753678
"101059915",0.776680819678015
"79036",0.776560809799299
"100507244",0.776363747474706
"5081",0.776067071096545
"107986854",0.775243752772402
"122526782",0.774723190301472
"101929098",0.774347051822799
"4296",0.774323129534987
"4314",0.774125242311114
"54845",0.773595927454379
"27257",0.773432271413702
"283659",0.772963954806416
"6854",0.772677286500463
"121981",0.77231643402326
"64711",0.771839874912024
"104355296",0.771686469778938
"81554",0.771266215816414
"124900423",0.7711268446784
"414332",0.770929828048572
"56140",0.770795729737791
"728448",0.770701139898993
"388125",0.769932618677874
"139231",0.769918671196194
"3746",0.769323020887905
"101928537",0.769181593525228
"100302174",0.768277053396743
"202500",0.767791251903186
"101060146",0.767575602808755
"105378663",0.767088335416795
"4153",0.766830122987191
"2935",0.765540339299088
"646719",0.76512681360871
"24147",0.764723004948078
"23324",0.764106823354889
"101927009",0.763928662991635
"84153",0.763719373150927
"153770",0.763543950826489
"254312",0.762772263793035
"360132",0.762758105933395
"392262",0.761829737350319
"100131033",0.761332368026966
"56914",0.760067420431095
"22895",0.759661981964175
"127379712",0.75957028650183
"257000",0.759466550981582
"961",0.759106988381419
"124904554",0.757961613584274
"124900711",0.75777341958833
"3920",0.757771628412807
"124909363",0.757536955322163
"23265",0.756723495254893
"3490",0.756699387422148
"642843",0.756680203254967
"79735",0.7542471521998
"100271424",0.754010970292632
"56146",0.753483683886983
"116135",0.753292415651612
"94104",0.753231379749402
"100287430",0.751580202024458
"30820",0.751010504921735
"472",0.750987286365252
"2209",0.750957894617416
"8178",0.750901785533917
"442131",0.750823939803472
"7070",0.749234359991828
"4831",0.749153693853928
"29075",0.748431128912857
"101926964",0.748350522468445
"101928969",0.748109422270001
"100500883",0.74794082797164
"100422272",0.747611599176011
"23024",0.74683423795125
"5435",0.74620767697319
"100188949",0.744740083181874
"388574",0.744541976142527
"79755",0.744395120090461
"101928151",0.744363024480838
"65122",0.744264300223664
"9412",0.743866716925995
"402778",0.743834615939723
"407035",0.743743145598683
"101101772",0.743404718021752
"54757",0.743278991146027
"100873966",0.74321770023848
"84295",0.743129810781855
"84726",0.742895929305796
"3209",0.74199269520538
"402",0.741188651998731
"84752",0.741154906854375
"254065",0.740762974383587
"105378992",0.739464713998887
"160065",0.739059102180057
"54554",0.738432169808387
"9031",0.737413976205003
"389207",0.73698269210722
"5414",0.736780703061055
"9028",0.736424079894987
"51103",0.73526920981508
"5536",0.734930339767958
"26039",0.734706485678657
"643447",0.734411600105291
"7408",0.733031931817459
"100270832",0.732929428246445
"257144",0.732526375927513
"101926960",0.732511611159843
"100270873",0.732078177724504
"339039",0.731227679797614
"81786",0.730017134722914
"100270900",0.729682192466586
"132954",0.729120504979756
"3090",0.729016687718458
"3013",0.728383669772964
"285761",0.727565767597316
"139452",0.726692965351791
"6097",0.726591565652898
"253152",0.725461766315737
"28682",0.725117321405935
"650024",0.724389970346969
"7965",0.723804383252728
"100288198",0.723179997997547
"51282",0.722808115919388
"56994",0.722658562275375
"23355",0.722530525833217
"100271512",0.721724765094408
"388282",0.721724299575617
"8351",0.721723858979038
"7572",0.721723826828502
"100124539",0.721723524874773
"58484",0.721723428022859
"101929524",0.721723150685889
"138881",0.721723122453834
"1959",0.72172277662921
"4889",0.721722689236626
"65062",0.721722603921897
"56949",0.721722476509872
"84650",0.72172193540895
"55632",0.721721392876651
"337880",0.721447498767667
"101929592",0.720276911421849
"222229",0.720268081124804
"101929681",0.719566473177897
"246175",0.717872079282897
"645834",0.717649256912931
"106479318",0.71760239768342
"4991",0.717103808732779
"23446",0.717078178649003
"388759",0.716217712319944
"135892",0.716089353247693
"105377391",0.715440317850878
"2353",0.715058591567007
"434",0.714911365256392
"50939",0.714897761954029
"51660",0.714679520798032
"112268252",0.714070864754714
"10633",0.713919907232354
"50632",0.71318918606886
"105372630",0.712543108315038
"100874443",0.71246113657902
"51157",0.711685436065785
"100533711",0.711009947418703
"7135",0.710576490333952
"150776",0.710499495075614
"728233",0.710410268565145
"102465489",0.709700130871539
"6998",0.709006773271235
"57730",0.708902037926606
"125150",0.70887650921325
"140947",0.708782904806751
"266",0.708739617324243
"4609",0.708654185931231
"6456",0.708627510926792
"100128601",0.708480955805446
"110117499",0.707799468242075
"407021",0.707781416076001
"56967",0.707764203475651
"91662",0.707612517625119
"106480680",0.70761088648709
"8061",0.706952782348494
"100529241",0.706349277253361
"85413",0.706297821071328
"107986521",0.705894789418714
"7559",0.705655603428397
"5126",0.705429948561794
"425054",0.705428266144596
"105379478",0.704144741566792
"51696",0.703752468786849
"114805",0.703654894344467
"29949",0.703550222238278
"130026",0.703238429730131
"100288868",0.703237342912036
"4217",0.703237153836208
"219670",0.703237118164262
"2630",0.703236849636393
"3957",0.703236289863735
"9563",0.703236258186194
"84548",0.703235892273164
"2774",0.703235740051463
"9140",0.703235704996515
"7347",0.70323557120636
"375056",0.703235541543439
"5660",0.703235474648193
"9693",0.703235217036848
"642475",0.703191764828167
"119863870",0.701703825073515
"100873939",0.701676233742778
"124903925",0.701616962162828
"6390",0.700765734055034
"4037",0.699353735323367
"6969",0.699284812734095
"100500905",0.6990571273112
"105375713",0.699014208472619
"255193",0.698879653722938
"105378716",0.698013241247282
"125177373",0.697981442467142
"162979",0.697352367821044
"643866",0.696524631529774
"645528",0.696473383421911
"9797",0.695663279531946
"100507073",0.694853278632715
"374900",0.694452315317543
"28942",0.694450099668366
"4603",0.694443443144722
"5140",0.693207006388909
"4856",0.693084583419137
"283316",0.692230578248164
"130813",0.692075103409821
"100996437",0.69189712318525
"84290",0.691689727567261
"64860",0.691578385964854
"100873237",0.691251034923334
"83786",0.691228706730119
"200424",0.690830935023306
"11313",0.690498443179812
"8764",0.690346310724998
"90075",0.689313509176142
"4134",0.689313375695866
"692227",0.689313096386653
"121273",0.689313062404671
"285966",0.689313033302764
"92609",0.689312950735341
"112616",0.689312800034373
"64816",0.689312649152575
"5579",0.689312561536114
"100132202",0.689312507979464
"9681",0.689312239764759
"2273",0.689311927547842
"3503",0.689311890144524
"4354",0.689311879566694
"6293",0.689311508313193
"2547",0.689311143808443
"28784",0.689310855686257
"8110",0.688845998687243
"474384",0.688841710103317
"5176",0.688650163286856
"57804",0.688649519572008
"26781",0.688616835206438
"5705",0.688451804826883
"146542",0.687875930476111
"1144",0.68754309392448
"158038",0.686416220258449
"25807",0.686289020154258
"8771",0.685912622534413
"2178",0.685882325680293
"102723170",0.685880957364999
"84272",0.685880516529102
"59345",0.685880272313104
"1847",0.685880139074448
"27097",0.685880133395456
"100270995",0.685879885616383
"57696",0.685879820286381
"728590",0.68587980699094
"56164",0.685879797020165
"5801",0.685879626038742
"51295",0.685879532343886
"121601",0.685879337299663
"102723324",0.685879308833388
"6674",0.68587919462739
"22933",0.685878902019834
"222068",0.685878571701421
"386685",0.68587799656508
"100271593",0.685876471271932
"26152",0.685786340681623
"2700",0.685528021597158
"100233209",0.684957989632546
"692106",0.68495705443026
"6773",0.684956979032407
"140731",0.684956967889691
"387264",0.684956929782043
"27339",0.684956774682467
"113189",0.684956547298692
"79729",0.684956436238499
"92002",0.684956315797689
"55245",0.684956214635922
"9615",0.684956204367367
"4045",0.68495613341828
"80095",0.68495606543355
"6120",0.684956056375983
"186",0.684955889328624
"11099",0.684955815193573
"100129858",0.684955675654041
"124905258",0.684955615487775
"124902018",0.68495556687247
"5789",0.684955565898531
"651644",0.684955345104279
"1087",0.684955335238371
"5197",0.684955322554021
"100270823",0.6849553130356
"64411",0.684955311289479
"155370",0.684955169587465
"56061",0.684954998906054
"7123",0.684954876581872
"129880",0.684954806856492
"5796",0.684954758729096
"28558",0.68495392690223
"54971",0.684878979127927
"51266",0.684161021286941
"100422894",0.683559978943258
"101928317",0.683158669408796
"105379479",0.682861908668826
"100130361",0.682406341058115
"2812",0.682078747206572
"335",0.681559154386362
"128977",0.681311336336484
"55071",0.681279034992888
"23678",0.680607295922296
"374395",0.680451247481232
"101060000",0.680421879611276
"8577",0.679876432580664
"11068",0.679733621888313
"127566425",0.679245282862647
"57579",0.677984464729217
"406986",0.677982421144349
"8416",0.677301958434888
"339988",0.676717673224405
"64762",0.675903709321423
"9617",0.675824136554297
"4108",0.67575574223381
"148479",0.674300072880132
"100533496",0.674188867992834
"126037",0.673036833704458
"51161",0.672941439871187
"133396",0.672732105313326
"8273",0.672616647388858
"8411",0.672616036160776
"22839",0.672089108734279
"26224",0.671101014906621
"78998",0.670991659761778
"441246",0.670902250277713
"1056",0.670877937115881
"55619",0.670877774067012
"83752",0.670877287138114
"124904362",0.670877040702147
"205717",0.670876912132222
"22798",0.670876659133016
"152185",0.670876631078451
"27156",0.670876602394362
"25871",0.670876414228087
"124904546",0.670876384114836
"58480",0.670876370587443
"80071",0.670876000539092
"284186",0.67087585599954
"387103",0.670875506489765
"18",0.670875452593388
"153328",0.670875377606174
"120400",0.670875371793202
"1834",0.670875343216167
"3291",0.670875318288251
"344405",0.670875133426144
"55030",0.670875084157261
"375704",0.670875072929908
"100507516",0.67087497898643
"84572",0.670874877992965
"55165",0.670874849653194
"150384",0.670874601050638
"100271198",0.670874533282492
"553158",0.670874400618877
"2800",0.670874028041694
"100505538",0.670763414956414
"153",0.67074664778695
"51554",0.670687349935843
"27153",0.669862263184067
"129607",0.669658399549693
"151742",0.66914001342788
"266727",0.668606425151671
"116444",0.668489781373393
"23551",0.667768256112999
"3876",0.667402379733587
"2130",0.666974943855467
"25764",0.666880080871288
"130271",0.666880067656114
"23471",0.666879421986373
"5324",0.666879316276577
"100129553",0.666879261963694
"200232",0.666879117512155
"10549",0.666878843392823
"123264",0.666878805222859
"4360",0.666878779956867
"50999",0.666878456123642
"100128863",0.666878343810932
"255798",0.666878097320534
"55133",0.666878093924912
"30836",0.666878004886635
"6654",0.66687794870894
"4888",0.666877796790706
"101929199",0.666877624192067
"124903956",0.666877376516912
"440243",0.666877289110844
"100507398",0.66681204602837
"255725",0.666745571109383
"81462",0.664789275845948
"124359",0.664239940341204
"124902204",0.664203841483679
"23383",0.663921202473724
"3929",0.662287536652844
"9510",0.660252710199577
"55137",0.659909459795345
"100996645",0.659766038577525
"943",0.659619491617616
"339488",0.659580942482856
"55884",0.659459818957014
"610",0.659296965206222
"158724",0.65923580665716
"2823",0.6591920439972
"80012",0.659190509004948
"94161",0.659190390593794
"4040",0.659189934321627
"2908",0.659189858277259
"2786",0.659189726072279
"5709",0.659041707537865
"57506",0.658447130992368
"28382",0.65824406322727
"5798",0.656032576091764
"105375591",0.65603127850592
"100874405",0.654145628377499
"124817",0.653481694142475
"84530",0.653164255357945
"51191",0.652658165383202
"10056",0.652657824976799
"285440",0.652657423735514
"100271464",0.652656959909192
"126823",0.652656762496191
"100506869",0.652656760109976
"131450",0.652656729790956
"220323",0.652656577413777
"441242",0.652656104954656
"9524",0.652656042431588
"23400",0.652655990684863
"168374",0.652655985585461
"339175",0.652655951891138
"653145",0.652655822170624
"10899",0.65265563281132
"1453",0.652655629850562
"144108",0.652655584861007
"5997",0.652655513456631
"94121",0.652655510013656
"154007",0.652655487343122
"2568",0.652655481871276
"23682",0.652655462404294
"55117",0.65265540223413
"3595",0.652655306532266
"114483834",0.652655300420095
"286365",0.652655297363228
"23091",0.652655025769816
"85365",0.652654929852495
"57563",0.652654900535338
"51204",0.652654884988111
"164091",0.652654837429686
"51507",0.652654727278209
"9439",0.652654594892211
"65056",0.652654275247878
"152831",0.652654027235518
"132989",0.652653993117808
"6749",0.652653803052488
"342618",0.651836307544836
"106479327",0.651082212971807
"10142",0.65038218829694
"642402",0.649712669286854
"23207",0.649668802794744
"29855",0.64924728540008
"490",0.649004450283102
"91875",0.649004249670016
"100462836",0.649004109703391
"26154",0.649003678102861
"7167",0.649003409803033
"28795",0.649003140321732
"283847",0.649003117280993
"53981",0.649003094239146
"5383",0.649003082830999
"92126",0.64900299369265
"654370",0.649002528329131
"100129066",0.649002527356566
"8545",0.64900250451433
"64397",0.649002274263888
"56947",0.64900224044626
"158431",0.649002079638307
"439",0.649001753300902
"200576",0.649001670772464
"57182",0.649000562402002
"55624",0.648988019253636
"55152",0.648738310914378
"3235",0.647283438465452
"7104",0.647092534286566
"55907",0.646230637528788
"3912",0.646220632947989
"5055",0.645409609649599
"51773",0.645408350083203
"7580",0.645407736809134
"647076",0.645407103714479
"114880",0.645406849476886
"7391",0.645233477240437
"126820",0.644960790098073
"1045",0.644683107491767
"106479230",0.644269458447279
"105376588",0.64381049211343
"151790",0.643048269947972
"100271037",0.64279739578982
"101926911",0.641233843597397
"100129631",0.641107112669113
"127138867",0.640868300467167
"387856",0.63967835211605
"81691",0.638510383671754
"644838",0.638414554312045
"106481857",0.63810670709908
"100126326",0.63794285581089
"100506668",0.637570120409539
"102546227",0.637192620393467
"100506686",0.635902676616377
"28721",0.635249409862037
"50943",0.634578874605334
"64231",0.634304398610701
"285634",0.633425753881127
"79955",0.631322862064805
"3910",0.631321889783038
"9044",0.631321561260968
"939",0.631320998376713
"163081",0.631320887658051
"2867",0.631320760649869
"28473",0.631320531584556
"8891",0.631320406372574
"56144",0.631320067615922
"11075",0.631319959007578
"201134",0.631319563596762
"10363",0.631319325244374
"400759",0.631319320637234
"154313",0.631318265187948
"1432",0.631318038159357
"554235",0.630689945344862
"27330",0.630679117575188
"3949",0.63004383150609
"164127",0.630026506129085
"107984640",0.628595578401967
"106480538",0.628389434611913
"260334",0.628078269001855
"115830329",0.627860453267208
"101927293",0.626695563507088
"83742",0.626376885043117
"100130522",0.625931128430761
"124901426",0.6258775123544
"100616356",0.625629394611755
"111188157",0.623326563329006
"1675",0.622996244030239
"1758",0.62284779728863
"131583",0.62244617677515
"124900181",0.622011315433514
"27443",0.62126524276875
"440503",0.621015682411505
"64216",0.620925470997115
"388567",0.620028035565444
"79883",0.619556987715058
"207",0.619551364945474
"102724954",0.618695092136186
"3914",0.618558337330524
"64983",0.618557994430278
"7130",0.618074760718873
"81566",0.618052505798133
"207063",0.61762165409984
"246243",0.6175755518274
"102723817",0.617101606867491
"151126",0.616124433742497
"25839",0.615934204191347
"1277",0.615933921044754
"51816",0.615678729373896
"100873989",0.614423131420296
"100033810",0.614399210639732
"106481108",0.614273696380446
"390937",0.612873876147661
"390063",0.612526339243005
"4540",0.612197353799425
"107983981",0.611123667265728
"1360",0.611011457530482
"50855",0.610591769062673
"100130002",0.610231757000878
"402665",0.610101032164215
"105371223",0.610008598873278
"4967",0.609825414039743
"6610",0.607666389792211
"100132386",0.607027078070974
"222584",0.606865781304898
"2948",0.606615611164929
"390093",0.60619098729062
"386676",0.606188348705191
"80328",0.605942030544961
"116236",0.605132613220236
"60312",0.6050797584932
"29083",0.604375612791665
"643471",0.604375458083207
"168455",0.603964943200161
"349160",0.603723069577737
"84934",0.602870961480851
"8348",0.602722830960627
"101928016",0.602714199199213
"116988",0.602314650015522
"101928100",0.602297314468961
"1005",0.602296460023087
"100507118",0.602295595464702
"105371251",0.602258362221481
"79174",0.600919455126962
"65123",0.600787874509375
"29842",0.600588412215492
"7380",0.600468026875609
"10725",0.600409023243865
"254170",0.600043759539456
"124221",0.600029038088445
"374918",0.599055917514526
"51557",0.598205024041402
"254102",0.597544220261016
"8353",0.597092401071813
"100169763",0.595830147368742
"100170229",0.595001144852905
"101927351",0.594699327818358
"100506033",0.594261069097224
"646282",0.593833742874252
"1317",0.593657373007213
"26022",0.593637260658895
"102724279",0.593597416187069
"100421415",0.593010646506427
"23395",0.592790271136713
"6405",0.59253243300214
"159686",0.59245593006117
"54863",0.591595214903608
"256380",0.591189206229037
"5539",0.590987530065737
"56953",0.590526084474108
"153684",0.590495561533632
"283209",0.59048715233085
"6903",0.59040427870658
"8622",0.589127897461167
"441294",0.588992520377426
"80739",0.588984964056807
"284001",0.585543603362359
"101929918",0.585184849783635
"57538",0.584494157165727
"10105",0.584240998546991
"81050",0.58404293691677
"9961",0.583845309632422
"101927267",0.583785733470372
"5198",0.583593935259669
"10082",0.582867403094498
"57178",0.582361386422356
"28929",0.582088706457421
"100271360",0.581703529651393
"65009",0.581227226139192
"137012",0.580647740463912
"2550",0.580450256631555
"100874374",0.578118220916234
"54207",0.578012958054436
"101926888",0.577813302220892
"10021",0.577725454021234
"57624",0.577702718941999
"4818",0.577611269790524
"84720",0.577432571162628
"124975",0.576228891587639
"693198",0.5753591800112
"199920",0.57498183583726
"1117",0.574864335408817
"105370578",0.574636593923426
"192669",0.574636077095156
"3480",0.574451506978688
"642852",0.573621352797939
"64232",0.573086319065174
"64581",0.573028298240897
"23757",0.572441207077821
"285588",0.571513674880894
"84691",0.571061111263149
"79841",0.570642257935483
"29781",0.570505835749138
"1378",0.56990080297575
"128674",0.569900292966129
"84342",0.569899356355269
"347359",0.569899211310426
"693175",0.56989884240426
"100418753",0.569898784305958
"1158",0.569898682696026
"10747",0.569898659482455
"64102",0.569898456945945
"6234",0.569898396007735
"4815",0.569898289585957
"219844",0.569897785338622
"647298",0.569897600833295
"100506070",0.569297346565289
"4222",0.568952096577325
"642345",0.568545317841264
"107985312",0.568134680949847
"85460",0.568006654852696
"440829",0.56781549625414
"105377682",0.567555272740834
"646241",0.5673579011397
"147040",0.567237943354137
"8318",0.566304889528703
"2692",0.566279743396017
"138724",0.565415986762841
"158931",0.565279808346873
"100873757",0.564812917468407
"11253",0.564648934929496
"26608",0.564047711145708
"160760",0.564035121093413
"319112",0.563966946627042
"144453",0.563761905832312
"8620",0.563495963452153
"103625684",0.563480630022415
"100506012",0.563459811413834
"26056",0.562818949012448
"55578",0.562691256616635
"65220",0.561757376416628
"64777",0.56066362281096
"340074",0.55943542392197
"479",0.55932724397212
"9986",0.558376611246877
"2588",0.557553340786003
"10898",0.55754396857396
"100420710",0.557348489857001
"166336",0.557303942700907
"9542",0.555082151379882
"88",0.554881566433524
"54059",0.554871729154882
"106479392",0.554816092197172
"353376",0.554684476378464
"89",0.554678007650835
"7773",0.554179439399038
"728485",0.554096575332808
"105375021",0.554060181729879
"100271495",0.553644613466377
"101928736",0.553593372953607
"390134",0.553386475599055
"199699",0.553203478350662
"4288",0.55302341655965
"51315",0.553023370137993
"2780",0.553022969304839
"4128",0.553022936023512
"8777",0.553022618775003
"140609",0.553022533691412
"116211",0.553022265948921
"8864",0.55302220592035
"105379087",0.55302216977388
"440044",0.553022054064609
"219539",0.553022040393128
"4718",0.553021930602896
"100144595",0.553021751700805
"28894",0.553021440916684
"55786",0.553020998850312
"27102",0.553020601891747
"115677",0.553020438082529
"84518",0.552834640770535
"169270",0.552791095247338
"728428",0.552183896103301
"101930370",0.551773999322813
"339442",0.551007551906071
"79572",0.550870510351573
"168620",0.549242692386455
"3714",0.549199298727495
"66004",0.54919104534534
"442709",0.548745108262573
"729013",0.548090479074058
"2286",0.547864321776433
"50852",0.547474327657323
"339263",0.547375153745653
"7268",0.547032507476582
"51005",0.545933215997342
"4665",0.545829161083973
"100421331",0.545566689292274
"3167",0.544859469903732
"105375423",0.54392276180713
"257629",0.543731887193687
"55811",0.543231485981204
"53919",0.543169822656787
"402279",0.542474798023809
"105370458",0.541692476287548
"105375206",0.541416815824145
"10929",0.54067486723619
"101060391",0.540025244019222
"81490",0.539672016728044
"26999",0.539435517115062
"5582",0.538488889653006
"651302",0.538054432823275
"27247",0.538053793289076
"64766",0.538052463322139
"10827",0.538052453395233
"65082",0.538051886765252
"200894",0.538051027939968
"677813",0.536293092725788
"84876",0.536292249328252
"23456",0.536291691396483
"645843",0.536291453781642
"107985074",0.53629132984077
"732229",0.536291147309763
"7422",0.536290697338024
"26005",0.536290627223088
"5276",0.536290603583543
"407034",0.536290570873926
"51321",0.536290558563342
"258",0.536290558256035
"25977",0.536290355334563
"51142",0.536290170340309
"3531",0.53629002954254
"54504",0.536289806816192
"107983993",0.536289719891628
"403",0.536289511017564
"28594",0.536289375975748
"105378580",0.536288691428983
"219333",0.536288423275218
"57533",0.53628798578947
"124906869",0.536148410561689
"100130066",0.536066748781255
"643770",0.534890498190467
"105372629",0.534565322597191
"114796",0.534119677630749
"402191",0.533509115452238
"1409",0.532979695811643
"90835",0.532735613693383
"22984",0.531917897165841
"677790",0.531547057439047
"100507551",0.531545036627971
"692086",0.530797697892396
"8078",0.53062352868356
"6323",0.529995125381449
"5078",0.529825174506297
"53918",0.529780392286372
"203102",0.529275718923593
"79092",0.529064554503766
"79473",0.528637290861321
"8504",0.528262429208164
"105374971",0.528262080358689
"100134444",0.527700927235776
"352909",0.527612031597002
"150379",0.526777906488754
"6563",0.526530045777768
"105370526",0.526520087871863
"101927565",0.526357387884261
"387763",0.525785097152612
"6605",0.524862258403554
"105378083",0.524741953136063
"1295",0.524578226641663
"100287928",0.524462745366468
"2346",0.521339091735849
"101927498",0.52127927035641
"9641",0.52127902105477
"22881",0.521278383544493
"11119",0.521278204959294
"6727",0.521277663492461
"51573",0.521277638549188
"50807",0.521277548244168
"5470",0.521277415583979
"6590",0.521277296889773
"100874029",0.521277179285573
"55854",0.521277128155701
"25814",0.521277120652051
"783",0.521277090848899
"326307",0.521276425968755
"123745",0.521276360659917
"284751",0.521276344696862
"9868",0.521276204095824
"57045",0.521276009148872
"151258",0.521275958397584
"390766",0.521275825752237
"441261",0.521275289823914
"3207",0.521275219895192
"79140",0.520899487431229
"123464515",0.52083186661628
"124900848",0.520762761667383
"139735",0.520353623941422
"284900",0.519799887340538
"54069",0.519799605663661
"642236",0.51979956326277
"50804",0.519799210725022
"402317",0.519799089940696
"55359",0.519799020399519
"360155",0.519798937768088
"80760",0.519798528906002
"112840",0.51979849798718
"124902010",0.5197984919739
"148808",0.519798310237763
"4482",0.51979828607505
"898",0.519798277554293
"6521",0.519798231484622
"127379693",0.519798007846775
"3096",0.519797906087283
"729423",0.519797811845689
"284393",0.519797764238235
"220992",0.519797720792567
"124901016",0.519797718806056
"316",0.51979760350514
"55901",0.519797541945584
"51429",0.519797538027658
"54205",0.519797434094077
"200634",0.519797323209823
"109731405",0.519797313997981
"124512",0.519797221032124
"677819",0.519797203426475
"100652770",0.519796977391031
"9232",0.519796575911685
"6361",0.519214648759408
"90378",0.519080188987654
"10061",0.518840040855181
"91057",0.518699130784185
"414236",0.518424179826862
"100132562",0.518063742805974
"219869",0.51747227446348
"392399",0.516886775130567
"139170",0.515950401885965
"100887750",0.51590818361701
"23762",0.515748531369712
"79707",0.514942858533954
"28739",0.514832842287475
"100132529",0.514549830928158
"253982",0.514108704893136
"169966",0.512073973652919
"23166",0.511762580448223
"84501",0.51161095599987
"11170",0.510908084420091
"91452",0.509236402051541
"644909",0.509037848594655
"100271386",0.509033624223422
"2303",0.508989001673909
"149175",0.508880664529183
"389203",0.507429221011133
"3346",0.50685979046425
"400622",0.506781338293614
"643180",0.506051036454737
"391211",0.505726573543158
"728158",0.504906747753143
"106480247",0.504740720635577
"102723575",0.504346589523094
"143379",0.504337729333602
"80025",0.504268248606267
"1427",0.504024745034205
"728138",0.503808570376072
"109616961",0.503796332967949
"84541",0.503544127205089
"54149",0.503447125280492
"442266",0.503446468492193
"50650",0.503446145134901
"124901151",0.503446136205553
"65217",0.503445805966352
"26036",0.503445523692669
"105377443",0.503445175122307
"138241",0.503445040356637
"9933",0.503444871313725
"90634",0.503444854311701
"375444",0.503444696988216
"9834",0.50344465553884
"122509",0.503444060606791
"4706",0.503443644751263
"100533626",0.503443412421298
"6388",0.503342772889703
"92017",0.503235057883383
"319140",0.501996526408255
"56259",0.501498135052378
"106481064",0.5008297801269
"468",0.500300857561081
"90507",0.500287769223531
"8303",0.50006631004927
"4318",0.50003266661463
"4058",0.49981199313533
"286464",0.499370659756372
"84687",0.49925029304526
"222967",0.499176706313638
"106480380",0.499113095466672
"8425",0.498515381886586
"106479897",0.498475933311196
"100271166",0.498061817300688
"773",0.497186921476925
"731688",0.496566944505732
"100505826",0.496122567648268
"9188",0.495957927699777
"104355426",0.495855371582979
"889",0.495700212601538
"5281",0.494868875357656
"124903185",0.494868360140293
"54936",0.494828055226336
"79047",0.494825281525294
"102723944",0.49429725139838
"158833",0.494170458601727
"10921",0.493805068113699
"390667",0.493663951644653
"284004",0.493404616147442
"107984440",0.493108854930932
"285501",0.491892175230453
"6919",0.491194167353619
"8390",0.489383953837956
"100130176",0.488905718995464
"11218",0.488369831427536
"101928505",0.488270406771673
"1258",0.487611907694245
"247",0.4874502010216
"51065",0.486855328735539
"3575",0.485887505788041
"4542",0.485597051281494
"391282",0.485213609026411
"100289319",0.485135140191768
"8839",0.484980223063061
"84125",0.484790222761476
"51006",0.484379769509837
"100874094",0.484058913960068
"387933",0.483158406339632
"693223",0.482972775358792
"30850",0.482949112148593
"406900",0.482635697567849
"29948",0.48233853342168
"123787",0.481888408241188
"729506",0.481135603465624
"220",0.481102688307771
"56670",0.48102490779023
"1133",0.480092068865533
"755",0.480082104994461
"607",0.479564775560732
"9997",0.479504319833764
"92342",0.479455160791264
"51365",0.479082989978434
"9146",0.479037191831979
"102725079",0.478736493785079
"22854",0.47789211797144
"51377",0.477460031779016
"22848",0.47727606565858
"163786",0.476564287669962
"254013",0.476267147048686
"23473",0.476266200503464
"101929624",0.476157909063185
"646538",0.476129622803767
"100271927",0.475387999706646
"55738",0.47518714685394
"101928559",0.474718254049599
"6426",0.474577487693991
"6330",0.474495628988302
"63979",0.474389611560204
"253714",0.474275855385018
"124903998",0.474144768239213
"723972",0.473816565281666
"2160",0.473722959881269
"84502",0.472566943452758
"54210",0.472283780939349
"23646",0.472229240433113
"106480977",0.471761485813981
"94134",0.470321207791627
"81543",0.470101973812524
"2646",0.469944304353105
"388341",0.469781836139154
"221692",0.469722428572674
"3416",0.469521919854563
"677814",0.469044476185707
"102723791",0.468880626188282
"100271364",0.468857521317971
"140771",0.468574612183583
"257044",0.468435112026694
"84167",0.467868874285777
"26212",0.467368761025732
"10436",0.467311403330694
"106479208",0.46721325480241
"10420",0.467039218532023
"105378516",0.466999666787006
"143241",0.466909645787426
"23195",0.466880998965767
"6626",0.466477464925921
"200504",0.466462919178977
"283742",0.466362371204287
"2180",0.465879598284298
"23144",0.465011003340603
"84915",0.463908667134878
"57057",0.463481145990046
"3445",0.463212960406397
"29923",0.463088542982487
"8325",0.461446956994822
"6709",0.461445418905319
"84059",0.46144456203845
"158880",0.461444423986749
"161582",0.461444096306449
"101978719",0.461443941183742
"1644",0.461443880014855
"102724699",0.461443698978505
"26167",0.46144346876979
"54957",0.461442802214329
"55707",0.461442560294571
"58515",0.461442538295272
"126661",0.461442063173876
"6629",0.46144114532431
"823",0.461200926789461
"100288654",0.461151257357502
"206358",0.460739250016197
"283310",0.460519568314894
"253650",0.46022787509408
"105375387",0.459841483860841
"7127",0.459290457048922
"6810",0.458756825606926
"27",0.45829248756646
"790955",0.457249220716497
"23295",0.456901328643944
"4237",0.456108774531004
"84283",0.455519998751423
"54737",0.455280782796958
"11153",0.455277530722726
"285905",0.45459231097362
"106479045",0.454119108655454
"645414",0.453571601015513
"2846",0.453534733694209
"144195",0.453066187019471
"83442",0.452945744883731
"9882",0.452805842473931
"5087",0.452803326498937
"85369",0.452641979551552
"100873308",0.452546001110058
"10381",0.451971739814225
"107986822",0.451692079919821
"106479266",0.451381873599588
"6645",0.450910286645632
"6623",0.450407534867134
"105371256",0.450368774201056
"8763",0.450166537779167
"9810",0.449922034849581
"5834",0.449398133596438
"100500862",0.449284385157077
"7539",0.447800602270656
"105374768",0.447690267223387
"23548",0.447326405254423
"390167",0.446084155737008
"26974",0.445843824423915
"353142",0.445843229928339
"794",0.445843223918145
"6187",0.445842901428701
"9851",0.445842773049026
"100270680",0.445525312293334
"107984773",0.444973288825659
"79957",0.44446509707516
"124900183",0.444168135616351
"100288428",0.444140872738727
"10272",0.443672725740615
"79035",0.442893718261523
"50615",0.442817553336537
"4238",0.442483323443819
"3214",0.442460092639428
"8568",0.441555805286103
"23430",0.440247862629117
"4160",0.440200619918542
"387748",0.4398647046059
"245802",0.439418305983705
"100529209",0.439196046455541
"9085",0.439074911896492
"3613",0.437106609002754
"51441",0.436918086329587
"101927129",0.436768779241841
"653486",0.4362269535096
"100033817",0.435596553495645
"10059",0.435242875698407
"64787",0.435152440600518
"100852407",0.435143042559888
"139355222",0.434380120055344
"203569",0.43423818379174
"11185",0.433561773719181
"6470",0.433385681582645
"83857",0.433229159542349
"100506465",0.432667814432174
"101101776",0.432416086507994
"100420981",0.431792221933832
"4502",0.431683369314202
"124902447",0.431138927093744
"200350",0.431136553459883
"101060226",0.430643452087399
"64864",0.43064257484375
"8838",0.430642134356694
"83943",0.430641836130055
"117144",0.430641803496098
"121853076",0.430641294127996
"390927",0.430640642456524
"100129320",0.430640175241398
"26065",0.430576802741354
"100506305",0.430399211617454
"414260",0.430398970753878
"80298",0.430398887767137
"122773",0.430398663581005
"5645",0.430398395494185
"1653",0.430398169108506
"28747",0.430398137882436
"728920",0.430397757752294
"122455342",0.428553517308146
"645326",0.427179118360411
"100271160",0.427042744496319
"124900192",0.426171798249059
"9728",0.425101088755926
"8636",0.424831404110887
"100419489",0.424641566452529
"54464",0.424639742034867
"5204",0.424638109794936
"9855",0.424425482057007
"84899",0.424236789508317
"84332",0.423822361748644
"10166",0.423704252056942
"9931",0.423493940592813
"102724623",0.423383405058132
"5142",0.423265107645543
"100506994",0.42260936221396
"551",0.42205637899145
"107985451",0.421847908864754
"91975",0.42143374783635
"100506827",0.42070268390324
"10139",0.420645770861275
"54602",0.420452547809995
"100528018",0.418765032211815
"3091",0.418219316236662
"143502",0.417580586302726
"400946",0.417256656813907
"124909383",0.416649869997276
"9265",0.416589698040039
"90589",0.416588952151373
"5509",0.416209399610219
"114879",0.416152867084125
"160851",0.415451825317277
"56604",0.415451469699816
"284611",0.415450698323192
"151195",0.415450389927779
"51427",0.415450371270342
"55016",0.4154499179592
"5358",0.415449743149956
"2099",0.415449733139389
"83869",0.415449421382148
"100419075",0.415449412838244
"55683",0.415449347962173
"28772",0.415449217920344
"5184",0.415449193323706
"22878",0.415449060020352
"8623",0.415100655633097
"9415",0.415100639198549
"390940",0.415100349779404
"286826",0.415100320075515
"93082",0.415099990141189
"4809",0.415099774120838
"2081",0.415099638065777
"59342",0.415099500063053
"101927464",0.414404489227148
"84264",0.414253228438009
"5291",0.414032326943021
"2900",0.413817306608354
"431704",0.413302059196373
"10755",0.411429706988903
"392505",0.410551340613836
"4597",0.410282285202885
"7145",0.40965679502216
"100271870",0.40896902417366
"23119",0.40881486651754
"4047",0.408538149739481
"55095",0.407958011972975
"6908",0.407547292033917
"83401",0.406477394408558
"51209",0.406358972607095
"100270941",0.405218764792875
"84909",0.405180366016066
"23204",0.405074892300085
"101929691",0.404884743612598
"127525793",0.404869596584031
"104548972",0.404673720626886
"645520",0.404099751620276
"100996333",0.403698132815127
"10307",0.403638320925094
"642413",0.40307338497805
"28415",0.402990361494441
"6141",0.401705407944167
"102723713",0.40119276451809
"100506710",0.400563149821029
"28483",0.400418792490121
"80023",0.400166402915509
"118429",0.400166203608913
"8895",0.400165630326334
"131076",0.400165360573998
"100534593",0.400165282230792
"283518",0.400165256156401
"5002",0.400165163855006
"5612",0.400165083835667
"729262",0.400165011804458
"1788",0.400165008705479
"57406",0.400164975177884
"23034",0.400164838776324
"160287",0.400164783400911
"283755",0.400164709245042
"84240",0.40016459743333
"1215",0.400164559538673
"1892",0.400164484357575
"79627",0.400164436291395
"2023",0.400164304543231
"441459",0.400164224813212
"6152",0.400164013341537
"22843",0.400163913120545
"2553",0.400163869346908
"8773",0.400163666950758
"339479",0.400163569877747
"51455",0.400163490945707
"28970",0.40016298075464
"51474",0.400162718988808
"284418",0.400162608339569
"285172",0.400161789804282
"160897",0.399949385139276
"120114",0.399949383224018
"23085",0.399949283890532
"51626",0.399948860677882
"5893",0.399948521746856
"54475",0.399948503690006
"7190",0.399948494516928
"53371",0.399947297659668
"388165",0.399947121754198
"646820",0.399748043852443
"55668",0.399696050742964
"2181",0.399695688474079
"26471",0.399695152878415
"445328",0.399694158394779
"3831",0.39969405662678
"105374425",0.399693809646436
"157310",0.399693757162515
"9918",0.399693544963813
"23414",0.399693077363558
"25778",0.399692766168528
"84159",0.399691891559963
"268",0.3995989098571
"10625",0.399422114300915
"100137047",0.399220181931504
"1733",0.397994199586644
"51523",0.397979249553027
"9322",0.397905630773364
"149844",0.397896331940518
"113026",0.397192486879501
"340542",0.397032401708994
"494513",0.396074050112308
"9040",0.395330066054112
"646862",0.395232707950041
"9138",0.394315985731372
"106481054",0.393830982439615
"100302128",0.39382206346806
"144501",0.393521409315324
"2137",0.392656138988905
"1114",0.392359186636368
"645846",0.391687007414526
"442908",0.390737392831606
"9311",0.389985849077888
"401172",0.389904400472278
"84331",0.389754073438912
"105370357",0.389182118571707
"8456",0.388898664097852
"100271077",0.388816783612224
"4488",0.388523505017945
"419",0.388474184276127
"442730",0.388451800147818
"117",0.387633809955214
"79726",0.386997701829238
"100033415",0.3865099754269
"100873818",0.386141761745457
"118430",0.384939569850082
"54555",0.384939347385549
"10404",0.384938695641779
"8672",0.384938687774127
"7311",0.384938403432053
"205428",0.384938322911271
"4593",0.384938255761431
"444",0.384937956579193
"9943",0.384935779441038
"6419",0.384640251772195
"8639",0.384640138181168
"5824",0.384639540162943
"9821",0.38463931439114
"10979",0.384639150586419
"55174",0.384638900950548
"112441434",0.384638882378985
"8725",0.384638667161768
"653567",0.384638572790689
"101927356",0.38463848958457
"10946",0.384638414730706
"57185",0.384638178648691
"342574",0.38463815768311
"8702",0.384637844202763
"100270905",0.384637820020746
"107984036",0.384637808088079
"9367",0.38463751359908
"6458",0.384637467438376
"5873",0.384637001004797
"643932",0.384636564504591
"29909",0.384575149591215
"3972",0.384546480584157
"64284",0.384457618529024
"26517",0.384335221613654
"101928079",0.383717814988361
"2905",0.382908513190763
"100431172",0.382605376588624
"121130",0.382460127464528
"85320",0.381868380574928
"79671",0.381596653594369
"106479255",0.381332555284211
"3741",0.381093697685074
"107075287",0.380574877354341
"542",0.380193494219719
"57666",0.379888337493686
"79064",0.379470741379461
"101928185",0.378469966896319
"138971",0.378375732046643
"51710",0.378333876127981
"91978",0.376716898908264
"124900312",0.376698942499475
"51129",0.376302711784664
"1232",0.375610319324353
"441155",0.37555522508319
"9985",0.375169225195674
"375593",0.375091334969152
"91289",0.374244195292978
"302",0.37376533025908
"3204",0.373440947868783
"54413",0.372878625767946
"50700",0.372843840890146
"2623",0.372544266484727
"149076",0.372528973770516
"284996",0.37236070076234
"1687",0.371627219778866
"57568",0.371119408916871
"54943",0.370855221071622
"133060",0.370180362463015
"54664",0.370075839423762
"8934",0.370075656762728
"26225",0.37007469501477
"158326",0.370074238530502
"105375844",0.370074212050156
"125115",0.370074174431048
"26871",0.370074143499838
"83394",0.370074064677403
"5567",0.370073545354626
"56254",0.370073257481721
"124904137",0.370073217145191
"6701",0.37007304315368
"27293",0.370072937205768
"64699",0.370072757813039
"5649",0.370072228291994
"9301",0.370032723634711
"391674",0.368428863281092
"100506368",0.367383293501762
"553820",0.36670840023283
"730227",0.366469849056952
"259283",0.366148712009328
"100505782",0.36554195816382
"163782",0.36515858936179
"647219",0.364454264503116
"84628",0.364034177335985
"147",0.363569916487211
"54584",0.363385970584319
"104326056",0.362677462585959
"55765",0.362110434561765
"64236",0.360809555757302
"643641",0.359358013638186
"111082968",0.358868943261793
"10019",0.358456344728378
"55131",0.358168715192947
"51450",0.358110357331516
"57224",0.357394089924399
"64146",0.357294327259739
"57758",0.357137402040652
"3422",0.357089656579622
"126259",0.35701620495789
"729233",0.356917554493566
"56103",0.356372322352087
"541565",0.356286317946098
"100130466",0.356102511238318
"118568808",0.356078233123496
"10313",0.355673637031779
"107985844",0.355420043088871
"653149",0.354863751639126
"5202",0.354494986855238
"4097",0.354337104709157
"257407",0.353637411360498
"646804",0.352864925088947
"27351",0.352596470572724
"81871",0.352418007284095
"79006",0.35224784192929
"94234",0.351903362655475
"692212",0.35095130548446
"643680",0.350567640400846
"100507027",0.350264213608984
"10335",0.349919235531417
"110806271",0.349412557171301
"100507055",0.348036645683265
"388021",0.348025424297734
"84897",0.347727919090028
"22978",0.346556142284756
"2060",0.34505332826121
"84918",0.344785495893614
"57167",0.344176976396926
"27071",0.343599797659575
"101928879",0.342952531043776
"51112",0.342644803458524
"9883",0.342548617669086
"9064",0.340787002757011
"113791",0.340435976961176
"101929745",0.339961817902118
"494337",0.339666687870161
"124842",0.339420852953087
"91687",0.33917819617782
"100130718",0.338822229523887
"100533184",0.338820704793732
"124901796",0.338521070092616
"440594",0.338383608232357
"28663",0.338040979385405
"93343",0.337684255990303
"100287944",0.336333361863231
"22899",0.335566695445116
"27286",0.335254320973932
"3049",0.334931275523619
"10512",0.334857365115664
"256355",0.333400185041137
"4929",0.333304808357482
"51075",0.333111213545768
"388818",0.332569158509396
"5434",0.332395300526113
"51313",0.332151044260684
"5003",0.33215082272097
"102723690",0.332150481949542
"91833",0.332150279677166
"482",0.332149114908285
"6511",0.331504652682981
"23399",0.330499928315454
"168400",0.33049672897221
"105369736",0.329542356229784
"105377441",0.32915520264649
"11095",0.328939624846741
"105373175",0.327133790363598
"83695",0.326570862496881
"1143",0.325582968732824
"146712",0.325284741518433
"706",0.325079520883392
"124402",0.325018076466279
"100131623",0.324953607951144
"55146",0.324857673078637
"729396",0.324400647999337
"9626",0.323297083917701
"28959",0.323115222942352
"101930114",0.322031131337138
"441326",0.321976307372923
"100129818",0.321630798914145
"80070",0.321102812400379
"2559",0.320887795059975
"494323",0.32072568686493
"100507173",0.320543730168675
"101929309",0.320323438241048
"729739",0.319513136371402
"28478",0.319227560794751
"10369",0.319080173108836
"864",0.317965818140611
"100131863",0.317838198387187
"25914",0.317518796601875
"100420557",0.317516177869831
"22936",0.317516073504074
"400668",0.317515835453648
"105375446",0.317515588317276
"10333",0.317514954917591
"51652",0.317514339301978
"814",0.317441742528743
"9817",0.317252770668054
"146395",0.316635435726949
"6560",0.315714331395469
"344807",0.315648797288454
"22889",0.315441114182804
"285965",0.315324499934226
"344892",0.31472190645718
"56241",0.314659123819106
"139105",0.314284846687384
"100129345",0.314102132953248
"378925",0.312978039946147
"6159",0.312608405297953
"26083",0.312608017392296
"729374",0.312607092105133
"57486",0.312606769606379
"442041",0.312605391017162
"285074",0.312605325178141
"27245",0.31143842109935
"106480935",0.310967773515402
"284358",0.310892282839593
"122965330",0.310461682189296
"100289678",0.310197560119011
"10179",0.310196958346836
"441873",0.310140838308277
"79861",0.309846047181018
"64333",0.309773377382761
"3488",0.309457316507262
"51162",0.309004458903774
"6705",0.308694768986899
"157273",0.308535437326751
"161753",0.308463406542924
"149840",0.308160389530422
"100287482",0.308108423652123
"10841",0.307081231143617
"3770",0.306811032606554
"1759",0.306356368309342
"399664",0.306214234020264
"102546299",0.30600792541609
"333926",0.305828895856389
"105377727",0.305609056083058
"768219",0.305430943219285
"3170",0.305390592211811
"400757",0.30477339543444
"931",0.304189544371979
"85416",0.303759962422337
"8200",0.303434542054198
"100033804",0.303327968103995
"392862",0.303273381816838
"4986",0.303218431219032
"100271308",0.303057749116745
"84458",0.303056878987595
"3606",0.303056637491355
"114905",0.303056076476991
"84163",0.303055752718486
"728587",0.303055130907386
"414149",0.303054893239029
"139596",0.30305467104041
"729747",0.303054597710101
"10736",0.303054464661089
"55023",0.303054454623607
"23518",0.303053572258326
"388394",0.302853153724249
"157378",0.302815837141878
"5119",0.302773408555003
"7258",0.302531235716781
"23235",0.30229755487725
"57157",0.302297367622763
"122149301",0.302297145222304
"9060",0.30229694940102
"100303755",0.302296380566563
"80829",0.302296091997654
"3295",0.302296086740771
"100422628",0.302295951933864
"3611",0.302295742757136
"653240",0.301968309795014
"203286",0.301079225945608
"100129969",0.300630671698234
"102723385",0.300387596892028
"388460",0.299797279091496
"7783",0.299631808901457
"100132923",0.299492248941926
"432355",0.298420575915146
"55006",0.2980038777556
"9136",0.297410058091967
"107985216",0.297321265211327
"8651",0.297241487928362
"342908",0.296707865475841
"9480",0.295955938484348
"105370600",0.295525171747852
"4976",0.295360412654601
"55731",0.295269074884483
"283643",0.294956247776131
"338755",0.294557699125801
"148581",0.293835809699151
"101928237",0.293444443173727
"138046",0.293093756266574
"89796",0.291015750788892
"388591",0.290971664885279
"23263",0.29038987564451
"151835",0.289602889278499
"648691",0.289384058973054
"4957",0.288969081809365
"50507",0.288968647928963
"647167",0.288968291104383
"100873336",0.288967806559551
"103344928",0.288967784323813
"1798",0.288967774834279
"131096",0.288967516780309
"108903150",0.28896744958159
"9807",0.288967435629561
"100874381",0.288967211097325
"4878",0.288966868040166
"100131828",0.288966848697717
"51633",0.288966796583961
"730066",0.288966719674918
"9987",0.288966585570468
"590",0.288966524732502
"10594",0.288965719901541
"646383",0.288513164254709
"693197",0.288512814316576
"1406",0.288512545043696
"2959",0.288512367074953
"28391",0.288511792350098
"51550",0.288511736011047
"6507",0.288511719894304
"4835",0.288511459513063
"100418829",0.288511223718578
"1040",0.288511121614887
"7586",0.288510569428141
"223117",0.288510208801128
"154141",0.288509862019124
"9612",0.286848938200438
"282890",0.28680500603617
"132671",0.286804226279048
"28378",0.286803980392324
"23036",0.286803733105708
"2729",0.286803635282701
"100287932",0.286802881327921
"388662",0.286713907348537
"1468",0.286579469181388
"79072",0.286339504800159
"3623",0.285903758799437
"79665",0.284776518842784
"84524",0.284748685748195
"100419503",0.284318079813081
"114026",0.284260944711874
"101929172",0.284118778437604
"2709",0.283457442102881
"100288072",0.283411151804392
"143162",0.282878920282176
"414194",0.280802305917938
"55663",0.280618404108867
"123706543",0.280510174732097
"5476",0.279898837262755
"64090",0.279767001872383
"7429",0.279583382558128
"94032",0.279504623177792
"127002",0.277890418633954
"9659",0.277823968997553
"63977",0.277709327687679
"94101",0.277514532865298
"107985876",0.27669312563402
"116447",0.275812190061574
"105379427",0.275718923182103
"1154",0.275424988498707
"1315",0.275377339650795
"5741",0.275146171734831
"4632",0.275145952205668
"105379829",0.275145302453563
"693148",0.275145193328523
"57017",0.275145080079742
"317774",0.275145073673003
"688",0.275144714857335
"285989",0.275144625234725
"972",0.275144413988476
"10800",0.275144272013339
"27309",0.275144185497485
"26822",0.275143942178582
"9813",0.275143319104515
"28956",0.275142688199389
"642280",0.274590012559376
"54534",0.274466097193353
"8031",0.274416975568646
"83539",0.273863974518692
"51192",0.273863953453653
"9498",0.273863302803401
"165324",0.273862964760021
"5481",0.273862876577305
"101927895",0.273862576736789
"255308",0.273862505231041
"652966",0.273862484301431
"57126",0.273862478320806
"874",0.2738624558328
"151393",0.273862423834487
"130535",0.27386214447334
"100033428",0.273861829982505
"149643",0.27310199938759
"105374235",0.273067447882254
"727830",0.272972534622012
"54585",0.272728548723853
"28943",0.27271192410441
"102723639",0.271893083816094
"150135",0.270983440367727
"23132",0.27080355264306
"57050",0.269696380540686
"10628",0.26962411312854
"23483",0.269615819318946
"84320",0.26943828419553
"5094",0.269437819970847
"107984764",0.269251932771473
"283432",0.269018881182107
"100505477",0.268434441395074
"100271453",0.268361661871315
"254128",0.268353491858789
"833",0.266044937735415
"84193",0.26579968398452
"100288252",0.265476605577759
"100128738",0.264974273269077
"57529",0.264919673315394
"100499483",0.264611221973958
"375318",0.263922981436832
"81576",0.263542818556296
"922",0.262682654768697
"27158",0.262618864739602
"50837",0.261938871020892
"83548",0.261402213917199
"100533787",0.261402168422794
"285626",0.261401282663565
"284309",0.261401165311411
"5638",0.261401077035773
"64318",0.261400734693945
"388403",0.261400258227936
"6473",0.261400018602891
"7074",0.261399348747483
"26017",0.261399245033718
"319129",0.261399162888562
"9552",0.261399156061099
"148738",0.26139915374093
"8813",0.261397927252399
"100506325",0.261303248488841
"285016",0.261245563951658
"286256",0.261230739399094
"10677",0.26090301449477
"23221",0.260876683929173
"90427",0.260460516811088
"106481025",0.260122104224684
"55127",0.25967328891032
"392843",0.259431685715868
"3904",0.259157875133904
"139637961",0.259151716660647
"441876",0.259134697661393
"222546",0.259122690356775
"100129662",0.259070929752452
"127379699",0.258641040301966
"105374811",0.258580701446234
"342510",0.258193763045329
"6993",0.257702908896248
"1135",0.256035361626726
"107984733",0.255676571156507
"5288",0.255571300619183
"442406",0.255389874157873
"441239",0.254409328693354
"106479108",0.253967474744366
"57662",0.253897592383961
"1180",0.253615070607668
"135112",0.251156967439266
"22898",0.251109863110732
"4221",0.251018966361312
"2026",0.250555783749026
"84823",0.25048364750139
"100130898",0.249918683575511
"2678",0.24950589873468
"55530",0.249413159795461
"50626",0.249163116579738
"106480955",0.24915460353524
"84645",0.248127895217531
"389337",0.247988553660589
"100533676",0.247734644689615
"548644",0.247728244374511
"10300",0.247418552963777
"140807",0.247163602926281
"197258",0.246985556034313
"91283",0.246788346157004
"10643",0.246766241716454
"84074",0.246487566097078
"645332",0.246211173544733
"10589",0.245040299982832
"84522",0.244887465645784
"101927575",0.24482659880308
"107987142",0.244690491937442
"100418720",0.244608094536741
"3175",0.244559971310307
"3756",0.244530192778056
"102724094",0.244107023352167
"25758",0.243201491140098
"64895",0.243167345750757
"105377192",0.243066148258994
"64061",0.242744378377506
"124905488",0.24219728072562
"463",0.241608037210782
"402134",0.241066551856134
"5245",0.241066509025108
"10100",0.241066404379664
"1982",0.241065296566867
"767578",0.241064989768722
"10598",0.241064739825523
"8722",0.24106422319014
"26261",0.24106334941411
"252968",0.240956918132609
"3158",0.240030715924697
"25917",0.239586112909889
"101928513",0.23912401849775
"1017",0.238919515917131
"80304",0.238524792352928
"123722",0.238464413714152
"121847985",0.238106416839011
"2689",0.238027113055037
"638",0.237843384098475
"63976",0.237087451081294
"26002",0.236860222577881
"79574",0.236459777296627
"101928627",0.236299866028505
"101928489",0.234857317149528
"219957",0.234674933748748
"8942",0.234471401454601
"60677",0.234459947672098
"388389",0.23440240189488
"3020",0.234238808855166
"149095",0.234086514371111
"114132",0.232770024863009
"79810",0.232300961641006
"55113",0.232270779133874
"340061",0.232070256494816
"3913",0.231956444947689
"57513",0.231845857329544
"197021",0.231468408991104
"81617",0.231283437155891
"3827",0.230960803858248
"161247",0.230843977868983
"101929053",0.230748221943223
"23191",0.230514147765201
"80349",0.230371857898611
"100652865",0.230009397321153
"10075",0.229697701089008
"9625",0.229289445933985
"392392",0.229158729006513
"100270827",0.229091863341252
"57111",0.22904954542115
"2675",0.228738151458262
"8928",0.228383194900289
"115749",0.228123038028441
"105371956",0.228100071194508
"54816",0.227749324312192
"653464",0.227736603077013
"8694",0.227695085960283
"646013",0.227577348952358
"24144",0.227576210408371
"399979",0.22757558491978
"11004",0.227575539915146
"440589",0.227470856050807
"100507501",0.227467648802167
"100526737",0.226810689816715
"285759",0.226752483536319
"54360",0.226547621939344
"442897",0.225869896966496
"1358",0.225616219150417
"390113",0.224692496199404
"342977",0.224411815486489
"133688",0.224058616308747
"124093",0.223644577668959
"54866",0.223331062294635
"100288724",0.221694661064348
"375",0.220946090102578
"79850",0.220814423033853
"283748",0.220462275505037
"101927768",0.219908568105821
"5886",0.219325255956532
"389151",0.219309451398441
"112268449",0.218562613408532
"390072",0.21818392307975
"2676",0.218028920674323
"84553",0.217084213512717
"284359",0.216509267618784
"100128072",0.216198783307514
"100194426",0.215969472374163
"220213",0.215723890400841
"23625",0.21544517643918
"100129599",0.215223500676018
"222662",0.215148829936215
"83448",0.214207229286807
"56477",0.214207222707153
"100288172",0.214207211850417
"29088",0.214206766793414
"285429",0.214206720946825
"79071",0.214205686172568
"645173",0.213773260588565
"100147837",0.213219842339414
"11251",0.213006470134257
"80704",0.212761874796492
"58497",0.212497269336431
"5350",0.212268753706223
"79632",0.212267098115548
"4660",0.212266869916357
"254225",0.212266641065742
"167227",0.212266511990304
"120892",0.212266280555359
"10915",0.212266192274281
"319089",0.212265999904674
"286053",0.212132082085964
"149233",0.212097882023559
"105377294",0.211913928274905
"643954",0.211515033366071
"3137",0.210342492609966
"390848",0.209501087458899
"64091",0.208741159968046
"22834",0.207942228654295
"29110",0.207498600221211
"643779",0.206139161547941
"4850",0.206045530255879
"56654",0.204476987022019
"8744",0.204174745262625
"100526825",0.204010735194161
"100130249",0.203618233571083
"105373044",0.203313023768022
"7639",0.203147033681686
"57381",0.202239396111374
"283422",0.202013297793053
"117159",0.201983960745334
"51337",0.201648360119139
"671",0.201550863214105
"8021",0.200942037238531
"285315",0.20094145559657
"28998",0.200941335510818
"9877",0.200939877514226
"55311",0.20046468679448
"100133920",0.200132492756648
"56926",0.199449151684919
"93589",0.199326633507297
"2625",0.199325881203447
"9365",0.199325495483022
"10170",0.199325334855295
"107075112",0.199325231903475
"7555",0.199324910939132
"5867",0.199324048716558
"3843",0.199323927516185
"79346",0.199112883464198
"80301",0.1987350889092
"55262",0.197578616197278
"339166",0.197248375234606
"102724430",0.197097014107435
"441328",0.196473778753154
"6397",0.196191254292593
"10460",0.196155624779033
"51361",0.195847665805201
"9966",0.195425414957583
"91869",0.195394416964689
"100422256",0.195126811406589
"3813",0.195111726409339
"3570",0.195079594548106
"4952",0.194881621597688
"91464",0.19486359662591
"127379685",0.193458221610552
"100422849",0.193113456709252
"27175",0.192398673713466
"102723617",0.191994171431925
"55658",0.191687668975421
"84461",0.190875714773751
"645161",0.190158407391073
"25946",0.188310194505874
"106480529",0.188065378142138
"100289475",0.187902137767459
"101929027",0.187837704983287
"164832",0.187793164558264
"11027",0.187793030870798
"79660",0.187792940026924
"1070",0.187792379838776
"79812",0.187791890800812
"10780",0.187791460468687
"100421271",0.187791443106042
"22841",0.187791413795106
"6472",0.187791365638744
"79887",0.187791153254817
"285267",0.187791082776204
"373509",0.187790861911145
"130916",0.18779084711778
"23484",0.187790042097975
"105377390",0.187789854532506
"55503",0.187789675941729
"101928669",0.187788537579334
"25770",0.187551277143899
"440822",0.187389187397824
"54039",0.187323517710261
"105373604",0.186968220847135
"138307",0.186675868620047
"79027",0.18631638437402
"5382",0.186316183557395
"51699",0.186315965057496
"153918",0.186315735845618
"3628",0.186315674799906
"105369574",0.186315655472702
"481",0.186315412573001
"191",0.186315157929053
"9333",0.186314848400877
"1462",0.186314828112935
"6619",0.186314674095032
"404220",0.186314591529173
"1415",0.18631430544049
"5551",0.186314302645678
"64798",0.186314205260039
"346562",0.186313770039964
"344065",0.186313757307194
"55120",0.186313547326732
"165679",0.186313384866494
"51286",0.186096969354508
"107984992",0.185988065413384
"5732",0.185547073463378
"23666",0.185475931164246
"1649",0.18542715702578
"342732",0.185021893323044
"326341",0.184712550976588
"51318",0.183477315116956
"1436",0.183476727994479
"6016",0.183476407323201
"51458",0.183476123550031
"1380",0.183475534354351
"25870",0.182635700192027
"6336",0.182144441688219
"84634",0.18213920187481
"7004",0.181264454959049
"105375679",0.181248566112366
"576",0.181149074554608
"100873908",0.180833853894626
"105371807",0.180702129167156
"2956",0.180356635518321
"3062",0.179620743222743
"10786",0.17899726980967
"285242",0.178926164633601
"645323",0.178795071764555
"54994",0.178346759644923
"83643",0.178343739565402
"81929",0.178300112611374
"8911",0.177769189426814
"100132673",0.177706083172218
"100506885",0.177499894288676
"388611",0.177181723949704
"127",0.176668408629476
"63917",0.175481248658729
"9356",0.175187179444947
"53339",0.174748057701848
"7006",0.174747439893692
"4697",0.174747144356678
"143630",0.174746941382951
"22858",0.17474630271395
"57653",0.174746145424635
"8795",0.174745840955742
"100270834",0.173230050491668
"2528",0.173079391990577
"8394",0.173079292198316
"693208",0.173079286056468
"5921",0.173078603939452
"79568",0.173078227492272
"387742",0.173078135252483
"5073",0.173078110091082
"1540",0.173078007963144
"93081",0.173077917637196
"11227",0.173077738873838
"390245",0.173077191004443
"25943",0.173077108546094
"57471",0.173076796860233
"339290",0.17307621055967
"388701",0.173076077983072
"59338",0.173075852058145
"677818",0.173074766719093
"115399",0.172782116141242
"26220",0.172343526489503
"693202",0.172061334744956
"51552",0.171721951478358
"4756",0.171469797985923
"2103",0.171239756885389
"55964",0.170547607742678
"7984",0.170241951333068
"650368",0.17024143190461
"100289635",0.17024128215271
"6328",0.170241141223589
"206412",0.170240710651326
"11169",0.170239643043843
"5190",0.17023855387299
"196415",0.169696783682228
"4340",0.169682066242357
"114984",0.168642632383586
"682",0.168273982878173
"130453475",0.16758922838075
"3671",0.167321383360006
"1084",0.165989047426146
"83983",0.165393687773476
"286262",0.164373317156007
"387263",0.16401830821866
"101926892",0.16385855651511
"5187",0.162668083417036
"7686",0.162053773398215
"56934",0.161821440215482
"85313",0.161813381632469
"53842",0.161813192248391
"90271",0.161812618219173
"3000",0.161812574299289
"55319",0.161550243735698
"80178",0.161260140311021
"440350",0.160945211240216
"57661",0.160230535924318
"84102",0.159772061377426
"1879",0.159484377498333
"5045",0.15948436189736
"101928583",0.159483999160153
"57720",0.159483978444173
"645212",0.159483977894755
"963",0.159483783416167
"100271306",0.159482717353853
"5571",0.159482697333525
"2247",0.159482567970647
"100874028",0.159482523045394
"9690",0.159482320437349
"51752",0.15948225732726
"392557",0.159458549494473
"100302178",0.159159713867993
"124901407",0.159027453392958
"100874198",0.158762766571793
"5802",0.158708720268051
"6659",0.158289257234479
"106480951",0.157892364136083
"105377795",0.157720635633479
"110841583",0.157387914786391
"971",0.157250138845322
"317762",0.157166357738314
"23729",0.157066530737451
"100507462",0.156892980782703
"105377166",0.156803917865925
"134728",0.156337384858196
"83546",0.156037677901849
"283871",0.155787467906884
"100302167",0.15466854212874
"154790",0.154509747837978
"339201",0.153539025457722
"55182",0.153289255530835
"54084",0.153190863121875
"759",0.153109732908562
"121054",0.152759623278186
"94163",0.152756202603231
"26032",0.152733936593325
"124903137",0.152598878166125
"83595",0.152418106815955
"441204",0.151617361494923
"124902060",0.150781347368068
"389362",0.150612662226253
"730098",0.150434802761838
"7260",0.150348720630533
"11273",0.149475775028
"2961",0.148985860822658
"50616",0.148984436709025
"4287",0.147994897918178
"4909",0.147581288216311
"57688",0.147424043116908
"90410",0.147186915623499
"5412",0.146864148561989
"162333",0.146773030106251
"3980",0.14658797797719
"53342",0.146063731434767
"26027",0.145910714157091
"106479325",0.144790101031148
"101927034",0.143474411392
"91768",0.143050433374538
"83855",0.142626313984362
"9235",0.142584636172406
"390205",0.142206474278451
"282808",0.141997998070303
"55001",0.141706881390307
"2974",0.141097261885629
"402229",0.140968943597288
"285973",0.140609626094061
"5954",0.140412564733111
"9108",0.139668572897492
"105378810",0.138754782547573
"105379418",0.138403367521815
"338328",0.13809726135792
"100286997",0.137666165191499
"401827",0.137202047856966
"388585",0.136932402354717
"90196",0.13645568183896
"26289",0.135576014314335
"613",0.135279791490972
"64928",0.134836852978839
"23283",0.134755048534394
"6539",0.134742140125529
"55664",0.134263864447584
"100130881",0.133273196489046
"374868",0.133159733032468
"124901447",0.133111795065591
"125467750",0.132786309053223
"197342",0.132701739111603
"4255",0.132576575640328
"64782",0.132542490650118
"9221",0.132291576612465
"11252",0.132084831832499
"100874323",0.13194192679292
"63947",0.12964518997991
"126811",0.129234773679932
"285180",0.129086935297884
"100131012",0.128447047525851
"114108587",0.128445962416839
"646643",0.128417352780289
"100271169",0.128380305781164
"106480484",0.128211023976737
"27200",0.127994397872941
"1112",0.127471451484319
"106481627",0.125950365528918
"90871",0.125934259196736
"8302",0.125411157866535
"255758",0.125152466675592
"102724015",0.125049402790123
"115290",0.124037072161877
"131544",0.12327230749259
"728239",0.122321164718261
"9980",0.122183847099771
"101928509",0.121479807225053
"2852",0.120957575465157
"8798",0.120498522632421
"10621",0.120495818146038
"113177",0.120132163459957
"1968",0.119593141321326
"101928304",0.118380619441341
"151534",0.118253526934376
"84705",0.11800174049096
"3808",0.117765009395743
"55628",0.117413662511197
"107986163",0.117192049595204
"3566",0.116652855792033
"125704",0.116377564944599
"642569",0.115905268963534
"353299",0.115708681329334
"55379",0.115633188569053
"127074",0.11529502016163
"1807",0.11529438595183
"113201",0.115292405706867
"343169",0.115292350979341
"387119",0.115292323961332
"51351",0.115292294688153
"79736",0.114769909417436
"100271003",0.114715401789916
"100271071",0.114520516409659
"390271",0.113418396796587
"81622",0.112442713671656
"100422334",0.112279512758053
"100270910",0.110563797263103
"101927204",0.110363337342074
"155382",0.110279266892949
"105371450",0.11004691700333
"100126355",0.109273824136276
"58190",0.109095927678581
"391706",0.108933788764269
"170960",0.108851008766741
"100505753",0.108319688801329
"101929308",0.108258013895018
"619457",0.108063817748695
"642799",0.10806139383466
"79982",0.107858654806376
"101927249",0.107708062322811
"84056",0.107496914967898
"104355152",0.107495409461562
"11016",0.107495026368616
"2073",0.10749466173087
"403273",0.107074990601132
"494325",0.107059567495237
"84126",0.107006371069202
"10531",0.106736318969628
"106480459",0.106510553898795
"379007",0.106301993845526
"79946",0.106035552201323
"390197",0.105997867204051
"5890",0.105813163828501
"404785",0.105812258461622
"122416",0.105491224159524
"26533",0.105205949231239
"102724719",0.105053744836732
"105371722",0.104913932759977
"107075153",0.104543766212754
"65083",0.104230173946235
"644994",0.104137098580674
"101928007",0.103855998718562
"128710",0.103724829564625
"55034",0.102554188711429
"79720",0.102553530064056
"9079",0.102553360715906
"644522",0.102553207580353
"93622",0.101833348428472
"9806",0.101781506668389
"101928476",0.101075550326582
"83723",0.100894053951123
"8362",0.100679655878503
"221477",0.100679557345713
"389634",0.100679532662877
"10129",0.100679497268868
"100506963",0.100679455741514
"123207",0.100679210102374
"81491",0.100678944078044
"9129",0.100678625671751
"642587",0.10067777868823
"114655",0.100415538474966
"390872",0.100281961689065
"105372061",0.100205768844322
"221223",0.100136558101646
"5676",0.0999173027607982
"100131980",0.0998863575920657
"9819",0.0993149272993389
"7756",0.0992334294640523
"124904047",0.0991822214939578
"55815",0.0990879043092666
"284196",0.0988278020900737
"9636",0.0983864251567571
"5754",0.0979355739905465
"450208",0.0979233597440542
"3889",0.0979213960407481
"9253",0.0958270902348018
"221491",0.0953918866642446
"338398",0.0951227303338419
"6279",0.0943294848919469
"100418747",0.0942156309170096
"27173",0.0941062365666804
"283383",0.0934925002533436
"1602",0.0934602617258637
"100873245",0.0932701281457493
"78989",0.0931826439996186
"3311",0.0930803215785522
"100302276",0.093001008860231
"56156",0.0926277630161299
"60314",0.0925424986828445
"255057",0.0925238222475692
"4175",0.090191540113565
"6729",0.0901913629596017
"326624",0.0901913173087258
"7270",0.0901909111763877
"57706",0.0901908450074827
"8886",0.0901908078185523
"5565",0.0901904875365837
"101928288",0.0901902950026684
"5349",0.0901900243756136
"11226",0.0901898812853757
"4953",0.0901897190699904
"56107",0.0901897060464721
"56124",0.0901893230561633
"3821",0.090189105471222
"199777",0.09018902570337
"143098",0.090189008628718
"5917",0.0901883644709193
"55559",0.0897011574829861
"152687",0.0896298913864935
"7743",0.0896284127350804
"6001",0.0896260751106684
"392281",0.0894318737872551
"26099",0.0888682321455788
"100421154",0.0884121928746141
"722",0.0877039551211583
"154661",0.0875155966314846
"51083",0.0873989518403517
"8612",0.087038725027014
"101929425",0.086374336327601
"10871",0.0854549827362692
"253980",0.0848433426935837
"101805492",0.0847825911101215
"84924",0.0844191893147437
"285598",0.0843482642110345
"100996301",0.0842285092540785
"100533107",0.0841396726427744
"105372480",0.0833611754874661
"2768",0.0833511296474812
"386675",0.0826896307988691
"101929059",0.0820992949053718
"100126349",0.0806114953045444
"91828",0.0803583534832305
"4762",0.0798533441343352
"124900527",0.0798464559232025
"54108",0.0795517742694258
"390671",0.0793993123174023
"118881",0.0792873320483966
"644907",0.0780715973958051
"643418",0.0780701405016687
"2009",0.0780694725451675
"28449",0.0780694267007068
"347273",0.0780693665800073
"677780",0.0780688823094613
"55374",0.077776397468225
"57104",0.0776041399499085
"3002",0.0773518585962307
"6977",0.0773513795597558
"65983",0.0773513640119147
"10042",0.0773509668382632
"100033435",0.0773503207734932
"89978",0.0773497474709486
"100270889",0.077348973289914
"138234",0.0769582666996421
"9054",0.0765716473272012
"390441",0.0764672799793188
"91937",0.0760239732121419
"85479",0.0758326046767337
"107986550",0.0754096572149643
"55924",0.0748023077552107
"104533120",0.0746675424141706
"100271173",0.0741439848865949
"102466724",0.073486473795321
"57559",0.0729746049561066
"3360",0.0729732511121954
"105371773",0.0729727953772664
"10965",0.0729724067533565
"11174",0.0729712430914186
"101928062",0.0727023694237755
"2200",0.0722462340489046
"100420050",0.0707416429992044
"4993",0.0701918446424738
"326317",0.0694214295246536
"124901065",0.0681599542405341
"266675",0.068095749423451
"442721",0.0675508513315897
"51275",0.0671297427931921
"8690",0.066188020499037
"5586",0.0661872863211895
"109617009",0.0661871884898267
"79631",0.0661869574581338
"107987295",0.066186817994292
"118924",0.0661867314999122
"10207",0.0661866210248781
"25782",0.066186318419731
"100873796",0.0659375211288561
"134121",0.0658628269201255
"100288122",0.0653942684155001
"976",0.0653843899862776
"140691",0.0649988430747969
"5080",0.0644844762894961
"55527",0.0640829084299454
"2637",0.0640278713786663
"53916",0.0637318263629377
"3875",0.0636318573888783
"51202",0.0636317158450833
"7375",0.0636316816371852
"345275",0.0636316563981235
"57711",0.0636313346572274
"246777",0.0636308572869962
"84631",0.0636308025185303
"130355",0.0636306680937299
"203259",0.063630218181923
"23357",0.0636301231153154
"4124",0.0636292570248584
"9295",0.0636289727940773
"909",0.0636281408491071
"3931",0.063397107253353
"64132",0.0631695433466003
"56243",0.0625521063988138
"55721",0.0624107488520496
"378881",0.0621750513209374
"6158",0.0618942395108694
"11033",0.0618919967021641
"3026",0.061564013936424
"1831",0.0612963881151781
"124900758",0.0612879571473153
"440013",0.0608407820502487
"79849",0.0606307357159729
"9486",0.060576205393897
"729384",0.0601073255700696
"10331",0.0600012731575902
"133584",0.0599330346170535
"100996631",0.0594701910258033
"388531",0.0593566979203664
"5875",0.0593422008351195
"124903416",0.0590910173053117
"57722",0.0586349914874329
"105372564",0.0581452866183267
"120071",0.0581303643550328
"286075",0.0577274881564453
"121006",0.0572838570982186
"102724159",0.0572662154491258
"834",0.0572657597359412
"105378763",0.0563222792463151
"8989",0.0560719466090285
"26492",0.0558349931014165
"105369723",0.0554767828202346
"54887",0.0549144357037052
"64326",0.0549114760001116
"23348",0.0544856445964332
"109729181",0.0544854985668823
"9464",0.0544850553099584
"2581",0.0544848812583267
"254394",0.054484544494351
"100420869",0.0544841386499429
"9669",0.0544829803752954
"4068",0.0544829099081278
"8721",0.0544818002464387
"9414",0.0541484321410705
"988",0.0541476669919022
"84935",0.0535998270675394
"84106",0.053516747043558
"28457",0.0533210040619091
"100033433",0.0530786727974858
"84978",0.0516893709820073
"359780",0.050466877786909
"27089",0.0503814380636075
"83604",0.0503348753531024
"85349",0.0499619804516903
"84100",0.0499617952425771
"79856",0.0499613213266771
"5201",0.0499612370154012
"128338",0.0499607595569253
"10102",0.0499603807941332
"8525",0.0499597448125786
"57118",0.0495945475118156
"50624",0.0489797157028152
"1047",0.0485888587066278
"414245",0.0481357630701825
"8609",0.0473457595955476
"5442",0.047343206542387
"7464",0.0472210815727452
"100505771",0.046912148709597
"389493",0.0465648992917317
"441864",0.0463576235057841
"7307",0.0462796378490441
"107985433",0.0451287558938828
"158056",0.0450101705730798
"440163",0.0448234621791164
"26043",0.0433058980863714
"29070",0.0428109016574977
"8803",0.0426018044158261
"57590",0.0418689652129542
"10602",0.0414917972565146
"6430",0.0398876463189317
"6531",0.0394984421617968
"28604",0.0393284245809786
"100128054",0.0390384789233523
"29101",0.0387737756692808
"100873565",0.0380825139855564
"79786",0.0380781039757361
"221143",0.0380776861915563
"79090",0.0380773323879421
"2813",0.0379096671683248
"149345",0.0377137075866837
"348262",0.0376471379744169
"84875",0.0373756892944134
"101928188",0.0364729481590413
"5290",0.0362921239818311
"221545",0.0356987318695929
"101929074",0.0355415898534356
"390886",0.0349099475841799
"120793",0.0342104949829803
"571",0.0341003528732635
"147495",0.0337633307795999
"8686",0.0337216046891573
"105373289",0.033455602316735
"84300",0.0328427557552523
"152877",0.0328082201479731
"540",0.0327591414717363
"7546",0.032675285854846
"4121",0.0322885104389323
"100506779",0.0322426897649664
"112268198",0.0316391068476834
"79031",0.0293335830742391
"10352",0.0287114769383829
"107075141",0.0279898033612356
"1943",0.0278388683888713
"109729127",0.0262861186835874
"101928834",0.02628315956523
"3281",0.0262823099980394
"9447",0.0262802091112197
"100422287",0.0256162657181071
"144125",0.0245668457181467
"100420100",0.0242185620704103
"55320",0.0231476600086791
"1994",0.0231469543162847
"79159",0.0231468191009907
"1130",0.023146381910535
"81846",0.0228099315895082
"147746",0.0227509188496498
"57505",0.0227478033278009
"81792",0.0221762754632228
"55365",0.0219464542113763
"28717",0.0217558060380921
"84708",0.0217549803189611
"23732",0.0217547888906625
"100129061",0.0217539240348805
"22820",0.0217523132321165
"10410",0.021153306259725
"730213",0.0205819175396164
"79616",0.0203175137567243
"101101775",0.0197474287477109
"2753",0.0193765973883076
"340094",0.0190330096294781
"645354",0.018324929860612
"92507",0.0169712459477772
"79953",0.0169633128634357
"100507283",0.0160205594692487
"1917",0.0160086091588657
"3054",0.0159830687265571
"284525",0.0157687220166175
"326276",0.0152154874836659
"105379271",0.0145807433953694
"699",0.0145784928409375
"113802",0.0145777708833079
"56475",0.0141058519445042
"9684",0.0136108371564958
"6901",0.0127020480116391
"139716",0.012201187898997
"105369423",0.0120885947786096
"10123",0.012039390179272
"127435",0.0119770978738793
"112268419",0.0115922221855697
"162968",0.0115916069560723
"100996442",0.0115914608562733
"101927141",0.0115911321471914
"57572",0.011591088591497
"54890",0.0115902249802788
"100422690",0.00956639463555722
"80820",0.00955338761884182
"729533",0.00948773342936482
"121260",0.00861386737007783
"1501",0.00776114450815419
"100271627",0.00769441349414961
"144100",0.00731821873264133
"222962",0.00720720704176824
"9802",0.00682248497936152
"100507458",0.00621692900745383
"84942",0.00584156604464231
"100033450",0.00576261845534933
"10285",0.00520218793282738
"6506",0.00510320369852988
"645996",0.00488615843264171
"10787",0.00458116529844675
"55715",0.00427278468290351
"100126314",0.0035543194802376
"146923",0.00335839839069507
"5935",0.00296078690412277
"54896",0.00296059751565312
"346157",0.00296034686148163
"80209",0.00295948975917317
"202865",0.00201363352548055
"3558",0.00164845006600339
"6337",0.00132851272126275
"8428",0.00117175649261626
"441150",0.000828178449279688
"101928033",0.000740734336124603
"124446",0.000385267760946411
"65125",0.000103074302127358
"79944",0.000102848663343533
"124904135",0.00010193685972236
"23405",0.000101689566306467
"836",0.000101429964952179
"3034",0.000100454778187271
"57587",0.000100312546385287
"84525",0.000100239805478568
"100505881",9.955864498821e-05
"138162",9.95488657361891e-05
"4686",9.90139911709368e-05
"59274",-2.16062816478401e-05
"105379152",-0.000368534349665998
"8477",-0.00098771470098363
"5452",-0.00150376701663494
"51473",-0.00159637768386906
"641311",-0.00201205981622851
"201140",-0.00219288014515414
"340274",-0.00282934024092306
"6490",-0.00306320266450634
"105370227",-0.00355494837505791
"8540",-0.00358208822579552
"728741",-0.00358237234848543
"164395",-0.00367519358410593
"54919",-0.00398446483120622
"84674",-0.0044283612875101
"101927350",-0.00555771741294475
"93100",-0.00558500489334508
"27240",-0.00589650138770789
"677842",-0.00738904922639823
"51263",-0.00756553123481219
"5902",-0.00823572259743073
"400224",-0.00823747988511241
"11083",-0.00835046219784723
"728361",-0.00856184967365655
"11232",-0.00856926166071325
"153527",-0.00856950305894376
"26707",-0.00857107909412899
"440905",-0.00873222458831896
"8625",-0.00926652017224348
"23040",-0.00931557188028218
"100271384",-0.00975916352873563
"5098",-0.00976616459402786
"643167",-0.0104838202321528
"57402",-0.010660453750408
"110806280",-0.0106973102110093
"2187",-0.0113758592801504
"10652",-0.0113761561846456
"8519",-0.0113762725846728
"645202",-0.0113763812490096
"101735302",-0.0113764567282409
"54941",-0.0113767600434024
"3437",-0.0113768416199417
"7262",-0.0113770142906162
"100128637",-0.0113773929644459
"100271374",-0.0113774356738186
"26112",-0.0113775560926631
"55312",-0.0113775910275777
"9088",-0.0114527451184967
"27350",-0.0114530590434578
"100526767",-0.012284632202201
"116435299",-0.012719215099313
"105378325",-0.0127892242397145
"56548",-0.0129169608722326
"3487",-0.0132712612624381
"51533",-0.0136113948312096
"51735",-0.0136126265667942
"106660610",-0.0136139810062545
"79015",-0.0137066155401859
"9546",-0.0150071662818165
"4317",-0.0153651754887396
"25820",-0.0163734866468685
"4036",-0.0166782940422405
"105370000",-0.0168745780424074
"8089",-0.016998463358289
"4324",-0.0174754762347178
"729277",-0.0184759218667285
"5800",-0.0188901243306821
"9340",-0.0195402849099687
"143686",-0.0200165293311673
"407977",-0.0200169585343414
"767593",-0.0200179990593432
"84867",-0.0200183899480453
"3751",-0.0202888658302426
"3081",-0.0204825274348505
"100505592",-0.0229249120340699
"51004",-0.0229253206099681
"5523",-0.0229254606673136
"6814",-0.0229255325282522
"10016",-0.02292555755992
"113246",-0.0229268110802138
"3431",-0.0229270189460678
"57530",-0.0229270802253436
"90625",-0.0229276241532988
"140687",-0.0230458024604352
"106481075",-0.0237632405771014
"3777",-0.0241424873584956
"9378",-0.0244272631677811
"105371455",-0.024428255709821
"949",-0.0248903248422992
"6716",-0.0253273452237056
"401089",-0.0254804438917353
"343326",-0.0255377115050552
"400804",-0.0256923269681795
"391171",-0.0261517034380145
"124902324",-0.0267734897523849
"57412",-0.0267737927448553
"56271",-0.0267738595903663
"56929",-0.0267741252013578
"746",-0.0267742217960534
"322",-0.026774347984779
"119385",-0.0267743804500237
"102724940",-0.0267744350130793
"55035",-0.0267744822623819
"3157",-0.0267746262006633
"11147",-0.0267765183815458
"391126",-0.0270287030348086
"127406",-0.0270728560846227
"200162",-0.0280474969048111
"80052",-0.0280923538884263
"100129129",-0.0281990531547492
"57470",-0.0282233755567145
"65266",-0.0284690625234894
"4245",-0.0308708370563695
"101927152",-0.031231788748255
"313",-0.0313791334306071
"112885",-0.0317451392770785
"55388",-0.032132833071962
"729767",-0.0339351440377582
"1004",-0.0340546746863878
"442429",-0.0347573152232855
"10548",-0.0347891594224307
"4283",-0.0347895048404121
"285346",-0.0347901566906951
"85019",-0.0347904024015118
"54982",-0.0347905986193041
"80759",-0.0347907123935119
"79750",-0.0347915187184693
"107985892",-0.0351282452812392
"28992",-0.0351671310679431
"7054",-0.0358487911151345
"3172",-0.0359675617692154
"392391",-0.0363181584191546
"101928844",-0.0373745706530689
"163702",-0.0380166452243838
"105376409",-0.0385514578027172
"10607",-0.0400390789493426
"6389",-0.0402964064024648
"646693",-0.0414865855488196
"2117",-0.0415793060032137
"388011",-0.0426590034928802
"91404",-0.0426595264685085
"197135",-0.0426793783471607
"92591",-0.0428858680324797
"85294",-0.0430839650225133
"101928174",-0.0438379621955498
"283149",-0.0439203660913469
"29954",-0.0442037093265254
"144448",-0.0445512229960031
"417",-0.0448549219241357
"134826889",-0.0454069538220951
"101927715",-0.0458576957178343
"107984098",-0.0468342918386452
"105374644",-0.0472072331236765
"124900697",-0.0472849618886392
"9493",-0.0473986132526766
"388344",-0.0481075099085631
"9736",-0.0484747133659748
"100506801",-0.0487191574167418
"1267",-0.048744503967211
"3257",-0.0488217547688716
"27063",-0.049162309869304
"6163",-0.0493014628421482
"80324",-0.0495486612514497
"284260",-0.0496090517697931
"100033414",-0.0496253750822688
"94059",-0.0498085640034232
"8853",-0.0498091499706353
"340654",-0.0498098606013059
"100129277",-0.0502216078931322
"284546",-0.0505673234972602
"79811",-0.0508210198511036
"5792",-0.0514702494685195
"79161",-0.0516604429665133
"100169766",-0.0520911921513152
"30833",-0.0524493602550837
"28823",-0.0525378203543371
"200933",-0.0525713449633663
"345222",-0.0528975307339429
"283767",-0.0531762926780815
"124411",-0.0532208314109836
"26085",-0.053476258492314
"8091",-0.0537943765293721
"6974",-0.0543651231032203
"26165",-0.0543651791539673
"100294145",-0.0545858886366164
"79685",-0.0549420071567649
"126536",-0.0554223655389403
"221150",-0.0557502699165121
"56850",-0.0558727473422427
"105372069",-0.057215216264972
"55739",-0.0572216322352514
"79034",-0.0581993611640656
"105378660",-0.0581999241029372
"101929634",-0.0585383081679266
"339897",-0.0598021358547529
"54915",-0.0598069747864533
"2972",-0.0598091102452825
"730255",-0.0601086499545642
"113523639",-0.0603328536220053
"23457",-0.0618716705115082
"28737",-0.061872448024888
"729799",-0.0619122977382796
"2177",-0.0619130330100839
"28957",-0.0637987462868974
"105370525",-0.0647156303895591
"9692",-0.0655980856491817
"400673",-0.0657034045920916
"9241",-0.0658378083133962
"84282",-0.0695355717563076
"339665",-0.070212522187093
"105371458",-0.0711705674672159
"90853",-0.0723189894849205
"101927245",-0.0728723939746613
"5030",-0.0730959208364736
"116379",-0.0731703482271311
"283663",-0.073284506448554
"100131761",-0.0732853797485072
"51700",-0.0732855428646274
"391647",-0.0732855744503478
"83982",-0.0732856300027744
"54491",-0.0732863909324171
"64768",-0.0748069850445335
"79133",-0.0748748609280906
"27440",-0.0753387034439136
"92935",-0.075630525360093
"257415",-0.0756306009445685
"441263",-0.0756308356235978
"4017",-0.0767730337314662
"80380",-0.077973001529151
"6892",-0.0785096762799443
"101928230",-0.0785099830168229
"2898",-0.078595242132173
"105372397",-0.0787900792927851
"1473",-0.0796785742145074
"56181",-0.0822041788396322
"8913",-0.0823751456146334
"101927994",-0.0825197677876497
"4018",-0.0826875634265951
"10507",-0.0843264066492674
"54468",-0.0843271661939543
"11020",-0.0843276391997981
"1635",-0.0843281496919725
"9407",-0.0843286512461583
"405754",-0.0843288760636089
"11148",-0.0843289432059665
"280",-0.0843296780117823
"693158",-0.084329745099368
"51228",-0.0843300806540282
"4071",-0.0843302998086219
"124900282",-0.0845838150570218
"23511",-0.0851935410007488
"29893",-0.0852597192203024
"84622",-0.0852606040844776
"8578",-0.0854760093650167
"139081",-0.0860896793501433
"283796",-0.0866015890313388
"106479130",-0.0868681802264188
"4093",-0.0871899514319198
"25819",-0.0872799106530377
"1312",-0.0874845998186681
"283807",-0.0875323887044744
"100271052",-0.0876692455867429
"9721",-0.0888597886357273
"7125",-0.0893149490795048
"643812",-0.0897804162031864
"51304",-0.0904434286226066
"119695",-0.0904729180234325
"100507500",-0.0907230649260098
"401563",-0.0907992968063474
"57007",-0.0911609830416977
"643677",-0.0914810554861216
"326292",-0.0918512320763645
"107985181",-0.0931297314272682
"9343",-0.0933898717837536
"10603",-0.0937645569601811
"220164",-0.0941794611516255
"641613",-0.0951416855533787
"8668",-0.095142119571545
"23049",-0.0951427873487983
"56180",-0.0951429038148236
"100132534",-0.0951431924265363
"136895",-0.0951433990350266
"80146",-0.095143525072259
"115891964",-0.0951437494937627
"8354",-0.0951437985138755
"644820",-0.0951439852647027
"146183",-0.0951457238402249
"390218",-0.0956631444195714
"56097",-0.0957470557001887
"54704",-0.0958056049778026
"285423",-0.0958059154536676
"27068",-0.0958066695483619
"100129060",-0.0958069266548654
"259285",-0.095806965661182
"54708",-0.0958085391184338
"25813",-0.0958087401174405
"144577",-0.0961294989203791
"101928154",-0.0965097719930392
"101928940",-0.097753587639077
"54549",-0.0978036565854188
"644937",-0.0986795475505135
"55212",-0.0989994393751592
"54716",-0.0993022110411741
"340460",-0.0993187374354901
"220965",-0.100287203968118
"100421533",-0.100445936518119
"93109",-0.10255277397353
"503637",-0.102943603287233
"80308",-0.103258348118291
"65057",-0.103402118126384
"259173",-0.103594669291314
"100128494",-0.104980603736345
"8693",-0.105093205286291
"222256",-0.105580819476984
"4089",-0.105766432447697
"388559",-0.105768384008297
"158234",-0.105768698154705
"8841",-0.105769550298649
"56649",-0.105769684626134
"7059",-0.10576981411407
"2909",-0.105770407714997
"109617023",-0.105770589245453
"492307",-0.105770629992879
"51447",-0.105771338023484
"8224",-0.106570937487674
"266971",-0.106828826896597
"106481735",-0.106944980243732
"29127",-0.106945975142779
"4704",-0.106946080617136
"55288",-0.106946186636125
"79696",-0.106946358896212
"645784",-0.106946591033242
"55274",-0.106947006114107
"28567",-0.106947441848375
"51109",-0.106947868902484
"648000",-0.106947924126837
"6643",-0.106948158097
"1069",-0.107534534331244
"58496",-0.107697295237799
"64399",-0.107835186237801
"728379",-0.108997884878749
"6538",-0.109296438105861
"128821",-0.110227433708024
"28676",-0.110285439698066
"106480234",-0.110445687015832
"389208",-0.110534767046886
"105375653",-0.110624236569218
"10195",-0.110832529667568
"145370",-0.111114423449318
"51806",-0.111482166003927
"9283",-0.111632749038044
"54865",-0.11183234553012
"3195",-0.112262290734876
"80018",-0.112263366818399
"55125",-0.112263632937258
"5336",-0.112264384919321
"158747",-0.112264581499841
"79815",-0.112265528488991
"1562",-0.112451071085636
"10452",-0.112638112489284
"84103",-0.113318309697362
"105378644",-0.113572414566157
"84818",-0.113678987621415
"107987165",-0.113827085739347
"10560",-0.113891224734831
"51605",-0.113940218015968
"5296",-0.114076627410846
"100128258",-0.1141764731701
"100131846",-0.114310774385626
"729059",-0.114374703027303
"83590",-0.114416317352021
"100126308",-0.114878251361477
"89866",-0.114977282758637
"5028",-0.115459006417492
"10726",-0.116178405419875
"57061",-0.116278644004186
"219464",-0.116682715409558
"102724714",-0.117463938046855
"2785",-0.117834034398792
"115253422",-0.118745578207879
"129831",-0.118746067618124
"79077",-0.118746076715501
"284307",-0.118746354685124
"122589",-0.118747176154109
"64359",-0.118747213698982
"1998",-0.118747462148595
"94056",-0.118747610919406
"100505549",-0.118747685908373
"84148",-0.118747734276739
"10140",-0.118747825709537
"25849",-0.118747840405756
"51087",-0.118748959770836
"6910",-0.118749157089134
"2339",-0.118914384601784
"54106",-0.119153556642929
"658",-0.119323127512671
"92104",-0.1193240936821
"23029",-0.119324145696077
"3161",-0.119324367481557
"26521",-0.119324476355493
"117981788",-0.119324721959005
"165055",-0.119325259740472
"6373",-0.119326264752569
"10983",-0.119326284595332
"8674",-0.119326846727504
"23432",-0.119565840958386
"101928988",-0.120365752600945
"3939",-0.120491018912979
"6232",-0.121237538368007
"10519",-0.12251625779975
"10737",-0.12253203734293
"100129461",-0.123813249554431
"442723",-0.124365800311178
"245812",-0.124738870147756
"23513",-0.124799550923464
"6150",-0.12492177832329
"6833",-0.124963661011419
"10949",-0.125206051234948
"7349",-0.125345719678787
"101928158",-0.12535296721231
"28750",-0.126271389210657
"3553",-0.126272091626721
"23321",-0.12660580966709
"100131089",-0.127040493704229
"79675",-0.127474732009336
"283579",-0.127597440932795
"100271549",-0.127680901684501
"27315",-0.127716878379445
"3225",-0.128291211221331
"2280",-0.128414821422875
"654320",-0.128670143149398
"126133",-0.12925321347559
"28609",-0.129364547399396
"653658",-0.129365474805415
"113174",-0.129365920841683
"8945",-0.129366492153031
"106480492",-0.13011631495178
"800",-0.13021185362707
"29896",-0.130224794611229
"146177",-0.130717507596614
"54629",-0.130863242039184
"23190",-0.131092569750962
"10228",-0.131280415850797
"5372",-0.131972166668938
"100294720",-0.132777623496172
"100129180",-0.132933732700141
"6101",-0.133276249677009
"5721",-0.133460341278515
"112268124",-0.133479327120755
"1145",-0.134667759265267
"100506939",-0.135217656783029
"121232370",-0.13550554208849
"146433",-0.135640871892339
"105377007",-0.135714664524748
"114134",-0.136209251456264
"8576",-0.136210473004922
"102724715",-0.136235457552495
"51466",-0.136480085095387
"146723",-0.136797771947299
"10319",-0.138344024895368
"9568",-0.138816915326823
"29980",-0.139131832863655
"2893",-0.139283250023758
"2016",-0.139587809941577
"144097",-0.139889066241584
"28417",-0.139915626791486
"106481844",-0.140224081061214
"105373368",-0.140412944507494
"344866",-0.140774498892749
"3228",-0.141157088424633
"729301",-0.141508806763952
"367",-0.141895310029524
"140680",-0.142699433791521
"9951",-0.142801671895484
"285311",-0.142953571786235
"5680",-0.143728427023385
"107984757",-0.143959047718357
"4099",-0.144782836488178
"116729",-0.145426061271822
"6310",-0.145537630480534
"339881",-0.14594931817421
"54955",-0.146302210939598
"441521",-0.146691347661225
"79939",-0.146712065522687
"81577",-0.146743541273303
"101929423",-0.147009554486198
"80343",-0.147254617635391
"84817",-0.147322878974384
"5031",-0.147522800441919
"106480729",-0.148122793267982
"83876",-0.148123939849135
"23025",-0.148393018245459
"150356",-0.148614889529948
"105370737",-0.149614285118947
"25817",-0.149631119352494
"285205",-0.150229926673869
"6634",-0.150389521024881
"137872",-0.150390602845911
"51311",-0.150391433146075
"23759",-0.151189542094649
"28521",-0.151451563419219
"255631",-0.152459689781034
"81857",-0.153088654008037
"102723564",-0.153871398876848
"122526780",-0.154332688196441
"112752",-0.154333136937854
"197320",-0.15433405235239
"729212",-0.154334691692633
"400945",-0.155309708463518
"143941",-0.155327004609717
"139818",-0.15547583214119
"9499",-0.155477308959309
"85439",-0.156555113697212
"441461",-0.156605196282128
"255043",-0.156813311961508
"8908",-0.157138555486287
"100033803",-0.157400900127809
"93654",-0.157983453801653
"221154",-0.158783417091573
"80017",-0.159028674438562
"6301",-0.15913479589905
"574432",-0.159681101399686
"55930",-0.160451848769983
"1613",-0.160474007738116
"84333",-0.160660175849784
"111",-0.160691475847023
"91369",-0.160769356231458
"124903142",-0.160795316920415
"1808",-0.160795571345884
"3151",-0.160795667724716
"153443",-0.160795748132765
"128439",-0.16079602372241
"84129",-0.160796276540544
"1138",-0.160796689537437
"253461",-0.16079691222095
"80174",-0.16129735848153
"100873852",-0.161454279527952
"5603",-0.161462637481101
"27344",-0.162168421898035
"91373",-0.162779577316088
"138799",-0.16336116319884
"23032",-0.164688416232807
"89122",-0.164689458515726
"57567",-0.164689793910747
"55013",-0.164690108549542
"10254",-0.164690118587594
"401541",-0.16469193294335
"319103",-0.165017681302587
"91561",-0.165198065078292
"56255",-0.166186686161571
"442215",-0.166306078707954
"81706",-0.166456829078632
"8452",-0.167400560645071
"90135",-0.167842442891139
"171568",-0.167906984539192
"121665",-0.168576675652442
"100420044",-0.168577534744109
"102723451",-0.16857802201229
"440689",-0.168578040665069
"347918",-0.168578333618881
"100630920",-0.168671387862999
"149603",-0.168947270274531
"9509",-0.169626738098297
"81328",-0.17025257204771
"80143",-0.171131917605877
"727677",-0.171133123380592
"26996",-0.171970560502892
"92749",-0.172388047158112
"64080",-0.173156356551684
"26689",-0.174695429527496
"10463",-0.174934834002165
"1318",-0.174934922221766
"4301",-0.174936356372747
"80762",-0.174937631119064
"643126",-0.175022124306721
"23163",-0.175145421362674
"106481059",-0.175335687120338
"10882",-0.176519951607301
"387597",-0.176643256791305
"28783",-0.176643561763038
"255743",-0.176643623153398
"122060",-0.176643989416871
"8808",-0.176644582646822
"101926907",-0.176645953193269
"105371899",-0.176780889290014
"387787",-0.177256403887728
"84826",-0.177733906858762
"161003",-0.177964022025331
"84944",-0.17871321165374
"6462",-0.179783269454533
"23031",-0.180543194860949
"3036",-0.180763544893387
"51246",-0.181314092590941
"10928",-0.181361410805864
"11130",-0.181398131536272
"26834",-0.181399665831733
"101929705",-0.182048643986211
"79652",-0.183012773431904
"10409",-0.183543844225234
"387718",-0.184161462750973
"60484",-0.184995501866264
"100271620",-0.185016387418509
"135293",-0.185125051164792
"11279",-0.185125463932122
"56256",-0.185125797417788
"912",-0.185125804839366
"1286",-0.185125817464693
"64763",-0.185126061875592
"723790",-0.185126066422597
"11197",-0.185127297654662
"139355231",-0.185127923880835
"348013",-0.185264709082871
"400892",-0.185324643314776
"326326",-0.185483742981517
"81693",-0.185608821441737
"127138861",-0.185811420739934
"83697",-0.185908822724012
"2232",-0.186430120410195
"8972",-0.186902956003722
"50486",-0.186903088025585
"2782",-0.186904470435444
"6453",-0.186904638812056
"2227",-0.186904932344051
"90411",-0.186905125789929
"55140",-0.186906850294009
"83756",-0.187107199576994
"4914",-0.187522634317323
"343413",-0.187924020910155
"4661",-0.18855265531477
"58489",-0.189114759445262
"345430",-0.189235818659137
"654391",-0.189829667879309
"126432",-0.189830596582231
"11062",-0.19047256276612
"55717",-0.190894564601802
"152225",-0.192508983917862
"4548",-0.192707783115841
"105370540",-0.192885105900125
"89765",-0.193300004148097
"10557",-0.193301185699109
"100874212",-0.193302389613101
"728169",-0.193338131040552
"402055",-0.193513992385178
"4041",-0.193560176959453
"100505478",-0.193692396838647
"1848",-0.194001780373478
"64240",-0.1942732238971
"128071545",-0.194279693894308
"79837",-0.195320633808078
"100421606",-0.195321723662071
"124989",-0.195321905485939
"347736",-0.195322092556676
"2034",-0.195322317009071
"83744",-0.195323225835032
"399818",-0.195324063910011
"90673",-0.196557539766945
"7695",-0.196705701856728
"100652748",-0.196807214431465
"219981",-0.196973169829298
"55007",-0.197025666795484
"440730",-0.197296326304574
"199974",-0.197745752206695
"647309",-0.198559783763385
"379",-0.198753870286735
"387755",-0.199009452014993
"101928517",-0.199307267479825
"348110",-0.199432879205747
"29889",-0.199552544142228
"100271558",-0.199552848503304
"23048",-0.199553384325326
"285051",-0.199554524039596
"642489",-0.199555655923065
"100033419",-0.199555755822245
"79738",-0.199556151211296
"392497",-0.200549528689498
"100507423",-0.201097860753151
"64418",-0.201728796710665
"1400",-0.202062264569612
"728378",-0.202168210494564
"79166",-0.202725294386788
"100505622",-0.204162319104663
"112488748",-0.204201947565265
"100874438",-0.205592462825151
"914",-0.205718364488244
"643001",-0.205718563471628
"4644",-0.205718803944988
"25896",-0.205718907276713
"28736",-0.205719260511501
"2820",-0.205719294081122
"116143",-0.205719480237755
"201501",-0.205856301713303
"347097",-0.206399289715614
"261734",-0.206429878155581
"56681",-0.207045827006326
"90525",-0.207951937977339
"4985",-0.208054374448367
"7203",-0.208100605601079
"102724651",-0.208267947489392
"283420",-0.20830931308134
"51691",-0.20830939069009
"219621",-0.208310963430722
"401944",-0.208374141006374
"221188",-0.208604060298349
"2843",-0.209623106564451
"57634",-0.210048009825375
"554282",-0.210343212803915
"6383",-0.210376478927569
"323",-0.211430506435942
"94031",-0.211570074068252
"285313",-0.211793204816667
"5174",-0.211793808496776
"23633",-0.211794093671317
"100419733",-0.211795393796077
"253260",-0.211795629188258
"57554",-0.212497512432952
"2150",-0.212842183465848
"84206",-0.212936331528309
"163404",-0.212973508982436
"101927419",-0.213941459865922
"10226",-0.214397160952205
"1153",-0.21446040758583
"100313914",-0.214591564987985
"101928781",-0.215054621276029
"84667",-0.215231287306314
"121364",-0.215715008313757
"2047",-0.216063893478761
"90527",-0.216510405053866
"55789",-0.216903571319572
"101929494",-0.217102960633039
"3004",-0.217986207530325
"57830",-0.218240448460055
"84168",-0.219521824517188
"6656",-0.219521994114734
"729250",-0.219593705461922
"101101773",-0.220188749356879
"2502",-0.220474330288542
"140823",-0.221077476667739
"54937",-0.221118594837798
"285641",-0.221324953094667
"100129407",-0.22249306111905
"390010",-0.222567244412639
"340017",-0.222721295450099
"283592",-0.222752503597469
"65988",-0.223112086878502
"678655",-0.223691483435263
"10007",-0.22373896472022
"339260",-0.224097058487069
"644809",-0.224535318588571
"619556",-0.224882468319892
"1269",-0.226120686139192
"100505687",-0.226329743867368
"645369",-0.226393091356817
"4148",-0.227251941863226
"527",-0.228104795115902
"100129611",-0.228442773668962
"106479146",-0.228582616478443
"160364",-0.22873993408547
"81544",-0.228832599063508
"101928865",-0.229039511984895
"728577",-0.229874600259603
"5464",-0.22987491100782
"566",-0.229894853753784
"401540",-0.230094520141842
"100131842",-0.23073975765216
"2125",-0.23125597108496
"102723895",-0.231708405482378
"144363",-0.232280801238675
"8835",-0.232318091685483
"59286",-0.232368048259992
"23604",-0.232368178688882
"84131",-0.233127500303157
"2091",-0.235064725417993
"3647",-0.235798517928852
"462",-0.23641893459645
"1001",-0.236482716353187
"55521",-0.237412232171458
"54996",-0.237644676489634
"84856",-0.237688345845862
"124900262",-0.23776695085278
"9246",-0.239087669175944
"7570",-0.23940931694088
"89801",-0.239509804124846
"10620",-0.239868681359295
"1188",-0.239869117214288
"79135",-0.24002606374725
"133121",-0.240113270290451
"84865",-0.240164803058715
"100505475",-0.24101965438635
"65243",-0.241145244514251
"10489",-0.241192093392973
"80727",-0.241294287645282
"59269",-0.241345304239911
"57172",-0.241495384986682
"100526693",-0.241967678494108
"57369",-0.242032047809198
"729532",-0.242465030087648
"111082976",-0.24252418943346
"57482",-0.243061513533698
"107075096",-0.243358451872535
"54925",-0.243969792709652
"158586",-0.243971594417501
"100302122",-0.244686423029909
"390327",-0.244959817906702
"100303728",-0.245004093058797
"23659",-0.245893826559612
"101928022",-0.246461154444228
"254173",-0.246655735186972
"643355",-0.247517449515129
"150",-0.248395723839652
"256471",-0.24964887457218
"55680",-0.249649005220761
"26092",-0.249650617015663
"100506776",-0.250293418342786
"8807",-0.250587067729108
"100506144",-0.250587120444216
"4999",-0.25058754109883
"84225",-0.250588633509638
"729236",-0.251082153786856
"105371672",-0.251231568373428
"6324",-0.251283361170113
"343171",-0.251902896534703
"105375523",-0.252034060683544
"401720",-0.253296696754003
"348174",-0.253344881108932
"106479626",-0.254020650203415
"2029",-0.254044152692871
"492",-0.254628412910741
"285150",-0.255501124463889
"51332",-0.255950234736699
"60401",-0.256023210988791
"3750",-0.256290124940539
"6194",-0.256335193271019
"333932",-0.256547029443789
"6011",-0.256589802534738
"100532732",-0.257417640961448
"23392",-0.257595421884157
"54986",-0.258110726052758
"107986313",-0.25826064340809
"9312",-0.259259960639256
"6529",-0.259260187691925
"6871",-0.259260389425801
"634",-0.259260980000036
"788",-0.259261200598916
"287",-0.25926134573543
"55726",-0.259261694348066
"392180",-0.259535861341545
"2738",-0.259645790811173
"389257",-0.260280936120159
"26090",-0.260281440279021
"100128355",-0.260281454637636
"9735",-0.260281564333208
"5782",-0.260281857658698
"162632",-0.260282059649146
"51495",-0.260282321399761
"114659",-0.260282469689191
"3617",-0.261244605048721
"101928381",-0.261376872289234
"7175",-0.261977269271892
"4117",-0.262111865812644
"22",-0.262112457277177
"24146",-0.262731053186821
"1340",-0.262743516324735
"645700",-0.262754021684045
"124902403",-0.263047870645245
"255411",-0.263579763523559
"55132",-0.263749742855958
"442232",-0.263750573628346
"162962",-0.263750877477502
"124901196",-0.263752886936156
"9034",-0.264028154912941
"128497",-0.264219255795572
"100421797",-0.265550203318589
"11266",-0.266647108920733
"6329",-0.266967498490083
"414212",-0.267544369237455
"79134",-0.267864051459624
"2195",-0.268317949122814
"7479",-0.268323954540052
"118568799",-0.268667437876273
"440027",-0.268716082750505
"54756",-0.268716297798602
"140576",-0.268716671119164
"55755",-0.268717823095618
"28738",-0.268718436371065
"956",-0.268718718331042
"91351",-0.268922425610191
"56904",-0.268925342917219
"28986",-0.269075368620781
"83481",-0.269286769568299
"693213",-0.269756603713271
"3163",-0.269762270362761
"4730",-0.269762895263873
"2182",-0.269764594422002
"28778",-0.269764741506973
"131578",-0.269765640175945
"80831",-0.270027551296656
"8799",-0.270230444674632
"9452",-0.270288212150706
"161829",-0.270288298032878
"100861540",-0.270288720038282
"51104",-0.270288981880319
"140461",-0.270289078276686
"64421",-0.270289384963904
"163859",-0.270289482083577
"3892",-0.270289567145221
"338321",-0.270289670129257
"2885",-0.270289743543492
"3077",-0.270289797417403
"56980",-0.270289855645244
"284800",-0.270290242572375
"84105",-0.270290703966616
"102723849",-0.270291014342151
"25859",-0.270367532928969
"301",-0.270568267720063
"51406",-0.270876507547691
"102724919",-0.270921551441404
"100422284",-0.271276946141512
"84693",-0.272568973280486
"2912",-0.272583300237154
"54346",-0.272890002796213
"203611",-0.274296783390842
"51160",-0.275677777572449
"11052",-0.275862028871624
"9583",-0.275862527289533
"202374",-0.275862723009454
"346950",-0.275862853838353
"8361",-0.275863019441888
"644029",-0.275863511217403
"338427",-0.276561490922238
"106479039",-0.27690931865823
"253264",-0.27695536853854
"199990",-0.277061590123543
"102723481",-0.277831825404978
"26589",-0.277970408415222
"100506475",-0.278338380364318
"647415",-0.279181625408231
"79541",-0.279364383821524
"340390",-0.279681195694124
"8556",-0.279756008290698
"1952",-0.279843637861943
"157693",-0.280203088287216
"117532",-0.280469808134192
"5764",-0.280470278838682
"405",-0.280470642842324
"11030",-0.280471668528596
"7159",-0.28047186311387
"7060",-0.280490050105491
"3371",-0.281194698583278
"2259",-0.281354575436158
"283038",-0.281354763205454
"292",-0.281354984471392
"2596",-0.281355441547623
"375791",-0.281952278134512
"23268",-0.282057525942778
"26330",-0.282619399991104
"146053",-0.282695307752611
"100287461",-0.28286265115275
"2058",-0.283400460372513
"54989",-0.283400818500287
"6338",-0.283689275202872
"6448",-0.283796269602834
"22983",-0.283953286140534
"767566",-0.284277740293632
"131566",-0.28436750067051
"90120",-0.284429536749591
"107986528",-0.284613036962076
"105378482",-0.285162243675869
"51146",-0.285226817430713
"223082",-0.285779350822281
"100271873",-0.285982941121579
"5584",-0.286775179601005
"406949",-0.286775967655743
"4008",-0.286776394538762
"100420200",-0.28677681011593
"6421",-0.287151231937611
"401022",-0.287430870757679
"124901391",-0.288810343279425
"100507303",-0.288903594287476
"150921",-0.289598061107459
"83759",-0.289941284625959
"84286",-0.290756319004133
"10544",-0.291671383550308
"10270",-0.291884692528543
"100289028",-0.291939267841377
"827",-0.292966900226206
"100131655",-0.293172800224709
"106480828",-0.293849773832265
"283171",-0.294086194277351
"6579",-0.294113861168758
"401393",-0.294194225250022
"100128770",-0.29435264286469
"93190",-0.295471302537088
"112577464",-0.295906218055291
"646949",-0.296910204609927
"22907",-0.297106777488686
"7433",-0.297965513896506
"54474",-0.298000434839203
"51181",-0.298383192219301
"1124",-0.298384111367862
"100131998",-0.298384534856328
"3561",-0.298385393148133
"124907891",-0.298385509111396
"2494",-0.298862767843507
"54544",-0.299726018735363
"153339",-0.299735489318748
"1903",-0.300498745447792
"80381",-0.300848640334756
"101928733",-0.301186477356116
"105377540",-0.301529156934758
"54440",-0.30165900275228
"101930023",-0.301921612140725
"55122",-0.302240831799554
"27032",-0.30299510009411
"222643",-0.302996757289355
"442911",-0.304038459348124
"55561",-0.304917083940264
"285419",-0.305405296640603
"126374",-0.305666956335758
"100419170",-0.306230730705588
"101927115",-0.307002702462954
"3213",-0.307766227487991
"85403",-0.307808901354979
"645158",-0.307809075412552
"51778",-0.308740667713226
"10004",-0.308823554372058
"5650",-0.309895303723602
"93653",-0.309952066434468
"102723548",-0.311324154106108
"100130660",-0.311426318757563
"100874262",-0.31233968412517
"554202",-0.312456075350027
"5432",-0.312456967875193
"100421122",-0.312459149505383
"51669",-0.312459338409779
"54988",-0.312710501994521
"646450",-0.313334549539382
"84215",-0.313342963413652
"282617",-0.313431190613712
"85285",-0.31346075173897
"116328",-0.314014109690215
"5453",-0.314472418435321
"6489",-0.316257252119871
"11328",-0.316442698825647
"100287596",-0.317173693294465
"8502",-0.317173873042668
"283487",-0.317174689138166
"283160",-0.317223052102599
"100302214",-0.31739537377329
"4537",-0.317689303899517
"85358",-0.31814031158427
"57479",-0.318199862152145
"283480",-0.318287703683018
"359",-0.318704829316172
"2920",-0.318887856032044
"5512",-0.318906557846969
"100421815",-0.320253373289571
"100505663",-0.32175304989708
"1054",-0.321755283092225
"127707",-0.321983741541949
"100169757",-0.322796786498582
"255252",-0.323375037543876
"392266",-0.323375091780027
"6999",-0.323375476286539
"7305",-0.323375720700268
"493860",-0.323376683316777
"100507567",-0.323525058135879
"119749",-0.324417375625812
"57149",-0.324558522708446
"64975",-0.325301912153957
"8573",-0.326481063257809
"8342",-0.326481570738124
"92755",-0.327296539010542
"84076",-0.327712854423231
"339906",-0.329574666542442
"440699",-0.329887550692491
"28870",-0.330210684219779
"6597",-0.330338850716368
"101927588",-0.330735000269054
"390594",-0.330740883874596
"59343",-0.330954450688213
"7994",-0.330954892951347
"10936",-0.330955212779796
"1238",-0.330955510258617
"58",-0.330955887451678
"23557",-0.330956177292607
"143187",-0.330956335066498
"6843",-0.331151125688377
"10678",-0.331769543549212
"286333",-0.331771913449048
"286190",-0.331772765943239
"7574",-0.332207646562861
"29798",-0.332207740307249
"4292",-0.332208486230134
"729480",-0.332208952176766
"145407",-0.332209282611423
"79673",-0.332209723570466
"6258",-0.332209744168605
"646114",-0.332209986768587
"3493",-0.332211493862408
"221504",-0.332515845611201
"923",-0.332601362482275
"29123",-0.332607498080771
"146852",-0.333054900801469
"1018",-0.333487765026714
"7482",-0.334211975861066
"57099",-0.334345099753405
"8216",-0.334423470521969
"645266",-0.334628412259701
"4538",-0.335089006699734
"56001",-0.335190322044596
"1981",-0.335213127701564
"2122",-0.335944964308424
"1826",-0.336174316186598
"1186",-0.336466990237024
"5522",-0.336567553691938
"78988",-0.336869656842324
"6915",-0.337138360426532
"25900",-0.337196623338681
"7200",-0.33781819343565
"54899",-0.338492522161126
"105370635",-0.339020045748064
"100505817",-0.339154427264465
"93436",-0.339225404529693
"85440",-0.339293837472803
"27342",-0.339296912769183
"5728",-0.339297238257916
"2657",-0.339308881935489
"730180",-0.339751107654072
"117245",-0.340090470971465
"28937",-0.340090665598401
"26084",-0.340091241100176
"54067",-0.340092082778916
"56105",-0.341381276776704
"112744",-0.341856243543569
"29097",-0.341858077212074
"221613",-0.342001396105048
"8359",-0.342073089294978
"124904917",-0.342498617167707
"105370315",-0.342603253831541
"6688",-0.342932364830576
"3338",-0.343261642020512
"105376348",-0.343602993423766
"100271652",-0.343633686667604
"58488",-0.344052018893104
"100270869",-0.344409180866768
"80162",-0.34492966846026
"345041",-0.344930645335545
"641372",-0.344968544987991
"347731",-0.344970457901051
"90506",-0.346331916332433
"22930",-0.346818886448116
"54916",-0.347375901748461
"146167",-0.347866037036285
"594855",-0.348074398630195
"389289",-0.348293898949716
"5368",-0.348589515330446
"100422374",-0.348607983096171
"9648",-0.348610105270091
"125972",-0.34873941445409
"643264",-0.349058617824272
"28452",-0.349194576812546
"10199",-0.349194767787752
"11160",-0.349195181390944
"29883",-0.349195281162665
"4046",-0.349195461946439
"7252",-0.349199710425151
"728562",-0.349349584112314
"3038",-0.349636848431773
"9935",-0.350885287774987
"254896",-0.351020358414251
"22803",-0.351020601050007
"123169",-0.351022663576742
"165530",-0.351023168046153
"105376081",-0.351326371102578
"128434",-0.351592953815024
"7707",-0.351618645901866
"79132",-0.351686076096383
"341",-0.351712561504666
"7490",-0.352151979268063
"339501",-0.352315096450238
"6853",-0.352694948002152
"100507384",-0.352777398489548
"23591",-0.35349812272089
"1311",-0.353498678131721
"106481024",-0.353499065774084
"51460",-0.353499279362321
"107133522",-0.353499327948446
"100126793",-0.353500683565289
"1906",-0.354069479435339
"106144599",-0.354816664057978
"1745",-0.355416120145535
"151903",-0.355819832351662
"54897",-0.356026528198242
"10110",-0.356041718487913
"619351",-0.35609351436519
"132203",-0.356110071144596
"79029",-0.35654346704176
"7534",-0.358356013885249
"26796",-0.358358553493839
"6154",-0.358359008594515
"54760",-0.359267428253956
"100862671",-0.359548436753148
"23237",-0.359791852760687
"148753",-0.359807947921747
"631",-0.36023278998643
"101927825",-0.361534858367998
"113219467",-0.362669931937295
"54508",-0.363155097027156
"563",-0.363156586296828
"80318",-0.363650635215062
"1504",-0.364589497949038
"64773",-0.366453397032676
"28743",-0.366503186456858
"3753",-0.366902464880849
"100271572",-0.366927586920026
"338651",-0.367413777784241
"101927483",-0.370299183569911
"644896",-0.37030579983554
"64129",-0.371111420524481
"5047",-0.371628784307691
"9697",-0.371690733385619
"79142",-0.372291338957872
"105378360",-0.372935921551811
"101929733",-0.373248500177921
"377677",-0.373499958820685
"120103",-0.373501224428957
"348793",-0.37367067135551
"83416",-0.374049994108131
"283575",-0.374864298269465
"100288513",-0.375742250417057
"339044",-0.376215310461784
"26548",-0.37624371160289
"80895",-0.37700897633171
"101730217",-0.377298672623471
"6449",-0.377336817956597
"646624",-0.377552536497799
"10400",-0.377760062286395
"84307",-0.379163157036828
"4312",-0.379171706514822
"282973",-0.380028882458816
"153163",-0.380160774800875
"55975",-0.38016144935011
"25786",-0.380207847319692
"221914",-0.380559141025015
"79983",-0.381717659960149
"339803",-0.381719108464777
"125963",-0.382569833017221
"118421",-0.382846143794071
"3816",-0.382978229157738
"5207",-0.384671850229012
"346288",-0.385026447163883
"102723360",-0.385167405522202
"106479186",-0.385559345587059
"5205",-0.385682608815579
"9154",-0.385719087563649
"1690",-0.385849124637134
"339244",-0.387003416571993
"645018",-0.387075190258034
"23243",-0.387929051080995
"9826",-0.388144860046892
"4191",-0.38829599434272
"3110",-0.388681946836528
"83596",-0.388739114847214
"238",-0.388962331648993
"55326",-0.389095865752339
"56943",-0.389096207694946
"5876",-0.389096371262906
"401475",-0.389188097981382
"114788",-0.389298450607679
"6664",-0.389697914311106
"112483",-0.39025411854137
"100271215",-0.390341932585104
"79940",-0.390342138841263
"84709",-0.390342482466688
"5669",-0.390342990761628
"124900226",-0.391025449301631
"64663",-0.391703066589003
"100129239",-0.392018500579073
"129563",-0.393258035986813
"386674",-0.393462592916292
"338382",-0.393467532208357
"285412",-0.393766515923674
"79664",-0.394778441058862
"27296",-0.394957517307631
"101928045",-0.395307628519037
"378951",-0.395317010351456
"206338",-0.395468264154378
"8454",-0.395839297800376
"51714",-0.395839362218013
"157753",-0.395839890401376
"100421009",-0.396396020648043
"1357",-0.396608874629464
"124900824",-0.397236708460033
"2742",-0.397470054469149
"654",-0.397595718421238
"126282",-0.397658480155214
"6872",-0.397881250281217
"79866",-0.397882051156611
"149013",-0.397882558181033
"831",-0.397882651014528
"255919",-0.397882995836551
"7712",-0.397883634502668
"100421166",-0.397883763531987
"56683",-0.398022932702186
"115825",-0.398532923432989
"54947",-0.398994448953107
"3300",-0.399069430964145
"55315",-0.399069913728075
"1027",-0.399070177453046
"22818",-0.399070645248113
"84947",-0.399070809835128
"55567",-0.399905793211727
"28950",-0.400312870575682
"101927608",-0.400745476847878
"100131656",-0.400841552464559
"91543",-0.40118973921043
"220074",-0.401768043616177
"728405",-0.402783597428674
"64078",-0.404013338527762
"9727",-0.404067118281151
"55227",-0.404195000386753
"56833",-0.404489452967582
"120796",-0.405020049191209
"100507064",-0.40571330224247
"100310853",-0.406080915084331
"64853",-0.406451031440966
"100507057",-0.406452040718277
"56139",-0.406452582385769
"100128930",-0.406452633373556
"3042",-0.406452640346939
"2556",-0.406454928432464
"28299",-0.406534089706565
"92291",-0.406534476350095
"79882",-0.406635713530983
"80145",-0.407120472745905
"54622",-0.407898319608657
"91801",-0.407898631287314
"100288175",-0.407899049863674
"11278",-0.407899268593608
"729362",-0.407899386644114
"1600",-0.407899781279636
"5918",-0.407899866908385
"55845",-0.40789994464306
"100505841",-0.409134165622713
"196264",-0.409199031816781
"100506811",-0.409473446717163
"28802",-0.409614009486428
"100129278",-0.409615331028768
"101928904",-0.409756216914102
"341152",-0.410149245233727
"109617020",-0.410506691198069
"3099",-0.410512715804279
"57082",-0.410579658770338
"100421569",-0.410580588415835
"5457",-0.410847720526847
"255130",-0.412516345792296
"9744",-0.412636446067785
"4184",-0.412867179678668
"4493",-0.413698406384786
"101929897",-0.413983404137589
"85378",-0.414139750362794
"10712",-0.41440900230129
"285505",-0.41441607993365
"4487",-0.414418419820312
"106481139",-0.414685771231463
"89890",-0.41504911897402
"65065",-0.415050328572453
"2254",-0.415207674488652
"760",-0.415209056378082
"105377437",-0.415238143864615
"11140",-0.415633700929187
"7247",-0.415691168118108
"345051",-0.415919851326456
"1789",-0.415939309480768
"10811",-0.416223560866702
"139804",-0.416921314986112
"106660612",-0.416922169239907
"26019",-0.416922296006284
"4214",-0.416922878451544
"375298",-0.416923060577098
"22934",-0.416923169009738
"10945",-0.416923318674733
"388324",-0.416923570417906
"93273",-0.416923581504937
"342371",-0.416923609993319
"55553",-0.416924140259447
"101927352",-0.416996060556762
"100873955",-0.417157154730851
"158257",-0.41721837456904
"25912",-0.418030275655521
"730268",-0.418031043395697
"6554",-0.418032634277314
"3142",-0.418794719154949
"401677",-0.419092910262023
"388960",-0.41928133121021
"7025",-0.419408987794129
"9738",-0.419775652306833
"10245",-0.420106028397599
"26792",-0.420199163333922
"1264",-0.420603100280839
"54541",-0.420897136497998
"63973",-0.421040649549815
"57818",-0.421475556121749
"79699",-0.422015437873026
"90529",-0.422240422960874
"51503",-0.422438107776355
"7320",-0.42244026628151
"124904219",-0.422440567123907
"256764",-0.422986095731722
"1746",-0.423222516148083
"400952",-0.423492571298045
"84623",-0.423675330388795
"6166",-0.423911162267401
"6704",-0.423919706384272
"79144",-0.424554730957584
"84002",-0.424662957923577
"5916",-0.424671374904702
"724026",-0.425378672390493
"677815",-0.42544765930351
"26830",-0.425708771272781
"149628",-0.426134709020325
"23114",-0.426336114827737
"90019",-0.426367424653697
"153657",-0.426806691408401
"8030",-0.427042053121146
"3902",-0.427134836567983
"728791",-0.427155594707661
"266722",-0.427287513615225
"5723",-0.42733884631183
"100302143",-0.427370013305957
"84261",-0.427601711925502
"80059",-0.427758475961487
"100302188",-0.427885824060763
"6586",-0.428027325507818
"402249",-0.428281138375942
"81532",-0.428688742868135
"26789",-0.43008914309622
"47",-0.430185973297882
"643623",-0.430366262793528
"4326",-0.430571787210654
"10225",-0.430748624932425
"25975",-0.430898773200253
"287015",-0.431662125839374
"100302186",-0.432540827330338
"729246",-0.432548425720714
"390036",-0.432578713901037
"266625",-0.432579742527339
"105373159",-0.432581718564505
"3669",-0.432598424286056
"100288337",-0.432806238489263
"106480226",-0.433070342170704
"55506",-0.433123390211645
"340990",-0.433894553581984
"3885",-0.434133964487068
"100507487",-0.435083827884706
"27178",-0.435613356469192
"101929212",-0.436214194991445
"64374",-0.437334093202707
"23037",-0.437495874457195
"23552",-0.437588148149128
"10103",-0.437652949825266
"112268347",-0.437653749655814
"106479460",-0.437654619146089
"6638",-0.43765548799325
"26511",-0.437655812155056
"107985651",-0.437657507050103
"646498",-0.437722501425326
"8932",-0.437785615568834
"89845",-0.43779336250103
"10838",-0.438367726680518
"100271353",-0.439406949019623
"85417",-0.439514387895517
"1960",-0.439880605693351
"337970",-0.441059892297108
"85379",-0.441189507798939
"8367",-0.441190220624372
"222698",-0.441190559243245
"221656",-0.442065373208343
"7473",-0.442561836924407
"23108",-0.442640803777698
"26503",-0.443043463292467
"120776",-0.443391080707789
"285613",-0.443440747512624
"80115",-0.443960058240489
"3352",-0.444289248629896
"29881",-0.445295892336816
"2769",-0.445608639487723
"7278",-0.445632770150205
"9379",-0.445680107564087
"7483",-0.446382847529799
"100507428",-0.446383214438243
"55699",-0.44638465410244
"122786",-0.446384915016197
"146110",-0.446628863816846
"3224",-0.447965582228612
"2817",-0.448122165456488
"267020",-0.448307150591162
"104355289",-0.4483204759401
"10535",-0.448937194753355
"394254",-0.450327403127072
"8828",-0.450770820083821
"10663",-0.451448383659298
"170685",-0.451657369556706
"6631",-0.451822581217907
"5267",-0.452207956496695
"25823",-0.45252447396305
"11317",-0.452955433276932
"257101",-0.453028548808507
"653643",-0.453640050208153
"64145",-0.453912880084461
"64943",-0.454842505939016
"100498859",-0.454882290523313
"4233",-0.454919008734454
"79668",-0.454919857596865
"116441",-0.454919891773079
"100129456",-0.454919984308295
"10962",-0.454921056399717
"11276",-0.45492149109061
"2308",-0.455104025040514
"106479176",-0.455150165879991
"6651",-0.455613146831648
"284385",-0.455663986606163
"116179",-0.456067274288414
"1440",-0.456077542747115
"55324",-0.456459428313924
"152559",-0.456473958333753
"283461",-0.456553335771663
"8615",-0.45655364030752
"2737",-0.456554525523598
"1082",-0.45655604610857
"930",-0.456677027505364
"7710",-0.456767571177865
"25861",-0.456916599456955
"9863",-0.457243450142763
"84696",-0.457575543021744
"3418",-0.458005795209755
"54923",-0.458202499173561
"106479330",-0.45822923384385
"25842",-0.458265174507693
"392302",-0.458266214200003
"100506688",-0.459795904159991
"20",-0.4607903120449
"53826",-0.461156135754002
"219743",-0.461563639572294
"123970",-0.462926844562263
"646817",-0.463287220585149
"402117",-0.463335948484634
"8825",-0.463336158719475
"100421865",-0.463336260412682
"55812",-0.463337766145211
"497258",-0.463338452736397
"442319",-0.463338593961409
"100419758",-0.463845210514217
"79447",-0.463867838914562
"8818",-0.464517210060481
"3028",-0.464517640757022
"9411",-0.464518087151261
"80232",-0.464519225914422
"5250",-0.464519735155757
"10346",-0.464520127895162
"339324",-0.464520199970249
"54952",-0.46452051748306
"84885",-0.464578128531386
"392451",-0.465029870057776
"106480498",-0.46505384624863
"11339",-0.46571359171193
"105370623",-0.465973908801414
"6958",-0.466215474717878
"401207",-0.46644003308535
"283297",-0.466441021856449
"6132",-0.466442224273101
"81322",-0.466702917166927
"388533",-0.466730741064043
"337975",-0.466809255212042
"105372352",-0.467037298922359
"653505",-0.467214747228916
"124904983",-0.468248232660928
"54742",-0.468413525583469
"23769",-0.468415462152006
"509",-0.468838295488568
"84886",-0.468888290885699
"3775",-0.468915534036117
"5499",-0.469248238498955
"22917",-0.469358959097249
"143458",-0.470638659456349
"374879",-0.470741247869062
"4616",-0.471000732350743
"92667",-0.471668748172897
"283337",-0.471670425643249
"23542",-0.471835181937957
"107985767",-0.471913565357862
"27290",-0.47229890887038
"106480322",-0.472709996951492
"205251",-0.472895558817744
"8915",-0.472910170962045
"57576",-0.47291114159462
"28514",-0.472911458080263
"80148",-0.472911715223053
"2653",-0.472911865704001
"10314",-0.472912170155518
"5462",-0.473228138967428
"3678",-0.473456026370876
"79095",-0.473796537599253
"101928496",-0.473815881508388
"5965",-0.473817568191225
"1756",-0.473835119457482
"399972",-0.473963662208173
"84809",-0.474675725569451
"406901",-0.474701290818567
"100500856",-0.474984135169986
"161931",-0.475751393736909
"81611",-0.47618147716406
"100129557",-0.4767705586765
"8678",-0.47682503836014
"85437",-0.477136382200445
"342850",-0.477137495447969
"3749",-0.47722995548755
"101929231",-0.477592842691618
"56970",-0.477661585071544
"445372",-0.479333919177772
"51340",-0.479933546317376
"387921",-0.479933941959314
"5373",-0.479933976976252
"388363",-0.479935457210514
"117194",-0.480031367684585
"100271485",-0.480206869430401
"4599",-0.480817010351771
"124901947",-0.481070390756681
"105374845",-0.481401836464687
"23189",-0.481775540625336
"84881",-0.481777378794151
"5896",-0.481778277718729
"10293",-0.481780258904343
"84624",-0.482468687407458
"23406",-0.483494237729818
"54828",-0.483522646453912
"644578",-0.48357734117769
"2891",-0.483645873761681
"140828",-0.484356079077029
"25902",-0.484381714095613
"389386",-0.484785707135676
"646698",-0.484976456511741
"252839",-0.485015405614566
"100132645",-0.485341374253132
"137814",-0.486540098482709
"4606",-0.486693830665871
"79025",-0.486782574931047
"54436",-0.487021970446207
"119545626",-0.487785713574959
"121129",-0.488427002074469
"4316",-0.488526534639603
"53347",-0.488874493456038
"23354",-0.489829954199846
"338699",-0.490220046041886
"440387",-0.490272692021147
"54853",-0.490487450815708
"26579",-0.490530445281447
"124906013",-0.491298434322874
"83550",-0.492102743557697
"5552",-0.492366603578923
"106614088",-0.492366910310125
"10290",-0.492802904399217
"100128833",-0.492897110973957
"253175",-0.492901475638844
"100874176",-0.494012305671963
"100130110",-0.494725385916481
"219870",-0.494873439661415
"100418885",-0.495805830322882
"7430",-0.496266936529596
"727684",-0.496475236070281
"93624",-0.496630569087887
"101927020",-0.496663405562317
"101928176",-0.497090324680361
"728495",-0.497963646718699
"535",-0.498465782177965
"84557",-0.498678252148154
"7079",-0.498876606449282
"127294",-0.499131779066433
"148756",-0.499168326561574
"144455",-0.499511332508355
"131768270",-0.500541001217614
"5826",-0.500794430976232
"101928401",-0.500848593418569
"283358",-0.500989693366828
"27086",-0.501292043310795
"83479",-0.501890761886905
"100419880",-0.502732465233387
"4308",-0.503373061530456
"246778",-0.503704388587584
"51279",-0.504220619809111
"602",-0.504862598471436
"101928697",-0.505075387050241
"27129",-0.505084952202744
"3233",-0.506110287822322
"5293",-0.506354752292577
"388284",-0.506617232963296
"1019",-0.507268964802088
"129080",-0.509690661373076
"8600",-0.509704860931338
"6015",-0.51000487381001
"3964",-0.510180939848228
"645682",-0.510382390887406
"101929196",-0.510422732483902
"440077",-0.510529801783483
"245937",-0.511091887668535
"5757",-0.511198468682606
"85474",-0.511200882939402
"5008",-0.511261657820747
"101927828",-0.511604368854102
"6346",-0.512146741656083
"9352",-0.512389026071553
"111082982",-0.512408621325958
"105377924",-0.512821504085128
"50652",-0.513362822704178
"23082",-0.513445694992925
"100419995",-0.513514073487662
"643236",-0.514112906052441
"93429",-0.515435097349247
"128266843",-0.515457527694498
"645939",-0.515765888103545
"10666",-0.516008731724341
"54793",-0.516165517533397
"131873",-0.516186437488552
"101927560",-0.516805305501363
"100421868",-0.517682919999562
"83860",-0.517683083312887
"100873972",-0.517886437806583
"105371090",-0.518556423472438
"6183",-0.518941024497599
"374387",-0.519775399942265
"105375815",-0.520216549032671
"3645",-0.52028625777805
"554226",-0.520866108556581
"28780",-0.521137769767017
"10988",-0.521459269070305
"54798",-0.522666247112905
"80323",-0.522820806835052
"9896",-0.523855888648979
"341350",-0.524258788434486
"10468",-0.524260015956909
"91947",-0.524260692071392
"998",-0.524262433440966
"100419717",-0.524677248164628
"731",-0.524871174876679
"5425",-0.524897186447044
"402682",-0.524976819132498
"81831",-0.525675949541296
"189",-0.525678202529546
"317703",-0.525724408899511
"2882",-0.526818644704984
"57805",-0.526948076874486
"100420821",-0.527259777157513
"79705",-0.527611030634033
"391634",-0.527922606555549
"100505795",-0.528067782943676
"50484",-0.528067995973663
"9948",-0.528074348870357
"7318",-0.528780338658033
"154743",-0.528830860172407
"6137",-0.529448583893856
"7126",-0.529521652488033
"723778",-0.52975482225202
"6082",-0.530691956347544
"51099",-0.531301529311248
"105376096",-0.531301717049513
"79674",-0.5313028909309
"79109",-0.531583401269706
"124902936",-0.531604460488223
"163479",-0.531626690913985
"3084",-0.532063588981131
"55571",-0.532234696325443
"2328",-0.532393651363126
"100169754",-0.532497594637595
"80854",-0.533033508943117
"1633",-0.53369206287562
"100130044",-0.533692398587115
"147463",-0.53369268830641
"1048",-0.53369279535977
"23015",-0.533692821478034
"80777",-0.53369358524205
"106635537",-0.534661633581423
"114827",-0.534755016431834
"150275",-0.535646791224432
"6923",-0.535744597637584
"728755",-0.535925061560508
"55031",-0.536008204789312
"528",-0.536009093638116
"112476",-0.536887356345977
"106481854",-0.537169774908327
"106479418",-0.537857843527172
"116028",-0.53791133703543
"124904611",-0.538783999854022
"57415",-0.539048694112271
"93492",-0.539078358155009
"124961",-0.539354218986686
"85409",-0.539434339257683
"55706",-0.540100325276948
"55670",-0.541041961301749
"57693",-0.541664735430125
"23233",-0.541754629093003
"4515",-0.541754844612893
"10274",-0.542319826038463
"84448",-0.542680216769549
"129852",-0.542955319260846
"22995",-0.543074138740233
"7699",-0.543598354339568
"84250",-0.544167150181285
"344838",-0.544168978484771
"57213",-0.544169164759197
"145581",-0.544170687893034
"201725",-0.544455682004897
"111082974",-0.544531187547565
"124901928",-0.54477480313684
"58512",-0.546150116117508
"2828",-0.546283937572001
"6491",-0.546449605201492
"5526",-0.547362700082588
"654369",-0.547625967821846
"55536",-0.547840408483439
"4512",-0.547840678857478
"118788",-0.547841703405801
"150946",-0.548423177293511
"139355230",-0.548581077224936
"106480214",-0.548688696549586
"9427",-0.54921631679098
"28589",-0.54927488904987
"51363",-0.549336242196741
"107986639",-0.549939662563112
"124902005",-0.549941849812694
"1977",-0.54994273427102
"105377880",-0.550157455526404
"5786",-0.550205521544685
"10690",-0.55048382366422
"80011",-0.551686928873341
"497661",-0.551687450510699
"113391335",-0.552447762637094
"9816",-0.552570378264954
"57106",-0.554357281219189
"23418",-0.55493214343186
"101929538",-0.555254117179724
"1141",-0.555255470263822
"51729",-0.555614281338023
"190",-0.557276042560004
"26541",-0.557419861687876
"80072",-0.557589225501362
"65267",-0.557626858175189
"135948",-0.558589058852549
"171017",-0.558788282096762
"57593",-0.559109968444313
"5216",-0.559194131869791
"29970",-0.559342397503458
"9450",-0.559477836349687
"375775",-0.559503455679297
"284422",-0.559722814790018
"27288",-0.559924130181905
"861",-0.560139606063969
"731220",-0.560726257101736
"727909",-0.560728561469798
"23491",-0.561006535598251
"100128822",-0.561025262166618
"149499",-0.561222857057224
"3191",-0.561483583469944
"3764",-0.561502934034807
"58517",-0.561802621507003
"454",-0.562066329785189
"51501",-0.562289860650113
"105370887",-0.562748580321168
"375686",-0.564306102459632
"64215",-0.564825444508252
"170261",-0.565078166262308
"112267986",-0.565291359570782
"101928067",-0.56614967068068
"260425",-0.566931436548696
"26245",-0.566936642590101
"5992",-0.567064408322547
"10113",-0.568012225561794
"259308",-0.568461464451029
"55552",-0.568836477199132
"10184",-0.568844310017246
"51634",-0.568846276710021
"127687",-0.569351114218131
"317754",-0.570533240405808
"6801",-0.570580210885235
"101927314",-0.570680163171554
"4772",-0.571157865281657
"102723430",-0.571489852529539
"285676",-0.572154716252171
"83844",-0.572407585030468
"729224",-0.572465160843665
"81492",-0.572619307850984
"285601",-0.5740593782161
"51329",-0.574152404621935
"115361",-0.574408424754493
"105377465",-0.5745533528695
"57820",-0.574645415604747
"973",-0.574747920419945
"100420864",-0.575378861471373
"124454",-0.57554063313733
"92675",-0.575977577076733
"4216",-0.576635054694546
"2001",-0.576747833756807
"356",-0.576747901566374
"494330",-0.576748463786558
"57462",-0.578760151544004
"285525",-0.57898729651875
"89849",-0.580419338944992
"101927793",-0.580579547814489
"729085",-0.58064380143409
"283471",-0.580754184682911
"26508",-0.581672155554969
"139189",-0.58184472863791
"101928651",-0.58200795527052
"29953",-0.584317072547244
"148254",-0.584522435025508
"7109",-0.584523698077277
"4688",-0.584524354685838
"81558",-0.584716971524952
"57110",-0.585003334401849
"8848",-0.585751156791118
"253190",-0.585752349666663
"56832",-0.585752420123117
"100271094",-0.585753209902671
"55833",-0.585753947127023
"119016",-0.585753969668363
"286527",-0.585910353230297
"4072",-0.586792245829156
"5009",-0.586792312633945
"102724488",-0.586794197824137
"100422338",-0.586892806484498
"23504",-0.587113712314967
"284451",-0.587532867361493
"790952",-0.587967770983625
"107984178",-0.588226443392598
"28693",-0.588267556090734
"10522",-0.588642092839512
"56287",-0.588688590192677
"55735",-0.589775444173726
"647174",-0.589906247904607
"55336",-0.590761746583592
"124901238",-0.590787243140132
"392271",-0.591654018436125
"57410",-0.591764868340425
"100422656",-0.59220526805862
"80063",-0.592205308791242
"83861",-0.59220642403121
"123706512",-0.592273124787024
"105370047",-0.592274091889859
"1838",-0.592366821309536
"6878",-0.592381391593814
"441907",-0.59297918002049
"51095",-0.593338411288495
"8445",-0.593340741070501
"100240712",-0.593341072393119
"64598",-0.593342677349635
"7180",-0.593503419699571
"666",-0.594128138582982
"106479482",-0.594257321421633
"339122",-0.594521105961631
"2844",-0.594555502783809
"80254",-0.59455611834631
"284217",-0.595138786503631
"389857",-0.595410542860657
"220832",-0.596016181933767
"106481205",-0.596464948703682
"23612",-0.596666004370259
"48",-0.596742921682817
"54780",-0.596743502345401
"151877",-0.596841838287598
"90268",-0.596949797908106
"101928823",-0.597072314884311
"10155",-0.59726660742595
"64221",-0.597584468686981
"1621",-0.597749917743708
"55124",-0.597750563799863
"8986",-0.597915497357017
"93099",-0.598297089024594
"7462",-0.598853066372887
"106481816",-0.59923232169517
"5203",-0.599808854183599
"150084",-0.599809190955102
"106479025",-0.599809223267393
"283008",-0.599810710875032
"26135",-0.599850964641465
"100420260",-0.599852176820364
"79741",-0.60008704164424
"10055",-0.600287934529464
"4899",-0.600747504485246
"106481370",-0.601136294462184
"80216",-0.60114518175051
"114569",-0.601145366344137
"28745",-0.601145667838428
"54881",-0.60114676112291
"1778",-0.601147125498862
"107986119",-0.60114800400953
"105371509",-0.60162353430304
"5900",-0.601689721724774
"28804",-0.601932647567157
"55853",-0.60193725256854
"100421577",-0.601957318844583
"2760",-0.602116660014327
"115548",-0.602472416214947
"10660",-0.603953536846986
"9276",-0.604463773590719
"4298",-0.605688547610654
"100129518",-0.605928479923955
"57555",-0.605960346145774
"100418744",-0.606057253943824
"439950",-0.60631078361826
"100009668",-0.606751243076436
"7133",-0.606758662230768
"84749",-0.607346665805902
"6253",-0.608392883555578
"8905",-0.608813920191997
"729828",-0.609277984962382
"10464",-0.609279659259562
"389852",-0.609280286548023
"212",-0.6092804054435
"146795",-0.609281487373149
"57128",-0.609281487612606
"3240",-0.609282757029474
"7007",-0.609963752087719
"147807",-0.609964366517757
"7415",-0.609964540336395
"3769",-0.611372543001926
"23090",-0.611372997133028
"83716",-0.611579145550171
"5711",-0.61243084048595
"5925",-0.613429850023433
"100507091",-0.61397730561548
"114799",-0.614946730406564
"170370",-0.615035985212302
"112755",-0.615667901330875
"11165",-0.615772672670521
"11250",-0.615789172126819
"415116",-0.615840233446929
"100421599",-0.616425084032081
"644601",-0.616468507918706
"8511",-0.617427879773482
"7728",-0.617611973610724
"347862",-0.617694843064775
"2056",-0.617742897676122
"105372058",-0.618169117301062
"80006",-0.618479263845603
"92211",-0.619495323676365
"221710",-0.619670653950323
"28936",-0.620137366632371
"554210",-0.620148920111477
"6362",-0.620357097562144
"84292",-0.620485011314812
"100873949",-0.620573861138514
"170302",-0.620765188470267
"100422473",-0.620899815030603
"2982",-0.621088763971475
"105373074",-0.621409148246261
"100506881",-0.62143613577726
"128077",-0.622060459123142
"105372832",-0.622061364495101
"388532",-0.622184687662338
"693139",-0.622757574606662
"145873",-0.622930379365653
"3177",-0.623099544448874
"105371597",-0.623199605734971
"105375013",-0.624061570318041
"8676",-0.624844408717853
"221079",-0.625219726776271
"730394",-0.625221142935069
"29028",-0.625435487600935
"139411",-0.625610316986121
"100506897",-0.627210262765311
"107985115",-0.62754859102421
"22844",-0.62778975011572
"7067",-0.628410279623214
"284390",-0.628417061077587
"29114",-0.628467677169758
"124902114",-0.629513815508884
"26339",-0.629708883846958
"221806",-0.631467962741858
"102723495",-0.631617281189911
"105370500",-0.63251458107585
"28922",-0.632879240017727
"23469",-0.632894892691383
"145483",-0.634198503669982
"8717",-0.634620912342777
"126520",-0.634825158009498
"2327",-0.634835435974807
"728597",-0.636763670861656
"27106",-0.639489007513987
"26525",-0.639629146588564
"58492",-0.640385634924721
"144699",-0.640385956948983
"51449",-0.640386031845472
"3574",-0.640387165779344
"51805",-0.640387334812345
"3216",-0.641176504686341
"84727",-0.642028026451072
"1431",-0.642028221030665
"440465",-0.64202920469474
"100874195",-0.643103037528203
"3933",-0.643206810123998
"2593",-0.643440088108783
"106481001",-0.643646572383183
"124538",-0.644241445141088
"4826",-0.64425028364115
"1812",-0.644810362598635
"90379",-0.645756525630609
"100271612",-0.646005482726046
"79582",-0.646196830976217
"4430",-0.646198387853485
"130773",-0.646663467158503
"100303491",-0.647243929329908
"51367",-0.647787074493556
"829",-0.648938063640705
"101926933",-0.649410358513611
"692075",-0.649410505918944
"10175",-0.649411393661894
"392298",-0.649412729498452
"6461",-0.650399377799308
"79712",-0.650595742041514
"64282",-0.651104911089213
"56135",-0.651182144344016
"2879",-0.651485448704942
"100652833",-0.651560457206135
"391003",-0.651838356239119
"5827",-0.651896833911837
"80152",-0.652192538284248
"1628",-0.652345405387408
"2305",-0.652393670776201
"100130370",-0.652750496824481
"100287272",-0.65365029871573
"29775",-0.654519869141436
"55676",-0.655048770214862
"51130",-0.65631169095565
"101929484",-0.656788423895968
"339230",-0.656941518861287
"25972",-0.65716851624679
"100885789",-0.657205477234773
"29906",-0.6574444368544
"101927756",-0.658022876657532
"280659",-0.658049819756708
"6678",-0.658439948142813
"152816",-0.658441248974702
"340371",-0.658507255262794
"54882",-0.658507379614692
"10813",-0.658507457869863
"11342",-0.658507527361537
"54542",-0.658507759413818
"100133330",-0.658508354609689
"23341",-0.65854116919497
"7700",-0.658721849167726
"81061",-0.659735254955087
"113457",-0.659769313527556
"11142",-0.659988828500335
"54902",-0.660268041487283
"107986382",-0.660496982316666
"284680",-0.660589582229392
"114034",-0.661061429616555
"84279",-0.661061850326228
"57035",-0.661063050149863
"283365",-0.66110204911227
"51231",-0.661300962950425
"107985092",-0.661444949451548
"317781",-0.661698121728039
"4486",-0.6620514496092
"9467",-0.662179705529006
"102723475",-0.662222345727949
"126295",-0.662300808571192
"100505658",-0.662372217745904
"56142",-0.663187831287302
"7329",-0.663188793405893
"79649",-0.66318957637512
"8131",-0.663836384285718
"56655",-0.664085174431091
"285527",-0.664185227669167
"23086",-0.664185417866216
"28876",-0.664185948346361
"83740",-0.664186411633421
"653319",-0.665045092333301
"124900354",-0.665162058904658
"100271207",-0.665656609504389
"257313",-0.665760483425798
"3029",-0.665824274557586
"89857",-0.665875445973826
"100420505",-0.666308545541189
"4248",-0.666444076018722
"57863",-0.66648328969998
"109617016",-0.666749243145332
"643960",-0.666827276377693
"286144",-0.666827310771025
"100873209",-0.666829786938287
"65982",-0.666966625006179
"126567",-0.668105286897226
"57534",-0.668239229369073
"51513",-0.66831116823012
"3053",-0.668795807151087
"9885",-0.668883804752535
"124901766",-0.669068192628967
"119545629",-0.669351768864951
"6652",-0.669391869190371
"1399",-0.669433715166173
"283248",-0.670315106722071
"6441",-0.671657949381424
"3071",-0.671658356608573
"126003",-0.671869574327029
"6547",-0.671909008110897
"58498",-0.672010898843038
"100132358",-0.672161071941355
"4052",-0.673633585084399
"2561",-0.673783663475764
"5501",-0.674051391850134
"100421629",-0.674546689159228
"93426",-0.674700651443982
"1113",-0.675191864420875
"65998",-0.675214113133324
"338376",-0.675788379850452
"84259",-0.675803821954518
"81358",-0.676533846853867
"1845",-0.676675127356699
"23078",-0.676702811387868
"387496",-0.676705287056644
"106479512",-0.676705473829036
"285593",-0.676805911991028
"105377180",-0.677141583654359
"653509",-0.679135245828583
"256158",-0.679195385775964
"106480011",-0.679981389312756
"51117",-0.680248347097255
"23615",-0.680315396933487
"105378645",-0.680441864309797
"101928855",-0.680582307219228
"64969",-0.680705936956833
"221908",-0.680830754939504
"100507300",-0.681091740477469
"100529251",-0.681267896835586
"9992",-0.68164861712611
"5371",-0.681777525879088
"106480999",-0.68188524291987
"27018",-0.682481068614818
"100507521",-0.683333049884648
"84316",-0.68342249910857
"219931",-0.6836972218075
"442523",-0.684607617488495
"8565",-0.68466963699723
"11333",-0.684671986169535
"100270955",-0.684789198676353
"51733",-0.686053157442641
"5330",-0.686225179178473
"9671",-0.686262303305737
"106481029",-0.686494239983226
"91181",-0.687258452096598
"11012",-0.688846937792035
"1147",-0.689014217273669
"442421",-0.689014648352554
"6503",-0.689015054188365
"106479293",-0.689116677003214
"866",-0.689289755701716
"64422",-0.68961611582569
"55346",-0.690445558760893
"9087",-0.692844162885958
"284576",-0.693094007111516
"3732",-0.693330954779831
"283431",-0.693529214161706
"124902990",-0.693800195437952
"50801",-0.694766083225144
"133923",-0.69493709740199
"105180390",-0.695894694848498
"139198561",-0.695962780865867
"83544",-0.696253267822195
"6478",-0.697561929797984
"100127954",-0.697594748352058
"100271147",-0.697605786672242
"283111",-0.697728895949705
"100873441",-0.698189065019283
"105369935",-0.698662848432818
"106481042",-0.698870508831014
"160",-0.699653199226995
"6523",-0.699660103701998
"100271085",-0.700185296968412
"30848",-0.700296493921182
"116512",-0.700441176533945
"5125",-0.70251731443859
"105274304",-0.702751018962843
"4176",-0.703255712174498
"55082",-0.703306188904674
"6443",-0.703391917038502
"254048",-0.703393036002885
"23416",-0.703673291313927
"100527949",-0.704060679298329
"64327",-0.704553477618043
"54033",-0.704553956290832
"5652",-0.704674341138269
"6978",-0.704809023110683
"64225",-0.704809575649446
"126231",-0.704810161497444
"340198",-0.704860564985735
"375307",-0.704863193159492
"10630",-0.705386026656263
"3164",-0.705479018354813
"55630",-0.705817400889857
"57628",-0.706466287146223
"2862",-0.706588497108515
"28453",-0.706609099397733
"57380",-0.7066360079542
"100271893",-0.707135112733019
"105377730",-0.707785896057874
"80305",-0.708021827687286
"10520",-0.708098831468993
"100421638",-0.708672854018412
"124901582",-0.709142374305667
"127795",-0.70956017057959
"51199",-0.709781084124106
"2287",-0.710172986407108
"79656",-0.710173828764886
"1769",-0.710449345720459
"131675794",-0.710449768102449
"2271",-0.710450146479681
"4942",-0.710450495757341
"677827",-0.710451041520642
"221458",-0.710538317903947
"26696",-0.711322214075276
"56940",-0.711658305273942
"80133",-0.71165862892498
"107987013",-0.711844582427769
"5993",-0.711977659622664
"10855",-0.711978038431295
"23764",-0.71239486112704
"100126327",-0.712881706588353
"100506178",-0.713097816990352
"80204",-0.714176294919694
"55858",-0.714775315120653
"26468",-0.715542949973208
"148345",-0.71558830947394
"441013",-0.71606095504402
"55785",-0.71612222134254
"644997",-0.716278771888154
"285368",-0.717440483564293
"89953",-0.71789785694376
"375759",-0.718059698951156
"84640",-0.71848009064032
"10039",-0.71860550476819
"170482",-0.718896173129255
"9166",-0.718896312533526
"10605",-0.718896349813155
"83443",-0.718896613057827
"34",-0.718896789963696
"27244",-0.718896980063177
"155368",-0.719113852967952
"151171",-0.719610880974101
"64591",-0.720309704220163
"100996842",-0.72112720290922
"50839",-0.721281719619928
"55086",-0.721480319206692
"84309",-0.721485497577345
"63899",-0.721818019373163
"406993",-0.72209327848146
"29780",-0.722344881663331
"57156",-0.72243213658732
"552889",-0.72259436958447
"100129836",-0.722650882787085
"4478",-0.723617877870414
"5881",-0.723880150271131
"51316",-0.724088154697477
"84779",-0.724252690546861
"55611",-0.724363555411224
"653160",-0.724645363484815
"10912",-0.72565617316267
"359755",-0.726041987173635
"256394",-0.726212977045148
"6249",-0.726374885269028
"51101",-0.7263757544335
"4325",-0.726376925561896
"29916",-0.726377807441109
"374977",-0.726396299135287
"27198",-0.726704450843451
"1956",-0.726764757236828
"2319",-0.727096277642684
"729911",-0.727431320736331
"100996385",-0.727760392002
"90324",-0.728427367449576
"84233",-0.728824980508227
"57586",-0.729290268694889
"104472519",-0.729729296274419
"6493",-0.730313691736143
"4973",-0.730344635474917
"100873912",-0.730921458834511
"3960",-0.731129336771064
"84773",-0.73120116329115
"54",-0.731612032836877
"767604",-0.732421617370005
"7991",-0.732423771581167
"25",-0.732924431751405
"100507437",-0.733219469695002
"124902079",-0.733283089812926
"1390",-0.733415643970021
"100533970",-0.733544725897273
"151230",-0.733673722119266
"552",-0.73367476273846
"692247",-0.734142613728693
"101927367",-0.734284392731463
"100527960",-0.734617836764886
"89780",-0.734877522740349
"100509894",-0.735071919261173
"9459",-0.735071923409278
"23072",-0.735606434323115
"200420",-0.735727054574651
"22868",-0.736165635157958
"1750",-0.736500569672542
"100271218",-0.738349277690117
"80218",-0.739499498581566
"105374614",-0.739544593304717
"123464517",-0.739880109980547
"55602",-0.740317516516726
"128229",-0.740802523272152
"10342",-0.740908066516965
"26166",-0.74272571768855
"8553",-0.742960737396788
"7813",-0.743597505960722
"643",-0.743804596186792
"257396",-0.745864095940021
"3576",-0.74605864913524
"100302204",-0.746169483553672
"9700",-0.74637850006572
"51592",-0.746596998344663
"123706524",-0.747806013158358
"102723629",-0.748408265042227
"26226",-0.748500127495524
"9894",-0.749013403773069
"83987",-0.749073894810812
"347732",-0.749641482161484
"26539",-0.749772435581119
"51755",-0.749918475806833
"27300",-0.750421354622668
"100420926",-0.750513625956751
"8685",-0.750674284025756
"1021",-0.75103812034164
"126526",-0.751155767370981
"4293",-0.751644911014054
"644974",-0.751752228679789
"346606",-0.75204493888729
"101929200",-0.75220730331634
"105377134",-0.752611171722939
"389791",-0.752612066345976
"124901933",-0.752653613611188
"6662",-0.753696701692194
"6795",-0.754342696101112
"129810500",-0.754409412009587
"4143",-0.755018722293938
"107984367",-0.756017641377042
"84191",-0.756509862965299
"665",-0.756510063165182
"107986852",-0.756522422888664
"57419",-0.756791216452671
"23650",-0.758092863542991
"100129347",-0.758185375498485
"64396",-0.758411470707909
"9032",-0.758740722328173
"6663",-0.759366209012735
"57642",-0.759370429485656
"9073",-0.759441525408398
"57542",-0.759546515298385
"442903",-0.759822985575466
"100289581",-0.760082900612576
"81618",-0.760115123678728
"100128427",-0.760125293731695
"339822",-0.760533043357169
"728047",-0.760900412076964
"340602",-0.761174350932197
"5670",-0.761531459947422
"100133252",-0.762641523207649
"501",-0.762892472887368
"55325",-0.763343000457937
"255231",-0.76334439709979
"100313824",-0.763344512560916
"6836",-0.763346016212283
"3665",-0.763810205141853
"124903619",-0.764122443786603
"389223",-0.764163364148475
"51499",-0.7647999281924
"3646",-0.765452131467395
"101929350",-0.766446055154082
"8497",-0.766457958929441
"811",-0.766670483993667
"54976",-0.766826571680957
"105375743",-0.766921304638843
"7869",-0.766958703913684
"100049587",-0.767490199963179
"23367",-0.767586466700294
"729815",-0.767978663636858
"339779",-0.768016050530727
"170062",-0.768985014034126
"124900179",-0.770024616725795
"5314",-0.770161560667203
"137682",-0.77016174721108
"8743",-0.770162982082487
"392522",-0.770186842350148
"100271460",-0.770692925217365
"390415",-0.770814429972314
"105374888",-0.770844589810735
"644397",-0.770985782434198
"9477",-0.771340849970146
"25862",-0.771417996648566
"89876",-0.771673405907098
"11152",-0.771749270805426
"5530",-0.771805135993855
"146861",-0.771993865823806
"10541",-0.772289971697108
"102723885",-0.772590106294478
"124903064",-0.773317378427243
"100271278",-0.773500548625917
"732253",-0.774038262891646
"124995",-0.775876919480884
"692204",-0.776115864101438
"25827",-0.776160439671863
"5152",-0.77616051509477
"51069",-0.776797882691029
"284459",-0.776982215628114
"7475",-0.776982619859849
"100133044",-0.777217710370627
"2739",-0.779228567274931
"150864",-0.77922877463351
"4144",-0.77922897536687
"121227",-0.779230007760351
"286499",-0.779830340551304
"100129940",-0.780095119094761
"284593",-0.780149798381713
"3476",-0.780975700461892
"5550",-0.781463123403767
"140758",-0.782476045754684
"338864",-0.78373152595416
"2295",-0.783740337773517
"55206",-0.783844789249837
"144124",-0.783845748761023
"60625",-0.783847078773534
"79727",-0.784073111288328
"54985",-0.784223566636086
"163051",-0.786175917251007
"677830",-0.786176038870973
"8754",-0.786207284853559
"100130933",-0.786368114765547
"388753",-0.786768817687716
"2330",-0.786968544268847
"57094",-0.786969684815256
"9892",-0.786969913121102
"64854",-0.786969925953024
"140564",-0.786971062486746
"101927460",-0.787447734253304
"55282",-0.788179473694471
"79751",-0.788253863513116
"23408",-0.788598173409755
"27248",-0.788599109958931
"107986806",-0.788601115194433
"27111",-0.788738081474294
"4173",-0.788954167805303
"102723851",-0.789159707504938
"6240",-0.789347362220235
"125111",-0.791009761975599
"81606",-0.79108837020692
"125965",-0.791833154541975
"101927687",-0.79195927269069
"6690",-0.792223144484654
"201516",-0.792240926744467
"107986739",-0.793091591133178
"84657",-0.793118334823762
"9696",-0.793301668932689
"4760",-0.793406056445291
"5731",-0.79344147537165
"92682",-0.793644383089995
"51059",-0.793749609540182
"100272228",-0.794239532586823
"90987",-0.794305863528807
"23218",-0.794376198206576
"8884",-0.794954489045236
"124904710",-0.79506531439252
"102723809",-0.795371698734945
"149501",-0.796290513328948
"646663",-0.796665262855736
"7093",-0.796996055914626
"102723828",-0.799520137065573
"654371",-0.799735558957418
"120065",-0.799889539593714
"54913",-0.799892302025706
"196463",-0.800201105148949
"84939",-0.800279167331152
"3489",-0.800463829525297
"91368",-0.800721404504878
"729662",-0.801287955503994
"106480390",-0.801289575715236
"8045",-0.801448576967554
"284835",-0.801870837712933
"100420114",-0.802098823946903
"389860",-0.802190338986302
"140700",-0.802381532308115
"389761",-0.802902953679195
"395",-0.804746039236299
"100873247",-0.805137862629696
"28951",-0.805561329563974
"4839",-0.806551218143382
"401024",-0.806929259139587
"106480259",-0.807031787469548
"100130196",-0.807806238176912
"101928278",-0.807806427810474
"84985",-0.80848353083471
"6450",-0.809185372956202
"9508",-0.809208597033196
"28728",-0.809291670490367
"283652",-0.810186572163757
"113130",-0.810639256182508
"146212",-0.810938909318152
"643977",-0.81103851938953
"143503",-0.811212681450971
"120883619",-0.811278471655354
"101929123",-0.811455869411325
"101927512",-0.811692296958511
"401262",-0.81184982314529
"641515",-0.812271880764587
"643615",-0.813568638334211
"124245",-0.813860702722094
"4879",-0.813902410673134
"440050",-0.814073883767546
"8880",-0.814374868017023
"115727",-0.814374878720915
"57474",-0.814374978024132
"100129017",-0.814893384600269
"106480976",-0.814990326091502
"400087",-0.815818705039463
"23380",-0.815924211493483
"106481837",-0.816054950052865
"124909384",-0.816526426845596
"5147",-0.816539601141451
"338799",-0.817239814922226
"352896",-0.817355814555972
"23252",-0.817713082858065
"7150",-0.817818683369587
"57495",-0.8178566443177
"401103",-0.8179390329348
"7205",-0.818119137610173
"100534592",-0.819691039731541
"102724168",-0.81998538939599
"106479346",-0.820049764556958
"3159",-0.820484644940462
"100422022",-0.820751969938812
"54891",-0.821007156579495
"112398",-0.821191880858422
"100129234",-0.821220906921827
"84466",-0.821456163580476
"729288",-0.821921474939088
"101927487",-0.821988644841435
"400456",-0.822090510804092
"100131208",-0.822318811822659
"400655",-0.822391957822749
"677797",-0.822491579039817
"222487",-0.823130315884057
"649159",-0.823137947525086
"127943",-0.823146464269229
"9531",-0.823156941467904
"84651",-0.82359102255396
"202333",-0.824771355076403
"7571",-0.826154886815197
"10279",-0.826286966236504
"101929215",-0.827724986251653
"9569",-0.827729727146202
"101927459",-0.82780228268396
"55074",-0.828084073251411
"9858",-0.828187487699921
"101929688",-0.828407514523707
"55039",-0.829051478850286
"55672",-0.829579371460659
"1303",-0.830410799713846
"85016",-0.830422460894993
"107984888",-0.831367795549129
"340267",-0.8314846428988
"284498",-0.832070363686458
"168850",-0.832414835327176
"79836",-0.832549849461197
"646476",-0.832554132212402
"2249",-0.833357141797969
"285203",-0.834683119727779
"100271039",-0.834838317790418
"22891",-0.835020597720605
"81230",-0.835245270843842
"646023",-0.835252308955017
"100289092",-0.836393721866403
"132",-0.836624123635678
"8775",-0.836920781134975
"100033802",-0.837044167875743
"11066",-0.837064336767235
"389816",-0.837456938629625
"23198",-0.837829919774446
"677832",-0.83808283635011
"2299",-0.838812394850488
"147381",-0.838921923049693
"26985",-0.839115203147051
"11269",-0.839269709493512
"25806",-0.840040013483222
"100132824",-0.840308943204103
"102723483",-0.840311556870502
"9229",-0.840365294023981
"284273",-0.8411633676333
"8689",-0.841579630208459
"54344",-0.842253997284892
"57453",-0.842522261153747
"283150",-0.842714980995863
"100271448",-0.842816160840139
"23109",-0.842946214856191
"441869",-0.843025934757845
"101927990",-0.844720492546751
"644524",-0.845556971482045
"644759",-0.845742885747552
"100271214",-0.845744585823146
"5451",-0.846906758943191
"106481655",-0.847425819975209
"28619",-0.847712889672114
"25759",-0.847731464157311
"4157",-0.848630056200564
"400511",-0.848667369449667
"400084",-0.848680723183771
"106481710",-0.848787410258768
"51421",-0.849558182528394
"57509",-0.850522470517792
"79744",-0.850568382682915
"147650",-0.850686064404432
"105375650",-0.850801522314519
"642740",-0.85082056080684
"7102",-0.851700221514518
"22882",-0.851709331586026
"4645",-0.852082595209266
"78999",-0.85211740749527
"51060",-0.852711912813756
"442914",-0.853319829992325
"729097",-0.854207088269964
"967",-0.854208098166527
"200942",-0.855404994605441
"4647",-0.855583403217495
"221749",-0.857204644566225
"203100",-0.857409192697548
"9581",-0.857708287494867
"55746",-0.857745047857731
"1287",-0.858049688056524
"112611",-0.858241435830016
"124902860",-0.858397416948129
"259232",-0.858972141759623
"64115",-0.85926608670675
"107985194",-0.860338280822924
"10224",-0.860689134831501
"3605",-0.861065580248034
"653677",-0.861163608462677
"55256",-0.861528177333504
"3146",-0.861834026951044
"1517",-0.862539831312509
"2072",-0.862552013357518
"3655",-0.862918698704293
"646672",-0.863608159939266
"4297",-0.863905988204405
"6983",-0.863906140514364
"100270839",-0.863906439955227
"221002",-0.864203347781593
"7008",-0.864291929310656
"130013",-0.864419030474975
"56137",-0.864556424609346
"5593",-0.864556895740832
"92610",-0.864650461279724
"341418",-0.864811497253914
"23349",-0.865101374977811
"27036",-0.865290721078737
"23057",-0.866220101122958
"135152",-0.866984232167831
"54973",-0.867513077507145
"56062",-0.867847953927429
"100270841",-0.868263988182217
"79731",-0.868904034758899
"652276",-0.868904115509143
"29063",-0.868904550487317
"642641",-0.869403099103036
"110091775",-0.86941166835073
"100302401",-0.86975683988699
"10640",-0.869892576808769
"108783654",-0.87018371929052
"23760",-0.870287149909621
"100271488",-0.870303999849729
"106480323",-0.870924918421999
"85301",-0.870971113953979
"124903708",-0.871078761346587
"64170",-0.87139371108909
"51265",-0.871759453759035
"100506409",-0.872194201064145
"345757",-0.872679272179249
"359819",-0.87293567345574
"100418889",-0.873090314667379
"9994",-0.873172012141751
"2797",-0.8731826747611
"106480232",-0.873331151601112
"124905349",-0.874133562057412
"257364",-0.874343074573094
"6156",-0.875233079730105
"123096",-0.875637660509164
"103283057",-0.875715674271333
"80830",-0.875921599154484
"51389",-0.876296109740755
"29058",-0.876868515363132
"3069",-0.876869188908048
"63950",-0.877148753849428
"8541",-0.877258134211188
"170384",-0.877464835750305
"124902338",-0.877482544217882
"3031",-0.877508283252322
"64072",-0.877914394977847
"84220",-0.878376270415111
"2110",-0.879619164156235
"100533631",-0.880526772698358
"100873832",-0.88098504132506
"100129271",-0.881078993285065
"101926987",-0.881488308928198
"56120",-0.881554233524094
"57113",-0.881782160766358
"146705",-0.881882556317162
"9275",-0.882903298773574
"7451",-0.883026201304449
"1089",-0.88303067188171
"9679",-0.883297557773561
"10330",-0.883650617822434
"79009",-0.88365112340727
"101927780",-0.883766881236796
"84923",-0.883768289938112
"4702",-0.88376870149279
"8310",-0.884347970600564
"57326",-0.884517385013693
"107984827",-0.884779204257847
"11199",-0.884950506269975
"105374263",-0.885418880183375
"123228",-0.886277550210779
"4327",-0.88646438074423
"407020",-0.887886813770656
"113939925",-0.887889307006404
"728137",-0.888542452547282
"134",-0.888753578112419
"5745",-0.888768446694325
"111082961",-0.888974222307216
"101929639",-0.889008894065175
"51154",-0.890058078072315
"100129141",-0.890182565501848
"7543",-0.890203061994845
"7776",-0.890203687309546
"122664",-0.890346914052305
"9400",-0.890545976654196
"100271152",-0.89139421205633
"650",-0.891966606790508
"100131496",-0.892350851085706
"283314",-0.89235120181078
"28918",-0.892848740565652
"6929",-0.893208360255428
"28511",-0.893301459374223
"127239154",-0.893569830740658
"7477",-0.894899831393907
"158506",-0.896298965860259
"8727",-0.896530830923975
"6401",-0.896531678866444
"93643",-0.896544245887095
"124626",-0.896569290621191
"118142757",-0.896634880737223
"6050",-0.896919277333783
"5134",-0.897451284227244
"151963",-0.898886730199002
"257068",-0.899082550806412
"286097",-0.900495431601123
"26353",-0.901355984702007
"100507527",-0.901781500534084
"80312",-0.901932714640077
"399806",-0.902333725062561
"63931",-0.902655430908575
"26262",-0.903022858098479
"9950",-0.903161190797204
"101927136",-0.903256549399832
"1841",-0.903943730922298
"109864269",-0.904132963057388
"79156",-0.904229633650433
"643342",-0.904412761120631
"54022",-0.904721775763547
"124935",-0.904946174283657
"442659",-0.905304515317833
"84904",-0.905970024291633
"132321",-0.906871383458133
"79869",-0.907158941880175
"3696",-0.907245289844863
"84632",-0.907403794795409
"4887",-0.908559971870634
"11194",-0.909052798168386
"8165",-0.909519272645188
"645771",-0.909745959582832
"391",-0.909770024681086
"285498",-0.910270594301447
"26780",-0.910270966193314
"100271176",-0.910271684314708
"89781",-0.910272479473661
"26278",-0.910273296807127
"284801",-0.910569987193699
"101929718",-0.911511471849187
"51188",-0.912241504245295
"124900429",-0.912271409391401
"100874362",-0.912316661009072
"56996",-0.913404072636014
"114",-0.913570812873936
"100132995",-0.913721446410419
"162387",-0.913976098095049
"28602",-0.914066905382294
"3456",-0.914183426229022
"637",-0.914193522020523
"392508",-0.914221498805452
"138639",-0.914305269498821
"6973",-0.914501070342758
"5820",-0.914629877967727
"100270993",-0.915107583760399
"80129",-0.91513614762667
"374291",-0.915230612592737
"5365",-0.915730010008421
"101927244",-0.916013082758276
"55633",-0.916430856125362
"9402",-0.916432189611188
"6827",-0.917234065986499
"100130880",-0.917620200518967
"23539",-0.917666620886672
"9976",-0.918245150184307
"105371374",-0.919396987021877
"101927320",-0.919720310684576
"100507290",-0.9199934408084
"100419185",-0.920721407206265
"285268",-0.921200636527046
"51719",-0.921203169188167
"93621",-0.9215247162466
"406950",-0.921855313428516
"100124535",-0.921868938685803
"266743",-0.922080346094464
"25828",-0.922218617963932
"54856",-0.922407500054198
"7436",-0.922408659045869
"3185",-0.922630587870694
"5966",-0.922631108844945
"648294",-0.92294295855595
"2913",-0.923214761402546
"100131814",-0.92332754179822
"101929099",-0.923344696504065
"81605",-0.924651221279947
"57673",-0.925346417761844
"8479",-0.926246600817382
"54331",-0.926350617615869
"100462840",-0.926474939257014
"55295",-0.926495765575488
"124905482",-0.926699512873151
"730249",-0.92721236389712
"89822",-0.928061903602371
"126206",-0.92840782719694
"439957",-0.928667878170765
"3737",-0.928669778748597
"9748",-0.928887352425572
"97",-0.92888744638954
"1804",-0.928954320001042
"100271487",-0.930584107014774
"56110",-0.930872058327406
"2583",-0.931449839760697
"547",-0.9326646390522
"646486",-0.932744078130357
"100132537",-0.932824367655388
"9349",-0.933109439478572
"28688",-0.933155040688243
"1149",-0.933917911158353
"28897",-0.934037446878509
"59067",-0.934267914285987
"26495",-0.934425841222395
"645553",-0.934784638925423
"2686",-0.935185083382243
"10124",-0.935275189344282
"5516",-0.935276806720904
"124872",-0.935622957922559
"100271502",-0.935645593938694
"79800",-0.936262182934556
"283693",-0.936279752830607
"80274",-0.936489159381425
"101926971",-0.93660691522364
"124901990",-0.936935346440999
"55270",-0.938038831826358
"105377466",-0.93807665394845
"54981",-0.938727674037182
"5832",-0.938885621267414
"111082983",-0.939575070234429
"105377986",-0.940042867986475
"54020",-0.940045376017989
"10220",-0.940354989997514
"9248",-0.940543491353832
"70",-0.940595755076341
"80185",-0.940597050612277
"7402",-0.941142598733567
"55818",-0.941143672671237
"9056",-0.941144684549548
"101927572",-0.941354564467641
"225",-0.942460282590966
"26863",-0.942461448297546
"145820",-0.942820811266584
"100129527",-0.94284183648183
"10745",-0.943159483361415
"127379686",-0.944073239843982
"100131369",-0.944431207657442
"100270964",-0.944432250210841
"10540",-0.944432636336666
"692058",-0.944542221613957
"55257",-0.945124516319991
"9825",-0.945251269234824
"124900430",-0.945777305520788
"221303",-0.946159176097725
"162515",-0.946185575812452
"101928111",-0.946309569542725
"59352",-0.947725133560966
"54434",-0.947768561628577
"221",-0.948171910023234
"219874",-0.948623961852919
"351449",-0.948936992368802
"105370109",-0.949062433571308
"64110",-0.949095105436676
"126170",-0.949858139780935
"101060091",-0.950270762431863
"162540",-0.951388272471403
"100500853",-0.951642799012915
"314",-0.952326770728047
"116435281",-0.952562878877555
"93948",-0.952930334607681
"339396",-0.953263489437261
"130429",-0.953279364611111
"677766",-0.954135350783034
"3149",-0.954288006282768
"390616",-0.954309963324177
"100271551",-0.954489311828103
"6550",-0.954907409842106
"145694",-0.955178308853062
"124906209",-0.955347520490471
"101927801",-0.956110396306015
"118460",-0.956800499849782
"199704",-0.956810362015347
"55298",-0.957075865290057
"54148",-0.957317923258419
"255119",-0.957531612168018
"101929544",-0.957571114359941
"441218",-0.957974164294822
"100271254",-0.958314288892526
"644743",-0.958950003265769
"283373",-0.959020607117062
"128646",-0.959025611636732
"101928539",-0.960583021982189
"10561",-0.96083562427404
"646600",-0.960862344886859
"54680",-0.961369944028507
"1029",-0.962043107827832
"440672",-0.962578171010087
"84164",-0.962914115721466
"6283",-0.963183573243086
"106479353",-0.963616809493922
"8086",-0.963939525134137
"51255",-0.963940355727922
"57020",-0.963940544936855
"29958",-0.963941154869579
"28742",-0.963941826241043
"1663",-0.964591631141247
"116448",-0.96503680470368
"392307",-0.965124453626183
"442325",-0.965245588920679
"406954",-0.965345671781911
"10744",-0.965380956641692
"100270866",-0.965743105501644
"105370833",-0.967022281456828
"100132857",-0.967099236237073
"350",-0.967931447194503
"28722",-0.96860828905413
"646785",-0.968609709783532
"9293",-0.968610523019186
"146336",-0.96864157191535
"124903372",-0.968645454384138
"283455",-0.969416115679156
"25999",-0.97053981129425
"3675",-0.970543252399692
"9715",-0.97062709020198
"7141",-0.970683162494682
"441601",-0.9709703903083
"441272",-0.971108286206087
"23331",-0.971767863753153
"107984195",-0.971978126899196
"8517",-0.972581736354167
"1677",-0.9727386359645
"389114",-0.972877813300158
"100132015",-0.973014698663834
"693220",-0.973131241626565
"116412",-0.973202062439883
"9564",-0.973554432155703
"100506122",-0.973727368591836
"100271105",-0.973730148000795
"100422549",-0.974636275767843
"1871",-0.974840852901684
"22862",-0.97488663184132
"388815",-0.974887600064052
"390595",-0.975019565632306
"101929596",-0.975023846051321
"164237",-0.975110407719265
"390378",-0.975807080943526
"124902108",-0.97621430893851
"5308",-0.978471068757823
"55048",-0.978607820835986
"102724234",-0.979028849124713
"100419650",-0.979664910230381
"4800",-0.979720908992284
"90780",-0.980071226798468
"9287",-0.980951058690577
"101928165",-0.981013405306117
"6355",-0.981040999068752
"26574",-0.981080161212525
"201292",-0.981157546341442
"57573",-0.981207022998483
"161742",-0.981208126021933
"7082",-0.98120889740744
"401509",-0.982082498192579
"65996",-0.982199652184031
"89838",-0.982374687649615
"10095",-0.982386864885619
"100270890",-0.982429351433889
"6139",-0.982824501915511
"7517",-0.983051367866837
"26007",-0.983151233152715
"78996",-0.98460331690537
"202781",-0.984890151799427
"2650",-0.985624398823183
"5790",-0.985764080345549
"112268239",-0.985967182438133
"145501",-0.987060409643716
"25924",-0.987352033794468
"10456",-0.987353243451026
"29018",-0.988017009458341
"259307",-0.988441221737306
"8662",-0.988577120209794
"109616964",-0.988615800490269
"7166",-0.989070447628319
"10241",-0.989073418892965
"5429",-0.989598168470663
"53",-0.990098932593314
"84253",-0.9902886393081
"5515",-0.990472171025208
"81354",-0.99060877630436
"7512",-0.99092183678343
"5407",-0.991077933610591
"3785",-0.991165710070191
"28387",-0.991913608343262
"79054",-0.992823395271715
"28655",-0.992825777269947
"51123",-0.992987572717018
"51057",-0.99329658506908
"5338",-0.993341678973949
"1370",-0.994373635022119
"440567",-0.995442514365451
"10011",-0.995919842187041
"163732",-0.995940691284944
"401190",-0.99679419931307
"6035",-0.99679743820461
"100422710",-0.996889581634192
"9315",-0.997379440881517
"105221694",-0.997626745654519
"100302124",-0.997972834284308
"1051",-0.998371857812273
"51320",-0.999051048963121
"100505678",-0.99908561554814
"3251",-0.999085977388451
"100419356",-0.999293179429313
"28748",-0.999772073884069
"441282",-1.00008936409009
"106480796",-1.00017687257629
"8900",-1.00119289392742
"346653",-1.00195352324522
"156",-1.00198159162338
"388112",-1.00202456117606
"162494",-1.00242468574869
"11254",-1.00293487768161
"56005",-1.00293598018554
"100128890",-1.00293606170965
"50506",-1.00293685560797
"10742",-1.00298520552223
"402573",-1.00355842259109
"728715",-1.00396319542269
"1590",-1.00424475362067
"4607",-1.00453959887582
"7405",-1.00461702099802
"7319",-1.00595020984806
"644236",-1.00595078124001
"284266",-1.00595091793725
"11274",-1.00611656962141
"101928103",-1.00685560917638
"3363",-1.0080519724718
"119687",-1.00811098181375
"4438",-1.00822155388393
"114757",-1.00847518403775
"7533",-1.00861994280439
"400569",-1.00886456574756
"79747",-1.00991582679018
"767594",-1.0102854837993
"6693",-1.01050096725292
"27092",-1.01064768653472
"387758",-1.01173298957025
"139793",-1.0117331140012
"284942",-1.01249022395119
"114770",-1.01255108767977
"2741",-1.01267854631336
"100128710",-1.01337433681755
"6612",-1.0140360207226
"100506374",-1.01460912750799
"124900469",-1.01520114312151
"51673",-1.01522804780861
"4111",-1.0154434058003
"100533179",-1.01558861282461
"6262",-1.01600428608336
"56339",-1.01600822572986
"84647",-1.01602444802134
"7507",-1.01628253443862
"57596",-1.01633382258764
"81390",-1.01753588805724
"255101",-1.01833835626339
"4648",-1.0195010076862
"389813",-1.02110462314349
"11158",-1.02131987970546
"79587",-1.02138299602067
"6044",-1.02150719927355
"8738",-1.02161874919954
"8894",-1.02161890550047
"105371855",-1.02208060017368
"642623",-1.02232384428747
"100130197",-1.02259200325281
"1596",-1.02284944136763
"55784",-1.02293211301049
"26102",-1.02325576366521
"55204",-1.02337931886144
"26119",-1.02338136894976
"5563",-1.02338163794408
"9431",-1.02362615611539
"5672",-1.02416006860426
"64976",-1.02475366578705
"6755",-1.02583229163303
"4335",-1.02597925920785
"101929238",-1.02644902070184
"80313",-1.02651718963233
"100270825",-1.02684665915686
"148398",-1.0269512094391
"158035",-1.02708928431982
"692312",-1.02725678397479
"55181",-1.02745337416915
"10645",-1.0275154926382
"751071",-1.02763736611991
"353174",-1.02796748234595
"1659",-1.02852679633831
"10999",-1.02865308234651
"685",-1.02884062282617
"53838",-1.02931833313542
"8470",-1.02932007667295
"124790",-1.02932012068243
"84811",-1.02932059309956
"442291",-1.0302218702949
"10277",-1.03049537508865
"158809",-1.03117006210617
"51306",-1.03155402298906
"151827",-1.0316510121448
"55504",-1.03245223973104
"171558",-1.03266858418213
"8228",-1.0327052619898
"28749",-1.03270668403851
"26586",-1.0331937371852
"124901770",-1.03659336636685
"340529",-1.03682610769593
"100113407",-1.03682714221436
"100419645",-1.03682808573103
"105375102",-1.03739375372561
"100861548",-1.037449424438
"101928470",-1.03769705284546
"400581",-1.03794251296709
"106480429",-1.03835139301993
"7791",-1.03998415255759
"114798",-1.04005101699109
"5581",-1.04038557493721
"388650",-1.04073608912995
"101927422",-1.04101683808331
"101929741",-1.04154338331751
"23532",-1.04219124112597
"9144",-1.04240260964755
"3887",-1.04240329584351
"100533629",-1.04250042066765
"4636",-1.04250101687272
"51296",-1.04299746371295
"9665",-1.0430133857656
"252969",-1.04301500363654
"100616116",-1.04440865751796
"124902629",-1.04467859890846
"3565",-1.04486794375761
"388325",-1.04520425409133
"79080",-1.04520486023538
"124908003",-1.04530133368878
"7048",-1.0459327660752
"57801",-1.04607901502894
"100287551",-1.04612195662697
"8498",-1.04672946809944
"54797",-1.04717154144757
"80198",-1.04812207698235
"140881",-1.04881517687179
"7071",-1.04899203535728
"100505666",-1.04899483617688
"28234",-1.04962138803045
"127379695",-1.05010144828911
"8313",-1.05038348208584
"101929335",-1.05049661136174
"6640",-1.05086350233198
"128637",-1.05110281949556
"728450",-1.05148341018481
"143678",-1.05149922772981
"26118",-1.05166524211795
"26207",-1.05219100753582
"101930421",-1.05223358312365
"10347",-1.05312357561675
"124902559",-1.05325783178058
"5286",-1.0535297658967
"8706",-1.05370606473368
"388512",-1.05455867239052
"401097",-1.05471578993016
"100506725",-1.05487426514507
"4892",-1.05496840760183
"946",-1.05496907955687
"23598",-1.05633104141817
"9496",-1.05645201728567
"79647",-1.05723860356461
"84069",-1.05735678026748
"57713",-1.05893373395044
"3329",-1.05903256957023
"79639",-1.05911834616565
"9890",-1.05925417350835
"10361",-1.05925431763802
"9956",-1.06003581544634
"159091",-1.06003705590531
"100128662",-1.06153659406141
"283116",-1.06207378901229
"8590",-1.06232312382626
"101929486",-1.06248716363189
"100190940",-1.06257897369188
"2064",-1.06324162733031
"63982",-1.06452905219809
"100270858",-1.06493762981367
"81562",-1.0650855972617
"326309",-1.06525303790272
"285441",-1.06534609664438
"284370",-1.06546262036655
"140801",-1.06565574104132
"3093",-1.06566856414623
"101929698",-1.06571601076156
"441250",-1.06590188606399
"653786",-1.06613309375405
"2569",-1.06620453560714
"115752",-1.06645316982555
"94015",-1.06645367816806
"100129203",-1.06649487699324
"51764",-1.0669843774753
"79549",-1.06737570860697
"9699",-1.06742702607304
"200523",-1.06776959212068
"57648",-1.06841901166443
"8607",-1.06843806655953
"8386",-1.06851135713759
"107984399",-1.06851406609065
"345193",-1.0688932985834
"3768",-1.0690304896881
"387923",-1.06925536264957
"583",-1.06925711662505
"106479282",-1.06928328780609
"23352",-1.06929444478582
"55744",-1.07027284933142
"124997",-1.07039353620668
"389118",-1.07050958696014
"149951",-1.07065057034096
"105372321",-1.07127872427851
"1767",-1.07128227578721
"91039",-1.07169125862463
"106479059",-1.07219647620622
"55211",-1.07240555591737
"442114",-1.07255237561139
"101929337",-1.07262814964562
"10647",-1.07451769280384
"7041",-1.07512966941812
"8776",-1.07525147304428
"101927722",-1.0752517715596
"105377633",-1.07525330330344
"8263",-1.07581404102153
"767567",-1.07588527546828
"124904072",-1.07612507068258
"541468",-1.07614675527598
"503538",-1.07619883371033
"84107",-1.07779039340653
"387867",-1.07807138426006
"64105",-1.07818460628255
"231",-1.07819924822291
"54807",-1.07834849086496
"339318",-1.07859881095378
"487",-1.07930697648848
"112543493",-1.07931738144414
"5724",-1.07953454342241
"10867",-1.07988114364241
"124900875",-1.08059875259747
"92399",-1.08065979701122
"2720",-1.08088660671966
"9479",-1.08092566803636
"87688",-1.08104085111702
"100506637",-1.08228862011652
"101927832",-1.08241707790815
"203069",-1.08276923961882
"51193",-1.08336298310556
"8065",-1.08336303897915
"140715",-1.08336603164538
"390212",-1.0833996415725
"100507062",-1.08409627657325
"124901966",-1.08437635510416
"83989",-1.0844830732628
"100874314",-1.08499088807391
"1774",-1.08508952347232
"105376086",-1.08553080697144
"406903",-1.08567071902213
"79176",-1.08569341669049
"414918",-1.08578538350797
"84618",-1.08615536808217
"438",-1.08840184379657
"4145",-1.0884643551855
"378884",-1.08847865127474
"84707",-1.08884028189593
"5604",-1.08884040844457
"9580",-1.08963283346762
"100130357",-1.08964823397978
"105369547",-1.09023039498417
"2647",-1.09023064935679
"261726",-1.09023082497051
"100873921",-1.09135985617759
"114335",-1.09142612393338
"92906",-1.09153361350437
"146853",-1.09176131603343
"130951",-1.09247174989836
"4723",-1.09250833929748
"124903629",-1.09292529014983
"253012",-1.09335534843604
"101929344",-1.09351558283976
"79874",-1.09365582393331
"54457",-1.09374613768915
"101929559",-1.09400765544723
"56891",-1.09409759418088
"6753",-1.09430756023537
"283587",-1.09502166666325
"23379",-1.09512514291551
"57610",-1.09566808653147
"132660",-1.09566856389969
"55650",-1.09566878223552
"100873893",-1.09594221061394
"125316803",-1.09597249704161
"101929475",-1.09605307452149
"101927017",-1.0971339304106
"26015",-1.09797238012154
"161145",-1.09824651200449
"6004",-1.09915905049712
"3560",-1.09987689743973
"5730",-1.10051927141826
"23014",-1.10110821640755
"100128605",-1.10110857965685
"90362",-1.10149493848198
"29122",-1.10161585121713
"149086",-1.10162019688074
"79888",-1.10185266310428
"408",-1.10208970930474
"729789",-1.10225440184003
"677765",-1.10266565979387
"100130448",-1.10325973967556
"4481",-1.10362027236297
"100505746",-1.10453642712555
"6422",-1.10456040988546
"124902940",-1.10484781471364
"27340",-1.1049370662984
"340706",-1.10550918351578
"105378803",-1.10557981911008
"105376453",-1.10572483551311
"623",-1.10652012631969
"387707",-1.10655692582043
"10846",-1.10655750589509
"1465",-1.10655841235518
"6239",-1.10658485299923
"5300",-1.10661427261965
"100271204",-1.10661878042761
"80125",-1.10669243586181
"79020",-1.10686258433006
"767582",-1.10689293614036
"1291",-1.10750580457091
"352999",-1.10752433803677
"390059",-1.10782628050669
"100862680",-1.10819403048399
"539",-1.10827956184712
"23095",-1.10837698395376
"100418737",-1.10837914973008
"124902739",-1.10851149346762
"200909",-1.10932958407332
"105372860",-1.109557450832
"392517",-1.11005418910117
"5936",-1.11020024092802
"105372753",-1.11031303302604
"150372",-1.11122025983467
"151484",-1.11133721152775
"2730",-1.11158761185317
"124901521",-1.11177396906124
"23279",-1.11203368570981
"101929284",-1.11276970312565
"1179",-1.11371094144862
"7027",-1.1137121230249
"54859",-1.11371352185395
"1802",-1.11387751930838
"25942",-1.11413095079402
"387129",-1.11435239427147
"11326",-1.11440345442949
"102724323",-1.11500833326792
"7011",-1.11547408431643
"221424",-1.11548953499129
"57589",-1.11575704066162
"55702",-1.11579436825308
"646216",-1.11660378955398
"645713",-1.11729545602345
"4501",-1.11914177448296
"1456",-1.11927091301419
"5947",-1.11929565347555
"103312105",-1.11976023832676
"28988",-1.11989225497247
"158219",-1.12035126871427
"786",-1.12043482995815
"9787",-1.1208612515929
"100506083",-1.12086172653271
"23097",-1.12086218089781
"101927330",-1.1210440832719
"106480780",-1.12121956258036
"57620",-1.12136789096268
"199786",-1.12137377930549
"65980",-1.12138670147581
"639",-1.12149356529211
"106480319",-1.12214815297619
"147660",-1.12221841563124
"25803",-1.12221934793449
"3586",-1.12222051353112
"344697",-1.12324257250018
"100130771",-1.12382597658296
"391636",-1.12397765270958
"100127995",-1.12461655510889
"123706523",-1.12491706372464
"55057",-1.12622666045266
"27429",-1.12625739277268
"5805",-1.1264982695948
"646168",-1.1273169983772
"1955",-1.12764488013836
"121643",-1.12765617506742
"284723",-1.12835043023565
"4751",-1.12865030041681
"57129",-1.12877206344718
"84503",-1.12918410719613
"105376946",-1.1293653025592
"645311",-1.12998558060464
"642357",-1.13070153376043
"100507144",-1.13113982104714
"3231",-1.1313654125437
"126917",-1.13274920181529
"79087",-1.13336073127204
"9194",-1.13367666510308
"283902",-1.13378930275252
"124903957",-1.13429318247069
"254778",-1.13466083990852
"730993",-1.13519742660089
"51232",-1.13526891897568
"2002",-1.13530674808466
"100419654",-1.13548553542937
"100130519",-1.13556115621937
"63971",-1.13579609782736
"54550",-1.13579646019082
"106481863",-1.13579807297417
"1584",-1.13626674410932
"204474",-1.13676063033842
"654364",-1.13810633391578
"100287569",-1.13879400660348
"646409",-1.13946453887657
"100131471",-1.13953817854217
"554251",-1.14012236481275
"60495",-1.14051553226105
"127428",-1.14051627337524
"28468",-1.14051640899436
"100500737",-1.14051654269085
"57578",-1.14094562178312
"23135",-1.14146024408116
"10994",-1.14179984287471
"401399",-1.14302908072155
"9914",-1.14339775142425
"83699",-1.14340335771565
"10622",-1.14369670862126
"3355",-1.14472237521167
"28662",-1.14486716648205
"2886",-1.14526829238666
"84190",-1.14537205011275
"101929586",-1.145592166958
"103504737",-1.14567257710466
"8708",-1.14573047036582
"151176",-1.14589566866274
"26205",-1.14592393223994
"6776",-1.14715520829055
"1395",-1.14759369747057
"9392",-1.14803533433474
"680",-1.14845374896486
"79567",-1.14877440012944
"28610",-1.14888080017351
"79814",-1.14927398011276
"105373180",-1.14978000082651
"650808",-1.14979126879624
"114815",-1.14980905674477
"100133024",-1.1501811015833
"9260",-1.15020486251443
"5553",-1.15091457141023
"390345",-1.15139786528335
"100418754",-1.15190795799886
"9274",-1.15203930759604
"51114",-1.15257410002126
"101927845",-1.15294922625116
"692213",-1.15295040714121
"100126318",-1.15330157097396
"283888",-1.15333288623087
"9766",-1.1534050814525
"101928718",-1.15347455707659
"57140",-1.15424882197363
"100270852",-1.15591823172091
"56125",-1.15592390318698
"105378402",-1.15601482444193
"595",-1.15656877508113
"57060",-1.15799024485478
"57510",-1.15808881200269
"159963",-1.15820883774845
"347454",-1.15887354441484
"3097",-1.15903896414828
"9663",-1.15904001820876
"100271016",-1.15979898335024
"123258400",-1.15981322238957
"1820",-1.16056805424534
"54962",-1.16108257382911
"5717",-1.16108258170442
"256006",-1.1610828838657
"143471",-1.16136141862048
"55824",-1.16147525481102
"26206",-1.16188100184294
"729121",-1.1623474442469
"149773",-1.16256292364845
"152024",-1.1628467316319
"129804",-1.16336165309232
"100419073",-1.1643545174079
"6080",-1.16440987814069
"3474",-1.1645684812931
"171169",-1.16467382672403
"8288",-1.16475186824746
"101927844",-1.16584011859396
"84245",-1.16604317306707
"106480108",-1.16613235918818
"102724808",-1.16638247057928
"55568",-1.16662700044063
"340527",-1.16691314304852
"10518",-1.16729038534915
"114785",-1.16756958967332
"84954",-1.16786978804887
"152641",-1.16793477257007
"285456",-1.16805732638456
"105373170",-1.16816020404345
"106481095",-1.16824391355042
"91612",-1.16838221418971
"104355297",-1.16876958831291
"106481086",-1.16963893850116
"390269",-1.16981643609956
"84914",-1.16995658690903
"10126",-1.17017787215791
"10495",-1.1708542107913
"60686",-1.17131116865119
"254359",-1.17131817312738
"57192",-1.17179171242977
"7681",-1.17217717839137
"9361",-1.1723452874939
"3589",-1.17261093583998
"101060040",-1.17273838690862
"57595",-1.17282990426793
"142683",-1.17284190398912
"106481104",-1.17483104289328
"51175",-1.17498585430789
"390354",-1.17532525383808
"9350",-1.17541393610676
"117854",-1.17564656774381
"81926",-1.17583001582717
"5976",-1.17611751901963
"4988",-1.17614630942408
"7069",-1.17625954223214
"90874",-1.17635521925059
"54453",-1.17651647722087
"221400",-1.17663082928453
"106480537",-1.17685088792188
"100134317",-1.17693337484751
"79833",-1.17738252463504
"100128804",-1.17832538334931
"124801",-1.17862531021773
"91614",-1.17862599378746
"386617",-1.17892444328789
"23137",-1.17892762219719
"1953",-1.17914091877132
"79017",-1.17950083227484
"11149",-1.17961301252748
"388387",-1.17982647203441
"653781",-1.18024382070679
"754",-1.18087544645984
"23155",-1.180946009396
"6398",-1.18116067142248
"10208",-1.18150164564127
"102724485",-1.18208378548239
"201477",-1.18355761576704
"727764",-1.18388128209682
"1893",-1.18463921806414
"378707",-1.18464057136527
"81035",-1.18508877346771
"57232",-1.18524654665689
"6043",-1.18524707967411
"3512",-1.18524768785306
"55634",-1.18524845394832
"145264",-1.18537806948689
"106479280",-1.18600885394214
"7577",-1.18624082676851
"28672",-1.18674291024264
"83552",-1.1868712544196
"27345",-1.18701256633985
"3383",-1.18714156584773
"729196",-1.18791088859313
"8822",-1.18821196871769
"5144",-1.1886776545885
"100419830",-1.18881714276241
"129303",-1.18903848393795
"28401",-1.18967693088946
"100287266",-1.1901329483978
"162681",-1.19037662790313
"201299",-1.19037759916792
"79716",-1.19122433886421
"6588",-1.1914431386989
"2652",-1.19158374706595
"101926928",-1.19189075340096
"101927018",-1.19263720594613
"27241",-1.19349933770459
"126382",-1.19363182945081
"83608",-1.19363261743754
"552891",-1.19384613646499
"100874112",-1.19431762883135
"109616969",-1.19464073315324
"26013",-1.19467965146142
"55107",-1.19511567033746
"219447",-1.19515588061187
"124",-1.19552071433258
"7341",-1.19552205409871
"139281668",-1.19610400077376
"8527",-1.19646701516172
"692229",-1.1966130162394
"10673",-1.19720829051737
"196968",-1.19722338062964
"84895",-1.19729451281546
"200014",-1.19729650085402
"7424",-1.19746580574462
"173",-1.19767826388264
"2207",-1.19782674196707
"23549",-1.19782767683992
"100129176",-1.1978287902768
"6167",-1.19852521904162
"124901449",-1.19935064891378
"79000",-1.19982552380155
"646548",-1.20014010665388
"22885",-1.20070724608633
"116841",-1.20123081764798
"101929290",-1.20172255594922
"116496",-1.20172307822624
"50487",-1.20183933892802
"728373",-1.20282699556863
"106699570",-1.20286079143248
"6840",-1.20337524825349
"10691",-1.20371350710907
"91433",-1.20371432297264
"2334",-1.20394610898799
"166785",-1.20429020126294
"100652840",-1.20542971571771
"23143",-1.20569431669403
"56944",-1.20604952567868
"100034743",-1.20621071584138
"55677",-1.20621228960026
"128368",-1.20626828278655
"8547",-1.20737088631952
"3070",-1.20742120584067
"100270826",-1.20843713215606
"1386",-1.20852511261064
"645853",-1.20867800458696
"102725068",-1.20935447146212
"127379740",-1.20950555305278
"285758",-1.20984069944961
"132014",-1.20997996786203
"84791",-1.20998444778635
"104310351",-1.21046070446343
"10143",-1.21075608984036
"161497",-1.21114499069331
"802",-1.21174019432518
"140755",-1.21188119270358
"3636",-1.21189369196537
"728698",-1.21216729869679
"84187",-1.21230051535599
"23345",-1.21244491351819
"29903",-1.21290192206583
"353238",-1.21295511041637
"3001",-1.21324373408024
"644414",-1.21365904329939
"595135",-1.21365908935999
"6636",-1.21366209771244
"400916",-1.21432995447888
"727982",-1.21472379648707
"57695",-1.21503115120955
"100418881",-1.21506406226226
"83659",-1.21700093747649
"23001",-1.21700973259417
"23428",-1.21722439632387
"114789",-1.21780397709212
"100289178",-1.21787144760635
"7629",-1.21817074619936
"221687",-1.21866358418823
"51233",-1.21908327211297
"54551",-1.21916186121536
"79844",-1.21949632261393
"100132073",-1.21954290922573
"729330",-1.21984011093321
"4179",-1.22034726239706
"161394",-1.22041598593612
"5024",-1.22053120885193
"4066",-1.22200095350141
"498",-1.22237392544144
"151473",-1.22299866035485
"7694",-1.22369815887373
"100505696",-1.22369831022407
"5678",-1.22370405577002
"114826",-1.2237307620263
"246119",-1.22489391875176
"8190",-1.22525585035316
"729646",-1.22529207693388
"100093630",-1.22545204361186
"283638",-1.22588209112413
"84859",-1.22625504750819
"79415",-1.2265582483828
"54918",-1.2269416134127
"123624",-1.22745815557457
"90865",-1.22756661679221
"26136",-1.22839634439399
"9436",-1.22850303676716
"23368",-1.2287712627255
"7075",-1.22886320375992
"4615",-1.22912448943203
"125113",-1.22937593710479
"374768",-1.23056597346746
"160419",-1.2307543421681
"1010",-1.23077463070112
"374920",-1.23113053246599
"387364",-1.23139043698682
"6734",-1.23217412313724
"28421",-1.23283578662591
"285282",-1.23339847856256
"55363",-1.2339080567443
"284340",-1.23390813648205
"100996702",-1.23411727045643
"40",-1.23433368989471
"221527",-1.23451590902823
"401491",-1.23612064004288
"163175",-1.23617620233559
"5601",-1.23702778824042
"51547",-1.23703053858493
"10900",-1.23719730710854
"116085",-1.23819337172194
"106050037",-1.23848730037147
"56109",-1.23850261636052
"105369734",-1.23855057036796
"54567",-1.23877470678633
"57828",-1.23914267608177
"113263",-1.23917032132049
"2890",-1.2402036933792
"784",-1.2404168204963
"53344",-1.24077539754864
"64601",-1.24167136702677
"9051",-1.24185670485609
"10248",-1.24201975307611
"100420502",-1.24204239056997
"27113",-1.24239520857548
"441308",-1.24281558265449
"1489",-1.24297179260823
"102465450",-1.2433771501303
"105374042",-1.24375421197051
"105374250",-1.24387124125032
"54707",-1.24406208554349
"9422",-1.24471999832321
"79633",-1.24472012685362
"79645",-1.24570993489499
"81565",-1.24611857051978
"83605",-1.24613624239642
"152273",-1.24669805931645
"10683",-1.24720434909689
"9473",-1.24734995657946
"57594",-1.24796980542619
"65109",-1.24839897966246
"6813",-1.24898095786976
"101928144",-1.24922942917076
"284958",-1.24934669087058
"283131",-1.2498218226408
"105374419",-1.24988838535679
"4908",-1.24989061224872
"101929174",-1.25007736868368
"1601",-1.25015472033785
"3624",-1.25074894140534
"124905000",-1.25113674498551
"56961",-1.25129227350189
"100131935",-1.25223939269964
"729092",-1.25262077298778
"677781",-1.25287187070496
"25941",-1.25287236511006
"284361",-1.25328681365996
"10671",-1.2536447231624
"400963",-1.25388497741765
"653650",-1.2540985364688
"6822",-1.25411797480386
"3996",-1.25414638273829
"4825",-1.25428399154903
"440714",-1.25492658808979
"57619",-1.25502746009359
"3906",-1.25508936652691
"10049",-1.25589928911663
"84722",-1.25628674612209
"4842",-1.25671513877883
"51333",-1.2574602816145
"6637",-1.25830988467275
"219793",-1.25844618944749
"101929662",-1.25918627728535
"131408",-1.25953683732476
"11202",-1.2597616796433
"9022",-1.26090308512956
"57223",-1.26110708756212
"693129",-1.26193008584772
"23246",-1.26246681812782
"100820829",-1.26307837832806
"1823",-1.26333939701815
"98",-1.26334050563941
"6818",-1.26395167885604
"81552",-1.26409827465439
"101927837",-1.26414987808547
"5366",-1.2641621972293
"6010",-1.26470731682512
"223",-1.26472658495975
"100131526",-1.26472687399248
"9118",-1.26509789284572
"632",-1.26519717755918
"23387",-1.26528221992367
"107986756",-1.26555538794361
"51530",-1.26582410477497
"613266",-1.26622947522359
"11051",-1.2668653922781
"54940",-1.26740833450454
"5713",-1.26852485853328
"10501",-1.26854703246958
"55337",-1.26945372003086
"283768",-1.27100349899508
"6360",-1.27103388019308
"6133",-1.27136077622011
"100873340",-1.27147592178416
"808",-1.27197703072288
"8022",-1.27201362912308
"57127",-1.27228801040459
"6633",-1.27228842904786
"7705",-1.27248558731752
"64651",-1.27260279806615
"101927377",-1.27274519850719
"196996",-1.27274956960333
"1668",-1.27276965275736
"91748",-1.27286131370562
"94026",-1.27307258991916
"57134",-1.27369870783673
"5623",-1.27464026580718
"401039",-1.27473757422103
"169200",-1.27486506377717
"123263",-1.27497733572992
"283553",-1.27514918758402
"266920",-1.27561156268999
"104169671",-1.27620311872979
"119391",-1.27666761475532
"5527",-1.27713120846447
"10457",-1.27757511634292
"8735",-1.27818019975488
"3609",-1.27843057788345
"84263",-1.27873855733698
"79088",-1.27883036954703
"93233",-1.27896063498392
"100533848",-1.27940356805717
"442867",-1.27945030262858
"222696",-1.27984934028316
"11318",-1.28053372660904
"79759",-1.28097828030781
"101927525",-1.28171525278129
"59271",-1.28201374558116
"111082970",-1.28210099034402
"197131",-1.2823563577528
"105369791",-1.28266914404477
"57701",-1.28317432919286
"1491",-1.28334743244274
"100131072",-1.28398711987712
"728192",-1.28485580091508
"2919",-1.28495541090009
"124902684",-1.28498031154826
"101928122",-1.28567499720331
"100033424",-1.28621869292376
"9373",-1.28634941295511
"106479179",-1.28675545140038
"200931",-1.28738678197828
"54869",-1.28803607439735
"8975",-1.28815924278074
"107986315",-1.28861096107837
"5949",-1.28895612085842
"29986",-1.28957306188527
"114771",-1.28957378836882
"84850",-1.28960584630696
"387601",-1.28974258569673
"55145",-1.28986987802239
"105374289",-1.29003117476234
"105369921",-1.29104414025524
"28916",-1.29104757139529
"9866",-1.29168749610492
"79899",-1.29202589412687
"166379",-1.29237342826935
"341880",-1.29245949751214
"5973",-1.2931935244503
"171222",-1.29362817674106
"100422547",-1.29404802521687
"29841",-1.29433553902521
"729240",-1.29462763441034
"101928416",-1.29467351579285
"255520",-1.29598334579345
"64856",-1.29698751351419
"10475",-1.29701809565605
"105369865",-1.29748937175892
"4544",-1.29774492037025
"2792",-1.29775887361083
"728106",-1.29794960905352
"9238",-1.29795217615812
"7106",-1.29869816799996
"23254",-1.29884416681352
"27112",-1.29902886339901
"1832",-1.2998106228377
"84928",-1.29981158845398
"3685",-1.29981249165541
"100418921",-1.30029875453061
"7173",-1.30052579640529
"5444",-1.30063693459681
"109617000",-1.30118199402408
"399693",-1.30122752789716
"148231",-1.30176601179532
"55859",-1.3021333637916
"100130827",-1.30268081637483
"101927905",-1.30315310703356
"101929372",-1.30330266691379
"107985532",-1.30367633402673
"27022",-1.30392370505113
"653147",-1.30566089966505
"100132742",-1.30592595937489
"5157",-1.30598631161861
"64423",-1.30627895152969
"84274",-1.30632996100535
"100131193",-1.3065046919802
"30009",-1.30673342798219
"101929560",-1.30734011371659
"27343",-1.30851207456062
"123464519",-1.30907513684787
"80086",-1.30922706117977
"84034",-1.30985594622486
"92259",-1.31061700945955
"100302121",-1.31075596455356
"23636",-1.31083603010728
"10728",-1.31104043395686
"135886",-1.31118492704316
"80320",-1.31152028838755
"225689",-1.31163931732245
"374355",-1.31272577618875
"642446",-1.31322065705496
"84318",-1.31327274306151
"282991",-1.3142677355302
"51172",-1.31499837942895
"646754",-1.31524831387437
"53358",-1.31532547625272
"101927700",-1.31602243062135
"100499261",-1.31725762613096
"84759",-1.31765610302458
"6691",-1.3176570364185
"28458",-1.31788443217523
"26777",-1.31833286594293
"23193",-1.31833403511999
"28413",-1.31848558171367
"23587",-1.31936370430491
"653583",-1.319925322925
"728231",-1.32011448959032
"4054",-1.32097982215628
"845",-1.32112342906447
"10938",-1.32119009653725
"9837",-1.32141600849013
"60685",-1.32158655132507
"1856",-1.32173956247473
"8170",-1.3222751418636
"202",-1.32234920023619
"84246",-1.32324980471351
"84688",-1.32330381440619
"1642",-1.32330503938232
"363",-1.32422426340819
"25824",-1.32464802524469
"64321",-1.32480357034545
"101927553",-1.32591523275778
"5707",-1.32622691187371
"22822",-1.32657928369704
"4168",-1.32676050892935
"100421701",-1.32681799300551
"474382",-1.32694419149581
"106479243",-1.32703279903493
"101928234",-1.32778252766218
"401258",-1.32807206083924
"10054",-1.32942890013863
"135946",-1.32970218647771
"81844",-1.3302884598675
"56246",-1.33064187537172
"65059",-1.33065817996474
"2120",-1.33084258838637
"9934",-1.33084342098237
"126961",-1.33084601320262
"93668",-1.33158121916832
"51008",-1.33209311622278
"135154",-1.33232216032323
"79867",-1.33232220863131
"6786",-1.33271131245479
"100271190",-1.332719000324
"105376951",-1.3330335623028
"60370",-1.33362020860396
"10858",-1.3336543436639
"728689",-1.3338049936365
"51053",-1.33380652989328
"55219",-1.33380665571648
"8539",-1.33458599206115
"7019",-1.33536414635568
"84305",-1.33544417183579
"100419851",-1.33582188607098
"121793",-1.33593400631128
"283129",-1.33604996464072
"100129685",-1.33617471301202
"8831",-1.33619624967407
"222950",-1.33663125515186
"100270870",-1.33677837645743
"285908",-1.33678117198132
"4625",-1.33683637226896
"89846",-1.33693696863111
"100302117",-1.33715344345897
"11054",-1.33779122703293
"3508",-1.33790567491685
"122455337",-1.33838437465847
"400064",-1.33844634940395
"55888",-1.33851105020861
"375295",-1.33877819698814
"79147",-1.3390375062478
"6181",-1.33967735055478
"4608",-1.33995460150697
"54820",-1.34002851870947
"728010",-1.34067697650814
"53834",-1.34108452665059
"115207",-1.34131490684769
"100133121",-1.34147328649917
"5981",-1.34300520713152
"100271088",-1.3430057520938
"100302161",-1.34302501245676
"619373",-1.3431774967636
"105371152",-1.34326066263597
"51141",-1.34326109419518
"57657",-1.34333766055055
"64852",-1.34361290217534
"139355217",-1.34370118892326
"120863",-1.34403595279779
"81470",-1.34415333358979
"64960",-1.34461477181415
"101926904",-1.34468435372729
"1857",-1.34516369867611
"101927554",-1.34539293962656
"79819",-1.34638001154203
"100418710",-1.3464462404984
"3400",-1.34714771577314
"26737",-1.34727126720506
"11262",-1.34837813250248
"259230",-1.34844106487602
"6565",-1.34891259113814
"6949",-1.34900064635417
"55816",-1.34905629227854
"105375795",-1.34959426285356
"25774",-1.34973493537859
"27087",-1.35021981875776
"100528064",-1.35066749686347
"28726",-1.35179192120416
"101927877",-1.35180111865058
"7039",-1.35208411971031
"51264",-1.35260833071969
"124902718",-1.35261450069206
"441533",-1.35386411338019
"100287399",-1.35394511946452
"56937",-1.35412535620001
"26233",-1.35420715169313
"388558",-1.35504418488531
"115509",-1.35576019447377
"79809",-1.35583954407045
"255239",-1.3561272711628
"26499",-1.35633007729458
"79825",-1.35648790119126
"23334",-1.35660440357322
"124901321",-1.35670724960113
"345016",-1.3572563232511
"141",-1.3575884788989
"101928764",-1.35794638068484
"2617",-1.35855907845798
"442101",-1.35988185360816
"100420015",-1.35988375714931
"830",-1.36112099992061
"54959",-1.36201476558433
"100422977",-1.36205062272234
"56924",-1.36205138063248
"57512",-1.36277517638518
"105371143",-1.36308792527116
"83884",-1.36315223841445
"54507",-1.36411469674832
"4923",-1.36419873749056
"23145",-1.36455301101278
"100422330",-1.36475556596937
"100129718",-1.3649186445442
"1728",-1.36515239059217
"202020",-1.36563818988248
"80351",-1.36563946397148
"84304",-1.36641025936412
"101926975",-1.36705054749542
"100128535",-1.36709963295716
"100287074",-1.36728837867478
"221442",-1.36749108182825
"168544",-1.36767734414806
"105377139",-1.3677373590336
"3990",-1.36778961735206
"2590",-1.36857006334107
"113746",-1.36884920211676
"3654",-1.36888416335244
"339231",-1.36891822736628
"84675",-1.36932205282866
"100874047",-1.36934602156026
"5742",-1.36935260926319
"105371456",-1.3694751973912
"94241",-1.36947992181255
"100874031",-1.36948058640104
"54942",-1.36972116091734
"286077",-1.36972214344829
"135644",-1.37015037892357
"2206",-1.37148732993069
"109617015",-1.37162557397529
"171523",-1.37162598030635
"7841",-1.37162701141809
"11047",-1.3721050916963
"22823",-1.3723825696122
"57096",-1.37238271539048
"83591",-1.37238345386025
"100130564",-1.37309392898516
"100132421",-1.37337915254363
"1548",-1.37378375721857
"26009",-1.37469622908753
"57481",-1.37501848494319
"80263",-1.375625516276
"201232",-1.37610360091433
"101928523",-1.3766511686602
"2977",-1.37769343475534
"23186",-1.37928134493687
"1945",-1.38079694611274
"79084",-1.38095331400433
"100129774",-1.38113330512161
"826",-1.38206587520705
"84060",-1.38225471206163
"1284",-1.38249039001444
"138065",-1.38251754680916
"57215",-1.38260558619398
"107985953",-1.38279828284375
"3202",-1.38317046622236
"644378",-1.383715117001
"100506826",-1.38384423306569
"254528",-1.38390704766597
"138804",-1.38422300542419
"3162",-1.38436686822631
"645482",-1.38453821459611
"124902513",-1.38460809895777
"390075",-1.38560523379861
"124900731",-1.38592893024894
"54874",-1.38601585144519
"81551",-1.38608980877821
"6284",-1.38648279551346
"676",-1.38666714655438
"9610",-1.38714764939492
"124904868",-1.38716185295652
"284203",-1.38727725380026
"101060211",-1.38788234531826
"26494",-1.38793252951778
"26683",-1.38814676499614
"115",-1.38825163447768
"5583",-1.38840387060892
"10390",-1.39012666516199
"400950",-1.39025434291468
"131185",-1.39066790917991
"83707",-1.39112635511
"54522",-1.39216183541156
"51629",-1.39257340525991
"391267",-1.39301556559319
"121457",-1.39301656215443
"54935",-1.39313298661422
"1439",-1.39315118250658
"6717",-1.39452915571099
"23141",-1.39459724154096
"81603",-1.39471549462431
"27121",-1.39486730050678
"445582",-1.39487142041598
"57139",-1.3956647209819
"80177",-1.39567304757161
"266812",-1.39590982870741
"122042",-1.39635967273775
"9381",-1.39656260985056
"391013",-1.39661071605413
"644246",-1.39669704920785
"81556",-1.39672607934884
"7867",-1.39704375086219
"105372883",-1.39736540057526
"105371430",-1.39832113281129
"3386",-1.39870062034359
"1954",-1.39884578402329
"153932",-1.39889113491234
"28383",-1.39914751908619
"1647",-1.39970686974524
"101930091",-1.40049297815383
"101060691",-1.40056747497519
"10201",-1.40155195419111
"135250",-1.40164256170289
"54784",-1.40237799427267
"162466",-1.40256369020009
"284215",-1.40285871471385
"10956",-1.40296435196353
"201514",-1.40299485365334
"100418865",-1.40310038581348
"105616982",-1.40320222039916
"493911",-1.40321672671072
"652968",-1.4033987427405
"26052",-1.40355858492631
"56948",-1.40388786136822
"23556",-1.40388923326346
"286183",-1.40409426447483
"28773",-1.40409556639782
"339210",-1.40443518286969
"100289255",-1.40480761294046
"91353",-1.40546002039803
"101928578",-1.40553156708507
"101927275",-1.40677706344131
"101928373",-1.40749200584294
"284297",-1.40834430044346
"106481009",-1.40845346488606
"727751",-1.40868478109594
"406919",-1.40928641978062
"26686",-1.41038632531625
"124902105",-1.41081956903667
"57212",-1.41309189406898
"115123",-1.41309223226572
"80853",-1.41364326347547
"56936",-1.41366761533583
"390578",-1.41390926061588
"29966",-1.41391768404709
"159013",-1.41422304404574
"6416",-1.41439152841181
"9832",-1.41482267854523
"28646",-1.41483846172058
"5342",-1.41483963823826
"54433",-1.41551812419592
"132719",-1.41603605412309
"55809",-1.41633264529423
"90665",-1.41666981523448
"389384",-1.41691717278996
"152573",-1.41695778235732
"442486",-1.41701728822762
"100506469",-1.41836571261809
"26122",-1.41874378335771
"26103",-1.41928819604725
"145389",-1.42006890068645
"111082985",-1.42024658453224
"10362",-1.42024878499794
"55268",-1.42046329808772
"100129168",-1.42051588416554
"400508",-1.42163736290784
"51738",-1.42213886338392
"8092",-1.42215857384712
"1650",-1.42242629292635
"2834",-1.42254298912849
"489",-1.42265646987242
"10825",-1.42304921270967
"55056",-1.42307199523622
"6474",-1.42307394154469
"10654",-1.42348582894022
"100421515",-1.42357851192226
"64377",-1.4240120167201
"100505619",-1.42498633919222
"79048",-1.42512292599498
"8161",-1.42512529316327
"283870",-1.42521917155186
"346528",-1.42539982774569
"5915",-1.42612969982195
"100271358",-1.42615092616389
"6274",-1.42714940737278
"100419056",-1.42739136905745
"53635",-1.42758644071588
"119775",-1.42758694080716
"56890",-1.42883425544017
"8505",-1.42891141900391
"100033453",-1.42901872615916
"677806",-1.42910823746458
"439949",-1.42976828494473
"129684",-1.42985718631495
"100271361",-1.43056953709677
"100507639",-1.43090243399084
"105371745",-1.43222334733079
"100419036",-1.4326719378088
"101928053",-1.4336568993015
"112714",-1.43368030884518
"3950",-1.43401732687292
"55544",-1.43435826097486
"105370781",-1.43441827359501
"126669",-1.43518078480869
"28786",-1.43564843149142
"23585",-1.43601028155877
"2212",-1.43691298151621
"9482",-1.43713090542612
"595097",-1.43719133124634
"107984273",-1.43719205738779
"1849",-1.43734339575955
"80331",-1.43739069487852
"10298",-1.43752520626556
"221191",-1.43834441908217
"100506127",-1.43860711408582
"388795",-1.43887956755951
"5424",-1.43903834445584
"8925",-1.43939301686033
"6311",-1.43939345545806
"55449",-1.44024862751572
"57186",-1.44031944459051
"202309",-1.44032113514438
"101929441",-1.4404083609626
"106481652",-1.4404522409104
"64083",-1.4406783987979
"105375344",-1.44135739384684
"127534",-1.44158828707699
"2931",-1.44158876505734
"107984156",-1.44158937661857
"442105",-1.44220401280355
"101928973",-1.44242224470956
"83446",-1.44318019091041
"406915",-1.44322568330238
"79102",-1.44346794582222
"145645",-1.44359741909116
"203522",-1.44453226918509
"81539",-1.44483020697076
"1059",-1.44490800161351
"60528",-1.44533027112841
"84931",-1.44621097767256
"7294",-1.44621316157975
"2953",-1.44648483407264
"7461",-1.4467803962732
"117178",-1.44698153909806
"6603",-1.44713812576483
"105371062",-1.44748392478284
"100270851",-1.44858642827104
"100130950",-1.44858841009238
"53345",-1.4502035187238
"79363",-1.45043885346272
"100130630",-1.45080347265948
"91137",-1.45080465233784
"104266957",-1.45168802893127
"133522",-1.45220762303276
"100271375",-1.45293745907833
"26012",-1.45331492684876
"388323",-1.45345339744896
"84464",-1.45358703472121
"81030",-1.45374953613566
"3959",-1.454295291009
"84444",-1.45445814767561
"106479214",-1.45497244283785
"342897",-1.45506612025923
"320",-1.45518060428522
"392485",-1.45561266334459
"100652740",-1.455655271743
"5913",-1.45603547405994
"317701",-1.45652349940853
"286544",-1.45665497353424
"26829",-1.45687240158156
"127379741",-1.45725907110544
"105375587",-1.45758579124191
"435",-1.45799631594713
"102723323",-1.45883234658362
"106481080",-1.45900530599402
"5051",-1.45913882113295
"147920",-1.46083960593763
"91663",-1.46113799904404
"1739",-1.46117286015805
"50846",-1.46135519116126
"83637",-1.46180358611682
"9491",-1.46195822606972
"1355",-1.46305712976799
"201595",-1.46319680105401
"729970",-1.46422249400552
"84432",-1.46425793885812
"57335",-1.46455690244304
"26658",-1.46492022294075
"106481782",-1.46557003959766
"26284",-1.46582716379091
"3128",-1.46601025689714
"654790",-1.46617478979962
"2524",-1.46617604349251
"100302152",-1.46660264400276
"100271171",-1.466957703448
"79577",-1.4672558156954
"145241",-1.46742906358535
"130827",-1.46843589683347
"105370460",-1.46855627620759
"101927592",-1.4698340588647
"387267",-1.47077801802358
"9804",-1.47143280192778
"64084",-1.47146067335882
"105378776",-1.47147006207935
"78991",-1.47164998626038
"102723824",-1.47187231502308
"387849",-1.47199275184761
"2006",-1.4722449526981
"51776",-1.4726733013504
"9937",-1.47275275714761
"84795",-1.47293082004332
"107985040",-1.47301090137246
"3755",-1.47379405157063
"81624",-1.47402998137996
"56927",-1.47426967967964
"593",-1.47427118561458
"100271023",-1.47450811640774
"136991",-1.47548404616516
"90381",-1.47581236909979
"55116",-1.47598959989472
"54463",-1.47678518218777
"25970",-1.47700999452029
"219699",-1.47711974998482
"79813",-1.47739947626584
"63893",-1.47741454663461
"440896",-1.47772969740873
"869",-1.47796830873674
"51052",-1.47819834105826
"286827",-1.47830695002278
"2157",-1.47854109803313
"29085",-1.47931926383625
"55323",-1.4794412466349
"55209",-1.47973564671939
"728763",-1.47991497522622
"58538",-1.47999351343652
"63876",-1.48106235802781
"2302",-1.48131365348936
"105376106",-1.48135355617397
"11018",-1.48205015981111
"201625",-1.4821307838441
"101927667",-1.48266435289673
"5236",-1.48267677192108
"111082993",-1.48295987822891
"9332",-1.48324229812235
"1487",-1.48352026281999
"102724708",-1.48377352941426
"8797",-1.4838694764257
"10101",-1.48414180864099
"115708",-1.4850658157564
"106481094",-1.48518866493931
"5968",-1.48555137478915
"90353",-1.48703785371279
"643365",-1.48734058520147
"130700",-1.48771015989116
"50651",-1.48772470067873
"92181",-1.48809179413668
"83888",-1.48918340825944
"51802",-1.48932361525843
"100271018",-1.48950803250593
"146956",-1.48994003538218
"143570",-1.49011679004553
"1875",-1.49026472666245
"9919",-1.49034125730707
"100302116",-1.49054305116365
"400550",-1.49112896873847
"100507642",-1.49113244276292
"64599",-1.49164017337751
"26520",-1.49165221773379
"28751",-1.49165256272147
"285266",-1.49185664763827
"8128",-1.49189252649161
"10236",-1.49192089364917
"9978",-1.49209004025796
"9214",-1.49261415181653
"200810",-1.49389878943242
"8909",-1.49411455934246
"10978",-1.49411594719372
"219541",-1.49411791026241
"2856",-1.49411826204604
"7837",-1.4942426299775
"3720",-1.49473551700254
"140",-1.49478046434836
"93144",-1.49495402064228
"9719",-1.49533341967286
"378832",-1.4958779341965
"3698",-1.49619594893046
"9605",-1.49645782337861
"100129654",-1.4969807687234
"7469",-1.49708709158263
"54587",-1.49709264394014
"94274",-1.49721079068765
"116435278",-1.49741384702473
"100270904",-1.49760263260173
"348",-1.49826600410952
"7136",-1.4983732344572
"26865",-1.49854761776597
"5274",-1.49854851133087
"100506451",-1.49855462361582
"339894",-1.49859741359238
"4637",-1.4987175028374
"3916",-1.49921249266047
"913",-1.49921443909241
"2121",-1.50053775451024
"646093",-1.50063756607244
"8388",-1.50102577764465
"8985",-1.50173817951049
"339451",-1.50187080421255
"101060152",-1.50249050150518
"1586",-1.5027340000834
"100128317",-1.50352853053753
"123591",-1.50413769601948
"728588",-1.50517404987326
"89887",-1.50532412523136
"9518",-1.50548424196442
"101928555",-1.50564199022935
"101927196",-1.50572880502612
"80709",-1.5059583635425
"286133",-1.50599886488458
"8530",-1.50644707300401
"138715",-1.50656437088574
"100379141",-1.50657328107854
"10435",-1.50701635271483
"28431",-1.50708052662663
"27099",-1.50720659396133
"9270",-1.50720776939077
"8270",-1.50748415603739
"100271155",-1.50764072456931
"84138",-1.50768897923435
"84747",-1.50853696173233
"100287270",-1.5085941172105
"22890",-1.50859508240794
"170692",-1.50900441601889
"112609",-1.50905884409633
"8836",-1.5100806775531
"22894",-1.51055056738576
"23239",-1.51084049030414
"3032",-1.5109792233309
"1058",-1.51121045737329
"100421431",-1.51132034905733
"333929",-1.51213871325403
"55170",-1.51235184153336
"339761",-1.51257200426615
"338096",-1.5126949236739
"646864",-1.51287530060978
"7227",-1.51341220408586
"84077",-1.51412430538791
"55898",-1.51429538987981
"645299",-1.51436950288465
"3440",-1.51448344666524
"645425",-1.51476395275994
"100270853",-1.51497924272479
"55966",-1.51515790672672
"374928",-1.51544021910619
"1002",-1.51591291712574
"93594",-1.51665443145587
"25805",-1.51724834107774
"84838",-1.51748753852417
"219833",-1.51766184673486
"1757",-1.51785012550303
"28725",-1.51907890457553
"7095",-1.51945160830226
"10613",-1.51957790042724
"10445",-1.5202753337557
"80258",-1.52093388590854
"114795",-1.52132732499672
"100129427",-1.52291607488058
"54093",-1.52314021806718
"90161",-1.52314109243544
"101927417",-1.52315549026304
"25798",-1.52320597508745
"8999",-1.52329604274321
"84223",-1.52470034769972
"11184",-1.52482455092874
"84517",-1.52485951403085
"5025",-1.52491295777887
"101927740",-1.52516513780892
"100505758",-1.52601673728918
"140873",-1.52606932888971
"51341",-1.52610364341441
"90806",-1.52638178488481
"2926",-1.52676494087681
"10198",-1.52744707615739
"5454",-1.52830531110205
"26086",-1.52877481666489
"100270917",-1.52888745883963
"100506540",-1.5290679867744
"100616247",-1.52968484365375
"124901165",-1.53003967448363
"402120",-1.53004104798222
"23582",-1.53004350971988
"10842",-1.5316749719473
"26534",-1.53173468153882
"64792",-1.53289375668433
"440560",-1.53333435015601
"105372140",-1.53405547481291
"2140",-1.53408034339917
"124901899",-1.53449701892724
"100192386",-1.53512238173368
"10109",-1.535526481693
"11064",-1.53552693069347
"113251",-1.53562632560706
"51702",-1.5358821225729
"105376039",-1.53643197862765
"64858",-1.53765587462985
"55216",-1.53769334872008
"109286553",-1.5377155606195
"130574",-1.53813504433509
"79929",-1.53862343620047
"388401",-1.53885125097444
"7015",-1.5392366814055
"2806",-1.53976269757634
"5340",-1.53985148552918
"647323",-1.54010328467365
"105373537",-1.54065442167836
"729428",-1.54093994711401
"51308",-1.54121709807819
"107986962",-1.54187423921207
"90332",-1.54208258787246
"128580",-1.54223484710324
"400026",-1.54238110152143
"164668",-1.54263442423165
"106479446",-1.54270476237584
"55472",-1.54287531125992
"651452",-1.54376003920896
"25858",-1.54464939423369
"23011",-1.54613486786126
"112970",-1.54704417511269
"5531",-1.54748098996757
"100124536",-1.54806715037835
"402135",-1.5486771453755
"101927755",-1.54873581561009
"100126791",-1.54876898356826
"11245",-1.54881160531247
"81537",-1.54903859001052
"64446",-1.5501277485542
"1296",-1.55017028267454
"51116",-1.55024098282084
"11035",-1.55048289961442
"653820",-1.55073491349486
"169522",-1.55162446090371
"50945",-1.55164924096035
"55643",-1.5525889182895
"59341",-1.55284177321767
"28414",-1.55284982854409
"27109",-1.55285130296054
"7862",-1.55453132438946
"55110",-1.55548477088891
"100652768",-1.55579067356532
"105371414",-1.55615881236347
"151987",-1.5562705111491
"2475",-1.55763395402654
"6452",-1.55814095925097
"921",-1.55866076549012
"550631",-1.55939498484496
"140432",-1.55981528328123
"4824",-1.56029072907483
"8575",-1.56051608841491
"265",-1.56120502123639
"1524",-1.56193332113503
"5777",-1.56217969727235
"55011",-1.56241423865371
"767569",-1.56247288383451
"448835",-1.56350198397953
"64577",-1.56371481789211
"28781",-1.56389642207382
"26993",-1.56395176305307
"728606",-1.56458218425215
"64386",-1.56512588501506
"84266",-1.56792225838483
"143341",-1.56865400421141
"100033429",-1.56909052817413
"402133",-1.56928895773509
"123283",-1.56968232621655
"646175",-1.56976165963526
"164284",-1.56981651086152
"105379057",-1.57003667047827
"102467226",-1.5700712104122
"23094",-1.57081339991313
"9514",-1.57122456691046
"6582",-1.57143724808652
"127379749",-1.57169248428832
"57016",-1.57249175881096
"84203",-1.57365640743398
"104413890",-1.57392375135197
"392479",-1.57401673943193
"55151",-1.57412992158308
"55500",-1.57434288413997
"7466",-1.5751726144194
"401565",-1.57529781437104
"51567",-1.57584253383683
"100131339",-1.57603983100447
"56731",-1.57605046285331
"55745",-1.5760825754031
"10072",-1.5764035765271
"54536",-1.57658647369751
"647107",-1.57662050456148
"79818",-1.5768045277885
"226",-1.57691102142478
"101929352",-1.57755888586092
"5099",-1.57759085256802
"100131947",-1.57820500083495
"27329",-1.57860095497161
"6939",-1.57876411298834
"51058",-1.57890027999907
"347741",-1.57943529318237
"645191",-1.5808653343148
"646532",-1.58094720462085
"5108",-1.58141062015201
"79037",-1.58157247538507
"644138",-1.58264226400586
"8462",-1.58312432138849
"100132932",-1.58319407747797
"100874041",-1.58354735694466
"388122",-1.58361763301414
"100422268",-1.58398602401241
"832",-1.5842443064177
"107057644",-1.58437737100145
"101927685",-1.58469686436287
"339221",-1.58487641189116
"92558",-1.58599622809197
"100418770",-1.5861856460208
"10253",-1.58651577636251
"10262",-1.58774699205668
"100505573",-1.58794527353214
"8476",-1.58821676877131
"7021",-1.58912505919069
"55737",-1.5894358157622
"5339",-1.5900013240574
"149224",-1.59036112630486
"353196",-1.59050763652267
"9718",-1.59237533395599
"9066",-1.59254319351491
"2840",-1.59257018325251
"79948",-1.59261679989889
"106479496",-1.59309130155497
"10614",-1.59343944484024
"106481126",-1.5936993564129
"3007",-1.59387198006219
"29763",-1.59404119100945
"101928739",-1.59456543646459
"400941",-1.59469712031731
"22809",-1.59600109720321
"10922",-1.59610120844811
"729178",-1.59631088709515
"2713",-1.59659197850431
"100174949",-1.5968602260842
"145508",-1.59735710947263
"27242",-1.59747563740902
"53841",-1.59761990902795
"170591",-1.59762924387242
"341208",-1.5980892550853
"391109",-1.59886673135537
"129293",-1.59912645185238
"56906",-1.59937360325196
"9230",-1.59974509075909
"9705",-1.60049529281045
"4741",-1.60084048471366
"101927081",-1.60115491317618
"1012",-1.60126608669861
"100169755",-1.6012947363829
"109616979",-1.60136673750612
"55450",-1.60153212820665
"642659",-1.60167835115181
"112812",-1.60175622857058
"3687",-1.60184317290351
"27199",-1.60241818006792
"64600",-1.60260413397494
"2184",-1.60287749492308
"8715",-1.60297696200627
"910",-1.6035655864433
"84890",-1.60438128832693
"3483",-1.60446667840735
"391741",-1.60449260425892
"91608",-1.60548867900562
"117286",-1.60590094703691
"200316",-1.60605059364019
"11191",-1.60608190594074
"286554",-1.60627639055986
"846",-1.60680126272667
"90102",-1.60721825575673
"441727",-1.60815553555673
"54674",-1.60838635322919
"100270946",-1.60855818418776
"341567",-1.60861562948032
"100216341",-1.60947770904273
"347853",-1.60961594875971
"144766",-1.60973011003647
"79690",-1.60978101286556
"100287616",-1.61016341215289
"100420226",-1.61209639122471
"105682749",-1.61253436189521
"11133",-1.61269248103015
"140894",-1.6133514704017
"285453",-1.61359968888883
"5191",-1.61482549119395
"166979",-1.61500648165064
"25973",-1.61502878398918
"28499",-1.6151122021012
"55328",-1.6159029921969
"29974",-1.61750074525827
"6091",-1.61770904494141
"2775",-1.61771010298912
"5218",-1.6183894464419
"730338",-1.61872555553569
"8483",-1.61878306684594
"100506098",-1.61919989706359
"578",-1.61996802216282
"767605",-1.62101534139306
"79870",-1.62124907809024
"112840934",-1.62146578821292
"64405",-1.62168980887919
"100128016",-1.62201248114767
"54799",-1.62342011098226
"8994",-1.62342178049978
"105372316",-1.62344121368343
"56935",-1.62402780732991
"100129781",-1.62417265157944
"100885779",-1.62507000592162
"3486",-1.625716058342
"100507389",-1.6269211361599
"727910",-1.62708935187461
"54938",-1.6277666902698
"100506674",-1.62777973700289
"100302226",-1.62828364361196
"28455",-1.62854922236452
"64222",-1.62881210443261
"2251",-1.62913793205864
"100133957",-1.6293339467362
"203062",-1.63018790826462
"653269",-1.63050264178286
"101929269",-1.63202716488008
"494141",-1.6321620391585
"84162",-1.63230519678695
"107985940",-1.63245036701157
"3683",-1.63259913580034
"57558",-1.6331261875817
"140803",-1.63335952270231
"339778",-1.63367164121328
"201798",-1.63427949361984
"353137",-1.63461067651116
"2149",-1.6347329128938
"85315",-1.635024629717
"55083",-1.63566683065404
"57480",-1.63605968895686
"55004",-1.63637120032059
"399949",-1.63641340974693
"100421465",-1.63651874306683
"6676",-1.63659986328146
"6307",-1.63747933174265
"100462813",-1.63748475530875
"55239",-1.63845626002211
"55727",-1.63845770456806
"106480980",-1.63853773874072
"55588",-1.63873513301069
"57718",-1.63880872193189
"106480427",-1.63916451735626
"100129128",-1.63927746212496
"6819",-1.63954912021769
"23230",-1.63956503095475
"103504731",-1.63991009881784
"339229",-1.64043124710723
"83877",-1.64052011310895
"101927904",-1.64115791174712
"23272",-1.64157245839868
"2532",-1.64285675458843
"124903342",-1.64523469403776
"343702",-1.64543287611694
"100126331",-1.64558580501688
"253558",-1.64567596617472
"4716",-1.64567709536781
"123706545",-1.64588216782208
"26168",-1.64625032554558
"101928105",-1.64640760133975
"100302250",-1.6464739104997
"102724850",-1.64660782685205
"201163",-1.64707542489732
"858",-1.64717643656236
"11086",-1.64751740207806
"106480378",-1.64812725883416
"9767",-1.64893896288153
"107080639",-1.64899210467482
"641367",-1.64995513647458
"114898",-1.65010992923692
"430",-1.65064271907716
"64005",-1.65071660695492
"91526",-1.65075978466782
"9153",-1.6507604943181
"23603",-1.65085635712636
"11235",-1.65096159005704
"442892",-1.65098283893035
"60437",-1.65172006703844
"377841",-1.6518212312163
"442317",-1.65203723573404
"28316",-1.65213550982769
"100302279",-1.65251305675285
"8444",-1.6526139571093
"55512",-1.65272083266508
"100133612",-1.65318788020174
"83657",-1.65330161156674
"124641",-1.65338900969787
"6251",-1.65394620442733
"9938",-1.65394744882379
"83463",-1.65549109531716
"2246",-1.65579764286884
"221927",-1.65600536739829
"115426",-1.65610393071282
"729004",-1.6566369019693
"80039",-1.6566374484857
"51715",-1.65663755809275
"23404",-1.65663763978007
"163115",-1.65663767227062
"56889",-1.65663799222757
"6332",-1.656638428984
"11124",-1.65663861889014
"677822",-1.65663914014811
"100421429",-1.65663916906789
"25845",-1.65689197024517
"7589",-1.65701815706505
"100188947",-1.65750504849391
"107986558",-1.65804288002296
"79178",-1.65818707844281
"5307",-1.65840501138829
"3221",-1.65845716080505
"6175",-1.65930469088759
"1420",-1.65939823098957
"1396",-1.65945223244815
"2530",-1.66074107270307
"100506922",-1.66101732954825
"8544",-1.66106179772872
"23382",-1.66146430129773
"100505502",-1.6615489755419
"50636",-1.66204709833164
"10878",-1.66217055221988
"1814",-1.66223264274992
"100130801",-1.66258573851643
"93663",-1.6627753234563
"3578",-1.66438938724809
"80233",-1.66441927889932
"695",-1.66447619456841
"51132",-1.6644764655743
"7771",-1.66447648958145
"1411",-1.66447680311693
"79963",-1.66447687531717
"100533695",-1.66447739079287
"6208",-1.66447918844966
"100527943",-1.66447994467946
"124904256",-1.66482263961256
"3043",-1.66488405492826
"399669",-1.66509996204242
"100505676",-1.66517359471069
"101927248",-1.66543213775264
"132332",-1.66569778484754
"7113",-1.66576959377936
"84945",-1.66594775189757
"6302",-1.66607186184527
"645676",-1.66607223808004
"132625",-1.66633762848006
"284408",-1.66648138837509
"203260",-1.66666891492568
"55686",-1.66687461931105
"105372088",-1.66696590194209
"102723472",-1.66770812922101
"124900277",-1.66885366094614
"5170",-1.66923327003153
"344805",-1.66976029188099
"9150",-1.66995482805168
"100533181",-1.67039827695087
"2272",-1.67073673647877
"100134368",-1.67080215026636
"105369885",-1.67142783608921
"23378",-1.67153823735842
"645998",-1.67171700610508
"197003",-1.67178490969915
"51174",-1.67201317846672
"51517",-1.67327304554186
"5188",-1.67425582577453
"84327",-1.67435343353823
"124905527",-1.67458039088319
"55238",-1.67507563523648
"55466",-1.67511572597462
"89777",-1.67554161528161
"644584",-1.67715205622206
"64168",-1.67744118850658
"390530",-1.677649982436
"114483833",-1.67791831666493
"3626",-1.67796054193431
"105370027",-1.67806992416839
"401533",-1.6781616615013
"138802",-1.67885223447636
"64689",-1.67913309233651
"692076",-1.67948417299007
"3982",-1.67984446377797
"100270989",-1.68024713985554
"7760",-1.68025078693322
"339400",-1.68062451980796
"653489",-1.6814354503575
"203238",-1.68150237863101
"342909",-1.68150417120744
"127138863",-1.68168359233018
"28954",-1.68206179544549
"10830",-1.68247568574815
"55890",-1.68247856342747
"84298",-1.68261255476735
"7364",-1.68270595608002
"8448",-1.68273958119408
"84335",-1.68342149686709
"6927",-1.68545294795146
"107987282",-1.68569550412442
"100874034",-1.68584490328951
"8852",-1.6858902369176
"83882",-1.68647095085871
"4172",-1.68651478075153
"2014",-1.68722007851975
"83660",-1.68738827502513
"2824",-1.68783796675155
"7107",-1.6883939903064
"307",-1.68841402065167
"5631",-1.68841526760768
"23038",-1.68855775991443
"3568",-1.6886372179055
"283897",-1.68886530202543
"5664",-1.68973357858934
"100132612",-1.69019664783448
"2934",-1.69098767386768
"8877",-1.69205486517659
"219",-1.69328367131781
"8710",-1.69334326830169
"93",-1.69485828496713
"54840",-1.69541588936205
"93649",-1.69572441825153
"165918",-1.69582317172082
"199745",-1.69594883149606
"100873790",-1.695987853118
"100421018",-1.69640867736717
"155184",-1.69668433391104
"105376387",-1.69690577818783
"115352",-1.69693448836897
"390998",-1.69701958920617
"57146",-1.69770011377426
"85477",-1.69817319311746
"51119",-1.69840526430362
"29125",-1.69895979416106
"58487",-1.69915390009245
"8814",-1.6993333369615
"100131161",-1.69940513686931
"3556",-1.69970800696331
"5635",-1.69991502288089
"4014",-1.70035706033275
"11341",-1.70048545652796
"100506022",-1.70131574797148
"64180",-1.70171039865705
"101410541",-1.70204296359093
"64122",-1.70224166982869
"54921",-1.70268487032095
"6340",-1.70291323147732
"196047",-1.70351805624078
"9207",-1.70376008270332
"340547",-1.70405478438816
"105377198",-1.70419634594624
"140701",-1.7045994917734
"387837",-1.70526507972374
"387978",-1.70575592692048
"57553",-1.70652583780467
"26071",-1.70672411206284
"339929",-1.7067772634415
"219287",-1.70694951629178
"9114",-1.70698982054068
"9325",-1.70698993483868
"8642",-1.70712575928293
"338091",-1.70762288642601
"653789",-1.70851015761245
"2098",-1.70881774849043
"55972",-1.70925379734982
"57093",-1.70975120185175
"8468",-1.71005231896322
"399804",-1.71050868782781
"25865",-1.71060835850564
"340900",-1.71077901578194
"10121",-1.71146304003081
"59335",-1.71163995364735
"1748",-1.71264842615681
"105373764",-1.71265540530401
"644943",-1.71324301898826
"1791",-1.71365071768143
"253128",-1.71413326272173
"641467",-1.71436773175841
"124903159",-1.71465788995362
"84643",-1.714986075749
"54329",-1.71515533907287
"57523",-1.71533091938423
"1185",-1.71533976804983
"54852",-1.71604942879223
"105372556",-1.71623306209222
"5689",-1.71784245940562
"730101",-1.71879373174895
"339291",-1.71887340996594
"8368",-1.71908538506714
"105377188",-1.71913165699415
"115572",-1.71926853211763
"100129227",-1.71973670715961
"7443",-1.72075001055082
"100129199",-1.72140604731005
"10485",-1.72184731678117
"6096",-1.72191305907623
"9924",-1.72206367945034
"124905951",-1.72294127885596
"100874048",-1.7230555484538
"23761",-1.72359964735107
"3459",-1.72401808014508
"10252",-1.72412999295633
"105",-1.72421826822044
"400643",-1.72469557799677
"7812",-1.72532120014717
"6205",-1.72542830975904
"84154",-1.72550829610316
"51379",-1.72587127649899
"5944",-1.72660599587977
"55908",-1.72689921230678
"401554",-1.72693738475358
"58160",-1.72728196823578
"9672",-1.72734573884215
"80764",-1.72739735428827
"100507612",-1.7277082459919
"118738",-1.72851449881254
"262",-1.72911203086712
"84765",-1.72980602946046
"10514",-1.73028174731716
"27236",-1.73082352582329
"8653",-1.73082460557215
"6935",-1.7319418611477
"3656",-1.73283917523942
"84065",-1.73288769614167
"283459",-1.73340667358988
"101928622",-1.73341254939763
"9249",-1.73349504463642
"152789",-1.73393718138502
"60675",-1.73505325403009
"112577466",-1.73562180694529
"127343",-1.73574801920253
"101927751",-1.7359422802921
"55040",-1.73624977148556
"445347",-1.73625944312323
"106479241",-1.73676604331607
"106480285",-1.73733045181313
"6425",-1.73794804426715
"80705",-1.73809300533647
"100130820",-1.73822599224093
"84063",-1.73836408472896
"139355203",-1.73849657087841
"100271019",-1.73907319128286
"154881",-1.73916814053799
"26151",-1.73980781706028
"140753",-1.74030926720592
"728637",-1.74049069604953
"57214",-1.74159357461462
"5331",-1.74190763010658
"55556",-1.74402275023677
"27147",-1.74441621494038
"57545",-1.74443968448879
"57708",-1.74516368169361
"752",-1.74629685272501
"120935",-1.7464794584853
"6219",-1.74705179815604
"100271149",-1.74725365770513
"100652824",-1.74729522798229
"100128782",-1.7486557581766
"51444",-1.74873256089712
"643101",-1.74909016142209
"3176",-1.74927680171836
"6092",-1.74927918281583
"105375822",-1.74935275786611
"64794",-1.74936184952732
"100129422",-1.74954730481978
"266917",-1.74978783140518
"116412618",-1.7502991503057
"109729141",-1.75151294496257
"245939",-1.75180770619153
"56623",-1.7518288686987
"2335",-1.75224123684081
"9814",-1.75238530309897
"128193289",-1.75308809784214
"100873977",-1.75324750687418
"1382",-1.75325671939275
"5243",-1.75375864653422
"30",-1.75375924552518
"11166",-1.75375964968034
"286207",-1.75419497949735
"2196",-1.75474976784053
"6857",-1.75538539238705
"341230",-1.75556679625663
"138652",-1.75571859907117
"100507096",-1.75576624089691
"8337",-1.75603994916532
"7089",-1.75670092924068
"105369757",-1.75718960854827
"340348",-1.7574852339932
"119",-1.75762373346287
"7851",-1.75767622310835
"100130691",-1.75769609755166
"642934",-1.75796805713403
"105371653",-1.75882124502821
"25830",-1.75893921829047
"222223",-1.75935032559774
"1725",-1.75943871554245
"10097",-1.76006443460837
"100133234",-1.76081785574728
"26155",-1.76085764666938
"647042",-1.76102584171844
"30813",-1.7610669012838
"84265",-1.76130298505397
"115482722",-1.76136097016482
"106481199",-1.76410085092044
"92370",-1.76426994919495
"85004",-1.76427147772163
"123904",-1.76450567896042
"145767",-1.76551772015879
"149111",-1.76587400613329
"124907779",-1.76593185153151
"147111",-1.76617371080562
"93986",-1.766716563969
"79746",-1.76683697974139
"388551",-1.76733992394675
"9442",-1.7674336168111
"109616971",-1.76758809696012
"642802",-1.76775169058762
"101927015",-1.76824877246025
"102465451",-1.7689069699678
"150368",-1.76899808995826
"2899",-1.76900208986593
"10861",-1.76913470833864
"392872",-1.7691833996321
"57205",-1.76935945418136
"100885781",-1.76978923191712
"645879",-1.76979868500949
"8587",-1.77005679399836
"106479342",-1.77014337252756
"9567",-1.77020094027031
"150763",-1.77050982373967
"81341",-1.77140402447296
"8560",-1.77147671541655
"63906",-1.77268014312258
"958",-1.77276145349397
"119863861",-1.7728793855669
"100462843",-1.77370132240829
"2649",-1.7737016993915
"105374655",-1.77399871411478
"100271111",-1.77478405487357
"26509",-1.77508660386773
"90416",-1.77508694981811
"9086",-1.77596039511868
"29774",-1.77609407984712
"122149302",-1.77650355936416
"7409",-1.77669718279444
"646603",-1.7767451392285
"64778",-1.77720444882725
"729780",-1.77792823270736
"100289414",-1.77868417356898
"105369525",-1.77877994372876
"10266",-1.77944118779191
"90231",-1.77947297150704
"100505694",-1.78010231974284
"643802",-1.78048264930754
"26507",-1.78048481979059
"105375341",-1.78127430842149
"83986",-1.78212914097616
"3181",-1.78261328209231
"56917",-1.78289571096025
"105373605",-1.78350338796138
"151449",-1.78370147269612
"389641",-1.78408067058844
"284110",-1.78426615403654
"23592",-1.78466915951255
"56652",-1.78512435875843
"27301",-1.78535802692442
"105377557",-1.7858222831798
"84239",-1.78587394575505
"5310",-1.78612137871297
"10758",-1.78670575046737
"5369",-1.78684986111426
"55734",-1.78702050637101
"401561",-1.78734958997652
"7012",-1.78736591297208
"100418888",-1.78820337648376
"51426",-1.7882781618796
"693124",-1.7885978240502
"440487",-1.78865907785039
"55164",-1.78870676549507
"23741",-1.78940065981816
"91272",-1.78963473236719
"2831",-1.78995672137302
"338917",-1.78997245654981
"79666",-1.79031744174506
"51726",-1.79088884877982
"10060",-1.79219966444921
"100130733",-1.79235326113441
"1301",-1.79329180239368
"159090",-1.79492328368381
"339123",-1.79496461033085
"2681",-1.79496588746352
"1485",-1.79511259926326
"101929237",-1.79547097943174
"9023",-1.79585197849971
"25853",-1.79611694124614
"115273",-1.79627072375879
"64779",-1.79629872987134
"100421699",-1.79820805968201
"150160",-1.79846929686799
"106480610",-1.79847424200769
"83650",-1.79890560591412
"105377108",-1.79940527067493
"100129135",-1.79986427221391
"26275",-1.79993366034422
"9879",-1.80033525669263
"79894",-1.80038453438556
"353116",-1.80120729362729
"2865",-1.80316550317622
"126637",-1.80323992874684
"102723626",-1.80334743690697
"5702",-1.80346715006152
"10608",-1.80364637144188
"125958",-1.80393616660396
"171422",-1.80404896873914
"55195",-1.80410692990088
"105369332",-1.80410810355235
"79701",-1.80434111686396
"4643",-1.80460044805352
"100289184",-1.80463895020845
"54496",-1.80581622496407
"6343",-1.80604594388531
"352990",-1.80619189757854
"60560",-1.80657461824575
"23053",-1.80706839159045
"146822",-1.80740805953111
"647121",-1.80918922467565
"6407",-1.80936934141119
"106480453",-1.80951248491441
"1627",-1.80998614930829
"440836",-1.81012843865763
"219578",-1.81174870516047
"100420880",-1.8126301192964
"9426",-1.81302930047859
"338412",-1.81309542050146
"400322",-1.81379766935791
"147685",-1.81411924279821
"100128250",-1.81546469117293
"100507178",-1.81546607878028
"100132116",-1.81636342002704
"729650",-1.81788402573463
"79016",-1.81809923877773
"105378909",-1.81829415095276
"8522",-1.81834399704315
"6585",-1.8191459629087
"51301",-1.81926525897381
"55246",-1.81926790350745
"55168",-1.81932135116732
"865",-1.81951978422367
"51809",-1.82157959840996
"388536",-1.82158096531345
"90293",-1.82158654124799
"9818",-1.82171051971939
"100506713",-1.82226221022748
"100500895",-1.82254985881959
"143879",-1.82258063756175
"284395",-1.82305891608608
"106481851",-1.82457778572686
"203562",-1.82471631658796
"6382",-1.82521857937935
"30014",-1.82548455284388
"10877",-1.82564985818334
"80344",-1.826111712443
"8618",-1.82625923320801
"4676",-1.82654091056458
"200403",-1.82672356041508
"5329",-1.82754701498282
"8503",-1.82791826505886
"10265",-1.82798124336051
"28446",-1.82798484880128
"28949",-1.82809068029437
"105370158",-1.82809098884787
"6261",-1.82830299131351
"400800",-1.82840235181565
"145376",-1.82930474036719
"54494",-1.83062928220907
"55355",-1.8307688415989
"100270854",-1.83152728793596
"119764",-1.8316392355562
"114793",-1.83172282156691
"23421",-1.83184403933566
"55069",-1.83184801349956
"442167",-1.83305019203249
"145270",-1.83328299205016
"2537",-1.83353266655334
"7162",-1.83354152379024
"55138",-1.83428573643865
"146909",-1.83524012366475
"57585",-1.83530022217378
"50485",-1.83535845945687
"8451",-1.83536035447971
"105370489",-1.8355707983535
"441666",-1.8366579533314
"285672",-1.83694868109951
"79974",-1.83768122639647
"90134",-1.8377807333277
"133395147",-1.83799522663657
"100874222",-1.83808914834165
"403257",-1.83835876572202
"6396",-1.83837422432462
"3975",-1.83850290035215
"221833",-1.83863222756961
"100289473",-1.8388667639704
"23381",-1.83886868955735
"10957",-1.83891618769932
"11117",-1.83974549516887
"441194",-1.84006705787564
"5914",-1.84018777687108
"810",-1.84028206325251
"101928368",-1.84068743804218
"51571",-1.84104792007032
"9706",-1.84104944642395
"92597",-1.8410501104723
"729348",-1.84105087864762
"105374017",-1.84107362474062
"10651",-1.84175545288227
"441632",-1.84222542180891
"1783",-1.84255962657946
"55065",-1.84284448683967
"57565",-1.84414747309416
"2350",-1.8447386389232
"63922",-1.8447541649787
"144404",-1.84477017129561
"140761",-1.84505367626728
"79718",-1.84582145155197
"650226",-1.84610380019389
"2012",-1.84632476472975
"389058",-1.84632598773276
"402635",-1.84663209178938
"2315",-1.84663250934233
"92797",-1.8466340125448
"79571",-1.8474585264669
"9695",-1.84801703618263
"93058",-1.84801753146924
"4582",-1.84845632686171
"55795",-1.84845849677142
"105372155",-1.84846049749619
"389179",-1.84854098867551
"6007",-1.84898438709108
"100271193",-1.84922955136199
"100289037",-1.85057411399752
"6718",-1.85117677919541
"22827",-1.85180892781399
"22901",-1.85195269636755
"2635",-1.85195444241022
"728819",-1.85211658279953
"283080",-1.85226923539045
"10003",-1.85227314410826
"7732",-1.85242402137784
"2710",-1.85283599298488
"196500",-1.85283734413333
"2342",-1.85303049632087
"59272",-1.8538774139153
"80153",-1.85387905151994
"101928767",-1.85458414539076
"4057",-1.85471134269541
"102724768",-1.85496994858835
"2873",-1.85507066123149
"92922",-1.85540154798743
"8555",-1.85569005160108
"374407",-1.85572542892073
"23580",-1.85704997144538
"102724380",-1.85751510924952
"28702",-1.85766676261972
"7764",-1.85766771379232
"128308",-1.85779536074833
"6433",-1.85785713764244
"100270833",-1.85855333237538
"100505964",-1.85857698102321
"4101",-1.85985915677835
"101928222",-1.86021204511701
"192134",-1.86035570096661
"101927067",-1.8603729680041
"785",-1.86041787100917
"101929663",-1.86094913085182
"28985",-1.86172654480947
"124903852",-1.86179214976916
"79364",-1.86237607297683
"285045",-1.8626120220985
"728118",-1.8632859235411
"440101",-1.86329796692924
"441376",-1.86414721596687
"8501",-1.86416769236914
"11132",-1.8646739628754
"106481048",-1.86476451944583
"51258",-1.86556182073584
"100048912",-1.86569112946734
"124904767",-1.86584226149876
"26133",-1.86603783280397
"2901",-1.86631471798185
"100288964",-1.86653107040417
"388685",-1.86674964130665
"9083",-1.86750029852974
"389434",-1.86758907548966
"116238",-1.86760652850074
"106479554",-1.86800118174311
"26058",-1.86819978045343
"1292",-1.86925098228594
"105372555",-1.87036637955201
"646108",-1.8711579291797
"100033407",-1.87189505951428
"101927973",-1.87208612505497
"123355",-1.87301944559899
"124901409",-1.8749356498564
"8528",-1.87511182381211
"1289",-1.8754551795123
"81025",-1.87557000187815
"441061",-1.87617591715187
"116842",-1.87709183297957
"140465",-1.87733046254683
"9342",-1.87800363778711
"106481134",-1.87814678876627
"100506413",-1.87822251190238
"439990",-1.87823322294108
"114987",-1.87846867257699
"344018",-1.87929473407161
"106481619",-1.87934099333476
"6618",-1.87935967085486
"84447",-1.87938663946928
"109286551",-1.87977647119519
"100130417",-1.88002750934871
"2921",-1.88012684735055
"22807",-1.88044050481859
"25837",-1.88078697908427
"5673",-1.88145367547284
"100873816",-1.8818939735415
"23640",-1.88226579147056
"51548",-1.88257787915213
"57727",-1.88363611720647
"390323",-1.88422176788721
"5046",-1.8844674209737
"100499417",-1.88463382867681
"8892",-1.88568857447358
"140577509",-1.88570804496695
"728666",-1.88593481733477
"29094",-1.88659466339079
"100271623",-1.88663501163912
"100126584",-1.88731959700792
"223075",-1.88746416604596
"7515",-1.88746465711465
"105378268",-1.88747060048431
"106480883",-1.88758787246921
"54958",-1.88761228116736
"390502",-1.88783683018668
"1455",-1.88842906510327
"2281",-1.88845749473859
"171177",-1.888743209522
"219958",-1.88994917511592
"100271290",-1.89007182494178
"3754",-1.89019682764656
"4641",-1.89043282569374
"25771",-1.89047348777104
"116984",-1.89101752246705
"432",-1.89117835098387
"137196",-1.89256055500818
"100420642",-1.89305771529226
"948",-1.89328953823735
"25799",-1.89341518013634
"284565",-1.89365482894569
"101929577",-1.89368888216014
"282679",-1.8944785945759
"201627",-1.89470714853296
"219986",-1.89538221698144
"8742",-1.89571188539054
"6303",-1.89571720201651
"11168",-1.89571765449787
"100129195",-1.89578809925262
"401136",-1.89581581292179
"23196",-1.89638614124904
"57646",-1.89663455325653
"100874027",-1.89664110687895
"10849",-1.8970016816214
"79803",-1.8973911096718
"58530",-1.89761051544218
"4728",-1.89773057661553
"57654",-1.89836484461869
"11219",-1.89846096667332
"91179",-1.89850430499141
"100129813",-1.89860309928548
"55764",-1.89895555635953
"10579",-1.89895556896971
"378807",-1.89920283133767
"5199",-1.89933938311664
"135114",-1.89934385483271
"441234",-1.89978776832538
"23171",-1.90123549865569
"100129734",-1.90140142580111
"645687",-1.90151419135031
"79962",-1.90227741017672
"102724859",-1.90250986613894
"8844",-1.90358684711342
"6406",-1.90420754831077
"1806",-1.90490733859
"101954266",-1.90523550761275
"100128144",-1.90525312595726
"122513141",-1.90569558261931
"107986777",-1.90588620820357
"124902571",-1.90658865197109
"106479464",-1.90677584009983
"391698",-1.90748007520541
"100419949",-1.9075365239137
"11131",-1.90807148382349
"145781",-1.90818829535644
"317",-1.90850643279252
"54739",-1.90854692514377
"65094",-1.90932996908834
"5034",-1.90957981861734
"23113",-1.91089757658292
"729558",-1.91110356867524
"100533105",-1.91110453029544
"8463",-1.91194748046223
"50619",-1.9126282110069
"100287497",-1.9126758873589
"3320",-1.91313993522819
"105369784",-1.91315898915854
"2560",-1.91384876999628
"1102",-1.91392160763666
"3174",-1.9153706997278
"4750",-1.91603154204765
"196394",-1.91774068822114
"3045",-1.91774068892579
"728638",-1.91782562642507
"79877",-1.91807689529612
"56899",-1.91824307181625
"100270919",-1.91840640508999
"57047",-1.91850722752196
"100129882",-1.91858428481791
"286135",-1.91886480127306
"6793",-1.92001559772224
"84287",-1.9211290448187
"392552",-1.92418526313302
"100506172",-1.92550180255774
"113157",-1.92560604005042
"100529097",-1.92566298832396
"10960",-1.92596264398596
"100302736",-1.92624600774649
"442195",-1.92674187815861
"124902651",-1.9267987279675
"692226",-1.92696154140552
"1118",-1.9271844172615
"145741",-1.92755049729284
"27180",-1.92769400156931
"390439",-1.92897225165476
"100302288",-1.92993463713995
"157657",-1.93049750967389
"2027",-1.93053062621182
"81832",-1.93063266409105
"10655",-1.93141898078948
"7544",-1.93151288738872
"27120",-1.9316847131475
"100419092",-1.93190733500293
"105369167",-1.93206058847086
"56102",-1.93259811332174
"283726",-1.93275046300084
"105377276",-1.93300202253008
"100420257",-1.93355171323088
"4289",-1.93375832380692
"767599",-1.93417248729279
"1742",-1.93482454119962
"100507562",-1.9350900039531
"257240",-1.93558863432093
"83874",-1.9360862818313
"100130750",-1.936183089903
"138649",-1.93719471937308
"55697",-1.93780133143346
"105374593",-1.9379172028448
"10465",-1.93809042103887
"51237",-1.93854940567852
"51654",-1.93865259354766
"9786",-1.93908949420824
"83941",-1.93915248097497
"84146",-1.93928818377584
"3604",-1.93974081687655
"100093631",-1.93992959344762
"353",-1.94000291548741
"57707",-1.94025789354144
"643513",-1.9409461869674
"10875",-1.94129128806819
"2857",-1.94149554199577
"5289",-1.94149680982291
"728523",-1.94219510696033
"386677",-1.94400187169723
"100271884",-1.94412743591267
"100132948",-1.94412825554399
"63875",-1.94429631378914
"114781",-1.94432848497022
"100533851",-1.94475920380684
"653784",-1.94498927419481
"117779438",-1.94520708620151
"100169760",-1.9452521933861
"257062",-1.94569840645102
"729817",-1.94627717975711
"51297",-1.94772945150663
"132946",-1.94791454814023
"128966558",-1.9480137225524
"6988",-1.94829030863823
"390581",-1.94889768424372
"3219",-1.94944600833458
"2028",-1.94969696982473
"404734",-1.95049835712046
"10421",-1.95076481100251
"101929415",-1.95119667209978
"23111",-1.95212031251734
"84925",-1.95212526015795
"256933",-1.95232416055262
"283152",-1.95250021213034
"1717",-1.9526541284117
"9733",-1.95386844256573
"118597831",-1.95387175012092
"63827",-1.95418198225067
"8226",-1.9545538282398
"729146",-1.95468321656505
"6900",-1.95579905579384
"283985",-1.95589108564438
"26470",-1.95743187814091
"100128264",-1.95756579184566
"662",-1.95817909295817
"28965",-1.95817926074515
"100302284",-1.95842403220148
"11096",-1.95904342870761
"339751",-1.95921401704374
"138842261",-1.95947979307221
"65003",-1.95985668549562
"391190",-1.9601751339346
"100033436",-1.96046741178164
"3326",-1.96218034689106
"29914",-1.96218113775726
"23281",-1.96218131401356
"2217",-1.96246085875367
"57862",-1.96304765616428
"124900450",-1.96407532733797
"403150",-1.96533846812353
"50861",-1.96558061950815
"100131286",-1.96560294217443
"2636",-1.96598920166551
"9762",-1.96620320974531
"57162",-1.96643214147379
"404636",-1.96643303139943
"403323",-1.96643311466588
"142679",-1.96643409254726
"7073",-1.96643495675982
"54497",-1.96663703499906
"256130",-1.96743959479026
"140545",-1.96769530258193
"347333",-1.96796712552934
"81616",-1.96805943531747
"23523",-1.96814813846655
"27183",-1.96823314523043
"106481148",-1.96864741122585
"1016",-1.96867361168474
"79927",-1.97001495293719
"114841035",-1.97007393100506
"10370",-1.97008237219787
"9949",-1.97017268271966
"6899",-1.97034217268753
"89886",-1.97078526894019
"85456",-1.97085326968654
"100507373",-1.97086987453437
"101928882",-1.97123769725882
"26164",-1.97124965689849
"81628",-1.9718698407463
"51728",-1.97238592006751
"283237",-1.9724253218325
"56984",-1.97294674437473
"100129573",-1.97428524367265
"400043",-1.97539790332576
"154",-1.97612137575198
"107075131",-1.97639599484337
"79139",-1.97698539926403
"64857",-1.97822580409172
"101929467",-1.97864400057021
"392547",-1.97898941519443
"152137",-1.97922470580707
"83873",-1.97989519602689
"4147",-1.98013964615196
"693165",-1.98099079789113
"109616990",-1.981120551133
"124599",-1.98153655521671
"167",-1.98214043414498
"128864",-1.98221163337108
"647169",-1.98230577326657
"4125",-1.98317446691205
"3098",-1.9833362696374
"100128135",-1.98343019782272
"138842265",-1.98350165791769
"84504",-1.98360788200475
"79917",-1.98384247795767
"197358",-1.98393139795155
"397",-1.98411882862705
"103091866",-1.98425088544619
"5431",-1.98464913273446
"220082",-1.98485500005893
"140876",-1.98504230917397
"730130",-1.98505141058752
"80347",-1.98516318273578
"128709",-1.98521575627921
"200895",-1.98579915715298
"28469",-1.98659737691054
"1463",-1.98909642610479
"106479384",-1.99020510192243
"90342",-1.99029078145302
"29104",-1.99030558735712
"7596",-1.99051977827878
"100128117",-1.99086604266504
"728403",-1.99091402938192
"23158",-1.99098868681179
"100188953",-1.99225881498454
"55627",-1.99309790776589
"728248",-1.99377267813445
"400121",-1.99384088276103
"694",-1.99420728909863
"391175",-1.99595549691429
"6574",-1.99617744831472
"54972",-1.99618572360846
"130497",-1.99628521068682
"55720",-1.99644332438366
"284656",-1.99689952555112
"202051",-1.99717578405238
"154791",-1.99781896157858
"29926",-1.99789154627672
"84561",-1.9984968307074
"55698",-1.99864227212662
"145837",-1.99905962281507
"441133",-2.00170874180592
"196410",-2.00195009776325
"1184",-2.00212414863008
"9148",-2.00239518377469
"100874395",-2.00262688564819
"7363",-2.00277121741923
"344758",-2.00290050168099
"83933",-2.00293157386807
"1813",-2.00449932194591
"84152",-2.00518762796964
"3855",-2.00520854458992
"100033454",-2.00576619051522
"8736",-2.00605132491291
"285382",-2.0061315750981
"124902198",-2.00614267986917
"100287173",-2.00653673285484
"10857",-2.00669388074066
"106480194",-2.00742037137392
"100271505",-2.00763301077019
"1933",-2.00763306527252
"6155",-2.00822700022539
"309",-2.00834249019577
"148198",-2.00844281289192
"266629",-2.00857704231824
"9754",-2.00887593919542
"51637",-2.00947371332521
"55827",-2.00947497910008
"11070",-2.00988487997719
"79152",-2.00989410254163
"100132249",-2.01032677684855
"145482",-2.01033844188293
"5884",-2.01064655432323
"144535",-2.01064715920387
"105370622",-2.01079847775019
"259289",-2.01199491766393
"5874",-2.01199558267693
"8427",-2.01204048410239
"6641",-2.01212658693993
"147658",-2.01248725225339
"80097",-2.01276288012417
"105377778",-2.01277238925773
"55010",-2.01287449941106
"343263",-2.01291743128147
"105375924",-2.01326211964636
"255488",-2.01382708955935
"51274",-2.0138306960533
"100271835",-2.01431097168661
"10326",-2.01453629391868
"27094",-2.01460056897798
"83953",-2.01463926121716
"25780",-2.01467220918398
"641451",-2.01664434726495
"4494",-2.0166910556746
"85302",-2.01719302066487
"10316",-2.01725280235816
"10785",-2.01761694126206
"105371708",-2.01787796856763
"389932",-2.01792368155509
"26301",-2.01829287002643
"106479287",-2.01849783895042
"4898",-2.01894546274664
"7216",-2.0193412515992
"317649",-2.01994619740779
"7569",-2.02044919132149
"51725",-2.02047358432911
"646851",-2.02133432096676
"26074",-2.02145401993408
"54531",-2.02158265204287
"56999",-2.02175970821105
"780854",-2.02221442166482
"9895",-2.02330196401944
"100271271",-2.02378459499383
"9776",-2.0243361840447
"57521",-2.02485265884426
"338758",-2.02576647714032
"100132103",-2.02646862517019
"774",-2.02656062264623
"3059",-2.02671815650147
"124590",-2.028574380894
"106479837",-2.02861052716764
"101927258",-2.02965196765647
"6738",-2.03123833164396
"445815",-2.0314085995251
"56919",-2.03172283234588
"105370364",-2.03211751141942
"448831",-2.03259158449512
"26281",-2.0329721028546
"100419739",-2.03344494954028
"6695",-2.03383924219174
"100302203",-2.03431885520078
"167127",-2.03467672919685
"57621",-2.03547289139141
"619499",-2.03638375014577
"11344",-2.03673551561622
"399948",-2.03742818931547
"23553",-2.03754292918028
"114818",-2.03815108083812
"201973",-2.03859998281568
"124901333",-2.03904526371938
"27091",-2.03961895237294
"25974",-2.0404812946274
"7976",-2.04113592615684
"4753",-2.04120597627682
"81602",-2.04144845503537
"79672",-2.04168694505312
"440533",-2.04213171028682
"5441",-2.04236878120325
"26227",-2.04269299676137
"10045",-2.0431432027264
"100131138",-2.04349910007245
"84337",-2.04410743288926
"105377363",-2.04436862088143
"64412",-2.04453879054411
"440712",-2.04511424536261
"100128413",-2.04596934691827
"339168",-2.04660740584664
"9469",-2.04683576478615
"101927042",-2.04737421719267
"84528",-2.04776274218959
"79641",-2.04890718847963
"121725057",-2.04894118521532
"7799",-2.04931192446912
"111644142",-2.05035218878951
"100526739",-2.05096629309308
"106480523",-2.05140800679594
"5537",-2.05192395972209
"100505933",-2.05200030928769
"8761",-2.05244187045067
"157695",-2.05252468256527
"106479399",-2.05298139354016
"6543",-2.05348752013012
"57799",-2.05427686152561
"55064",-2.05452863303799
"9169",-2.05490641679641
"106479329",-2.05490747058802
"9862",-2.05496189814536
"127579",-2.05539149363734
"5619",-2.05683960200017
"153478",-2.05765274964256
"693154",-2.05771549980136
"2170",-2.05786073520727
"101409253",-2.05791119310494
"387733",-2.05863694245244
"102725532",-2.05886141791767
"1346",-2.05928149684198
"28705",-2.05933808671844
"85486",-2.0597995521954
"51593",-2.06050682376693
"155051",-2.06248078172529
"100270835",-2.0642567389548
"6124",-2.06426411127173
"100288687",-2.06439649610738
"23240",-2.06489642467962
"134006662",-2.06534189006675
"7014",-2.0653964127456
"10443",-2.06586138815502
"653156",-2.06592067984568
"389333",-2.06647755358181
"127845",-2.06689962572657
"10824",-2.06719384814038
"22925",-2.06771891276643
"79892",-2.06771927609773
"101927279",-2.06774395933438
"8326",-2.0679499112768
"147710",-2.06810921904995
"346689",-2.06818002030976
"122622",-2.06823034553213
"221078",-2.06823077411324
"94115",-2.06871162342345
"102723322",-2.06993092894943
"374378",-2.07090092673197
"83893",-2.0709358854275
"9127",-2.07132652996684
"100033821",-2.07210566305425
"51310",-2.0722957073489
"4798",-2.07302785003605
"4701",-2.0731492709168
"867",-2.07329851942914
"201266",-2.07361524947504
"100133294",-2.07371033897255
"254531",-2.07479128992019
"124904154",-2.07752006134235
"100271417",-2.07765196184639
"692225",-2.07801817634025
"7476",-2.07859774558956
"54754",-2.07914296929086
"163126",-2.07924528204679
"84078",-2.07938434180084
"3426",-2.07938492915055
"219482",-2.07966751142196
"100507670",-2.07974732876186
"100271187",-2.07978478650537
"440575",-2.0798698713598
"10735",-2.08030524660468
"100616242",-2.08113637858159
"494143",-2.08177032435825
"6002",-2.08258952263288
"10214",-2.08341764344833
"5155",-2.08474065628909
"120775",-2.08580422669824
"22801",-2.08617946157578
"729974",-2.08720690381941
"3694",-2.08781000191013
"374354",-2.08813008581159
"283683",-2.08861117845694
"100996746",-2.09033954144088
"3429",-2.09044186834085
"516",-2.09100421571579
"1105",-2.09133854556886
"284167",-2.09162673829847
"57414",-2.09175424303726
"10210",-2.09210560231316
"100506504",-2.09233870326139
"111644132",-2.09238997003105
"57561",-2.09242105439072
"645051",-2.09261956999879
"83741",-2.09287130753509
"2740",-2.09311548861794
"6117",-2.09356864388978
"6512",-2.09362717193964
"128861",-2.09372709286158
"8490",-2.09374250104695
"169834",-2.0938624765004
"3710",-2.09386283753163
"835",-2.09436049985416
"728780",-2.09483718965786
"400258",-2.09506423599529
"11200",-2.09537516394417
"100129534",-2.09543662909463
"10783",-2.09559375895578
"4509",-2.09585747913054
"1763",-2.09587962879385
"64400",-2.09658952948089
"221476",-2.0971156133483
"29933",-2.0972686716619
"2010",-2.09737422503117
"3572",-2.0974350234212
"388336",-2.09779062432015
"105377031",-2.09785816076694
"377630",-2.09819971555614
"4634",-2.09820057727934
"5927",-2.09820073604778
"344148",-2.09820085425442
"127077",-2.09880267492719
"80270",-2.09958200803389
"283229",-2.09993475274014
"389705",-2.10035443136422
"145864",-2.10086401040789
"100033801",-2.10157108923897
"5193",-2.10159844273726
"100422204",-2.1018999202151
"319139",-2.10230547728463
"26526",-2.10236320667822
"442104",-2.10242845711403
"56145",-2.102922303591
"84284",-2.10315588423923
"102724927",-2.10439963305188
"100418723",-2.10446269611688
"100128126",-2.10456439472276
"5210",-2.1066229721322
"139886",-2.10663069877838
"81274",-2.10679424701273
"105375014",-2.10700739322633
"257169",-2.10792866339105
"25940",-2.10803443266292
"23309",-2.10860561733786
"202299",-2.10953233911469
"100652759",-2.10979203068668
"11238",-2.11057675731197
"56884",-2.11062485168774
"4624",-2.11064844072538
"100270755",-2.11090017450147
"5594",-2.11132303558949
"10212",-2.11147255355231
"343066",-2.11202147988448
"102724473",-2.1120295867925
"89778",-2.11209508499665
"144776",-2.11231544409558
"27297",-2.11233515329476
"7345",-2.11286254237724
"55621",-2.11296659951183
"517",-2.11351619181005
"7701",-2.11360906466637
"8794",-2.11464520114718
"5327",-2.11498000534747
"106480514",-2.11505259094086
"10281",-2.11537835253264
"6259",-2.11554934363116
"100422523",-2.11554999632541
"389158",-2.11574970848048
"9901",-2.11659238995838
"109616976",-2.11709403503821
"389765",-2.11711426888182
"165082",-2.1171408428391
"2804",-2.11763653024311
"7356",-2.11782381293789
"100507171",-2.11799009328248
"23149",-2.11959727665081
"93380",-2.11981504705246
"100507461",-2.11981682633826
"139378",-2.12049736240798
"196472",-2.12069476291511
"9812",-2.12075285699885
"5004",-2.12134331966953
"55063",-2.12152274316065
"100131041",-2.12166443087661
"81572",-2.12191536864146
"5313",-2.12310324350152
"391448",-2.1232151711128
"645573",-2.12371795466848
"401067",-2.12410309219468
"389342",-2.12417241384292
"347544",-2.12525832778123
"105371123",-2.12552607689212
"100129517",-2.12556222687532
"26033",-2.12594767828099
"83887",-2.12667511128426
"115482683",-2.12961582674702
"93183",-2.12968492796314
"9922",-2.13025329728207
"15",-2.13156000845078
"5710",-2.13162669865389
"101927051",-2.13168389077758
"51067",-2.13188819294301
"54502",-2.13204068944674
"8677",-2.13226898332021
"9020",-2.13268623259235
"84083",-2.13292636162972
"60558",-2.13292786991137
"2193",-2.13357251311228
"54838",-2.13422935160082
"7454",-2.1343715474486
"105378872",-2.13473563205703
"390061",-2.13479870986841
"140738",-2.13485932522639
"3507",-2.13486026530398
"729025",-2.13527152106614
"1983",-2.13566180611523
"63926",-2.13595327212967
"542767",-2.13762065065339
"124907502",-2.13828420307766
"101926983",-2.13836120519963
"112399",-2.13887954447748
"54466",-2.13913720280588
"285780",-2.13913752900521
"6909",-2.1393344540951
"10227",-2.1396963195865
"101927492",-2.1400726889372
"11188",-2.14068607183009
"105373367",-2.14086389716718
"653645",-2.14154589024885
"1297",-2.1427925488271
"643862",-2.1439223632022
"100271258",-2.14457472934182
"109617022",-2.14463195468269
"222894",-2.14471046812975
"93134",-2.14565380802614
"25980",-2.14628616534288
"8669",-2.14633176304635
"374393",-2.14635918061056
"80069",-2.14654389953526
"26146",-2.14694413023525
"10398",-2.14703147783128
"92162",-2.14710933111172
"113691",-2.14760285983496
"9025",-2.147742301857
"115653",-2.14780616605032
"105374588",-2.14830779351882
"5426",-2.14871929243775
"114131",-2.14899841350269
"8284",-2.14913321070592
"255022",-2.14946770364043
"348094",-2.14984086125803
"642819",-2.15023630021145
"101927765",-2.15046851779772
"442233",-2.15049488044846
"158787",-2.15121473250141
"402429",-2.15191559922177
"100270895",-2.15198209220184
"100873899",-2.15202135204666
"142910",-2.15260651615483
"80060",-2.15266042340744
"100421400",-2.15347777168887
"2101",-2.15390203542304
"124222",-2.15420670540575
"101927155",-2.15483010777088
"112942",-2.15493915637716
"9780",-2.15534831992372
"11065",-2.15543231589653
"100422382",-2.15609112809866
"4163",-2.15679967412073
"338692",-2.15694628813698
"642633",-2.15704460868681
"394255",-2.15716739853914
"84695",-2.15756037434416
"54868",-2.15761544495677
"162514",-2.15965306521259
"389240",-2.15970231893063
"85359",-2.16021388306038
"3208",-2.1608842680807
"390073",-2.16134365504864
"404037",-2.161711507519
"2108",-2.16223457989937
"28713",-2.16228685269267
"4990",-2.16231203422481
"28694",-2.16272465453258
"374739",-2.16287585356562
"64419",-2.16292149012642
"101928266",-2.16431840025168
"440804",-2.1648629268291
"652974",-2.16489745700765
"101928085",-2.16536273652022
"284252",-2.16549164371305
"7727",-2.16635807580393
"57526",-2.16673141841275
"284402",-2.16678839633362
"132243",-2.16699489342427
"319135",-2.16723577975274
"53938",-2.16783536234857
"7690",-2.168233476477
"728553",-2.16831330313181
"102724105",-2.16863135970125
"8821",-2.1692452494912
"4925",-2.16934565553708
"284071",-2.16964721805335
"6237",-2.16985179233434
"23242",-2.1704620458038
"245908",-2.17095458888703
"399839",-2.17134567056116
"100287887",-2.17196264015365
"151871",-2.1723513204348
"286423",-2.17240984459266
"360",-2.17264617483444
"10563",-2.1729264730954
"80210",-2.17294739161244
"57493",-2.17341160202642
"4005",-2.17406727254784
"80746",-2.17452937801332
"55105",-2.17465073591492
"392787",-2.17629661853054
"81448",-2.17650266802935
"10616",-2.17712819381707
"170394",-2.17826729455278
"163688",-2.1787105615996
"642946",-2.17951119243777
"116071",-2.17951366407992
"440518",-2.17990211144037
"100533467",-2.18071778710591
"140706",-2.18083635895507
"54850",-2.18099640312696
"115482710",-2.1810557117052
"5361",-2.18119452785023
"134391",-2.18285278597024
"644873",-2.18287850434722
"1095",-2.18313692483253
"57464",-2.18336241738272
"145216",-2.18391944036415
"106481632",-2.18504961268817
"388121",-2.18561653467594
"2220",-2.18634982973171
"389602",-2.18652584242312
"997",-2.1871503393171
"100874249",-2.18723522162986
"79968",-2.18723803174686
"5279",-2.18746792789612
"29068",-2.18752377650487
"29998",-2.18755379350512
"29086",-2.18787923557537
"105373133",-2.18815616858513
"100033456",-2.18854222333778
"113278",-2.18932620730244
"3227",-2.18952498623244
"403314",-2.1903216322526
"148189",-2.19149235751009
"81887",-2.19173874144013
"284798",-2.19184061572559
"106481063",-2.19184788280735
"10092",-2.19273378465304
"55696",-2.19282409756369
"23495",-2.19335075046662
"101929408",-2.19347478040325
"51334",-2.19353734447574
"100130894",-2.19361801335725
"130932201",-2.19393890608101
"79339",-2.19401403271902
"4733",-2.19413499171199
"100101266",-2.19442862420925
"729241",-2.19472460372154
"64393",-2.19472527679836
"23327",-2.19496625120655
"5708",-2.1953716255659
"100420155",-2.19544476749628
"286370",-2.19555848327535
"124901616",-2.19574326154939
"55199",-2.196536589177
"4534",-2.19669863853641
"342",-2.1975758028013
"23178",-2.19764158655181
"8336",-2.19768389158733
"5897",-2.19784268328288
"4601",-2.19819641690221
"378948",-2.19843691499257
"9070",-2.19846802587967
"100820709",-2.19890144000972
"7083",-2.19934455512104
"442326",-2.20027795839766
"693130",-2.20064303552593
"100533627",-2.20117770625683
"105377495",-2.2016212769512
"28727",-2.20175058587309
"5266",-2.20181673514985
"100129243",-2.20186690280884
"106479305",-2.20259020267847
"5097",-2.20275913478199
"7608",-2.20285450574128
"51230",-2.20295513120621
"100288073",-2.20334646573681
"100507554",-2.20363248593796
"342667",-2.20428697534668
"25790",-2.20433075056873
"126568848",-2.20466115983088
"85395",-2.20526185559899
"3858",-2.2055568100701
"729274",-2.20569130074114
"340351",-2.20581302712005
"8907",-2.20634260650024
"22974",-2.20705764591822
"3340",-2.2072279243095
"92691",-2.20730486901302
"27101",-2.20741675505803
"219348",-2.20777733983076
"64219",-2.20815531303248
"100288527",-2.20817741125213
"26669",-2.2082042097898
"57731",-2.2083136347251
"100271538",-2.20859696408117
"53828",-2.20921665484581
"401562",-2.20925656477994
"399473",-2.21052308117839
"64093",-2.21102297187248
"150678",-2.21158240995916
"2833",-2.21168597463266
"54741",-2.21176565335244
"1161",-2.21188245022436
"55272",-2.21224475004499
"100527963",-2.21258962773685
"27076",-2.21276012155734
"23299",-2.2134713030937
"653123",-2.21355771651748
"105378065",-2.21385629252544
"5926",-2.21395864209559
"221322",-2.21424649661748
"124901462",-2.21503495615375
"150223",-2.21520195538533
"389156",-2.21563084029699
"26248",-2.21566542188185
"106481032",-2.21584039861092
"197370",-2.2175638332625
"27146",-2.2175890446397
"84790",-2.21769233308357
"442181",-2.2178219533328
"5269",-2.21807843210755
"646737",-2.21851911885969
"106479349",-2.21884919219529
"94030",-2.21916487422733
"123099",-2.22011105748101
"1499",-2.22019223801676
"668",-2.22116194375382
"285286",-2.22158236144536
"100419912",-2.22174232176675
"400141",-2.22177888019622
"282966",-2.22194186150173
"105369591",-2.22201753806646
"109617008",-2.22213092754012
"116115",-2.22269600965986
"219293",-2.22340432372084
"111082981",-2.22377468576926
"9208",-2.2242692162546
"9764",-2.2252779680958
"10961",-2.22555956393499
"100131755",-2.22594870886184
"677769",-2.22625859043866
"100126270",-2.22651944873767
"101927702",-2.22654614997242
"26870",-2.22655010196051
"85015",-2.226819024773
"105372960",-2.22695021215
"58477",-2.22790026674586
"79094",-2.22804510434003
"101928241",-2.22818343459285
"101927481",-2.22849041542456
"124904778",-2.22851652582614
"28380",-2.22932544359005
"55471",-2.22935492046583
"55691",-2.22937550850426
"51289",-2.22993061785262
"29995",-2.23042210308659
"171483",-2.23132731062324
"375337",-2.23165938288574
"414328",-2.23173297451334
"5224",-2.23310124873068
"339529",-2.23332043402575
"101927580",-2.23398852786094
"23253",-2.23413390133107
"404550",-2.23441744033856
"344178",-2.23485683843364
"23466",-2.23533397804918
"151194",-2.23606637861251
"1349",-2.23619804196761
"347689",-2.23632361932101
"83872",-2.23676232793914
"112487",-2.23687359077048
"7553",-2.23707459967724
"55796",-2.23710984295659
"400165",-2.23734091514255
"101928469",-2.23793246428566
"116039",-2.23827755117638
"2245",-2.23842328164433
"100529215",-2.2388293182814
"100271162",-2.23933799818704
"8785",-2.23977565515337
"9869",-2.24005528970966
"113220",-2.2405523282849
"123872",-2.24060901943348
"611",-2.24081594547012
"8874",-2.24163908993579
"101927896",-2.24171671979372
"81930",-2.24237239776245
"5253",-2.24317313534563
"148867",-2.24342272314934
"30815",-2.24372927306841
"389677",-2.24401266507222
"105372969",-2.24497857498533
"100271189",-2.24519826341974
"27000",-2.24539264921869
"10302",-2.24544014510727
"9201",-2.2454408630898
"392545",-2.24558292804806
"644017",-2.24577938358711
"24139",-2.24582545932652
"113730",-2.24584733558384
"171392",-2.24600170169938
"402342",-2.24600674722032
"79865",-2.24606443969457
"84539",-2.24618470356645
"116519",-2.24624014543559
"27165",-2.24629696220583
"121456",-2.24698946495962
"389421",-2.24707590753412
"285260",-2.24749885782617
"440686",-2.24793457145014
"644192",-2.2482899407516
"54826",-2.24911974013375
"116540",-2.24918809757283
"55032",-2.24942619086541
"81669",-2.24975952163372
"1308",-2.25082942690466
"56157",-2.25118175969623
"166968",-2.2512498905821
"100129471",-2.2513100039758
"81928",-2.25236695081623
"5255",-2.25256071673122
"101929754",-2.25283290007871
"140756",-2.25287357805828
"124900215",-2.25437278841996
"130557",-2.25457182896767
"3217",-2.25518282900748
"6604",-2.2551828344981
"112597",-2.25533808008066
"101928978",-2.25561409244184
"92285",-2.25574127236523
"255349",-2.25591195664675
"55911",-2.25649023148346
"54822",-2.25667622330131
"84515",-2.25768353125399
"84868",-2.25768449463992
"90167",-2.2576845513231
"26080",-2.25800169431438
"2021",-2.25810811491969
"4025",-2.2583685788991
"84467",-2.26049133680386
"10125",-2.26053598896734
"220032",-2.26112740867777
"124904701",-2.26189320109669
"1472",-2.26254541195771
"100132147",-2.26313251335469
"7978",-2.2636608868407
"51194",-2.26399144348421
"406952",-2.26410378299029
"26591",-2.264507744705
"727930",-2.26457397070155
"57547",-2.26479234623053
"81493",-2.26495135928508
"90488",-2.26498768990077
"123464512",-2.266771229369
"51335",-2.26701936967352
"92070",-2.26708395959285
"2203",-2.26783537411315
"64430",-2.26793954658753
"4595",-2.2682852676817
"84182",-2.2686916009261
"727826",-2.26872229507536
"353497",-2.26960577326901
"101928233",-2.26971558456653
"128239",-2.27116434422235
"5064",-2.27226274407251
"399937",-2.27243980040853
"7350",-2.27295149736809
"170691",-2.27329936839895
"9370",-2.27347715522415
"100270959",-2.27388231382551
"80013",-2.2749441143172
"11067",-2.2767901231106
"100130776",-2.27737199500468
"152189",-2.27793751689615
"5283",-2.27810793622674
"6144",-2.27810846282941
"109729174",-2.27839012682509
"5575",-2.27978168173691
"51439",-2.28091238838784
"9533",-2.28168123336806
"100529240",-2.28221648609578
"6192",-2.28241793364117
"100996307",-2.28307185525249
"8295",-2.28314511825671
"83547",-2.28368879866711
"8698",-2.28407452923648
"106479401",-2.28413775325462
"101929694",-2.28524689046522
"100653049",-2.28621565178114
"9401",-2.2866044968548
"100861553",-2.28676673497286
"6164",-2.28733687863923
"5568",-2.28772238772748
"5500",-2.28775421845967
"84231",-2.28797838029527
"64769",-2.28816782014258
"388228",-2.28840088494591
"375323",-2.28846581154868
"134083",-2.2893174384896
"93953",-2.29035302510531
"414919",-2.29062647135006
"85441",-2.29093933755039
"51366",-2.29173184110308
"2059",-2.29252095985488
"2215",-2.29261304618856
"7096",-2.2934556484532
"28393",-2.29346995226217
"1008",-2.29514679385739
"157489",-2.295459695943
"100287290",-2.29562673564988
"4225",-2.29658099546853
"144193",-2.2966710148953
"64096",-2.29707657165372
"101928228",-2.29730933680231
"5217",-2.29793194265294
"106480959",-2.29805833766668
"400957",-2.29818868389575
"6886",-2.29907900601145
"728400",-2.29954464159114
"22996",-2.30013349978487
"391632",-2.3002316631334
"642757",-2.3002343238812
"767592",-2.30029405118066
"340075",-2.30058201402365
"124906232",-2.30099076859214
"64926",-2.30219601136441
"3932",-2.30348148292425
"106480767",-2.30351118957248
"10235",-2.30379914654122
"64682",-2.30391967544271
"441957",-2.30408655999218
"23462",-2.30436343480365
"80154",-2.30492335769081
"100507650",-2.30587224562412
"100271216",-2.30591654404339
"1762",-2.30623188313269
"90649",-2.30709371928048
"54765",-2.30748837567721
"4541",-2.30751121722838
"553103",-2.30800477560485
"5032",-2.30889733968706
"29922",-2.30908281659273
"55684",-2.30941785359811
"149954",-2.30951929330089
"54209",-2.3105948927485
"107985265",-2.31062184445616
"3327",-2.31090909480746
"9098",-2.31096263552185
"12",-2.31126412851524
"124857",-2.31150566741892
"64149",-2.31179347646558
"343099",-2.31221483050872
"106481160",-2.31224578469764
"23452",-2.31238151517567
"91156",-2.31286829937087
"728992",-2.31317339231629
"8904",-2.31330491022011
"256051",-2.31381766550686
"100130664",-2.31428053992139
"728139",-2.31587301393649
"100127967",-2.31587434169481
"643161",-2.31600524030704
"84971",-2.31611402490528
"100129794",-2.31672214080636
"6100",-2.3171331979151
"58525",-2.31779653460835
"9631",-2.31815644538937
"90522",-2.32101190371307
"375519",-2.32150805795926
"219854",-2.32153433554225
"105379311",-2.32182549001221
"154796",-2.32198099705543
"100506497",-2.32317938734922
"249",-2.32447667157284
"100289061",-2.32452238095736
"9376",-2.32462376155136
"101060200",-2.32469954631177
"8927",-2.32528134329762
"100419930",-2.32588923780509
"285489",-2.32605386960692
"128061",-2.32688828479926
"54439",-2.32756978812286
"4536",-2.32779269646651
"101929387",-2.32884459544695
"138474",-2.33137865680164
"100271457",-2.33152205794489
"259282",-2.33168309224539
"100132215",-2.33202653226877
"345576",-2.3323246730545
"7259",-2.33236504427138
"29946",-2.33265947559044
"100506299",-2.33280237162319
"7780",-2.33300409125254
"28946",-2.33301292033336
"94239",-2.33390685008938
"7480",-2.33421987434453
"101927650",-2.33444051580945
"23626",-2.33451612044907
"187",-2.33504433249152
"81619",-2.33560708521321
"117289",-2.33637462923016
"391135",-2.33651669743823
"152519",-2.33694100239436
"338739",-2.33717972369892
"990",-2.33734988185918
"60482",-2.33752796665572
"51477",-2.33793051999915
"84085",-2.33798260494581
"165100",-2.33883234881246
"647060",-2.33927477583663
"54932",-2.33943196654168
"253559",-2.33969319316308
"256536",-2.33972637355527
"1506",-2.34044258247472
"6525",-2.3407049366824
"102724698",-2.3413250883681
"126308",-2.34182380341636
"768239",-2.34261393221563
"9629",-2.34288280319369
"3592",-2.34306097489068
"153642",-2.34341552000225
"283876",-2.34365707061249
"101927503",-2.34403478857844
"375449",-2.3447511640766
"112849",-2.34476172656855
"57085",-2.34575578332807
"55660",-2.34577688516071
"9302",-2.34624225857251
"4734",-2.34637073614085
"3284",-2.34698471247128
"459",-2.34938148496482
"100420898",-2.34940138869252
"29942",-2.34940966685314
"54509",-2.35031157621428
"391112",-2.35050597482579
"100422492",-2.35073062438905
"2068",-2.35286894230017
"4321",-2.35289866137451
"390735",-2.35294770252731
"11346",-2.35298150812844
"387319",-2.35389211986284
"26514",-2.35421286624757
"7755",-2.35456044994381
"728661",-2.35490771079911
"23529",-2.35525434178743
"50618",-2.35549384542729
"26767",-2.35586449600763
"100129844",-2.3560750544355
"100506385",-2.35637663308405
"2123",-2.35742817628769
"386688",-2.35773627673825
"28955",-2.35775292518272
"642484",-2.35802624966521
"105373010",-2.35888673933382
"391598",-2.35915713882174
"9443",-2.35945821999002
"55532",-2.35983969200154
"242",-2.36007095233188
"10071",-2.36044039038441
"100616488",-2.36073596144262
"136227",-2.36088687084708
"1142",-2.36149164649673
"26064",-2.36311034112426
"220108",-2.3631295612966
"55111",-2.36316527551596
"241",-2.3633403185594
"54802",-2.36338030472194
"440023",-2.36379915795508
"440792",-2.3640524684604
"8243",-2.36495012486429
"106480491",-2.36497948411687
"254187",-2.36688358875221
"27030",-2.36699262649454
"100093625",-2.36702287188979
"118442",-2.36726311937969
"127379683",-2.36728137947073
"284685",-2.36764942268579
"124908063",-2.36784368335347
"4917",-2.36795232864843
"26530",-2.3682520246386
"56985",-2.36843742973876
"117177",-2.36903709421607
"795",-2.36952902836643
"55713",-2.36977908029213
"22875",-2.37001661464113
"23223",-2.37013915180039
"79947",-2.37036024992106
"51512",-2.37065551034059
"10081",-2.37271179747866
"9247",-2.37298385311563
"389197",-2.37325345381698
"2515",-2.37347983060088
"5257",-2.37433480879989
"100131187",-2.37447155685869
"23541",-2.37480063478989
"105370629",-2.37561468395859
"105378004",-2.37561889836402
"101927637",-2.37562462620171
"239",-2.37568576897063
"139281663",-2.37575661752927
"3396",-2.37594741738629
"353189",-2.37647457847705
"100532726",-2.37679121738227
"100130687",-2.3772940300549
"4598",-2.37792283786229
"693191",-2.37824470996342
"55367",-2.37856899846732
"51720",-2.37869030384433
"9254",-2.3787666537008
"3761",-2.37938370975656
"8654",-2.37947823975013
"8019",-2.3801113410933
"56923",-2.38126375457109
"1911",-2.38165588748909
"677771",-2.38166345438445
"387486",-2.38188790069869
"344595",-2.38218433112788
"9139",-2.38354902799576
"1503",-2.38378016341346
"100271650",-2.38381756056294
"285971",-2.38569118073141
"643338",-2.38583700616277
"284366",-2.38721418502795
"441781",-2.38844901869718
"101929531",-2.38848388932376
"391714",-2.388679869349
"55902",-2.3898659535234
"337872",-2.39016452322558
"692206",-2.39087733854877
"400644",-2.39158456465363
"106479375",-2.39170219925289
"1072",-2.39187996839563
"201181",-2.39288263294334
"147664",-2.39370419111699
"115584",-2.39391715061887
"100996693",-2.39474619392157
"100271291",-2.39560978165387
"28552",-2.39564258081192
"100505718",-2.39795842322097
"641649",-2.39895337808981
"8872",-2.39917593500367
"100271144",-2.39975285124835
"4628",-2.40010334250929
"100128531",-2.40056559651632
"4489",-2.40062488480033
"9717",-2.40077641851024
"54575",-2.40135409884364
"390714",-2.4014287739191
"474383",-2.40211521209288
"9104",-2.40225828945936
"283537",-2.40230274874191
"1829",-2.40259446887948
"4731",-2.40413247851028
"994",-2.40440548226428
"23492",-2.40503185751615
"8459",-2.40557422763641
"293",-2.40662061609626
"100506901",-2.40682969231965
"404217",-2.4068996795062
"780776",-2.40745246774701
"158160",-2.40806532495311
"7181",-2.4086720049284
"341689",-2.408809454116
"100506433",-2.40894661661568
"146722",-2.4092750565631
"9112",-2.40967905432614
"23026",-2.41007966178616
"441168",-2.41074119122127
"64781",-2.41103097018067
"4682",-2.41136489998322
"2043",-2.41139512679545
"100271305",-2.411944859981
"2331",-2.4122336958167
"23338",-2.41225587775767
"55240",-2.4128160645923
"29964",-2.41286482110544
"105375170",-2.41295406441227
"105369738",-2.41381535045529
"162989",-2.41563436479105
"647087",-2.41673012197954
"9793",-2.41675365847114
"439996",-2.41735039046882
"6341",-2.41760430548142
"941",-2.41768807859651
"6881",-2.41785922482387
"51528",-2.41786047374251
"100509620",-2.41846344477348
"160418",-2.4187053651569
"106479174",-2.41893774089346
"8408",-2.41952711399328
"645426",-2.41964456549796
"100419923",-2.4210759399667
"10345",-2.42138132597555
"106481866",-2.42177737999835
"55316",-2.42204907010316
"50940",-2.42247565109935
"56603",-2.4235247428907
"1495",-2.42354772767947
"11181",-2.42409310308017
"100132288",-2.42416915110858
"693160",-2.42482430620119
"79594",-2.42482438287154
"124901427",-2.42545404150913
"114881",-2.42559356787257
"5443",-2.42737993219524
"28520",-2.42828492841096
"124460",-2.42854840838134
"5478",-2.42862248716098
"51030",-2.42870794181329
"3712",-2.42921273009379
"5580",-2.43027550377271
"2984",-2.43118291581376
"100527978",-2.43162006712006
"105369536",-2.43180560896912
"102060414",-2.4319763407254
"84313",-2.43283282195392
"729652",-2.4331508159275
"106480532",-2.434798752761
"219970",-2.43569440732935
"168002",-2.43603566037336
"401074",-2.43666272104106
"28820",-2.43700876696282
"162",-2.43733439831294
"4026",-2.4377171496236
"122011",-2.43822509888555
"26286",-2.43895532162087
"100507495",-2.43929883337023
"5284",-2.44045685777758
"106479396",-2.44069182939646
"105369421",-2.44107067830276
"100270896",-2.44135202153118
"653492",-2.44140517640442
"259291",-2.44263257181938
"64927",-2.44311142576855
"4782",-2.44345982920925
"145259",-2.44350328804892
"5496",-2.44390122009897
"105374901",-2.44413631312946
"100271251",-2.44454966250365
"120237",-2.44488223474664
"389152",-2.44493968462902
"11325",-2.44530484150037
"102724832",-2.44540613291084
"5771",-2.4454679413703
"118856",-2.44566894920404
"1272",-2.44574601752225
"84445",-2.44576464921948
"5618",-2.44586108081189
"317760",-2.44608744002863
"83858",-2.44689088126611
"28791",-2.44779094663596
"109616972",-2.44794803230078
"400624",-2.44822730657854
"6787",-2.44874466757359
"84839",-2.44907905084054
"3607",-2.44964618806658
"55273",-2.44980575943503
"285463",-2.44985938080151
"28463",-2.45035994877493
"124908011",-2.45135574257141
"150468",-2.45218473837789
"824",-2.45242979583659
"100288142",-2.45252470786137
"3201",-2.45301662004858
"7030",-2.45329306968823
"7186",-2.45349707343768
"124903398",-2.45405162358647
"201164",-2.45461470639241
"391073",-2.45471359210947
"729993",-2.45504195907609
"3744",-2.45581834418258
"27189",-2.45583271558859
"9751",-2.45618991893657
"344561",-2.45657681372181
"5977",-2.4577138217385
"114818278",-2.4578205848734
"117246",-2.45820093765985
"64901",-2.45820819804587
"905",-2.45820894365665
"105375706",-2.45867664292911
"79369",-2.45910603102047
"57101",-2.45922698793946
"55540",-2.45938146249284
"53632",-2.46003381989988
"10661",-2.46090935298487
"1611",-2.46163473408848
"157376",-2.46205635280443
"120766146",-2.46217144441038
"388931",-2.46226923478713
"9380",-2.4624087010445
"246176",-2.46246612357314
"23138",-2.46277226225998
"105374409",-2.46287200264314
"100128961",-2.46368763336227
"100129724",-2.46472782084163
"23174",-2.46519335942716
"283159",-2.46556196234008
"10840",-2.465855093591
"100129291",-2.46589405610078
"5837",-2.467415091557
"5970",-2.46756021677935
"1053",-2.46771173201692
"28989",-2.46773346659711
"7128",-2.46799839388041
"81327",-2.46847454325639
"100033447",-2.46862834772875
"54849",-2.46943848280892
"8888",-2.46948651701333
"1796",-2.46951087117146
"340665",-2.47047492438228
"100289187",-2.47062870305977
"390077",-2.47102803560586
"344905",-2.47208553546781
"90990",-2.47317332955686
"693167",-2.47530730951794
"200035",-2.47571373167609
"100873748",-2.47606184637825
"100271338",-2.47662960104584
"28442",-2.47707750523117
"3475",-2.47727474337776
"29082",-2.47821799867245
"319144",-2.47850749655223
"200081",-2.47897845632767
"106481843",-2.47922103566349
"2301",-2.47947041169332
"200008",-2.48031901158675
"100505761",-2.4809696500235
"100133545",-2.48102040354319
"106481734",-2.48110215895423
"6555",-2.48169221936161
"25959",-2.4819008306613
"664613",-2.48333295152476
"2159",-2.48417202643938
"56341",-2.48445263528235
"10008",-2.4844985270005
"7941",-2.48485731634722
"2037",-2.48485765562468
"100131614",-2.48485784060878
"55103",-2.48485827942469
"664",-2.48485880349837
"100419972",-2.48508947681065
"2252",-2.48508975470931
"284677",-2.4852308151953
"51526",-2.48529563573461
"100507507",-2.48550000996905
"105372295",-2.48551008520547
"10094",-2.48565225969067
"100271243",-2.48584252303192
"124904601",-2.48666729527345
"375616",-2.48878832622472
"440014",-2.48977406151761
"4656",-2.4898906303138
"100873983",-2.49001146510925
"254427",-2.49016797650751
"140831",-2.49173487179078
"8453",-2.49220030443461
"8935",-2.49230571134602
"23075",-2.49243283501648
"51070",-2.49287805678364
"10868",-2.49339705821631
"494327",-2.49347174570746
"105373953",-2.49450789859232
"112267968",-2.49466286954813
"128966722",-2.49482494949231
"105373742",-2.49508797553423
"100381270",-2.49528341417972
"125906382",-2.49597634515551
"3068",-2.49616223616031
"55188",-2.49645268532776
"81855",-2.49767452016395
"146456",-2.49912319145917
"85464",-2.4995470671774
"57540",-2.50022777195337
"85013",-2.50057844568536
"3717",-2.50172900231943
"100128164",-2.50217611732178
"7988",-2.50222095636517
"441783",-2.50335125222666
"339344",-2.50372163817093
"51179",-2.5040137880845
"56910",-2.5040138266409
"597",-2.50503905942448
"25893",-2.50508140504282
"9377",-2.50536960809016
"63892",-2.50573821877628
"107985122",-2.5057592623728
"105369584",-2.50636097667609
"100131940",-2.50652695009977
"27352",-2.5073161018285
"644998",-2.50751791711375
"8971",-2.50824891745499
"340515",-2.50858602385101
"6898",-2.51116732504206
"81931",-2.51139938464682
"152206",-2.51189704717778
"51430",-2.51448362251848
"729375",-2.51448419372443
"6723",-2.5145076480046
"8732",-2.51488274534482
"102724827",-2.51500778802461
"5029",-2.51519782913776
"5651",-2.51530267108372
"2960",-2.51558091159377
"4811",-2.51596245491973
"131375",-2.51632065294586
"392465",-2.51667369709967
"101928941",-2.51690604895937
"7040",-2.5172610620803
"9212",-2.5173501530891
"100631378",-2.51764750923421
"6347",-2.51800586141309
"255220",-2.51824382391997
"388610",-2.51851456701716
"7803",-2.52077394178653
"343641",-2.52088692717778
"134266",-2.52107608673148
"9119",-2.52202333901788
"84808",-2.52208893169352
"11178",-2.52288342018907
"127262",-2.52374328671815
"6494",-2.52403167223933
"51085",-2.52426192692223
"90668",-2.5252541144002
"124936",-2.52545448487793
"105379301",-2.52602714872581
"712",-2.52603497828395
"494188",-2.52609405890443
"106479374",-2.52730840354184
"215",-2.52750797584796
"3166",-2.52763450945334
"101928134",-2.52883783463742
"10658",-2.52966140677695
"10336",-2.53012956117679
"107986588",-2.53028122452919
"219285",-2.53159769064975
"8557",-2.53163748773461
"572558",-2.53200518600456
"100131094",-2.53253695076898
"100129385",-2.5330912469567
"81888",-2.53332275649574
"7286",-2.53352124225967
"387893",-2.53418977212113
"8819",-2.53434216033404
"25884",-2.53463634709587
"100419784",-2.53484634265403
"85329",-2.53512816029183
"124904068",-2.53593792105408
"55850",-2.53620772853708
"391365",-2.53673678328318
"402425",-2.53699228696216
"147276",-2.53717201034174
"643911",-2.53762958493762
"100132498",-2.53819600153602
"101928965",-2.53826448706676
"645668",-2.53891845020433
"8514",-2.53904700948746
"284124",-2.53913701737903
"57551",-2.53995870398685
"81870",-2.54088778716516
"79684",-2.5410789105623
"407036",-2.54146410406857
"389616",-2.54212743678766
"284355",-2.54219777465752
"7342",-2.54256981719665
"312",-2.54259616152712
"2826",-2.5431151516949
"57019",-2.54311606329479
"25876",-2.54334741363614
"84630",-2.54339900110377
"100499171",-2.54352908931495
"8550",-2.54362720692083
"23125",-2.54385611577171
"170463",-2.54401099518586
"1191",-2.54417286259153
"10987",-2.54429996306679
"106480956",-2.54510075899444
"654254",-2.5460766489073
"8608",-2.54673244008362
"106481158",-2.54683480409135
"645453",-2.54689235676743
"9451",-2.54702378275635
"131890",-2.54712916792594
"106479611",-2.54851427476826
"101927375",-2.54876010581725
"574538",-2.54928454817821
"388419",-2.55014366512378
"105375421",-2.55120252406207
"822",-2.55149835328284
"57122",-2.55222179532879
"100287225",-2.5527777314195
"9075",-2.55315705697747
"386672",-2.55337364276253
"28734",-2.553396797344
"51201",-2.55466947409287
"121551",-2.55490003695962
"1833",-2.5550334433688
"64344",-2.55569872060486
"100287087",-2.55613384525361
"57582",-2.55619031840805
"347475",-2.55691546396666
"116937",-2.55732797280541
"151507",-2.55795976020183
"10423",-2.55818904592525
"791114",-2.55893643982256
"124900532",-2.5590669669583
"101927547",-2.55973984263358
"157922",-2.55989736408923
"2944",-2.56003786169841
"2803",-2.56013908899707
"100169758",-2.56023015847601
"2253",-2.56062802105941
"729665",-2.56063451649248
"23743",-2.56067801388844
"643034",-2.56080840447938
"642741",-2.56112510075856
"100126345",-2.56149013490702
"105377613",-2.56281054427219
"100288797",-2.56354229614131
"85414",-2.56401269519575
"138240",-2.56436286094353
"6971",-2.56511432952611
"291",-2.56514812161477
"148170",-2.56666456159908
"286512",-2.56679807044168
"100885796",-2.56680733577652
"3577",-2.56680778928737
"106480437",-2.56771848597573
"5797",-2.56849412033197
"28878",-2.56936815135203
"100128030",-2.56962866284981
"23180",-2.57009612384852
"8756",-2.57116582198304
"112441426",-2.57126168756054
"55806",-2.57164414659278
"55178",-2.57354144373677
"643246",-2.57495283034553
"28652",-2.57500831641758
"157381",-2.57509225654456
"221785",-2.57517962496345
"57710",-2.57547950885665
"64843",-2.5755680327674
"440142",-2.57560835901724
"653479",-2.57591764075037
"119504",-2.57591776828708
"24149",-2.57591831578817
"105378622",-2.57625018629549
"84792",-2.57737059025005
"3736",-2.57737485172379
"8412",-2.57837796334872
"124902988",-2.57839817577186
"284618",-2.57889919704926
"6508",-2.57952136729104
"100271587",-2.57953453938729
"100132963",-2.58025575552253
"401982",-2.58030732997731
"80833",-2.58040311958009
"22997",-2.58050760643042
"5159",-2.58063644613219
"340069",-2.58083339654228
"3046",-2.58104473236288
"2244",-2.58159196569102
"677679",-2.58186932515005
"389332",-2.58212115521541
"100288097",-2.58234642822412
"283971",-2.58390092231599
"28639",-2.58432916986745
"55671",-2.58432922550003
"107984324",-2.58498749519215
"7779",-2.58507052233103
"147011",-2.58546118859442
"84958",-2.58610107217281
"344887",-2.5861407724337
"6839",-2.58656057110349
"100271294",-2.58719177074705
"102724536",-2.58762526651284
"100271607",-2.58862468980779
"100505616",-2.58901322326782
"100418769",-2.58948162266976
"222865",-2.59157797890854
"23140",-2.59193346564744
"84196",-2.5920962080451
"22994",-2.59225267335678
"135398",-2.59297413034007
"2201",-2.59320781481691
"10669",-2.59320791641685
"55626",-2.59366581411301
"107075130",-2.59384548186944
"101927149",-2.59389523420797
"127255",-2.59458775316157
"4188",-2.59495269484846
"25979",-2.59508015018563
"642290",-2.59508099101341
"646620",-2.59548110834111
"57639",-2.59575606133814
"105374676",-2.59580646699838
"150082",-2.59592349570436
"729391",-2.59595425901407
"643909",-2.59598535985931
"387521",-2.59694546352803
"83862",-2.59763348391859
"729723",-2.59775159587624
"90321",-2.59838426369363
"91966",-2.59857221315363
"1418",-2.59893142972139
"409",-2.59962111078194
"23152",-2.59971381467634
"338413",-2.60059205408528
"326294",-2.60104714697152
"2274",-2.60164161745443
"2853",-2.60214777487188
"730029",-2.60239845858994
"101927237",-2.60283237695622
"106480336",-2.6032484824405
"101928674",-2.60340736664268
"23644",-2.60409679730051
"100420028",-2.60482261607036
"101928141",-2.60491742141457
"51362",-2.60607631385055
"57608",-2.60621476942382
"440348",-2.60720659822368
"390748",-2.60777004321506
"25793",-2.60868304498112
"124902274",-2.60877654101755
"114787",-2.6088182666672
"440051",-2.61291264378442
"441054",-2.61338611434646
"4126",-2.61409347794102
"84908",-2.61528009622956
"143888",-2.61539959134583
"11104",-2.6160233486674
"9921",-2.61646281246738
"27237",-2.61662971677044
"1294",-2.61680625385663
"84836",-2.61750186361105
"55321",-2.61794157156463
"101927300",-2.61975111011571
"5447",-2.62011688009505
"442517",-2.62070643713563
"643955",-2.62078574130334
"731755",-2.6218255115358
"440590",-2.62189738932795
"154807",-2.62251622101919
"388364",-2.62311534701476
"59285",-2.62312673232248
"54437",-2.62493416371078
"337986",-2.6252212172529
"49856",-2.62604062670148
"728128",-2.62737625821974
"6299",-2.62750872976005
"10168",-2.62889108113627
"10250",-2.62900240620269
"56656",-2.62906580374765
"57455",-2.62978176264773
"100419929",-2.63003450310527
"387751",-2.63138131249911
"100033455",-2.63207580388896
"256190",-2.63217303997039
"6553",-2.63244503739412
"7474",-2.63298173125794
"1859",-2.63389216540587
"9360",-2.63389269461449
"196541",-2.63468895305653
"391655",-2.63472628341366
"2864",-2.63486893140854
"377",-2.63487277905686
"106479306",-2.63510563500014
"90390",-2.63528036408412
"10446",-2.63648886082466
"8013",-2.63654095793637
"1786",-2.63688764395861
"645387",-2.63703574593197
"122481",-2.63810310056804
"22986",-2.63817382417716
"57405",-2.63941854423077
"100194425",-2.63945470788257
"22879",-2.63984405987318
"57492",-2.64018238224184
"284352",-2.64076387285816
"4320",-2.64116490975679
"8861",-2.64119852807053
"283050",-2.64297408726405
"100130861",-2.6435129527702
"644627",-2.64392752974664
"1398",-2.64433543180174
"9823",-2.64454611053915
"388761",-2.644579660967
"27069",-2.6456778352498
"9646",-2.64580081698908
"125336",-2.64612465155707
"81399",-2.64618073641229
"56154",-2.64703124534731
"645405",-2.64858822884634
"10063",-2.64897434193281
"126204",-2.64903401405412
"2030",-2.64979166366624
"100128368",-2.65014757255744
"100996478",-2.6508863970409
"59336",-2.65099268798501
"107985126",-2.65157127417137
"101927609",-2.65231903271459
"6217",-2.65294988518355
"3925",-2.65467607424682
"60559",-2.65473937617756
"5990",-2.65523845164931
"2538",-2.65547924232399
"4920",-2.65589107584178
"6385",-2.65598554532553
"102466728",-2.65618431069607
"4200",-2.65629770777355
"2847",-2.65702721127457
"89795",-2.65752339295081
"3667",-2.65891697101588
"4943",-2.65894623299104
"64409",-2.66006866839467
"4151",-2.66086303514185
"54751",-2.66170767087717
"107986809",-2.66190306215928
"28799",-2.66208019071839
"644063",-2.66211992070514
"730190",-2.66215600184714
"84229",-2.6634061116566
"54058",-2.66342788871522
"106479497",-2.66388269737451
"57159",-2.66495218991483
"404770",-2.66521653220462
"123720",-2.66631599075632
"113000",-2.66702499666388
"1375",-2.66717571135627
"652",-2.66756179421611
"10418",-2.66757495202114
"442425",-2.66764455243722
"7412",-2.66768922663546
"1101",-2.66828741603856
"1678",-2.66964400526563
"377381",-2.66964635046703
"55350",-2.6702027300341
"2104",-2.67020561913843
"4135",-2.670905140437
"146198",-2.67098784564131
"4893",-2.67129771767811
"100302202",-2.67331775584118
"5549",-2.67379672397819
"100302743",-2.67499109471726
"2069",-2.67499473617769
"100033420",-2.67504863237695
"5154",-2.67536279007845
"750",-2.67583531946494
"6746",-2.67598074471671
"124902027",-2.67630365473873
"2938",-2.67644661681855
"64981",-2.67745115882709
"80028",-2.67835060982487
"1128",-2.67849752569139
"63951",-2.6793115908368
"23507",-2.67931276131295
"1209",-2.67931291084653
"376267",-2.67931297039595
"3781",-2.67931321469698
"54520",-2.67931379762363
"7379",-2.67931433156256
"101929468",-2.68000663904245
"54626",-2.68099094170682
"56113",-2.68123110391138
"2517",-2.68156073050013
"9576",-2.6818301934146
"128125816",-2.68321576768757
"100271066",-2.68419760926962
"728706",-2.6846572734393
"4938",-2.68494998972515
"84962",-2.6871081346366
"51614",-2.68731891814221
"79831",-2.68814598521171
"107986749",-2.68836130670648
"55066",-2.68907536773366
"23746",-2.68912658222725
"201633",-2.68925331850744
"150000",-2.69007425562888
"6769",-2.69080416187354
"283932",-2.69092717694374
"105371824",-2.69155784141979
"6364",-2.69171531459118
"100128675",-2.6917447353466
"2587",-2.69220127895294
"813",-2.69261027560313
"7432",-2.69265149454138
"105379272",-2.69272557904107
"126695",-2.69295090611987
"647436",-2.69328344160528
"7529",-2.69331825664226
"10559",-2.6937529822204
"8840",-2.69380991754416
"28641",-2.69396017991781
"51135",-2.69416406268514
"7551",-2.69469311204301
"164656",-2.69489978010575
"158835",-2.69590765827581
"22952",-2.69658956346912
"2015",-2.69766983619178
"7730",-2.69874746340024
"1674",-2.69877675681898
"928",-2.6990953114637
"123706547",-2.69939888996849
"100033426",-2.6995602159443
"8663",-2.70028384549255
"27346",-2.70087137630043
"64772",-2.70094365335093
"123688",-2.70138759746599
"100505621",-2.70150572073554
"5317",-2.70153000647894
"3965",-2.70164755618722
"2188",-2.70199361051304
"55526",-2.70204762642808
"4891",-2.70269408085082
"9601",-2.70293393227784
"28931",-2.70324266547622
"100506679",-2.70366601385458
"5783",-2.70399443634568
"100131638",-2.70567905057688
"22990",-2.70585025467351
"26088",-2.70647985166432
"26191",-2.70670608384247
"353139",-2.70703233557747
"10581",-2.70725248157175
"2189",-2.70877444054199
"5701",-2.70933553698074
"63967",-2.71089611274946
"164118",-2.71093568360956
"284076",-2.71100626638406
"2239",-2.71103564019699
"286046",-2.71114666152697
"221395",-2.71128319803337
"645811",-2.71128354783232
"22904",-2.71131778484259
"55217",-2.71145158037714
"92822",-2.71170905860477
"9925",-2.712197843846
"101929578",-2.71226313897695
"222659",-2.71231208754677
"5599",-2.71344677112527
"105374378",-2.71529306474573
"100130480",-2.71654529095661
"55423",-2.71724892732325
"8218",-2.71760231878993
"4653",-2.71821342879216
"124903132",-2.71833763619074
"3662",-2.71919725327228
"119559",-2.71938700835953
"63932",-2.71990927942989
"8398",-2.71996687663635
"113179",-2.72003972907141
"256236",-2.72055058780345
"286059",-2.72151037752402
"124902013",-2.72158829870385
"6236",-2.72188600816076
"56662",-2.72242243252582
"8323",-2.72276696119782
"92427",-2.72296204026754
"1734",-2.72309022817196
"7456",-2.7234606573138
"1044",-2.72378039930867
"140893",-2.72388273404061
"79482",-2.72514202899703
"1134",-2.72537851387111
"106480979",-2.72622352835427
"26001",-2.72622413908866
"9306",-2.72663774943939
"109616992",-2.72861564013034
"9668",-2.72904755236234
"6017",-2.7292887163538
"1944",-2.72991546804529
"6094",-2.73131250860335
"347265",-2.73159590278827
"102724657",-2.73176141544117
"8050",-2.73232893990643
"132430",-2.73247904967406
"154288",-2.7331036452421
"79676",-2.73400204001253
"153745",-2.73430805115855
"84174",-2.73442143347549
"390885",-2.73471575161947
"101752400",-2.73471694476908
"64434",-2.73481669433312
"57119",-2.73487324260697
"107987095",-2.7359514512995
"81419",-2.73605428168643
"79970",-2.73726962144626
"54965",-2.73860393959692
"79767",-2.74054369361444
"54785",-2.74062932268497
"79012",-2.74107757510312
"441531",-2.74111930474713
"171391",-2.74132250898825
"106480635",-2.7416950653981
"51564",-2.74208115819098
"10718",-2.74252431098858
"692085",-2.74315139323767
"9759",-2.74330576587149
"9294",-2.74533547820102
"100033448",-2.74555728599721
"81113",-2.74663648996834
"101928618",-2.74692364919418
"7142",-2.74704948242248
"10793",-2.74756058604925
"203430",-2.74814495904873
"359743",-2.74819944256431
"23264",-2.74889899012688
"100170765",-2.74895297212181
"11334",-2.74948937870221
"4034",-2.75010834910379
"387694",-2.75138107608707
"124901194",-2.75202719833273
"51762",-2.75313352775232
"9880",-2.75356829003754
"105379047",-2.7535793238626
"79713",-2.7540007759928
"87",-2.7544602111614
"653203",-2.75599293280141
"10873",-2.75604406554682
"7306",-2.75752518952111
"101930593",-2.75873584437548
"728419",-2.7592442648925
"25777",-2.76012221791078
"54028",-2.76082344307646
"92715",-2.76186154807393
"22918",-2.7618876064741
"646819",-2.76264003497531
"7139",-2.76296157014954
"5139",-2.76331509940449
"64098",-2.76415708061126
"260293",-2.76439934280121
"6689",-2.76449253451431
"10580",-2.7646283935167
"745",-2.76465123525917
"11063",-2.76485518991433
"117581",-2.76535296942391
"100129075",-2.76570802609013
"100133029",-2.76598782379346
"84299",-2.76643023641141
"390151",-2.76676859734717
"51200",-2.76707835818465
"2487",-2.76740771494744
"51504",-2.76749683271516
"100421395",-2.76783535174043
"85407",-2.76792102364159
"106479383",-2.76801939033789
"57333",-2.76816080280857
"7353",-2.76834729494897
"5739",-2.76985695891967
"26872",-2.77035775897366
"106481827",-2.77036064860126
"101927750",-2.77036295011459
"25886",-2.77069712609576
"342346",-2.77141689420596
"29882",-2.77184364223317
"318",-2.77207025075755
"4254",-2.77214964251312
"101927070",-2.77223445435082
"100126340",-2.77281473729844
"51081",-2.77292603195646
"9476",-2.77310901623698
"8843",-2.77363751627158
"100126336",-2.77490472340087
"124903236",-2.77494223328887
"51131",-2.7755154848976
"84080",-2.77686594818949
"57592",-2.77793188849965
"64786",-2.77800993787792
"100131083",-2.77895275324149
"112937",-2.78016565351145
"3704",-2.78049048420743
"6387",-2.78059822226383
"9911",-2.78121437685507
"22795",-2.78146088546893
"147339",-2.7819390070918
"283731",-2.7819540213322
"729238",-2.78240909179838
"2523",-2.78246137282636
"348254",-2.78247574946246
"140100",-2.78332252190359
"391059",-2.78342307180775
"646112",-2.78376290530854
"5023",-2.78386608167005
"100129726",-2.78477337329399
"220979",-2.78519629924025
"89782",-2.78571691903903
"11092",-2.78713129431062
"55092",-2.78724699895497
"8467",-2.78847883406821
"254050",-2.79053064458627
"474",-2.79068758157089
"100419684",-2.79107806434637
"4924",-2.79174021000484
"8125",-2.79198687273182
"94235",-2.79203683290833
"105372710",-2.79286253580127
"93408",-2.79298935656808
"442919",-2.7940043647098
"3780",-2.79409551611942
"55657",-2.79481671016523
"1306",-2.79549825504202
"100271312",-2.79567444949567
"138050",-2.797535556762
"285735",-2.79806579582407
"51010",-2.79873313817692
"391696",-2.79974288739499
"84960",-2.79999353132918
"55779",-2.8000040596512
"100128115",-2.80001773044916
"392",-2.80058448767754
"101928545",-2.80080251657301
"6608",-2.80126174455416
"84460",-2.80204130551747
"4802",-2.80222232685231
"25843",-2.80331399381072
"25956",-2.80395496475557
"105375392",-2.80558678539813
"55303",-2.80597955245219
"105376473",-2.80605300340323
"647979",-2.80613272466117
"91227",-2.80753712245863
"85480",-2.81032474554604
"391462",-2.81159135996874
"355",-2.81360305141762
"80119",-2.81373042532006
"4361",-2.81405534762339
"142689",-2.81450190396547
"340719",-2.81450731428648
"83903",-2.81510342058096
"7112",-2.81532012851558
"142913",-2.81572244507067
"55871",-2.81615072613608
"101928650",-2.81674480385276
"100132441",-2.81741271218551
"441355",-2.82265323244273
"27154",-2.82267795216239
"124904535",-2.8227740620123
"63941",-2.82278749905029
"256302",-2.82314028513122
"50805",-2.82321079783456
"353324",-2.82415205823848
"730051",-2.8241721484407
"932",-2.82478040759711
"100131672",-2.82508328939032
"6510",-2.82533836703427
"81488",-2.82543667302088
"57643",-2.82543774052138
"503542",-2.82572148969784
"100418774",-2.82640669385329
"101927631",-2.82665155174278
"51248",-2.826869402945
"10025",-2.82817851389814
"4495",-2.82881744965688
"136371",-2.82935674233678
"100420051",-2.82939137526702
"6224",-2.83069030065997
"137392",-2.83076313639626
"402287",-2.83124243190784
"106479575",-2.83250072826761
"101928554",-2.83263910938219
"120824",-2.83269832148912
"100128310",-2.83424008326109
"6188",-2.83450750436785
"100996717",-2.83486301220444
"1032",-2.8365490010738
"269",-2.83716948548835
"101928601",-2.83762494194486
"124901408",-2.83792044912144
"150094",-2.8386049233031
"23624",-2.83865301190287
"284933",-2.83876450358197
"9670",-2.83893160328619
"10815",-2.83966933876953
"3998",-2.8399589204406
"91977",-2.84195393449416
"51247",-2.84235430997829
"55654",-2.84289812084867
"11258",-2.84294992447973
"26230",-2.84382739122378
"100130310",-2.84389089207374
"10267",-2.84398890252098
"574435",-2.84418616616141
"6119",-2.84448733437518
"64847",-2.84493381706264
"6573",-2.84600429871757
"2922",-2.8464983479814
"83992",-2.84697808818717
"102725072",-2.84735755157861
"80142",-2.8474791076683
"284111",-2.84765213016971
"23403",-2.84766282687747
"50488",-2.84781815594393
"79943",-2.84784170799006
"151888",-2.84823257748817
"105370787",-2.84892373035436
"126205",-2.8492212918966
"6320",-2.84957721370703
"647286",-2.85008133801829
"23275",-2.85042820854054
"693176",-2.85202508126949
"165829",-2.85263111997661
"256586",-2.85272394997159
"5364",-2.85284027425944
"132228",-2.85383418756338
"4992",-2.85426957239356
"575",-2.85449499819927
"389072",-2.85452612170589
"54867",-2.85533449685378
"84816",-2.85542509162622
"340562",-2.85766180886783
"55144",-2.85777225601891
"404203",-2.85797430629422
"201853",-2.85872542392237
"90678",-2.85901792598611
"105376412",-2.85996983483596
"3420",-2.86002735919188
"115560",-2.86051583509646
"929",-2.86061392381535
"339541",-2.86095522014654
"101290500",-2.86130237879777
"91603",-2.86234657264038
"2645",-2.86309248735758
"84455",-2.8640173028374
"2796",-2.86596277702462
"100506564",-2.86663897286875
"100861554",-2.86683552524413
"100507331",-2.86703730050135
"399965",-2.86787900115916
"353333",-2.86881472537591
"26018",-2.86934447575783
"4543",-2.86936132779743
"1581",-2.86938401619042
"64648",-2.86938766241282
"84552",-2.86972875029475
"11212",-2.86990383204713
"9973",-2.87033001339439
"100996404",-2.87081764858821
"132884",-2.87100764678729
"101928403",-2.87104684978202
"112479",-2.87148793390633
"117154",-2.87175801478276
"54795",-2.8725339566448
"466",-2.87435212224903
"79157",-2.87456553063728
"80000",-2.87480213227138
"342933",-2.87507354799446
"51252",-2.8758054183457
"643834",-2.87594412728607
"11112",-2.87598029402888
"51534",-2.87733604158495
"54854",-2.87803983044256
"100033423",-2.87814295481154
"107984516",-2.87822208703223
"2191",-2.87931735167294
"54414",-2.87950356186929
"401431",-2.87990037568735
"9967",-2.88017799649338
"646658",-2.88041405011895
"54103",-2.88071759968807
"84617",-2.88094709319704
"283761",-2.88145687969721
"4640",-2.88180585916025
"340485",-2.8822141417369
"220047",-2.88266638336633
"55281",-2.88359228261213
"7293",-2.88394651896042
"345651",-2.8844623985385
"106480854",-2.88577367140328
"51150",-2.88607767339417
"107987009",-2.88673438410408
"164312",-2.88684530639375
"100505869",-2.88700711079477
"26229",-2.88719706428609
"114036",-2.88768727742848
"28691",-2.88786815941596
"402160",-2.88795298287971
"7536",-2.88868888665049
"664614",-2.88952374537278
"401427",-2.89006150118259
"124909454",-2.89285527419815
"79794",-2.89289021999989
"440093",-2.89314029905007
"83445",-2.89334144830677
"338761",-2.89345459072318
"10299",-2.89394153238091
"1413",-2.89432321436716
"1469",-2.89477173888204
"645180",-2.89485228948287
"554279",-2.89485853851911
"1536",-2.89630541550113
"55156",-2.89716647476995
"137886",-2.8973053385189
"271",-2.89784102945372
"349667",-2.89834620607437
"101929495",-2.89887659087957
"2949",-2.89918316690537
"5681",-2.9002891843708
"55754",-2.90057506305047
"51540",-2.90148206651216
"125061",-2.90198992282664
"4747",-2.90245573194511
"100271439",-2.90250020412215
"11042",-2.90289856753598
"102724153",-2.90297640185998
"169166",-2.90359730752995
"339327",-2.90368526237304
"441327",-2.90380032491508
"729340",-2.90426307632604
"83719",-2.90490057097791
"137964",-2.90536560234548
"954",-2.90631894146706
"10432",-2.90678943682258
"644815",-2.90711706274945
"1539",-2.90715122060719
"100270944",-2.90758309854491
"7026",-2.90775839841736
"392781",-2.90887179880512
"3275",-2.90892180186234
"51350",-2.91092288355242
"22824",-2.91092415928509
"5795",-2.91155666261633
"23310",-2.91161547600804
"79776",-2.91187033861041
"101929460",-2.91193707174364
"439936",-2.91393229372851
"6327",-2.91452944239111
"692089",-2.91502938742767
"79915",-2.91553911390258
"8737",-2.91609288535685
"27072",-2.91746034735607
"84188",-2.91866940494385
"100529257",-2.9189876997787
"390916",-2.91905661031448
"117157",-2.91905774587785
"10480",-2.91919888927877
"7352",-2.91970013928896
"8315",-2.91988805719823
"114928",-2.92241898060148
"390442",-2.92254688816806
"1212",-2.92336697048345
"646557",-2.92345747782595
"7538",-2.92420680808476
"148268",-2.92424239700061
"65258",-2.92428027927919
"106481762",-2.92445908577357
"9824",-2.92531265417474
"7058",-2.92609792667583
"29895",-2.92802167616756
"51531",-2.92940361255839
"9515",-2.92979674253226
"54101",-2.92999468588345
"343071",-2.93029739494017
"650655",-2.93052042016852
"100271836",-2.93075162364075
"387082",-2.93116820927601
"255809",-2.93225635191686
"170850",-2.93389552817134
"56660",-2.93429377954322
"105373354",-2.93446785480452
"9121",-2.93480875890653
"338339",-2.93483844290706
"1543",-2.93628208635955
"54848",-2.93681908415685
"391114",-2.93781308115746
"89872",-2.93804155768957
"139281654",-2.93806761022465
"119863865",-2.9386508880994
"105373158",-2.93874274554474
"9092",-2.9388861930614
"55172",-2.93981086654285
"151636",-2.93990213288334
"83706",-2.9405596259685
"766",-2.94059128830075
"654319",-2.94098613476881
"9742",-2.94197812463669
"84456",-2.94227620847886
"102724858",-2.94309413805172
"767563",-2.9434890578809
"646024",-2.9448739861528
"51645",-2.94516096413357
"10202",-2.94688652061185
"9205",-2.94743746557932
"124905214",-2.94804322690144
"84179",-2.94843954451786
"106479749",-2.9503643530955
"100507135",-2.95059109569379
"64718",-2.9513086556705
"3375",-2.9513708230974
"106481058",-2.95328603817285
"55297",-2.95377595508238
"10229",-2.95377684216889
"8697",-2.95377788130574
"2166",-2.95387854498199
"10904",-2.95396793198983
"8407",-2.95404115933049
"1109",-2.95549267446984
"10434",-2.95605992528863
"100507250",-2.95610810179668
"23753",-2.95622681045207
"106481309",-2.95714284041915
"100874135",-2.95730401014644
"92305",-2.95736537623118
"441046",-2.95917008455596
"55361",-2.96148012883425
"116225",-2.96212336877017
"2838",-2.962329165838
"51102",-2.9631212470596
"116835",-2.96383223094152
"734",-2.96482188738629
"28902",-2.96532034037742
"399947",-2.96535626156953
"124902824",-2.96538093661178
"112703",-2.96539480940677
"100996279",-2.96578920780864
"105376323",-2.96670488969955
"11247",-2.96711152626062
"100288966",-2.96786301326469
"80307",-2.96812912037532
"9798",-2.96826672480368
"54980",-2.9689465756462
"133619",-2.96916465669825
"29015",-2.97049417372616
"100506411",-2.97058688738717
"391627",-2.97133014068178
"1285",-2.97149983284397
"114803",-2.97201405317429
"115703",-2.97258908878192
"4051",-2.97412543702041
"23160",-2.9754301493873
"60674",-2.9754963482816
"29911",-2.97556686551688
"132851",-2.97563460672999
"100270885",-2.97616278308081
"101929402",-2.97656198649274
"26609",-2.97693944612188
"55335",-2.977738428776
"390190",-2.97820064223865
"107133513",-2.97834398699469
"84706",-2.9787835755753
"127617",-2.97891467025633
"8357",-2.97921802791537
"124902709",-2.97991280605104
"22828",-2.98007252715109
"27349",-2.98160505770542
"91664",-2.98177880229954
"27161",-2.98226752621366
"55161",-2.98241978482783
"9725",-2.98248411949176
"83700",-2.98433297214405
"940",-2.98479562190612
"8001",-2.98517681660636
"5738",-2.98597939321332
"619445",-2.98652740837321
"389170",-2.98769618463627
"100616482",-2.98801419779155
"286411",-2.98876067434859
"348761",-2.98907917588804
"57622",-2.99115697937559
"727897",-2.99126780096405
"79654",-2.99155191258615
"100131378",-2.99220465966301
"83549",-2.99396768230263
"81392",-2.99470175157758
"28430",-2.99592842567326
"116372",-2.99814184155388
"101928035",-2.99830123938514
"80321",-2.99862255433214
"3306",-2.99924527095095
"693203",-3.000441757634
"129049",-3.00084578565471
"1735",-3.0020926550757
"8613",-3.00236527609418
"54949",-3.00237237404946
"7101",-3.00272783470508
"440119",-3.00307166287022
"284406",-3.0034034292026
"2086",-3.00351686963215
"55515",-3.00392806072771
"55766",-3.00419265570002
"100129374",-3.00513103471003
"100286946",-3.00531114715364
"64403",-3.00616466800525
"398",-3.00844201911824
"245911",-3.00893510570898
"124903135",-3.00949167010709
"124901880",-3.01057168116679
"342931",-3.01065093793018
"29994",-3.01166804600703
"81194",-3.01193122731628
"334",-3.0121718116932
"204962",-3.01232954385112
"8481",-3.01249417460685
"23241",-3.01322609930053
"100128927",-3.01366135088558
"91010",-3.0139722137348
"81689",-3.01464788444384
"100526761",-3.01524594957833
"101926945",-3.0163542610269
"2869",-3.01645098208498
"64208",-3.01656390061795
"22808",-3.01708125787631
"390191",-3.01875946221358
"79873",-3.01896037972712
"10713",-3.01902105957551
"4927",-3.01906605247864
"55509",-3.01989685668171
"100129325",-3.02111622839756
"133039974",-3.02122712496925
"2736",-3.02144572478627
"138311",-3.02157779417753
"645422",-3.02166035974843
"100422265",-3.02460797088166
"729422",-3.02542099553618
"100289264",-3.02558730283154
"8893",-3.02636473761381
"257106",-3.02641900727098
"100126348",-3.02642129593271
"28906",-3.02643436851643
"160298",-3.02746023072067
"5167",-3.02746329496325
"57403",-3.02746346107145
"100873591",-3.0275522017089
"112268073",-3.02847939868359
"9701",-3.02880289325416
"57191",-3.0298535749911
"100270997",-3.02999726824522
"9971",-3.03051910430009
"816",-3.03066949060898
"4773",-3.03105654592237
"400986",-3.03203634021708
"6694",-3.03345257908345
"54681",-3.03397772606404
"644591",-3.0340486526213
"6455",-3.03485563089394
"401115",-3.03564054193005
"131405",-3.03584303884006
"407001",-3.03660388411377
"89797",-3.03663445049712
"128071539",-3.03696959228657
"56000",-3.03719554320539
"23154",-3.03722833617373
"873",-3.03803848173738
"134526",-3.03806865120138
"60626",-3.03806953568655
"7204",-3.03863808763457
"90070",-3.0391716558732
"100270845",-3.03932068824351
"410",-3.04015379267498
"56260",-3.04074766611971
"573",-3.04163482402642
"284131",-3.04201851033189
"153090",-3.04219995271878
"9170",-3.04250063749422
"3569",-3.04278192033814
"7786",-3.04366578137664
"1039",-3.04400515391158
"100419016",-3.04424225455073
"100130537",-3.04461889279429
"147948",-3.04501704777773
"112267992",-3.04538081330055
"84249",-3.04558974209341
"53346",-3.04569459927196
"100507533",-3.04756210975937
"127379691",-3.04809822142292
"106479427",-3.04817440135471
"9318",-3.04843516936512
"79918",-3.0490377857593
"8526",-3.04907654269709
"6305",-3.04930735729205
"81620",-3.05030719618776
"9820",-3.05048594849007
"9753",-3.05182553329214
"106479490",-3.05219793953326
"56675",-3.0522583831432
"359948",-3.05278816551289
"54951",-3.05328457629352
"4902",-3.05382529579099
"7044",-3.05424725617508
"386757",-3.05588457229836
"3757",-3.0559592634918
"100132520",-3.05672819006126
"3853",-3.05768538438062
"165545",-3.05779977781508
"441519",-3.05808682055443
"124906839",-3.05889814996467
"7781",-3.05899434400962
"152110",-3.05908993248383
"653773",-3.06092021238096
"79680",-3.06100519348025
"253013",-3.06114792974299
"23413",-3.06232578394692
"199731",-3.06267938190281
"8343",-3.06270610166389
"103724388",-3.06285130437404
"111082980",-3.06347219486248
"118487",-3.06353688738021
"100126347",-3.0636616237842
"9344",-3.06612014914224
"6036",-3.0661408831616
"729515",-3.06748588873228
"9915",-3.06755484851891
"348751",-3.06968128343102
"84061",-3.07003108538855
"642938",-3.07034556537388
"10637",-3.07085150434584
"55299",-3.07086584937007
"8175",-3.07121780426096
"100616262",-3.07213253554904
"101928231",-3.07283414767672
"2551",-3.07521438836791
"10750",-3.07524050289648
"339874",-3.07529277549383
"245806",-3.07604310839703
"5624",-3.07607622951823
"59344",-3.07614123769945
"284029",-3.0765148071409
"6715",-3.0769650988028
"8581",-3.07767500578397
"1488",-3.07792166538967
"105378044",-3.07836135421092
"201780",-3.07853022565627
"79770",-3.07862846110612
"93974",-3.0792529781509
"26024",-3.07955941246381
"644890",-3.08039688057849
"9846",-3.08101899150385
"388182",-3.08118640472544
"201229",-3.08223270316889
"10268",-3.0847255301132
"51388",-3.08508624503619
"28513",-3.08555266915468
"894",-3.08594621920212
"166752",-3.08797648229305
"93627",-3.08824741862677
"54726",-3.08845460936144
"23438",-3.08845497841424
"100874284",-3.08884079250949
"11255",-3.09079880533128
"7798",-3.0910625666524
"105376680",-3.091324685778
"256076",-3.0914963000037
"140825",-3.09264425684267
"101929145",-3.09271092421965
"400604",-3.09293020242159
"57221",-3.09296644349336
"4535",-3.09331780460297
"127379742",-3.09347458107214
"2135",-3.09351942696907
"128859",-3.09359911761212
"391196",-3.09370476839899
"375033",-3.09394711000229
"57125",-3.09470721512334
"57018",-3.09481660800795
"128817",-3.09482836327624
"79698",-3.09589919718387
"3067",-3.09688150319261
"124906350",-3.09793518615539
"102724097",-3.09824823620354
"152845",-3.09904776223315
"64759",-3.09979545745935
"400612",-3.10024235686781
"105375358",-3.10059415150505
"10278",-3.10071633645465
"56938",-3.1010699384797
"105376116",-3.10167648682011
"9478",-3.10191629445547
"28903",-3.1020594436483
"131054",-3.10216404843453
"93107",-3.10276606097726
"80823",-3.10351226351373
"728517",-3.10417080781033
"10776",-3.1042719344137
"127460878",-3.10514847206503
"4580",-3.10526107516831
"677681",-3.10622847762893
"22989",-3.10642063303753
"100131250",-3.10644347256432
"7703",-3.10740670939411
"100874188",-3.10832467500474
"148713",-3.10943316720705
"100129667",-3.11054649925979
"28958",-3.11304921108694
"158584",-3.11416449029524
"51302",-3.11418009730486
"133746",-3.11452236812488
"11182",-3.11581634795027
"84861",-3.11706589209281
"391269",-3.11903566287012
"259217",-3.11950542115054
"100271376",-3.11988639690756
"10642",-3.12044400442483
"79414",-3.12179610916582
"100189589",-3.12301630464992
"105372126",-3.12328841094204
"646000",-3.12335867934755
"283377",-3.12360220663098
"64395",-3.12373310981243
"26048",-3.12464568044903
"1781",-3.12489404042504
"51182",-3.12517346765103
"27131",-3.1259328377237
"105376562",-3.12885409989019
"106481127",-3.12936261166721
"5653",-3.12948987732379
"102723640",-3.13014641114805
"55157",-3.13017001649296
"64745",-3.13063549137612
"57721",-3.13190750957417
"105379814",-3.13217308918186
"138842260",-3.13288180797997
"126208",-3.13419295560161
"388569",-3.13524459395163
"28884",-3.13644910939143
"143384",-3.13716280161676
"9534",-3.1375559242949
"55831",-3.13776635384219
"100652791",-3.13859485773704
"100",-3.13932812417479
"100287327",-3.13947833661561
"84872",-3.1394790544936
"101928388",-3.13951691091227
"130340",-3.13955321727739
"283507",-3.14048942645701
"390082",-3.14068434489219
"7425",-3.14079821129464
"57732",-3.14092147075753
"100132273",-3.14096476901861
"767603",-3.14154124955067
"140696",-3.1417007012709
"738",-3.14193530581195
"100132142",-3.14308353955819
"8718",-3.14382514772915
"160518",-3.14391857866075
"5054",-3.14403613851432
"23165",-3.14460808891071
"23373",-3.14522985792626
"9653",-3.14588121940696
"2925",-3.14593776302333
"29062",-3.14598847750457
"339855",-3.14635044233566
"8635",-3.14646869713996
"124900361",-3.14658431220661
"55760",-3.14772688575793
"80176",-3.14834568085714
"105370681",-3.14837761586104
"1293",-3.14885927538824
"102723757",-3.14992823090819
"7292",-3.15059974029117
"285053",-3.15114591684851
"4584",-3.15132761175114
"23468",-3.15169815658254
"400761",-3.15206171117236
"1555",-3.15225953054834
"7617",-3.15268986151942
"5502",-3.15302186731184
"408187",-3.15360761448702
"729987",-3.15368532454795
"83607",-3.15454256552704
"404204",-3.15560277950282
"23396",-3.15565934960794
"134957",-3.15597051359432
"252954",-3.15642907885903
"55954",-3.15686330656118
"6542",-3.1572167085314
"93587",-3.15804348542059
"219595",-3.15852709443496
"65078",-3.15932757641586
"106481155",-3.15988939124407
"28677",-3.16081271734863
"100131340",-3.16101261802697
"120787",-3.16171275100205
"4092",-3.16323519600364
"9143",-3.16374093498156
"647276",-3.16382293429715
"100422674",-3.16434536912857
"283887",-3.16520308152797
"105376380",-3.16614408213043
"149465",-3.16661417336206
"100421582",-3.16685716125689
"441670",-3.16716224099219
"80054",-3.16755834038121
"106481084",-3.16856073380979
"23590",-3.16884320872856
"146713",-3.16912334640584
"100270985",-3.17005017742895
"64118",-3.17007833102979
"388550",-3.17066088262469
"3200",-3.17088431219874
"4689",-3.17092467408289
"388963",-3.17105251406874
"105369911",-3.17175017931337
"378108",-3.17343673031861
"728229",-3.17402090101554
"642517",-3.17427164851085
"3868",-3.17587265897636
"444882",-3.17588526020215
"253943",-3.1766026782361
"169611",-3.1766481595191
"651",-3.17809941902379
"103752586",-3.17838065085565
"6376",-3.18059379109731
"55904",-3.18144861947828
"348932",-3.18163768244397
"55308",-3.18239097314869
"257093",-3.18299430791785
"91370",-3.18337711978779
"112268384",-3.18376727725386
"23208",-3.18410359727087
"106480974",-3.18427046654772
"6687",-3.18602568467466
"100873945",-3.18647126859974
"101929530",-3.18706487341447
"101927111",-3.18717149076435
"22893",-3.18738140190317
"64241",-3.18765224721774
"100129955",-3.19073597810587
"84957",-3.19080380906697
"147166",-3.19197266591746
"7178",-3.19219769093251
"100271194",-3.19248738096653
"100131536",-3.19252265119856
"26831",-3.19263765020426
"258010",-3.19265131739968
"29890",-3.19265251849485
"29886",-3.19279095189547
"54777",-3.19371544099621
"4122",-3.19505769592507
"4174",-3.19554485769525
"11211",-3.19584743589726
"729046",-3.19593431651753
"3482",-3.1969527046902
"2939",-3.19858905313318
"80332",-3.19861065598739
"101926896",-3.19900989628677
"389322",-3.1995748282797
"974",-3.19979455002414
"1270",-3.20015892070008
"8174",-3.2002890117287
"100507117",-3.20084571635909
"152992",-3.20132633759522
"645683",-3.20279461946902
"85290",-3.20345236386987
"10716",-3.20351353093417
"100151684",-3.20414527869461
"644135",-3.20464750375464
"9687",-3.20471653253843
"124901641",-3.20600115553934
"134701",-3.20749910346722
"400818",-3.20871684455347
"90203",-3.20887963262476
"4069",-3.20915317067214
"3787",-3.20944591746733
"54752",-3.20969775131357
"124900414",-3.21039073694252
"57161",-3.21085201399093
"102606465",-3.21124996135517
"146845",-3.21196255320771
"7915",-3.21310740072811
"283991",-3.21364832015358
"348995",-3.21422919293501
"7182",-3.21457877349175
"54768",-3.21546663971579
"343521",-3.21567076043578
"100130018",-3.21684886147743
"1490",-3.21713551270271
"130865",-3.21735706187864
"727810",-3.21900451182357
"51078",-3.21988953480881
"284194",-3.22054978523178
"105375783",-3.22054987745682
"403248",-3.22125008926784
"219965",-3.22202278410147
"646784",-3.22306218145581
"168417",-3.22434106716482
"389792",-3.22447397944581
"401505",-3.22608981427632
"10141",-3.22651738835062
"653140",-3.22689100411179
"80834",-3.22778216223271
"106480544",-3.22794114178024
"119467",-3.22820224877206
"2669",-3.22910995379966
"3948",-3.23064733241063
"25864",-3.23092876559862
"128071547",-3.23128773864604
"100271622",-3.23235739387098
"90952",-3.2331111251081
"100418960",-3.23334949825477
"139599",-3.23409022452774
"55192",-3.23417776214471
"107397392",-3.2350513066598
"343990",-3.23538068763657
"129401",-3.23714333715561
"29850",-3.23777646396522
"727997",-3.2379559682116
"128153",-3.24003906021597
"55703",-3.24100628064155
"80223",-3.24187677877463
"106479270",-3.24378515849756
"106480294",-3.24449951088238
"729627",-3.24482441541086
"285375",-3.24489429468671
"106481361",-3.2453977141701
"5229",-3.24584954004774
"100288570",-3.24678496132476
"5239",-3.24686509004317
"642306",-3.24710838943551
"55",-3.24744218857998
"319100",-3.24751090556258
"284129",-3.24768500730764
"100271491",-3.24832294332923
"158158",-3.24838558145604
"283849",-3.24856119395832
"6938",-3.24859065531112
"64174",-3.24970097186276
"1676",-3.25005441513898
"83729",-3.25067864747076
"27333",-3.25092759058155
"26249",-3.25092838862951
"2070",-3.25096420545248
"151234",-3.25162122826022
"28683",-3.25373672047552
"392501",-3.25388439205493
"353355",-3.25485011481201
"6655",-3.2556690405657
"6794",-3.25591144742386
"101929004",-3.2559663649334
"439921",-3.25606185040138
"85461",-3.25651559533727
"5578",-3.25681876226789
"25895",-3.25794362406188
"791115",-3.25807774352648
"101926898",-3.25843728957711
"84898",-3.2610895476066
"25966",-3.26245102720128
"256646",-3.26260929895854
"643529",-3.26378473396178
"139562",-3.26541257998232
"101929557",-3.26628524783965
"58157",-3.26631364181261
"101928595",-3.26722156780048
"26239",-3.26855080937424
"102577426",-3.26930884491433
"124925",-3.27037001232744
"56672",-3.27053025195
"11319",-3.27073932214721
"124904876",-3.27116162393524
"11144",-3.27189223359778
"100313829",-3.27240217201821
"10864",-3.27282617739358
"10749",-3.27305260485727
"100421692",-3.27378957457515
"50848",-3.27389826184374
"645656",-3.27601211410599
"5557",-3.27613969504479
"100131366",-3.27707067330842
"10954",-3.27800814118756
"347704",-3.2781443242555
"100128714",-3.27845016393893
"100271515",-3.27928574891112
"100505716",-3.27985184661398
"1026",-3.28199426661235
"64645",-3.28203367083203
"23765",-3.2820849211458
"54047",-3.28211265022859
"752014",-3.28349681858578
"6725",-3.28415763643973
"90139",-3.28457366604734
"1305",-3.28474371467855
"100419932",-3.28499999106296
"647024",-3.28527524090342
"54732",-3.28573413120332
"54954",-3.28772932146542
"54107",-3.2878508659068
"106481498",-3.2884932154336
"6464",-3.28888334738924
"450",-3.2891038045438
"9953",-3.29132138111417
"28732",-3.29167552211493
"100507127",-3.29250625412365
"127003",-3.29336453277478
"100271604",-3.29349414462097
"100874263",-3.29463126043636
"11264",-3.29468687095122
"100420073",-3.2947748311382
"10766",-3.29491329212542
"400935",-3.29577843326286
"106478919",-3.2969798368803
"105375754",-3.29718805898717
"84141",-3.29747719391877
"2784",-3.29797001550582
"57719",-3.30032541888723
"29993",-3.30122435860499
"107985228",-3.30140562351548
"4779",-3.30165074013456
"7458",-3.3019858326011
"51490",-3.30219257195371
"101930085",-3.30554542440819
"64900",-3.30591648911322
"619455",-3.30627811435218
"373156",-3.30637242641069
"100131017",-3.30705342878958
"55247",-3.30787891527332
"729420",-3.30791476613862
"2175",-3.3081181926904
"105373878",-3.30874193921329
"32",-3.30894655438225
"79772",-3.30901294350205
"1816",-3.30934409087802
"150967",-3.31012514161076
"5787",-3.31049379827352
"100420545",-3.31050900501647
"197335",-3.31215262377749
"64748",-3.31303079756814
"100130958",-3.31393049657957
"677793",-3.31403752389651
"9520",-3.31543527894478
"80194",-3.31819406817567
"283951",-3.31870921554881
"84569",-3.31973043221066
"139281643",-3.32070498344306
"442720",-3.32075291334896
"440456",-3.32180484676015
"728524",-3.32209177946767
"5778",-3.32230850934999
"401934",-3.3233878154343
"6160",-3.32341246680381
"645961",-3.32365762497761
"5909",-3.32387177758499
"2687",-3.32393290874938
"9912",-3.3245382501064
"105369612",-3.32471129062083
"5803",-3.3271722130294
"100129403",-3.32761073042221
"728734",-3.32939489446297
"911",-3.32946847967684
"10611",-3.33080801155002
"9538",-3.33103746725313
"85352",-3.3320845715918
"390081",-3.33296120658365
"114790",-3.33378304616712
"3891",-3.33406001164592
"259286",-3.3353268516119
"5346",-3.33625042089386
"389",-3.33772659795462
"222183",-3.33781803689091
"284541",-3.33800218900305
"100526783",-3.33815088072906
"55108",-3.33850859687201
"112268184",-3.33871698061222
"120766143",-3.3388967307291
"387509",-3.33902032770288
"124602",-3.33976483305635
"11126",-3.34041220010032
"106480651",-3.3405957820502
"64753",-3.34148193034052
"105378712",-3.34183695492555
"83957",-3.34232179677192
"51307",-3.34426043170056
"84336",-3.34461795369244
"245972",-3.34469015942309
"26595",-3.3451656359024
"3692",-3.34519711871505
"100271285",-3.34542534928991
"7903",-3.3454550599192
"652549",-3.34614677792063
"57463",-3.34662636672305
"64849",-3.34664703364828
"106478913",-3.34736990388535
"9761",-3.34800516700345
"5877",-3.34945396781879
"124904731",-3.35016061253803
"50514",-3.35074223336991
"51167",-3.35074426383054
"196740",-3.35104859276815
"89885",-3.35139501201391
"342945",-3.35201480603185
"9790",-3.35324434191177
"8034",-3.35362476323384
"101929021",-3.35474729849014
"105377225",-3.35623100192543
"107986980",-3.35668551574333
"81575",-3.35749123395781
"51411",-3.35765849562608
"286234",-3.35771883075809
"5275",-3.3579944829912
"26279",-3.35895939609794
"23708",-3.35923462392506
"100506272",-3.36030132937787
"10217",-3.36038587881491
"440563",-3.36110875735503
"161882",-3.36150254610541
"10497",-3.36197132767796
"8549",-3.36340358365754
"724024",-3.36342605436955
"79609",-3.36613462020262
"338949",-3.36758399942724
"27133",-3.36808217140936
"107075142",-3.36910153069662
"284433",-3.37121203075679
"2570",-3.3715066135931
"4094",-3.37152154094264
"57611",-3.37170806158182
"22802",-3.37180724532891
"116255",-3.37199282420016
"9917",-3.37267726748216
"104472717",-3.3727554314883
"80024",-3.37330913829938
"10803",-3.3743728317523
"7371",-3.37437398216111
"399823",-3.37457027126202
"101927234",-3.37470722327238
"7638",-3.37688142093886
"6273",-3.37717411087171
"124906033",-3.37736999458367
"57684",-3.37755937377399
"89894",-3.37793354070334
"10819",-3.37937650473649
"102723423",-3.38006567474114
"400347",-3.38041569466432
"57337",-3.3804478806937
"147179",-3.38090438886267
"10634",-3.38185691404728
"57336",-3.38218475989954
"728130",-3.38252287083169
"7881",-3.38303724240442
"105369954",-3.38376286124171
"6948",-3.3837809246986
"8458",-3.38380164384332
"5860",-3.38432964162546
"79934",-3.38494073163979
"2194",-3.38669811855992
"79441",-3.38770839154517
"7434",-3.38777325394805
"57690",-3.38839873492879
"29803",-3.38864695496413
"8800",-3.38905197256712
"4794",-3.38928663363561
"143244",-3.38965206877526
"7052",-3.39382447819676
"400618",-3.39432473046788
"100302211",-3.39447847340669
"8804",-3.39609470127807
"285331",-3.39734356279391
"3742",-3.39767081110257
"153733",-3.40038152886797
"79706",-3.40171535065973
"4158",-3.40181245765019
"101928463",-3.40187012997725
"80336",-3.40255674687826
"11285",-3.40352186624338
"150577",-3.4035634970264
"7257",-3.40402501405849
"59082",-3.40421666453753
"390407",-3.40479534263288
"57599",-3.40501326204569
"285126",-3.40544217521243
"151188",-3.4062644309079
"124905969",-3.40648601270542
"2802",-3.40725381106668
"4724",-3.40759236413713
"283267",-3.40761186385262
"693147",-3.40852258694633
"10773",-3.408815514403
"5862",-3.40996533027999
"84804",-3.41041325801932
"106481697",-3.41050230950301
"246330",-3.41081923499976
"124900426",-3.41152082091337
"9123",-3.41218869685673
"55897",-3.41227411736889
"84964",-3.41238128738426
"100533997",-3.41455033923641
"106480531",-3.41470425320074
"8317",-3.41704144336454
"79004",-3.41715233001787
"122809",-3.41739195198112
"26995",-3.41739360317823
"4778",-3.41803622520759
"105372040",-3.41827297336638
"440353",-3.4188013539664
"167359",-3.41883066539415
"440435",-3.4188405718564
"54663",-3.41885636917585
"9351",-3.41927096822527
"100130742",-3.4193835835367
"101954271",-3.42062069109576
"645204",-3.4210670061909
"100131779",-3.42196273015955
"440737",-3.42295893408824
"284716",-3.4233572986653
"100286922",-3.42379061814202
"6772",-3.42505746447198
"5195",-3.42708339313745
"220388",-3.42827673926937
"1608",-3.42873300244422
"57501",-3.43020674484256
"101929541",-3.43128709982959
"10005",-3.43183593997993
"101059938",-3.4334499543114
"55135",-3.4336835226411
"25792",-3.43529066875536
"4698",-3.4360042115174
"79295",-3.43601848535088
"11190",-3.43628039908064
"5351",-3.43702234599629
"29992",-3.43713636162343
"388789",-3.43752066571621
"5095",-3.43785690729391
"6728",-3.43881383390631
"57823",-3.44075085112338
"100271416",-3.44188605722145
"692146",-3.44189839048331
"100271202",-3.44601961349816
"7376",-3.44612147107054
"153241",-3.4462668852391
"64756",-3.44671166966722
"1476",-3.44796788339306
"105370934",-3.44899032485344
"2118",-3.44978726838013
"92999",-3.4503674258844
"9562",-3.45078896184562
"201651",-3.45218610391038
"643965",-3.45313534769347
"28412",-3.45357611879801
"101928527",-3.45421037228625
"153469",-3.45447270210704
"64902",-3.45478259825914
"100421788",-3.45689584329764
"8352",-3.45713805331459
"339059",-3.45735071792124
"9689",-3.45816312000655
"6469",-3.45829288690653
"3314",-3.45892996282665
"81614",-3.45921423518092
"35",-3.46009301762186
"170392",-3.46130793050735
"4513",-3.46130852983976
"131034",-3.46205576716621
"91147",-3.46212925933558
"8450",-3.46218313197226
"8399",-3.46249583705308
"9902",-3.46278001579478
"407055",-3.46328126925166
"2743",-3.46354753599919
"9658",-3.46368265205802
"100130988",-3.4645754749128
"23148",-3.46552427117337
"6386",-3.46604162865515
"54443",-3.46672755724426
"79670",-3.46766353273031
"8372",-3.4686596174055
"105371272",-3.46877585580314
"374973",-3.46901917959863
"60673",-3.4690502103161
"26000",-3.4694121606525
"2950",-3.47022182012764
"26134",-3.4738237542772
"5063",-3.47441816458269
"105377023",-3.47624302019136
"3728",-3.47633698054122
"30846",-3.47647140536534
"100128731",-3.47663904192833
"9758",-3.4777184068901
"10795",-3.47826415159261
"406937",-3.47826682762924
"26025",-3.47855196784043
"114784",-3.47914432982179
"344875",-3.4795367795935
"28666",-3.47989824962236
"112268165",-3.48010095707211
"9553",-3.48227476023527
"55647",-3.4828107073088
"10863",-3.48380575847052
"6530",-3.48472133070194
"197",-3.48593776322455
"5684",-3.48676747199782
"106481859",-3.48695449692275
"100131236",-3.48768888388576
"127460882",-3.48842170831271
"22928",-3.48871993427241
"200197",-3.48908150877425
"106479366",-3.48912414845915
"7398",-3.48956601040873
"10",-3.49002138480392
"123497957",-3.49005669477914
"9409",-3.49018939343414
"100270860",-3.49045968633038
"197257",-3.49148424632804
"221935",-3.49273537799477
"25766",-3.49422187385187
"100009676",-3.49573261183243
"23030",-3.49595332637318
"387753",-3.49668792072823
"105374041",-3.49732058606134
"124904634",-3.49782340528355
"285900",-3.49972101632165
"10068",-3.50045608343229
"51176",-3.50072973568548
"55112",-3.50142728514902
"8856",-3.50148852530075
"3434",-3.50208024068794
"54734",-3.50208149421477
"84920",-3.50294186652709
"653121",-3.50521433656807
"136288",-3.50623326105966
"83851",-3.50656832817639
"91522",-3.51108441990106
"7481",-3.51156146224557
"391151",-3.51162879541555
"728175",-3.51224741251734
"53827",-3.51255440701396
"401076",-3.51274645298513
"130132",-3.51274844361365
"282809",-3.51274874814262
"4141",-3.51363219104935
"100271438",-3.51552590655367
"693155",-3.51557951759528
"2574",-3.51667833717836
"81449",-3.51695695899282
"102157401",-3.51808664915764
"51312",-3.51958755091358
"55289",-3.52244782664124
"123016",-3.52254941828104
"158345",-3.52469046911557
"4313",-3.52485123709619
"56098",-3.52772202792222
"100271309",-3.52823471361604
"219770",-3.52824574437514
"158866",-3.52857563766904
"388996",-3.52860023322064
"219428",-3.52863536955718
"26251",-3.52914967109016
"23107",-3.52944587608235
"400512",-3.53129887897461
"100131176",-3.53338296932324
"25788",-3.53378768260893
"140686",-3.53451230856354
"100033411",-3.53523473332059
"1181",-3.53550506542138
"79981",-3.53551132682678
"26059",-3.53578109983637
"653314",-3.53642735241098
"102724908",-3.53658450218553
"145788",-3.53658458769833
"10717",-3.53729265076405
"83894",-3.53780667020786
"140469",-3.53802483444124
"100129543",-3.53884897327337
"83849",-3.53910051642402
"60598",-3.53929569671426
"5311",-3.53988906058308
"203228",-3.54035505852236
"9586",-3.54047312534608
"391168",-3.54077323680005
"84641",-3.54085997819601
"105369301",-3.54202935774151
"339966",-3.54291958094582
"100271428",-3.54292697484357
"5605",-3.5433922486875
"753",-3.54557117576308
"5223",-3.54654662554958
"677821",-3.54737961065724
"644502",-3.54791239830184
"5438",-3.54847244484237
"121278",-3.54910649297452
"51393",-3.54924074659939
"730005",-3.54984101779828
"7161",-3.5503713736162
"89858",-3.55054216431076
"100873860",-3.55121303912956
"6861",-3.55175788143791
"2309",-3.55189439269611
"107075113",-3.55240369409833
"25960",-3.55351443230035
"100874237",-3.55370648207783
"102724224",-3.55462183940659
"339398",-3.55467785955345
"1654",-3.5549692038723
"100506169",-3.55572104695527
"105377489",-3.55573276461151
"374907",-3.55615565813536
"255187",-3.55890926900675
"6345",-3.55910923615679
"120406",-3.56014316814118
"79228",-3.56047424401355
"94086",-3.56085956564006
"54898",-3.56107080234195
"284403",-3.56136706982494
"9785",-3.56206380700237
"51386",-3.56259961490922
"2066",-3.5626653306231
"57692",-3.56315769243985
"645455",-3.56400371741865
"100418910",-3.56570139954044
"100131117",-3.56597508425899
"3822",-3.56597641021292
"100271298",-3.56632219846503
"100188893",-3.56703576284034
"106481037",-3.56739548810113
"8418",-3.56775905658662
"4355",-3.56883268832379
"25831",-3.56953888359522
"100874078",-3.56970577637729
"164153",-3.56984498883796
"285335",-3.56985449111943
"10200",-3.57022904709181
"651337",-3.57072738431637
"728486",-3.57185102303232
"80309",-3.57185940978369
"105374988",-3.5742354226136
"101927901",-3.57429955112699
"389084",-3.5745029885747
"140886",-3.57471253016471
"407029",-3.57478696136755
"633",-3.57646435975216
"6540",-3.57657666394536
"148137",-3.57899600201633
"196403",-3.57965894162206
"26807",-3.58095691893956
"9731",-3.58250069007154
"326289",-3.58278842833777
"51475",-3.58689975321901
"100033807",-3.5905151292443
"100499227",-3.59114754596632
"105371729",-3.59147158132154
"126321",-3.59151755787468
"345611",-3.59182741236567
"391189",-3.59193925487488
"102724481",-3.59210096813048
"11345",-3.59210752925402
"100129196",-3.5930298258331
"134505",-3.59446265901909
"7849",-3.59484369378046
"57459",-3.59540239243348
"80227",-3.59786631413048
"284485",-3.5987038146403
"477",-3.59873528219947
"81570",-3.59991895612688
"7111",-3.60112499014026
"27122",-3.60161681348242
"642448",-3.60219324938688
"28731",-3.60346340676482
"105371749",-3.60346705561283
"221895",-3.60349015951041
"344787",-3.60403738396308
"7401",-3.60438215905508
"196475",-3.60525669557489
"5883",-3.60592322885052
"6300",-3.60593993053889
"85002",-3.60623619097255
"100128548",-3.60823376221922
"8637",-3.60838355517512
"10636",-3.60862209341529
"19",-3.60946923339144
"284184",-3.60976374277704
"100421311",-3.60986725367313
"389273",-3.61018879688777
"643155",-3.61217887617118
"28648",-3.61304356775743
"6972",-3.61311223109274
"1103",-3.61315484387416
"6928",-3.61422560260207
"8330",-3.61541160528412
"10542",-3.615455332455
"100129597",-3.61580889972384
"26515",-3.61752348513259
"401744",-3.61786054730632
"100419964",-3.61793592837559
"28658",-3.61841158776952
"100271372",-3.61949360775865
"3443",-3.61955676130177
"124907991",-3.61957469891357
"2306",-3.62006709251412
"106481761",-3.62056515315608
"124903478",-3.62108465620229
"100420512",-3.62240898765789
"126792",-3.62260680451506
"101927632",-3.62392043928034
"4761",-3.62575414705932
"51686",-3.62583544574293
"55220",-3.62882100103455
"51122",-3.62950638755352
"11330",-3.62966320731737
"6242",-3.63062053778759
"729449",-3.63077601159702
"353141",-3.63388890340734
"127544",-3.63441507606069
"90423",-3.63489653960875
"7516",-3.63532523208946
"1657",-3.63538510791845
"100289509",-3.63540293659097
"347688",-3.63564083772861
"407017",-3.63724910421196
"253430",-3.63882572426151
"342372",-3.6388978224295
"729399",-3.63946404137871
"624",-3.64052487846215
"79973",-3.64064748934446
"255275",-3.64368925847157
"84230",-3.64426627739818
"90313",-3.64518861458392
"347694",-3.64584341783079
"875",-3.64590225086092
"55867",-3.64774133005675
"55072",-3.64838913602929
"79137",-3.64842247589843
"157983",-3.64883337706056
"4664",-3.64911666463366
"51027",-3.64959119188894
"100271510",-3.64985029152458
"4356",-3.65014276269965
"8269",-3.65019253627949
"66000",-3.65250965925569
"137209",-3.65330964291606
"2644",-3.65387410942164
"100874205",-3.65465424530826
"362",-3.65474848507356
"390273",-3.6570274698924
"440515",-3.65737814016896
"124904039",-3.65940953625288
"4281",-3.66023667929712
"163033",-3.66074397593699
"5287",-3.66076104772312
"389856",-3.66095123471831
"441394",-3.66157150456226
"9647",-3.66218388373268
"10794",-3.6626194444142
"284119",-3.66310113805466
"100419979",-3.66366463094815
"102724231",-3.66535403142265
"643904",-3.66701860281177
"64073",-3.66702049353704
"107080637",-3.66728134786258
"10138",-3.66786620885201
"221061",-3.66803283739828
"113",-3.66927707842388
"341676",-3.669322368246
"124909475",-3.67029060414669
"4650",-3.67070691472268
"26003",-3.67317665620137
"10309",-3.67384716707825
"158293",-3.67402113990801
"6003",-3.67402430523712
"105371993",-3.67609572067596
"84680",-3.67623840865899
"100505624",-3.67715286750589
"1551",-3.6774235555725
"4103",-3.67892849938708
"100874095",-3.67919238288371
"1362",-3.67949037232245
"124900537",-3.67966109009702
"124900959",-3.68123388036974
"28776",-3.68136205833196
"3547",-3.68141709815416
"140739",-3.68195117571089
"128876",-3.68195135012822
"4594",-3.68266074142493
"124904092",-3.68341271800161
"284739",-3.68382959370862
"79669",-3.68517878475475
"11046",-3.68716786057369
"257019",-3.68744412893228
"123706528",-3.68757262823399
"838",-3.68817231209913
"80758",-3.68966765284811
"6428",-3.68967552170315
"146664",-3.68976080938477
"199692",-3.68983952175819
"100130786",-3.69005934761523
"100874223",-3.69039997800937
"3801",-3.69078662808566
"4552",-3.69190203256245
"101929127",-3.69260546135551
"55052",-3.69332691410339
"100240735",-3.69351225598409
"3064",-3.69365445440466
"285740",-3.69381651576052
"400002",-3.69469283695913
"85021",-3.69483194177235
"200772",-3.69591657883762
"8237",-3.69706871394333
"104326193",-3.69775616958323
"102723663",-3.69805757228713
"64743",-3.69860399271333
"51225",-3.69902089828065
"154467",-3.69961757147503
"574449",-3.69984066675162
"153643",-3.701456156613
"100873924",-3.70146966607734
"124904009",-3.70174862065675
"106479355",-3.70180439771435
"55129",-3.70235965851876
"106480295",-3.7029954878282
"100289448",-3.70316322509248
"28830",-3.70545021406235
"955",-3.70587515296456
"100873752",-3.70753563830702
"10971",-3.70772615656855
"8506",-3.70819053662836
"151278",-3.70951466092852
"54363",-3.70965121559217
"4523",-3.70990798744189
"388564",-3.71060910359805
"390538",-3.71075301928593
"677810",-3.71090087743981
"55665",-3.71090248283457
"140628",-3.71105177554994
"65005",-3.71340764185808
"101928819",-3.71489845309722
"8360",-3.71506951638928
"100128888",-3.71778653397567
"118568802",-3.71904311058084
"2256",-3.71918451826904
"23102",-3.7193267200678
"91653",-3.71962898687252
"119139903",-3.72009190715845
"100533106",-3.7202859916098
"6372",-3.72030750123919
"286753",-3.72038187422797
"790",-3.72128687801532
"84275",-3.72166369826459
"100270988",-3.7218756447241
"84133",-3.72210265597163
"56300",-3.72261806829809
"100418919",-3.72310581785951
"53822",-3.72318075795019
"283987",-3.72335101646116
"100271180",-3.72335597766585
"106480510",-3.72336297772272
"147719",-3.72449014194126
"100129819",-3.72661475908131
"636",-3.72687686026788
"554203",-3.72711483095922
"126789",-3.73108336051688
"644596",-3.73154404713459
"338751",-3.73177197768359
"414254",-3.73225563126531
"7905",-3.73282156980123
"387104",-3.7351477805769
"128611",-3.73613047114006
"100419920",-3.73627837196566
"100287178",-3.7375937289913
"136306",-3.73773859915079
"8767",-3.73891685948867
"84513",-3.73914378254797
"8633",-3.7415945034184
"155054",-3.74209037470626
"83955",-3.74480042334154
"100302118",-3.74501033718029
"146227",-3.74716491628421
"221302",-3.75112817670308
"26472",-3.75144065082429
"10040",-3.75285236009714
"102723644",-3.75285317300588
"106478939",-3.75352410428395
"389033",-3.7550966139342
"140710",-3.75610076731887
"100127949",-3.75637997602592
"5806",-3.75668745124924
"503582",-3.75794971740955
"93978",-3.75953706628842
"440452",-3.76001552549946
"646522",-3.7601610570288
"127247",-3.76040999406153
"442578",-3.7605942687467
"6981",-3.76059468084877
"493869",-3.76104955893304
"100873788",-3.76170470573036
"100506731",-3.76200148474868
"541466",-3.76236540352119
"2597",-3.76246451937905
"55857",-3.76379315000179
"100505738",-3.76496799207513
"441452",-3.7658425592075
"9133",-3.7663020965762
"55231",-3.76766699253367
"57602",-3.76802560719969
"259236",-3.77033639951201
"170575",-3.77111473695608
"124906233",-3.77178015062474
"136853",-3.77269650539895
"1844",-3.772707384832
"100130967",-3.77403617925923
"163255",-3.77591805343739
"23277",-3.77603277609862
"102723305",-3.77661816771199
"9063",-3.78057564736345
"91624",-3.78060330439545
"126364",-3.78152256774752
"344967",-3.78254621982667
"100419574",-3.78264711544709
"400410",-3.78324892285925
"55180",-3.78366791127158
"10462",-3.78477172288472
"101928590",-3.78500370963875
"100129716",-3.78503715026951
"100874182",-3.78525399498218
"100861412",-3.7859925850144
"117248",-3.78663850008205
"3178",-3.78717455926799
"100271395",-3.79206692247645
"54905",-3.79209030134638
"105378976",-3.79248105399677
"102466191",-3.7927344785204
"114932",-3.79415422754041
"105379562",-3.79428158648707
"283483",-3.79460544735568
"727708",-3.79462889191721
"27287",-3.79514880464052
"9037",-3.79643231949416
"100270886",-3.79648847830669
"7153",-3.79783112366063
"105372876",-3.7984576131829
"645641",-3.7998026245691
"442028",-3.80084603486107
"9403",-3.80119015598468
"5189",-3.80262846549284
"440508",-3.8035741544134
"139355238",-3.80740093461478
"389125",-3.80740166949813
"1466",-3.80749007233069
"26528",-3.80768400290223
"101410538",-3.80861224811041
"5362",-3.80873097695029
"30011",-3.80890714879234
"387778",-3.8103079981279
"644165",-3.81110143118618
"1013",-3.81138284723538
"64135",-3.81138656236369
"56650",-3.81173148772751
"79693",-3.81278104857808
"26128",-3.81342838297611
"1129",-3.81508410421836
"2255",-3.81512879704524
"8660",-3.81576987578473
"646096",-3.81676231745653
"127379689",-3.81686682035986
"9191",-3.81697352020151
"5879",-3.81769994132614
"25775",-3.8180550101377
"80778",-3.81810130604007
"374882",-3.81829544090796
"51138",-3.81866462084344
"100132596",-3.81947991661509
"90550",-3.82001220218992
"105377595",-3.82069740252395
"79745",-3.82144088335897
"4621",-3.8239199406912
"79177",-3.82392082728974
"10500",-3.82392934025765
"54016",-3.82394797261437
"5695",-3.82411797732017
"1593",-3.82516246092047
"170527",-3.82563443029211
"326",-3.8267488233191
"90737",-3.82767007721662
"84684",-3.83071459919126
"124903667",-3.8308708227377
"246213",-3.83137214491964
"81573",-3.83206542586905
"85455",-3.83215606640021
"653513",-3.83369557599048
"765",-3.8344810923531
"105373958",-3.83456139394837
"378805",-3.83487712208736
"54516",-3.8359266891451
"1521",-3.83752483216445
"390144",-3.83822741965113
"8867",-3.8384273139919
"130617",-3.8397012741893
"51479",-3.84016441609143
"4841",-3.84430876198535
"27134",-3.84430968123292
"106479885",-3.84433745410424
"10148",-3.84500679225439
"6866",-3.845143666352
"10203",-3.84514484551065
"11231",-3.84554346146583
"113675",-3.8462471891173
"100271846",-3.84656781834995
"140707",-3.84841154374533
"26778",-3.84851863852844
"139067",-3.84955339493425
"23361",-3.85010313371102
"23043",-3.85028602179776
"285852",-3.85086790476109
"132204",-3.85138232133814
"283194",-3.85245927046265
"100270939",-3.85294666465175
"57678",-3.85394544718469
"100131921",-3.85520616873888
"899",-3.8556660954306
"100533952",-3.8561333561345
"286122",-3.8566729175452
"2065",-3.85794079658332
"167153",-3.85812385689924
"100271490",-3.86013540326904
"138009",-3.86354849984728
"116337",-3.8643862096269
"8370",-3.86551526213896
"5150",-3.86618780131305
"56954",-3.86739478367853
"1731",-3.86836637012483
"348093",-3.86923644179792
"4162",-3.86939541144567
"3014",-3.87079255851609
"4059",-3.87115675456209
"4091",-3.87340805002764
"101927360",-3.87410275983346
"6856",-3.87457515572215
"340526",-3.87604705668005
"26750",-3.87661502038009
"652965",-3.87675444406187
"389177",-3.87836668585394
"643646",-3.87840473136916
"441410",-3.87853962028522
"2324",-3.87855555848173
"112441433",-3.87884298420975
"440944",-3.878849982016
"140760",-3.88000655988762
"100750325",-3.8807447960606
"124907824",-3.88275829712802
"401109",-3.88330471276866
"6924",-3.8843484806433
"81439",-3.88617148073309
"4654",-3.89006580458707
"146059",-3.89118116081831
"5986",-3.89132041148977
"1025",-3.89137049415218
"101927641",-3.89164660363675
"574040",-3.89231344245047
"767595",-3.89256317041951
"693156",-3.89288335456968
"51251",-3.89310069598643
"124903836",-3.89403944605688
"92736",-3.89415344107714
"84636",-3.89493020896806
"57502",-3.89509332323642
"729998",-3.89612557156454
"80237",-3.89627245665459
"8515",-3.89809508997133
"106479238",-3.89849529208021
"105377175",-3.89859373299978
"100271392",-3.89860463226024
"2969",-3.89876087182984
"728642",-3.89927816320774
"59283",-3.89946597731813
"389690",-3.90212152139743
"1384",-3.90243763812863
"768212",-3.9024648268895
"114897",-3.9026530421517
"221937",-3.90310443466006
"337",-3.90338634470316
"106480969",-3.90344357394214
"5261",-3.9042410536182
"100127206",-3.90491186232649
"54212",-3.9058324323046
"8649",-3.90593490937362
"10762",-3.90738301560077
"23217",-3.90740884605315
"64064",-3.90797146333073
"84256",-3.90835373532223
"387911",-3.90867819856017
"9909",-3.90956421186516
"100873212",-3.90962855764013
"102724814",-3.91072828396703
"101928076",-3.91077353125958
"388697",-3.91077766339726
"84260",-3.91114487614575
"100507599",-3.9133869619487
"11213",-3.91459567296658
"100130279",-3.91487469643931
"123",-3.91506832615207
"338596",-3.91506972161678
"27163",-3.91507074711525
"2733",-3.91507092994595
"284577",-3.91552773570504
"1622",-3.91628834443833
"26298",-3.91655904734675
"386724",-3.91778223808473
"54619",-3.91786332504887
"145773",-3.91845572064939
"6792",-3.91922914233868
"51647",-3.9215476446086
"341019",-3.92183107129205
"58526",-3.92347748597057
"26787",-3.92445000110494
"10260",-3.92497215793823
"442361",-3.92633312879695
"28723",-3.92791956041954
"152518",-3.9286568090732
"6627",-3.92904853119445
"51750",-3.93105247343701
"128602",-3.9312200324811
"399706",-3.93168251690109
"160777",-3.93221819420554
"91862",-3.93274487377984
"101927599",-3.93353178385942
"64065",-3.93437765745066
"105370424",-3.93445078677445
"100289479",-3.9353737296907
"101927690",-3.93591044222256
"79921",-3.93719588855103
"10493",-3.93837452318156
"554236",-3.94041119389347
"9319",-3.94128033468345
"389428",-3.94185172133854
"107987323",-3.94191095173661
"353274",-3.94243690560484
"728656",-3.94249774757094
"100422866",-3.94350188961764
"201191",-3.94512687328777
"105374104",-3.94529865560303
"400984",-3.94573787837948
"401027",-3.94618041178677
"161514",-3.94652815325437
"201158",-3.94662478194808
"29066",-3.94674535600616
"92292",-3.94756988016448
"58506",-3.94854580495347
"3156",-3.94970578878606
"10459",-3.95038126444773
"28803",-3.95052544441142
"112",-3.95063365856805
"2781",-3.95089093415921
"23070",-3.95145840051237
"112869",-3.95230600230937
"100873493",-3.95263267417379
"106479400",-3.9536254964335
"767557",-3.95393425430355
"100133170",-3.95474243131195
"150350",-3.9585257222504
"9173",-3.95879491851839
"105372401",-3.95895853522242
"105371242",-3.9595793177504
"105374219",-3.96033081973875
"143501",-3.96182607642723
"84793",-3.9620369997652
"391053",-3.96285913364495
"106481834",-3.96438509069367
"11186",-3.96893923344774
"6844",-3.96908954763435
"107986374",-3.96933461140975
"10982",-3.96959510966547
"29924",-3.97082418734317
"151516",-3.9711988318355
"670",-3.97158786322038
"1811",-3.9724924511535
"29968",-3.97303148360703
"57154",-3.97346380882854
"101927406",-3.97358508188491
"3268",-3.97462949006574
"100418951",-3.97522705925714
"8140",-3.97567978962402
"51287",-3.97578017591082
"391703",-3.97915283734877
"643136",-3.97932703807421
"286187",-3.98313514775782
"10215",-3.98437449099166
"55959",-3.98556124961625
"220930",-3.98565911932636
"9506",-3.98592991345962
"2735",-3.98594264826397
"137362",-3.98598147187049
"101060544",-3.98700021542793
"124903857",-3.98707408177652
"100131107",-3.98784319826713
"387815",-3.98806921762125
"158399",-3.98895847498109
"28724",-3.98903740360932
"9848",-3.991079169975
"117981787",-3.99249994545817
"57184",-3.9929415481686
"100169761",-3.99408280597042
"283585",-3.99468268028079
"642273",-3.99540073743222
"79709",-3.99573732050149
"4862",-3.99767541497731
"23316",-3.99847155798053
"51382",-4.00009572988442
"100996876",-4.00056939105844
"58509",-4.00160349638879
"3358",-4.00169383450956
"10158",-4.00230918821111
"692110",-4.00346024039956
"389652",-4.00487447445356
"574444",-4.00544540706308
"3788",-4.00649774976892
"11076",-4.00687362102599
"112464",-4.00772046258358
"387712",-4.00776608993304
"387836",-4.00809390048807
"3691",-4.00899082055058
"28752",-4.01235701316171
"79657",-4.01355259981404
"160492",-4.01464719593323
"26768",-4.01490035290999
"2162",-4.01617883592377
"111216280",-4.01627388578596
"145200",-4.01699842551066
"9211",-4.01861626410964
"338433",-4.02037001814295
"24142",-4.0207198237064
"7581",-4.02223423882852
"4808",-4.02704138421428
"28744",-4.02733433423545
"10555",-4.02738178505093
"150159",-4.02780797247651
"93474",-4.02809916749773
"100422581",-4.0287713080893
"81858",-4.02967998954647
"9308",-4.03000071438857
"3357",-4.03184097865894
"80124",-4.0341860725808
"100271449",-4.03451114525326
"83732",-4.03477332391965
"649",-4.03590269629396
"53942",-4.03617839876998
"84871",-4.03767566829655
"9021",-4.03778203722799
"22874",-4.03872285189468
"101928357",-4.03912390467693
"105377918",-4.03935796398044
"9638",-4.03954786698302
"340385",-4.04246377747231
"54861",-4.04259914160727
"100288683",-4.04303713760082
"57469",-4.0444610869407
"105377935",-4.04500308330495
"6611",-4.04706130668739
"10923",-4.04758438312081
"106479271",-4.04888044773344
"286151",-4.05022311136332
"6754",-4.05490834561167
"389644",-4.0554173614202
"84626",-4.05570047130207
"54995",-4.0566133977285
"727951",-4.05789727500188
"23787",-4.05898875471464
"283927",-4.0594942756161
"8537",-4.06194191007946
"7692",-4.0626090601823
"26097",-4.06397153640059
"2004",-4.06470699190691
"92369",-4.06518546028451
"80135",-4.06593678083835
"283208",-4.06619912068927
"146850",-4.06818149382671
"414224",-4.06943024873989
"100302160",-4.07091128383212
"105377848",-4.07165567018515
"8535",-4.07532650412528
"105371260",-4.07559081637188
"54809",-4.07575149968349
"148046",-4.07843954754539
"643630",-4.07903895456866
"100271315",-4.07946826312251
"10498",-4.08268298362013
"105377623",-4.08268353492805
"654412",-4.08268393065985
"81839",-4.08268439602385
"254783",-4.08271454958701
"8933",-4.08455667265974
"1282",-4.08557318777361
"27254",-4.08605234139277
"643445",-4.0871018077108
"6546",-4.0874539794445
"11172",-4.08826020794218
"56242",-4.08902394850264
"1636",-4.08903770011666
"9328",-4.08905645868947
"116461",-4.08967635050468
"54811",-4.09003727915064
"26254",-4.09358177783007
"79853",-4.09521017185113
"22999",-4.0960005026949
"51267",-4.09740584782218
"80208",-4.09896239407073
"100421175",-4.09993570835021
"51397",-4.10033187410924
"150771",-4.10033582674842
"151475",-4.10057741117676
"10644",-4.10066810550025
"647288",-4.10075879247132
"11173",-4.10226552898504
"79954",-4.10246809484546
"100873864",-4.10783246736199
"146779",-4.1087360404235
"105375118",-4.10922034800233
"100271154",-4.11014623585135
"23139",-4.11053648331593
"8027",-4.1107327570541
"442216",-4.11126746413794
"100131897",-4.11143052660367
"199223",-4.11165231683883
"91304",-4.11278315679167
"778",-4.11351956702669
"2627",-4.11391332177555
"107986046",-4.11623186791287
"10344",-4.11916014894778
"284018",-4.11936771376315
"10798",-4.11970769067143
"3024",-4.12016401264382
"107075260",-4.12059855015655
"102724659",-4.12120045552984
"101927027",-4.12286293231853
"646625",-4.12349453281596
"54328",-4.12496227179322
"8534",-4.12598871591593
"348156",-4.126589467964
"124565",-4.12720909406227
"89944",-4.12829441882834
"93164",-4.1302005320382
"10077",-4.13112132518601
"29941",-4.13117278718536
"9310",-4.13243112164221
"101928673",-4.13261204334548
"27115",-4.13274922634877
"6520",-4.13405759663101
"170487",-4.13533728475103
"115948",-4.13591593068086
"273",-4.13790493053998
"79871",-4.13919349679868
"27013",-4.14093601262716
"101928335",-4.14150957373742
"1942",-4.14153697165037
"124900184",-4.14221896831837
"64582",-4.14413351845583
"101927412",-4.1443915475154
"4294",-4.14454683027649
"6083",-4.14889386239357
"392376",-4.14893955248666
"80279",-4.14927828214852
"79908",-4.1501761925565
"83878",-4.15048068461177
"57645",-4.15074162243926
"118461",-4.15102829536235
"391117",-4.15127547971518
"107984308",-4.15150477950576
"55576",-4.15198461018863
"27012",-4.15354716508427
"105374058",-4.15370015087167
"53832",-4.15636880990684
"11082",-4.15654555691067
"102465525",-4.15906403404545
"83475",-4.16032513174918
"4115",-4.1618111468066
"646721",-4.1626360760887
"9435",-4.16330391995459
"80139",-4.16485907092322
"1996",-4.16628152188292
"112268243",-4.16663601761694
"728",-4.16670320989113
"3083",-4.16867108128099
"4284",-4.17044423037253
"100132994",-4.17056754404585
"2866",-4.17072948437882
"121441",-4.17410379889814
"280658",-4.17572185755148
"114990",-4.17694990130814
"256126",-4.17747608014037
"105370105",-4.17752707130937
"7691",-4.17850042505815
"100287171",-4.1788346593112
"51665",-4.17896314336899
"219927",-4.17924623004814
"100101267",-4.17957124039646
"100874261",-4.17982717180567
"196383",-4.1800590278068
"106480502",-4.1802973726043
"56965",-4.18078966582824
"101929511",-4.18248281745185
"57817",-4.18254899390328
"10578",-4.18281990834509
"23784",-4.18633962812162
"124903324",-4.18653601056713
"157542",-4.18792225449905
"159163",-4.18940659890034
"5007",-4.19050095891513
"394",-4.19065362945451
"26266",-4.19190963554656
"85406",-4.19243966195712
"8832",-4.19272041048429
"343637",-4.19299428764417
"84057",-4.19356612741117
"79846",-4.1961563429127
"106480689",-4.19643292712893
"3495",-4.19657018089544
"102725022",-4.19677060469098
"5334",-4.19781712604879
"11103",-4.1979426030901
"768216",-4.19938799918635
"101928685",-4.20011932984938
"2185",-4.20024907346565
"5166",-4.20087903464127
"105369360",-4.20106262475752
"79309",-4.20184303440655
"101928150",-4.20243579995408
"1934",-4.20573723945593
"124905237",-4.20760800433986
"10848",-4.20824896453374
"56971",-4.20984175554104
"9048",-4.21001823429109
"3839",-4.21054874995566
"221421",-4.21134983217514
"100129250",-4.21237690749468
"151649",-4.21312072273047
"51050",-4.21409543242146
"152756",-4.21497102305811
"101059953",-4.21561108434499
"126306",-4.21655318306545
"54621",-4.21728883195812
"84901",-4.21748169408111
"9941",-4.21771159914327
"50",-4.21820930695239
"4060",-4.21941702620277
"7066",-4.21955571647978
"100506795",-4.2198732736154
"57448",-4.22065132326794
"60490",-4.22082363392822
"27033",-4.22222280795366
"101928569",-4.22333833845471
"57649",-4.22459608882079
"729677",-4.22479649916728
"84874",-4.22556232868983
"5999",-4.22662524827979
"23302",-4.22801630025394
"100616153",-4.22853586028917
"781",-4.22859138969309
"100379132",-4.22942652979084
"3212",-4.22951287865228
"654841",-4.23169913347754
"161198",-4.23249534610856
"1537",-4.23258559599831
"58473",-4.2355448039955
"9131",-4.23675786259762
"101929305",-4.23994049189121
"101954273",-4.24117441664985
"200205",-4.24222507988153
"95681",-4.24278833281044
"55088",-4.24398160070395
"84545",-4.24698841268069
"10391",-4.24802082383103
"100873723",-4.24809736733552
"100421371",-4.24850550551817
"79879",-4.24864386851095
"4759",-4.25071686892571
"23597",-4.25075949987149
"3681",-4.25127527952792
"51015",-4.25281750974663
"26010",-4.25364130865833
"84987",-4.25438228469957
"93210",-4.25599220665517
"10517",-4.25623160580916
"2576",-4.25647598648092
"3835",-4.25665596940526
"91107",-4.25917025312569
"440086",-4.2614896038109
"79442",-4.26155087578657
"101929159",-4.26272570504969
"63935",-4.26317680673811
"124903233",-4.2647802044694
"100033446",-4.26609665373874
"7913",-4.26703365665666
"92703",-4.26756901203455
"23550",-4.2679017633414
"6442",-4.27092397697629
"402415",-4.27153697882471
"386691",-4.27180717995896
"80019",-4.27221662162229
"100130983",-4.27257439800349
"84132",-4.27369196525571
"9128",-4.27400804700022
"23105",-4.27684291378606
"57580",-4.27865971715772
"6029",-4.27868906087962
"7923",-4.27922422163634
"26775",-4.28103075896458
"400680",-4.2834208743764
"645693",-4.28380993654453
"100420259",-4.2853792390107
"10686",-4.28601259575345
"57142",-4.28621406401451
"5784",-4.28644811587325
"28901",-4.28725877224368
"80311",-4.2888279755314
"100421402",-4.29007120236669
"388796",-4.2902470208486
"29106",-4.2926618467033
"199675",-4.29624078137708
"79774",-4.29771765809374
"105370947",-4.29800183222664
"79589",-4.2985411780797
"10974",-4.30015648626675
"79150",-4.30185069385408
"28698",-4.30217202100069
"647589",-4.30283908939163
"55701",-4.30314510484294
"643172",-4.3041314115147
"90557",-4.30709826370388
"83714",-4.30791901434875
"105371264",-4.30792547653076
"1967",-4.30879674729016
"3955",-4.3095738558028
"55210",-4.30990749960871
"340277",-4.31034410288323
"140683",-4.31039084176494
"112267969",-4.31089385023593
"404718",-4.31154348432132
"79274",-4.31217435187141
"80169",-4.31299812613599
"338094",-4.31306970110228
"5899",-4.31548982235513
"221184",-4.31566075371709
"10732",-4.31591131206222
"100271012",-4.31627164468238
"84661",-4.31654908812231
"643244",-4.31692302420263
"28560",-4.31703441905063
"8850",-4.31892444391203
"128092249",-4.32039029907277
"102724763",-4.32132306119211
"7143",-4.32253135566463
"81466",-4.32277666838355
"26575",-4.32325526661854
"100861542",-4.32369881978389
"139060",-4.32503543435881
"9033",-4.32548588293425
"100271053",-4.32626524120049
"442673",-4.32709478664637
"7423",-4.32860372956728
"54904",-4.32929536619025
"3316",-4.33130772951704
"122152325",-4.33193596048039
"126123",-4.33316099714049
"3299",-4.33335706205653
"2134",-4.3344609195553
"9905",-4.3358341025931
"6191",-4.33670064509409
"28710",-4.33725681312958
"84660",-4.33828651387078
"100132803",-4.33857687002521
"29107",-4.33866449761025
"5075",-4.34114652109273
"51236",-4.34562810959323
"8266",-4.34742368448969
"5175",-4.34945267095304
"6229",-4.35054028976328
"969",-4.35411063534526
"105370024",-4.35422861657978
"128822",-4.35448478968758
"503645",-4.35593989852157
"83937",-4.35603597542474
"11198",-4.35665029284167
"2621",-4.3573497240969
"389840",-4.35824670491536
"10869",-4.35906192376703
"28875",-4.36066822749349
"60468",-4.36069529447877
"54776",-4.36087392656338
"728318",-4.36230694122105
"677801",-4.36248737026716
"11309",-4.36557864149281
"124909496",-4.36621215539348
"374454",-4.36761221656443
"100132146",-4.36820539456845
"341799",-4.36828100846804
"55605",-4.37168131529006
"117283",-4.37236488467408
"7157",-4.37248701954293
"389141",-4.37269881562822
"3190",-4.37324377673329
"51409",-4.37526200411163
"163778",-4.37616694673537
"353500",-4.37696740833337
"102724637",-4.37731495934644
"26523",-4.37737944703354
"256979",-4.37823053582627
"442186",-4.37909087603725
"11257",-4.37973719111991
"1136",-4.38056763490501
"7884",-4.382467587015
"100419712",-4.38294364026649
"5979",-4.38461443812788
"9619",-4.38600400938291
"643596",-4.38758627500396
"342705",-4.38800836826613
"100873221",-4.39306005058857
"84902",-4.39385434752825
"54518",-4.39469483053833
"105371574",-4.39811930116326
"126568847",-4.39818196696009
"414062",-4.39933151887646
"100132834",-4.40285330573055
"101927824",-4.40411532276519
"55357",-4.40433119248702
"100421173",-4.40560753309161
"406984",-4.4061759648073
"256223",-4.40643474858658
"7043",-4.40657068795704
"3747",-4.40778640481177
"106479408",-4.40794068946572
"100271150",-4.40802406963363
"64101",-4.40888355241797
"146434",-4.4099345847438
"60481",-4.41100598108726
"105372962",-4.41229200624402
"729759",-4.41253741219871
"100526772",-4.41327011994239
"28718",-4.41339453772226
"128667226",-4.41403037349719
"100422582",-4.41506388652819
"100033805",-4.41607600778133
"7001",-4.41640927159273
"100128569",-4.41695948129081
"10190",-4.41706725300679
"1471",-4.41849087590663
"100528030",-4.41928552570969
"728723",-4.41991269115868
"391833",-4.42149971830148
"100271112",-4.42183189322116
"386681",-4.42185923281186
"26512",-4.4233172638554
"4146",-4.42407863026949
"9547",-4.42773094041358
"140809",-4.4285402473788
"1591",-4.42953682895842
"399748",-4.42994841506053
"727957",-4.4338016644538
"127566427",-4.43386218243098
"9755",-4.43445692794451
"102465494",-4.43463231145272
"105378095",-4.43559851682225
"60436",-4.4358349463453
"3953",-4.43673564631316
"9244",-4.43694941651745
"654322",-4.44010569110097
"375035",-4.44146507639978
"58490",-4.44150656482099
"148003",-4.44328790453972
"55290",-4.4435281277208
"7263",-4.44405564705811
"257194",-4.44443831373347
"106479040",-4.44788701842828
"91523",-4.45025822041774
"107986384",-4.45043764798466
"100419928",-4.45056300280256
"5639",-4.45180381812221
"9975",-4.45304285453186
"2050",-4.45313407739689
"767565",-4.45603896272585
"1729",-4.4588755319337
"89891",-4.45899522024376
"3977",-4.45987790354739
"57552",-4.46479330849248
"4166",-4.46594382991072
"340359",-4.46619363447097
"3837",-4.46673403082592
"83639",-4.4709549688299
"4882",-4.47119368414999
"4250",-4.47203833948776
"23731",-4.47254696709979
"100129367",-4.47325582099797
"50831",-4.47362033948805
"106480360",-4.47515537646157
"441034",-4.47540553587309
"105371795",-4.47540860258368
"26037",-4.47673417479832
"85376",-4.4808442945204
"443",-4.48098939769035
"55351",-4.48330978110328
"159989",-4.48341564139706
"5005",-4.48450843034396
"56986",-4.48754905731727
"342096",-4.48759167831111
"390037",-4.4907709829181
"124904013",-4.4908576024449
"340205",-4.49257125610291
"92565",-4.49286596456442
"9833",-4.49501541182687
"342538",-4.49597358363963
"100033432",-4.49630650194572
"347240",-4.49630662611871
"6418",-4.49704792421439
"106481145",-4.49728626176332
"100271277",-4.49873258630474
"115416",-4.49914234024256
"137868",-4.49982815953199
"105370455",-4.50098305978818
"30819",-4.50137624339279
"64780",-4.50185512555089
"3242",-4.50191230400615
"1579",-4.50238824207631
"147372",-4.50242934629344
"105377663",-4.50497298162471
"254786",-4.50555669925134
"55508",-4.50734411934554
"83899",-4.50734435144307
"441381",-4.5083116446835
"970",-4.51028048608858
"51164",-4.51097896819229
"84197",-4.51109805357149
"118491",-4.51144046162447
"10186",-4.51234411230256
"6959",-4.51295865526423
"1787",-4.51317444623572
"414152",-4.51777684513855
"1173",-4.51777713180187
"1634",-4.51777726170906
"101928893",-4.51777735688148
"10046",-4.51777815877194
"683",-4.51777827116454
"143884",-4.51777850359361
"100271276",-4.51777856402959
"64112",-4.51777859082799
"3703",-4.51777882953387
"6331",-4.51794341027772
"6571",-4.51965070770095
"677823",-4.52110406193773
"105374177",-4.52539799937533
"353322",-4.52575125709345
"286205",-4.52594459593019
"100873891",-4.52696392303849
"3491",-4.52745114202987
"83658",-4.52762888167118
"29967",-4.52856349194094
"23151",-4.52938509409441
"373",-4.52973139493426
"81116",-4.53061065803588
"7348",-4.53082076630867
"166012",-4.53558055555583
"220002",-4.5358627660753
"84124",-4.53724352665663
"64081",-4.53881211431285
"619518",-4.54014015417657
"442038",-4.5410294419915
"407052",-4.54363099793113
"100420057",-4.54524055289724
"285148",-4.54538879347037
"344653",-4.54573289651132
"1408",-4.5472667416366
"116064",-4.54738128444251
"100873944",-4.5477602017077
"106480997",-4.54908824085746
"648791",-4.55377634753816
"79629",-4.55425362577973
"100420298",-4.55602845379207
"105372089",-4.55664930846654
"54558",-4.55806721156426
"390035",-4.55838261439131
"81873",-4.55860552133645
"4215",-4.5594707678404
"22970",-4.56550429636687
"6596",-4.56793085200067
"348645",-4.56823627855048
"91056",-4.57243826931131
"23586",-4.57632195308826
"55695",-4.57798314064216
"1307",-4.57993590106858
"11072",-4.58184387528542
"388743",-4.58197226933637
"55287",-4.58279408042313
"27249",-4.58279475426036
"55681",-4.58279489394277
"2717",-4.58279505011833
"23657",-4.58279584200348
"196",-4.5827959617743
"84224",-4.58279629686518
"96459",-4.58279630150666
"55669",-4.58279670619336
"22911",-4.58279697273934
"728134",-4.58486971793617
"84894",-4.58522987948692
"57026",-4.58896580817312
"106481000",-4.58946249338388
"79762",-4.58985152680888
"91894",-4.5908264372695
"7291",-4.59098270773373
"84340",-4.59105573393555
"10010",-4.59161594097468
"577",-4.59490278029764
"399668",-4.59602119008082
"595101",-4.5973452485161
"1121",-4.59753536173699
"90499",-4.60251677218805
"84629",-4.60305473838511
"56257",-4.60335804787925
"79608",-4.60414580567171
"100775107",-4.60513921697273
"554225",-4.60554514795619
"102606463",-4.60559114682247
"442893",-4.60674568777379
"100421535",-4.60838145322115
"283212",-4.6085584190515
"80326",-4.60866316194896
"79590",-4.61111853859082
"26150",-4.61136863797431
"84976",-4.61380631018228
"7706",-4.61578260767651
"105374642",-4.6169608151684
"8572",-4.61706509447943
"161253",-4.61730729209418
"11009",-4.61921766985026
"106480376",-4.62025921551741
"81136",-4.62128787720423
"7439",-4.6218220735812
"9555",-4.62313831476799
"286257",-4.62598673341696
"23467",-4.62696400275801
"16",-4.62754577785929
"100128803",-4.62871819968856
"100130264",-4.63000228315736
"107986482",-4.63291726020824
"55846",-4.63333789425544
"101928499",-4.63442961419067
"54657",-4.63461794128945
"80078",-4.63461838388815
"3915",-4.63535141475552
"1482",-4.63594868734512
"64106",-4.63848950845617
"284930",-4.64241240847434
"254251",-4.64351878853803
"170572",-4.64407280422393
"121832811",-4.64417149343601
"64940",-4.64472344719129
"80201",-4.65097825666885
"100419572",-4.65310699990433
"2356",-4.65327243603774
"57147",-4.65509714320929
"2318",-4.65568519627193
"5524",-4.65581708684055
"8910",-4.65997968032342
"63877",-4.66254644363217
"100506115",-4.66328432177227
"100131465",-4.66476554410783
"11335",-4.66535228253906
"106481624",-4.66550665349723
"9113",-4.66654822665802
"100128682",-4.66748934363682
"200734",-4.66951641367851
"339983",-4.67250608655582
"1119",-4.67382907024806
"4886",-4.67456039131505
"1740",-4.67512815230919
"100128351",-4.67582810054365
"22829",-4.68044847497638
"146862",-4.68116366194222
"387332",-4.68173435993788
"102723670",-4.68391879145925
"147741",-4.68464293967294
"101927086",-4.68518332509199
"151056",-4.68570460657216
"55068",-4.68639522715018
"100128750",-4.68826784610778
"1260",-4.69222775236133
"22981",-4.69229020785913
"343578",-4.69446861355287
"644945",-4.69581980713575
"8851",-4.69808383659932
"23245",-4.70124459488152
"79057",-4.7021923262752
"5433",-4.70258289103649
"79990",-4.70498708605777
"55190",-4.70567953804466
"84254",-4.71036635193697
"5905",-4.71039738859923
"105376731",-4.7153332753622
"79465",-4.71614584327996
"3985",-4.71675654146705
"124904280",-4.71947909816284
"6863",-4.72078722374709
"100128707",-4.72094754180654
"28806",-4.72096293787611
"6902",-4.72443140125161
"124902199",-4.72544809654756
"100302209",-4.72634977462368
"7283",-4.72814747642142
"100505806",-4.73029465629054
"100874201",-4.73224315716026
"27324",-4.732617036128
"100505561",-4.73273214692652
"101929609",-4.73871370944822
"4485",-4.73910906230842
"100420621",-4.7398987795415
"9217",-4.74088139554313
"100505648",-4.74140455090413
"151295",-4.74326792330868
"152405",-4.74635483113955
"27303",-4.74693916846412
"645486",-4.74754023271459
"4437",-4.74814209125847
"7809",-4.74840734239882
"8643",-4.75040281349531
"23064",-4.75124272620013
"100419023",-4.7554125897124
"10256",-4.75698208928723
"55027",-4.7623458776045
"3798",-4.76280759305711
"100130319",-4.76386075970936
"8751",-4.77223497917975
"8558",-4.77258882953407
"340286",-4.7752770925203
"100302111",-4.77615222784069
"100505635",-4.77685695234802
"199953",-4.77696003494571
"8632",-4.7789312887792
"121853074",-4.78303274022882
"26782",-4.78349492590106
"284532",-4.78427036407464
"339799",-4.78482703223257
"635",-4.78533253411607
"255783",-4.78761665801421
"402359",-4.78979204583007
"8745",-4.7904653789815
"23475",-4.79059551202773
"399665",-4.79350484146456
"1568",-4.79561760071469
"124491",-4.80484720062167
"107986087",-4.80681282085053
"693190",-4.80789925748365
"400046",-4.81038697293116
"55051",-4.8113025498277
"23450",-4.81926278773777
"84549",-4.82170633199269
"3567",-4.8231002982635
"28715",-4.82494109088359
"5734",-4.8273891568152
"100302277",-4.82976709864511
"124912",-4.83199241844115
"8701",-4.83201095937836
"126859",-4.83520951284473
"644218",-4.84157927598824
"124904542",-4.84247845393703
"106481143",-4.84626206088179
"23179",-4.84719490696338
"8290",-4.84863621174096
"283673",-4.85186671998827
"64764",-4.85221491947045
"106479485",-4.85526844664724
"55914",-4.85754110303381
"55840",-4.85812497464077
"101927346",-4.85859790235889
"142685",-4.86178997205724
"100271482",-4.86330563267798
"5641",-4.86507969041378
"10657",-4.86557319138732
"3797",-4.86638249353997
"130075",-4.86840037327176
"60681",-4.87700163694044
"5706",-4.87745847141313
"80832",-4.87745875613387
"445",-4.87745912759718
"26271",-4.87745983207446
"881",-4.87770336492883
"6545",-4.87873649427435
"101927540",-4.8850721806529
"105375564",-4.88645587573604
"100506622",-4.88826381522462
"728489",-4.88854731009477
"254773",-4.8891945300644
"107986618",-4.89050890107043
"55802",-4.89117947691107
"255967",-4.89179627106742
"100506655",-4.89227062586523
"148113",-4.89518433976992
"192217",-4.89739203601998
"378708",-4.89937517125342
"170961",-4.90142920856549
"101927708",-4.9025597255298
"353511",-4.90293260651876
"101927668",-4.90360784396147
"132720",-4.9039187067018
"3192",-4.90598032949359
"401036",-4.90664104491342
"55743",-4.9076508762988
"55020",-4.90834618506824
"23623",-4.90844892042003
"101927880",-4.9085326602717
"359742",-4.90889017058047
"344558",-4.9097830874678
"2354",-4.90986358337663
"55213",-4.91304379261405
"26628",-4.91714893304158
"23288",-4.91918474704078
"119682",-4.92070318405561
"126272",-4.92092810050544
"106479116",-4.9215117841796
"387522",-4.92243299108842
"26659",-4.92441747601338
"199899",-4.92486293686929
"2199",-4.92600575411884
"80765",-4.92643341310329
"101928847",-4.93085645768489
"10066",-4.93224800287086
"100129284",-4.9339237369501
"421",-4.9346037670809
"100268168",-4.93725417936715
"23101",-4.94582685946101
"5101",-4.94634236149078
"2132",-4.94701798814179
"84929",-4.9472520834204
"23336",-4.94826443663684
"3293",-4.95122318657393
"7471",-4.95147518082009
"23386",-4.95189287749366
"28815",-4.95454122120843
"339184",-4.95468696525747
"105379772",-4.95774734251164
"1509",-4.95782447943234
"57460",-4.95883555569563
"673",-4.9600715261427
"1525",-4.9600725803407
"51706",-4.96096243791265
"101928487",-4.96182163316671
"64407",-4.96266352134861
"22850",-4.96324921904269
"338440",-4.96360275012191
"101927559",-4.96818239231896
"2100",-4.96851774283311
"57053",-4.97051878526729
"729050",-4.97091002939946
"105379507",-4.97318262438202
"57733",-4.97737116370434
"285766",-4.98041721182058
"124900583",-4.98393987668453
"6907",-4.98394118278736
"100033413",-4.98462431061352
"10569",-4.98733627381091
"23213",-4.98774829881931
"51684",-4.99013417238045
"285084",-4.99252646068336
"101927413",-4.995503324182
"283349",-4.99565895750645
"106481146",-4.99900944166402
"30851",-5.0059997328987
"100419913",-5.00849818146375
"389161",-5.00988370294737
"329",-5.01026192032839
"124905558",-5.01196515190834
"925",-5.01540527339357
"5423",-5.01609683040609
"221711",-5.01826212039313
"6675",-5.01865845705172
"348808",-5.02292651027403
"100510707",-5.02306518990618
"5318",-5.02409227765483
"100616475",-5.02628021789319
"343477",-5.02690306466897
"54910",-5.0269125946437
"55638",-5.02718176079996
"100271253",-5.02776987761832
"7189",-5.02928054349146
"100507459",-5.03067660970723
"28620",-5.03372538252472
"415",-5.03796827469532
"196477",-5.03888193929241
"93035",-5.04627422817524
"574445",-5.0486755271364
"344387",-5.05141019016322
"84676",-5.05358678016129
"644160",-5.0553103762277
"140688",-5.05661814389182
"100270971",-5.05773714779213
"5260",-5.06256973285907
"9734",-5.06340149767959
"652972",-5.06492424908657
"100874093",-5.06520531698753
"10641",-5.06965320526863
"401236",-5.07018879364911
"374946",-5.07398623138598
"254428",-5.07513229097925
"8433",-5.07555281733744
"3274",-5.0764766963913
"392636",-5.07690186801778
"129685",-5.07725675227206
"116437",-5.07803783160321
"124904924",-5.07954371528856
"57194",-5.07970600241138
"647112",-5.08033430160056
"400891",-5.08138780910533
"65084",-5.08197357839684
"100287896",-5.08242551953757
"645373",-5.08615275630501
"116535",-5.08947277889412
"124906551",-5.08949947639923
"163589",-5.0916371014356
"102724594",-5.09276368365193
"692202",-5.09330944143324
"25796",-5.09852062953274
"23168",-5.10259891552865
"57102",-5.10404405230091
"128178",-5.10765023337672
"341511",-5.10797510901252
"124902923",-5.1087473990497
"10969",-5.10907379017648
"106481860",-5.10991575172281
"23087",-5.11016924731506
"3708",-5.11095735471276
"105374546",-5.11448591483536
"84216",-5.11466870958058
"23423",-5.11857398593804
"2861",-5.11944407683365
"192668",-5.11945403384524
"2837",-5.12023129193764
"503639",-5.12350127572098
"9650",-5.1242842732273
"100996660",-5.12465769979271
"114902",-5.12945495417281
"5494",-5.12952582442128
"10014",-5.12968894090988
"1785",-5.13160525914212
"359753",-5.13175159612744
"90249",-5.13479927495422
"667",-5.13484892516133
"23122",-5.13629417717313
"10536",-5.13651454294558
"100169759",-5.13844950931211
"85027",-5.13861449173655
"25797",-5.1386739649924
"100128327",-5.14513251489567
"57115",-5.15107406791881
"104968399",-5.15320731499793
"55203",-5.15377364282007
"118663",-5.15571092644318
"2237",-5.15581362402909
"100419416",-5.15705926138555
"107075264",-5.16416608762175
"64793",-5.16580422184504
"9688",-5.16643007671972
"643036",-5.16797408880864
"9702",-5.17196600478624
"100131205",-5.1743056923043
"860",-5.17539015240364
"767577",-5.17716987672143
"107080551",-5.18050014430035
"145783",-5.18315339881145
"646294",-5.18398605576143
"100288413",-5.18673169119244
"100874214",-5.18735586210636
"360020",-5.19140984518425
"5923",-5.19257794908854
"2147",-5.19273370530693
"197259",-5.19301176423685
"3021",-5.19531138487635
"79959",-5.19699196597902
"3541",-5.20332863322145
"10670",-5.20406458103266
"105371841",-5.20421943145925
"148145",-5.20441059393003
"441273",-5.20721761431373
"4956",-5.20759309407871
"1371",-5.20775421873579
"105377373",-5.20836369764538
"100287895",-5.21595459271412
"105375741",-5.21801939618961
"5241",-5.22203804098143
"124905221",-5.22393322990786
"100874055",-5.22543848713428
"122704",-5.22809700806261
"257203",-5.22928644406188
"158427",-5.22965221320555
"7873",-5.23022915349042
"10490",-5.23053328314474
"406920",-5.23593184204454
"677802",-5.23647708810796
"4234",-5.24037039671608
"9630",-5.24105402078603
"57658",-5.24265205065898
"7220",-5.24304406129779
"100288420",-5.24592216175847
"8991",-5.25169141679942
"165904",-5.25521864875193
"3425",-5.25673711575315
"4669",-5.26015488386566
"349334",-5.26195229390846
"57524",-5.26492244620483
"100129706",-5.26755359193233
"79038",-5.26822598610836
"221120",-5.26868854969387
"22980",-5.26925745777564
"23170",-5.27066402094005
"27319",-5.2718696229059
"100421595",-5.27299284436443
"105372147",-5.2782391002931
"79570",-5.27921202248517
"10817",-5.27933726622517
"28699",-5.28157968544333
"7528",-5.2820593650677
"10894",-5.28241606434919
"55876",-5.28296333152587
"338862",-5.28350736990515
"124902388",-5.28484670359211
"100131467",-5.28486560560033
"27043",-5.28547222043179
"4846",-5.28550795990895
"124902847",-5.28894272720411
"1545",-5.28957914768856
"90861",-5.29198581234573
"101928536",-5.29399961464021
"124901026",-5.29605685611649
"126075",-5.29776922524335
"100270874",-5.30029406670341
"102723859",-5.30046511108876
"85487",-5.3044923093437
"767568",-5.30611110243342
"57210",-5.30770442570235
"100288079",-5.30893379085959
"7185",-5.31719418397572
"102467080",-5.31811445849205
"51529",-5.32404652538395
"85459",-5.32549673785664
"105374059",-5.32692702381428
"102288414",-5.32788495508517
"54821",-5.32937222279863
"6098",-5.33079638637105
"79191",-5.33501980875835
"154092",-5.33606362797485
"9685",-5.3372008172519
"285605",-5.33907344543633
"100506380",-5.33997357046648
"9771",-5.34599971000784
"55250",-5.34798812068079
"10879",-5.35046315439139
"375133",-5.35185639875958
"113835",-5.35577195301698
"55293",-5.35755792130162
"2039",-5.36032912428586
"657",-5.37076400231308
"130162",-5.37345971643073
"7784",-5.3737182272605
"51608",-5.37774265273633
"80008",-5.37849722128647
"26469",-5.37850431944686
"100526760",-5.37903466225754
"101929653",-5.37981721352863
"6014",-5.38138697925819
"148870",-5.38470971553163
"79828",-5.38580502491133
"7168",-5.38715423404703
"1515",-5.38966237845753
"64429",-5.3920788549594
"8202",-5.39647503399151
"643414",-5.3964765347224
"84725",-5.39647786723138
"101929181",-5.39785003945813
"29785",-5.39983661061123
"124401",-5.40015648707496
"169981",-5.40433586573112
"115795",-5.40610763633423
"84519",-5.4076697053974
"442444",-5.41248467039945
"10447",-5.41465620907237
"84258",-5.41504426352374
"5829",-5.4182394650276
"284233",-5.42312655262091
"84073",-5.42596491227788
"107985190",-5.42799127591725
"991",-5.43042335659381
"7277",-5.4332087090525
"2995",-5.43892613801537
"100507050",-5.43985118846584
"2323",-5.4402863775116
"79885",-5.44446169639856
"108",-5.44762732362456
"10079",-5.44942995948672
"79827",-5.45000029856887
"23654",-5.45117579203567
"149281",-5.45491891588203
"5165",-5.45597006357489
"55718",-5.46165731872555
"57504",-5.4658604396142
"2444",-5.46776192048341
"374569",-5.47059530212503
"109616995",-5.47330234761476
"128553",-5.47507294738409
"22924",-5.47972134877214
"170690",-5.48112706409857
"102",-5.48240143223735
"84992",-5.48479806743517
"81876",-5.48930075046773
"84991",-5.49716603465078
"202789",-5.49726406363068
"23479",-5.5004760529966
"54873",-5.50236367844532
"126299",-5.50532509841617
"386679",-5.50663303567367
"285671",-5.51012665574082
"23366",-5.51292578662311
"3344",-5.51487398366224
"345456",-5.51614938367732
"27202",-5.51898518456372
"144715",-5.52470104311802
"326278",-5.52827020551585
"4081",-5.53327062109617
"388406",-5.53348943428773
"6286",-5.53472825656305
"81545",-5.53643853525419
"284837",-5.53772231291097
"391179",-5.53789138265392
"84833",-5.53981776311586
"25832",-5.5418001058805
"100500938",-5.54299971395025
"387885",-5.54385179409824
"390413",-5.54390958334996
"4218",-5.54808681065708
"2971",-5.54822643414712
"653689",-5.55055469853023
"64755",-5.55126627778552
"5272",-5.55202377113773
"105370802",-5.55412330362882
"284424",-5.55457481840354
"85360",-5.55489258576872
"29925",-5.55890320786568
"28690",-5.56201670443387
"619448",-5.56221665867051
"55118",-5.57013137271996
"81579",-5.57013147490221
"105379104",-5.57270864416063
"23313",-5.57529656505653
"340441",-5.57580928856106
"105371961",-5.57583820831965
"219527",-5.57636679982806
"125050",-5.58049381813613
"1760",-5.580651734491
"8344",-5.58159723313989
"389901",-5.58251440797905
"349198",-5.58395045970987
"152302",-5.58611202546637
"125919",-5.58743134852494
"8292",-5.59212180854006
"84989",-5.59715736983971
"100293516",-5.60121449783895
"728746",-5.60321647319156
"100420535",-5.60542777342203
"105374998",-5.60563562485855
"100420900",-5.60849451878408
"100462799",-5.6118421851652
"56253",-5.61310089462377
"55893",-5.61696063622977
"23439",-5.61772394232145
"55200",-5.62149600722894
"104355136",-5.6234826747977
"4705",-5.62351202164926
"9972",-5.62789900811998
"266657",-5.62915731985797
"9132",-5.62963035422712
"27302",-5.63385756286449
"100419893",-5.63561395229448
"54625",-5.64166213950017
"64799",-5.6436062898177
"64094",-5.64525561945716
"728564",-5.64703804717403
"100507377",-5.65261624171528
"6666",-5.65329946270052
"102546294",-5.65539734236866
"8518",-5.65811029396813
"1230",-5.6582371729324
"131669",-5.66075580549648
"9152",-5.66392961712578
"106479439",-5.6652803087695
"80763",-5.6671798659225
"80144",-5.66770155291361
"729565",-5.6707867570959
"729920",-5.67083892216922
"9300",-5.67083969326162
"493856",-5.67309796802242
"100137049",-5.67829985440121
"390083",-5.68491450870045
"767596",-5.69200078474597
"100873258",-5.69355281816379
"646527",-5.70037356757905
"390421",-5.70070452812415
"100049716",-5.70361113477628
"999",-5.70774458323579
"106481665",-5.7096481254688
"100421766",-5.71172125886397
"100126323",-5.71355361081043
"219982",-5.71535251048825
"85003",-5.72066128121598
"285704",-5.72318587751074
"3516",-5.72386332109195
"113146",-5.7320671226081
"1852",-5.74120838399344
"7165",-5.74271665264736
"259240",-5.74434045060132
"728111",-5.74681509272833
"8241",-5.75753411007449
"55081",-5.76586412035603
"79902",-5.77761294959139
"55017",-5.78124779736883
"100271415",-5.78405434571634
"124901580",-5.78413768444661
"10491",-5.78432961130351
"100302666",-5.78508658739236
"23022",-5.78783339755385
"54431",-5.79241077208863
"653075",-5.79336604309958
"402123",-5.79527259001459
"404093",-5.7953236788986
"106480991",-5.79576577138313
"6369",-5.80262957087404
"8805",-5.80285435933336
"146802",-5.80472713716454
"124903547",-5.80499018034087
"474381",-5.80666134013424
"10396",-5.80820251120042
"154075",-5.81142382621147
"102724362",-5.81566404648397
"64398",-5.81668226438535
"645000",-5.82310264650772
"3104",-5.82571282392958
"146",-5.83009605153902
"5617",-5.83709662341054
"124900538",-5.83720713206794
"100271605",-5.84379992986841
"353135",-5.84692486137775
"131474",-5.84713305567336
"10615",-5.84714810796947
"1088",-5.85656063090557
"105376944",-5.85656117379792
"101928114",-5.85823711712253
"64114",-5.86217155481735
"5436",-5.8627045923279
"8242",-5.87027039735267
"100293090",-5.87284229792123
"10163",-5.87529907078684
"11243",-5.87868503136032
"55573",-5.87888583382172
"2589",-5.8791681424963
"64328",-5.8795527300816
"106481912",-5.88423753979345
"5256",-5.88707972605806
"4150",-5.88814037854162
"387032",-5.89259084816729
"1576",-5.89445557245395
"107986768",-5.89459785203037
"521",-5.90830310652996
"101927235",-5.91184467703544
"339978",-5.91188410710008
"100128646",-5.91435910772834
"133015",-5.91577866549366
"374286",-5.91771090645206
"196951",-5.92143710135177
"6774",-5.92360365995728
"7567",-5.92404216184108
"4975",-5.92437153118915
"80835",-5.92770911256973
"5891",-5.93199883409104
"105371362",-5.93402246646891
"9111",-5.93504533323588
"51144",-5.93720497386547
"100093624",-5.93867500396874
"8671",-5.9453213438752
"92170",-5.95219986175246
"118472",-5.95547749823078
"2250",-5.95744866513097
"340273",-5.96392427309841
"3382",-5.9649204013723
"84075",-5.96519873068903
"101928550",-5.96597584720532
"107984366",-5.96952401140292
"101928603",-5.97318126708888
"174",-5.97383997987741
"160313",-5.98196478015478
"124900457",-5.98212876984981
"101926966",-5.98225528431756
"9969",-5.98438027606526
"25921",-5.98766974189596
"25996",-5.99098105052834
"197187",-5.99548588449695
"5067",-6.00145050023982
"124907871",-6.00790611835564
"6079",-6.00850194336042
"101060067",-6.01422814081827
"84302",-6.0182929238972
"55332",-6.02348813904191
"114904",-6.02696092886093
"101928345",-6.02876948761053
"80224",-6.03418124813396
"701",-6.03439077473059
"6429",-6.04233178883357
"83473",-6.04394540584137
"337960",-6.04596635319275
"84936",-6.04607295990528
"6632",-6.05118157487901
"284306",-6.05198825122808
"730183",-6.05419553129299
"3421",-6.05619594166247
"10908",-6.06319519677836
"219537",-6.0633986175161
"54876",-6.07549526555819
"105373334",-6.07620389427387
"79752",-6.09250318784009
"1174",-6.0936020867521
"122665",-6.0976249689223
"65110",-6.10272027992832
"25818",-6.10382665590857
"11113",-6.10844964150915
"285190",-6.11108717663784
"28938",-6.11140121750631
"55741",-6.11328174486835
"448834",-6.11951364205466
"101927292",-6.12061926529473
"100128071",-6.12428378016593
"84301",-6.13306418041294
"7337",-6.13475597743894
"23067",-6.13725044099524
"100271624",-6.13902339896675
"124901355",-6.14455708623094
"84919",-6.15411975329745
"23460",-6.16007758565083
"391192",-6.16120975699293
"10257",-6.16425331899437
"22927",-6.16437660934413
"375484",-6.16482569967106
"7718",-6.16613066007604
"105375726",-6.16825858749615
"114792",-6.17469719875484
"9313",-6.1763633085753
"10221",-6.17769331043232
"105376292",-6.17777877822708
"25794",-6.18024500774572
"132949",-6.18050337095416
"100033439",-6.18282462681594
"163351",-6.18835223322608
"9609",-6.18851480203036
"442179",-6.19078082546657
"100874436",-6.19135262934768
"11216",-6.19650703511303
"91252",-6.19651316923485
"137492",-6.2002300022898
"126",-6.20114984986577
"100141515",-6.20742110955719
"151651",-6.20779817734687
"55070",-6.2105851076628
"9654",-6.21978506361976
"79324",-6.22139841129103
"9120",-6.22272059327597
"148103",-6.22414569768613
"29982",-6.22835077063515
"5574",-6.2314325111485
"55830",-6.23594775292058
"124909376",-6.23597457884858
"219453",-6.2408803516903
"101927760",-6.24204792717851
"57575",-6.24364973617031
"326310",-6.24635542649542
"168090",-6.24817020587642
"163050",-6.24862085484882
"55690",-6.24991413349925
"54458",-6.25170142527498
"644169",-6.2541253666633
"94160",-6.25586894774264
"400242",-6.25819343297105
"3364",-6.25916162518443
"116443",-6.26626845790437
"389740",-6.2735404813415
"55301",-6.27380510545088
"574508",-6.27437250127566
"442292",-6.27729344010547
"101340250",-6.29243916536597
"3417",-6.29268418280774
"124900447",-6.29605460424856
"106480242",-6.30389057165714
"5396",-6.30582205678821
"1995",-6.30638972735488
"124904544",-6.31210951062872
"101927745",-6.31623239006992
"493",-6.31849978334252
"100499484",-6.32613760385451
"100033806",-6.32708144868024
"257397",-6.32934405587868
"5972",-6.33278141897774
"644844",-6.33700708728889
"6526",-6.3375485979359
"51330",-6.34625781164751
"2620",-6.35856921606562
"254887",-6.36914516379213
"1662",-6.3721456834822
"79980",-6.37284715579942
"117751737",-6.37546527924479
"55646",-6.37580473492054
"135",-6.38600804035761
"386678",-6.38606179120959
"3823",-6.3890165114178
"105374852",-6.39943379593462
"644315",-6.4044823640406
"1880",-6.40495421498154
"1441",-6.40540802141813
"339453",-6.40790870490215
"84735",-6.41159908595947
"10093",-6.41486316165343
"124900637",-6.41621851262646
"79989",-6.42046998976361
"55093",-6.42831833379064
"400866",-6.44141886834683
"4211",-6.44990460812164
"90113",-6.44994298900062
"100313835",-6.45063714404014
"7114",-6.45661412937539
"56676",-6.45674856394997
"815",-6.46232181163005
"51537",-6.46323481225028
"170082",-6.46905938410812
"11215",-6.47271967346208
"92014",-6.47285883432757
"2567",-6.47540609368793
"84911",-6.47753577852368
"105373383",-6.48472778585577
"100270967",-6.48611590780969
"9453",-6.4868835347702
"55191",-6.48771705259217
"4703",-6.48907347207401
"79912",-6.49984637006201
"10017",-6.50108429159943
"339829",-6.50410035206743
"100130855",-6.51081922553445
"102724238",-6.5113305472457
"3005",-6.51761582770473
"93487",-6.52432336691587
"100874002",-6.52889480229854
"1572",-6.53319782954827
"84775",-6.53552484329026
"401134",-6.53759364862638
"127748585",-6.54155073710924
"115350",-6.54167515743078
"6601",-6.54280977078759
"5026",-6.54589473978565
"6173",-6.55790450338071
"1116",-6.56613649620543
"28557",-6.56779203411018
"106479503",-6.57347877860518
"101929473",-6.58663170090282
"6247",-6.58790982511804
"51",-6.59837056937062
"100421451",-6.60559356007461
"124903594",-6.61013925083539
"105371766",-6.6168539326045
"84144",-6.62361209647283
"23162",-6.62732273578564
"5110",-6.63817765363539
"79055",-6.64695569727026
"56912",-6.65290322215243
"3682",-6.65925570774634
"643689",-6.66037209985871
"400385",-6.66702260860558
"83850",-6.66755311658952
"3762",-6.68075076595293
"693125",-6.68864577905162
"121232368",-6.68946713634892
"645529",-6.69050547224121
"256227",-6.70363299681436
"10523",-6.71153084695723
"9889",-6.71483109129315
"10631",-6.7164217401274
"652985",-6.72880854436363
"105370152",-6.73049489745574
"22914",-6.74280662646646
"79763",-6.7499591214875
"84889",-6.75167760848006
"43847",-6.75334515190074
"6760",-6.75422391166388
"149775",-6.75584828221061
"100874333",-6.75655854291591
"80776",-6.75661053102043
"196051",-6.75999046536801
"3640",-6.7620769810463
"128193286",-6.76582970013436
"84222",-6.76780185295304
"4299",-6.76780192046212
"91683",-6.77319893343378
"25804",-6.77466561171184
"51299",-6.77507580829612
"54438",-6.7793663416495
"105379224",-6.77986535962883
"100270914",-6.78384033237082
"9870",-6.78801776671307
"338567",-6.78856417631189
"10985",-6.78876122374698
"220717",-6.8079432122628
"127602",-6.80846092302614
"1770",-6.82843492071231
"729975",-6.83596932333881
"102723741",-6.83883899305361
"23510",-6.8404219299272
"9703",-6.84289720821746
"51032",-6.8432109117693
"1107",-6.84845866851905
"102723854",-6.85568463403849
"51177",-6.85760947998643
"9984",-6.86151898721108
"5613",-6.86409063608495
"124905324",-6.86529268603948
"10668",-6.86637980829532
"84276",-6.87580439398767
"50808",-6.8767255542192
"4646",-6.88333900549871
"157773",-6.88598494562898
"348807",-6.88966141480793
"837",-6.89298883062313
"58986",-6.90063547370474
"92293",-6.90195204510413
"134430",-6.90609915603088
"441314",-6.90935274716269
"106479530",-6.90957099148009
"23742",-6.91647721620372
"90480",-6.92738847657886
"646912",-6.93007019893688
"195814",-6.93882241988406
"79734",-6.94307902157681
"100526664",-6.95773079339645
"3061",-6.95936910912863
"84189",-6.95948704368654
"415117",-6.96571933721956
"200010",-6.96883485402583
"10294",-6.97059711007895
"23362",-6.97126853761122
"161725",-6.9717765593109
"1412",-6.97711179357744
"100420966",-6.98228188612656
"122953",-6.9896726986086
"116228",-7.00032336836912
"105373009",-7.00962452661492
"100421109",-7.01940385431987
"3198",-7.02653725795059
"64425",-7.03536059736837
"105371254",-7.03753196116319
"11136",-7.04158329375295
"731605",-7.04692531576846
"279",-7.04704256022387
"23415",-7.04792577543148
"90523",-7.04797002379746
"254827",-7.05031505405124
"91807",-7.060647039133
"7369",-7.06530740733145
"728712",-7.06672920623773
"100422296",-7.06917301287014
"112268241",-7.06935150919601
"246269",-7.07150431060938
"379025",-7.08264390732446
"6595",-7.08590737094377
"100313884",-7.09289837616569
"5716",-7.12581882461123
"5535",-7.14542778838943
"11055",-7.15324073375303
"79007",-7.16071891614439
"2526",-7.17057108882611
"5387",-7.17813976935865
"23440",-7.17978864722693
"24148",-7.18474453680625
"26811",-7.18556517738048
"441478",-7.18698276418457
"1580",-7.18766624132307
"767562",-7.19076847747338
"100127965",-7.20663972520355
"100507401",-7.21025284202862
"10230",-7.21560156477278
"319145",-7.2173101398519
"100287427",-7.22180757812585
"554",-7.22241826938612
"390091",-7.22254012932897
"339834",-7.22334205362356
"283234",-7.22600325533515
"10588",-7.23199771345473
"100270828",-7.23874514824075
"64066",-7.24470395407878
"23098",-7.24773776708273
"2876",-7.262557523383
"6367",-7.26282164676019
"79642",-7.2689579682052
"100127999",-7.28185405273949
"101060039",-7.28878712544572
"5337",-7.29492952738494
"201294",-7.30327431265212
"107984955",-7.30963671358547
"6294",-7.31083459026877
"6759",-7.31271424909186
"8111",-7.32598622735966
"166824",-7.32694052057183
"105377209",-7.33257121334495
"51384",-7.35330348691373
"10287",-7.35683162628391
"254158",-7.3630412616904
"100526836",-7.36613272537913
"100505685",-7.37039321116142
"81788",-7.37635123127914
"6030",-7.37664248442912
"129787",-7.38255836371576
"10865",-7.39469748504936
"8563",-7.39714294694217
"1479",-7.39956225984459
"100271548",-7.40243926658881
"6363",-7.40259259636949
"9908",-7.41691196051023
"221472",-7.42750877121729
"9203",-7.42767887438676
"26115",-7.42886049878311
"644150",-7.43074866550681
"8322",-7.43798597443949
"10156",-7.44635126382347
"51298",-7.45186221190488
"100421525",-7.46548428129355
"51244",-7.47150560804809
"728621",-7.48669569071088
"29999",-7.49492456041467
"105375938",-7.50758640177084
"3688",-7.51093309638442
"28614",-7.51163240662351
"3824",-7.51201940693117
"100271161",-7.51202175235369
"100169764",-7.51745430918283
"4524",-7.53862911746695
"1132",-7.56671434056436
"283989",-7.57650377394342
"5985",-7.57887151094721
"155100",-7.6179094614049
"7652",-7.6218955554225
"140123",-7.63922787169732
"374655",-7.64589831079803
"6037",-7.65702553854833
"80111",-7.65749864296628
"83896",-7.65972055382656
"10693",-7.66261346699327
"64210",-7.67160961994367
"101928036",-7.68001445466156
"3695",-7.68182670400742
"1263",-7.68539094439128
"124902022",-7.70103401114891
"4837",-7.7053659377295
"100506054",-7.72127185445888
"115265",-7.73500600382916
"401546",-7.74300806905663
"126129",-7.74446348593775
"100507588",-7.74806644152129
"6319",-7.75451516607774
"6968",-7.75842606079299
"100101490",-7.76399786289488
"79796",-7.76589978024354
"100505839",-7.79473654942449
"91695",-7.80584095839072
"80723",-7.80625878666832
"9968",-7.82023077503831
"449",-7.8239033890493
"255031",-7.825299079448
"25994",-7.84869880405649
"8402",-7.85543634501122
"9857",-7.85716809125927
"54836",-7.85920385276249
"27246",-7.88799282747812
"100874178",-7.89093859077474
"105370035",-7.91643629399018
"2628",-7.93431227025312
"3241",-7.9494589472524
"401612",-7.95117663374172
"10989",-7.95938201046155
"642828",-7.96174429235423
"684",-7.98475294749227
"2109",-7.9880169898241
"10767",-7.99274621737504
"23766",-8.004490047063
"8781",-8.00461373761921
"110806278",-8.00810177579324
"1410",-8.01303561009131
"3945",-8.01891126254707
"677831",-8.05538574542826
"22919",-8.06769951243993
"83891",-8.06914482741855
"10941",-8.08703992272565
"57705",-8.09663790538778
"139341",-8.11766443764027
"54877",-8.13049790035439
"4004",-8.14324934092937
"122830",-8.1491464494793
"2992",-8.15620268546411
"64919",-8.1566804272724
"348487",-8.18223923228062
"728432",-8.18340966572335
"56882",-8.21700524662751
"136242",-8.21946701389115
"96764",-8.22789144645015
"100132172",-8.24738326430977
"7013",-8.26401832806573
"29969",-8.26460682636418
"1605",-8.26916092857364
"414217",-8.27958628965466
"124903659",-8.28648204618785
"126068",-8.29228867872641
"29767",-8.30282710584299
"66002",-8.32195822723793
"23780",-8.32881393861851
"106481865",-8.33958533759236
"347169",-8.34691628556565
"100130449",-8.347737398267
"653659",-8.35460941425141
"101928147",-8.42880537349102
"574431",-8.44128278260034
"50717",-8.45314482796135
"11151",-8.45500012322888
"728611",-8.47112504095167
"130560",-8.4731924891908
"28616",-8.5017396797889
"8601",-8.50550660023665
"222166",-8.51575578388709
"151645",-8.57172209623913
"55614",-8.57644832262402
"5629",-8.58154793019298
"9368",-8.58578054989103
"8120",-8.61121652581409
"28405",-8.63723068940976
"5427",-8.67695920851541
"81889",-8.68096751784295
"134864",-8.69117003013118
"8139",-8.69739092528542
"4013",-8.70644965690017
"1736",-8.70662933148468
"26578",-8.71785051735123
"27332",-8.72586947770841
"84668",-8.84663489025391
"57536",-8.87950253466349
"51667",-8.89148915097513
"23255",-8.90547336461426
"5367",-8.91001736242169
"4685",-8.91261246438412
"643837",-8.96558925880512
"201562",-8.99391627143815
"115294",-9.00789341740607
"79001",-9.00998616848383
"1361",-9.04263406019363
"51184",-9.05000208815796
"65072",-9.05000449361887
"25890",-9.05860867279884
"7289",-9.06832575124061
"105369378",-9.19323569951499
"8897",-9.21624151948753
"10461",-9.22382124635128
"54065",-9.28535914363213
"572",-9.29742828674847
"151306",-9.3297786601815
"11322",-9.36530806714976
"55171",-9.38347038679366
"7566",-9.39204669175845
"79785",-9.39969742935346
"100129845",-9.44818657029819
"100131347",-9.46542933867933
"23019",-9.47590785940186
"5933",-9.50151837049573
"3796",-9.52371657256997
"100419178",-9.5313737093781
"5520",-9.57838614128508
"5998",-9.58438735827438
"677792",-9.59521360840048
"129285",-9.59657732596095
"23181",-9.6336604462225
"84844",-9.70799326649562
"26130",-9.72913144417527
"79053",-9.75340135294658
"2562",-9.85795537947701
"2850",-9.88025260859906
"119392",-9.98545136777876
"840",-9.99617869687487
"57095",-10.0391324424601
"100128098",-10.0750755527906
"9481",-10.121612301978
"4088",-10.1515618291056
"64710",-10.1787734755059
"347527",-10.2271750999415
"3145",-10.2502834861016
"407011",-10.2905162745504
"54676",-10.4342337782609
"51300",-10.5431625455422
"10947",-10.6203312064166
"57539",-10.6218639192581
"152002",-10.6515568539213
"84064",-10.7978522630427
"342926",-10.8354047802596
"28881",-10.835405954626
"389658",-10.8621909689078
"10382",-10.8753053079784
"1639",-10.8774926877693
"23433",-11.0919621955181
"122526779",-11.1568089222925
"5576",-11.3353880103514
"92",-11.3709590078848
"5375",-11.6395183103154
"553112",-11.7133636861195
"664721",-11.7560131628727
"10972",-11.7580899784476
"2967",-11.7829219237918
"100130348",-12.1519315403204
"3976",-12.2622608908225
"105378828",-12.4484331460098
"79630",-12.4547621601441
"653604",-12.4904494297154
"10209",-12.4907083864245
"147929",-12.5608721382371
"25833",-12.8903312352656
"23071",-13.0397884199659
"51655",-13.5472906901693
"5019",-13.5476609780321
"124900568",-13.5476619110292
"124900586",-13.6149184139795
"144983",-13.8368871163374
"140851",-14.1937432838176
"3927",-18.8567662599282
"22903",-22.51695121751
"81567",-23.1436179853592
"51136",-24.3260600766969
